
 *******************************************************************************
 **                 BAND EVALUATION OF ENERGIES AND FORCES                    **
 *******************************************************************************
 **                                                                           **
 **                                                                           **
 ** Replica Env Nr. :    1              Replica Band Nr. :    2               **
 ** Band  Step  Nr. :    0                                                    **
 *******************************************************************************

 Number of electrons:                                                        674
 Number of occupied orbitals:                                                337
 Number of molecular orbitals:                                               437

 Number of orbital functions:                                               1844
 Number of independent orbital functions:                                   1844

 Extrapolation method: initial_guess

 *** WARNING in qs_initial_guess.F:303 :: User requested to restart the    ***
 *** wavefunction from the file named: BAMOF_NEB-BAND2-RESTART.wfn. This   ***
 *** file does not exist. Please check the existence of the file or change ***
 *** properly the value of the keyword WFN_RESTART_FILE_NAME. Calculation  ***
 *** continues using ATOMIC GUESS.                                         ***


 Atomic guess: The first density matrix is obtained in terms of atomic orbitals
               and electronic configurations assigned to each atomic kind

 Guess for atomic kind: Ti

 Electronic structure
    Total number of core electrons                                         10.00
    Total number of valence electrons                                      12.00
    Total number of electrons                                              22.00
    Multiplicity                                                   not specified
    S   [  2.00  2.00] 2.00  2.00
    P   [  6.00] 6.00
    D      2.00


 *******************************************************************************
                  Iteration          Convergence                     Energy [au]
 *******************************************************************************
                          1         2.59099                     -56.573945749309
                          2        0.737518                     -57.461623245624
                          3        0.123244E-01                 -57.676656834797
                          4        0.338536E-02                 -57.676690535970
                          5        0.252157E-03                 -57.676697146183
                          6        0.162704E-05                 -57.676697160103
                          7        0.846593E-06                 -57.676697160104

 Energy components [Hartree]           Total Energy ::          -57.676697160104
                                        Band Energy ::          -13.440549799540
                                     Kinetic Energy ::           25.008468428382
                                   Potential Energy ::          -82.685165588485
                                      Virial (-V/T) ::            3.306286661467
                                        Core Energy ::          -97.155838374470
                                          XC Energy ::           -6.919409696495
                                     Coulomb Energy ::           46.398550910862
                       Total Pseudopotential Energy ::         -122.259340742081
                       Local Pseudopotential Energy ::         -118.928992669456
                    Nonlocal Pseudopotential Energy ::           -3.330348072625
                                        Confinement ::            0.950339392289

 Orbital energies  State     L     Occupation   Energy[a.u.]          Energy[eV]

                       1     0          2.000      -2.312566          -62.928123
                       2     0          2.000      -0.123060           -3.348633

                       1     1          6.000      -1.385567          -37.703193

                       1     2          2.000      -0.127948           -3.481643


 Total Electron Density at R=0:                                         0.004726

 Guess for atomic kind: H

 Electronic structure
    Total number of core electrons                                          0.00
    Total number of valence electrons                                       1.00
    Total number of electrons                                               1.00
    Multiplicity                                                   not specified
    S      1.00


 *******************************************************************************
                  Iteration          Convergence                     Energy [au]
 *******************************************************************************
                          1        0.250972E-02                  -0.375256815885
                          2        0.570752E-04                  -0.375258666164
                          3        0.832404E-09                  -0.375258667122

 Energy components [Hartree]           Total Energy ::           -0.375258667122
                                        Band Energy ::           -0.076317618391
                                     Kinetic Energy ::            0.771356566341
                                   Potential Energy ::           -1.146615233463
                                      Virial (-V/T) ::            1.486491829455
                                        Core Energy ::           -0.456090715790
                                          XC Energy ::           -0.314218627334
                                     Coulomb Energy ::            0.395050676003
                       Total Pseudopotential Energy ::           -1.238482237174
                       Local Pseudopotential Energy ::           -1.238482237174
                    Nonlocal Pseudopotential Energy ::            0.000000000000
                                        Confinement ::            0.110349550431

 Orbital energies  State     L     Occupation   Energy[a.u.]          Energy[eV]

                       1     0          1.000      -0.076318           -2.076708


 Total Electron Density at R=0:                                         0.425022

 Guess for atomic kind: C

 Electronic structure
    Total number of core electrons                                          2.00
    Total number of valence electrons                                       4.00
    Total number of electrons                                               6.00
    Multiplicity                                                   not specified
    S   [  2.00] 2.00
    P      2.00


 *******************************************************************************
                  Iteration          Convergence                     Energy [au]
 *******************************************************************************
                          1        0.261814E-01                  -5.246264729087
                          2        0.905236E-02                  -5.246529568708
                          3        0.681743E-04                  -5.246565167452
                          4        0.792827E-08                  -5.246565169473

 Energy components [Hartree]           Total Energy ::           -5.246565169473
                                        Band Energy ::           -1.058732595430
                                     Kinetic Energy ::            3.518928170589
                                   Potential Energy ::           -8.765493340062
                                      Virial (-V/T) ::            2.490955460053
                                        Core Energy ::           -8.429377169956
                                          XC Energy ::           -1.450183342358
                                     Coulomb Energy ::            4.632995342842
                       Total Pseudopotential Energy ::          -11.978048809389
                       Local Pseudopotential Energy ::          -12.816738187351
                    Nonlocal Pseudopotential Energy ::            0.838689377962
                                        Confinement ::            0.297434688432

 Orbital energies  State     L     Occupation   Energy[a.u.]          Energy[eV]

                       1     0          2.000      -0.410911          -11.181458

                       1     1          2.000      -0.118455           -3.223332


 Total Electron Density at R=0:                                         0.001337

 Guess for atomic kind: N

 Electronic structure
    Total number of core electrons                                          2.00
    Total number of valence electrons                                       5.00
    Total number of electrons                                               7.00
    Multiplicity                                                   not specified
    S   [  2.00] 2.00
    P      3.00


 *******************************************************************************
                  Iteration          Convergence                     Energy [au]
 *******************************************************************************
                          1        0.314603                      -9.513311037226
                          2        0.240982                      -9.524715106536
                          3        0.171660E-02                  -9.545365478140
                          4        0.189497E-03                  -9.545366407342
                          5        0.115171E-03                  -9.545366414563
                          6        0.842367E-04                  -9.545366416530
                          7        0.416372E-07                  -9.545366418792

 Energy components [Hartree]           Total Energy ::           -9.545366418792
                                        Band Energy ::           -2.053285301135
                                     Kinetic Energy ::            6.740378038236
                                   Potential Energy ::          -16.285744457028
                                      Virial (-V/T) ::            2.416147041701
                                        Core Energy ::          -15.542519058333
                                          XC Energy ::           -2.163416690174
                                     Coulomb Energy ::            8.160569329715
                       Total Pseudopotential Energy ::          -22.320027271038
                       Local Pseudopotential Energy ::          -23.240219346165
                    Nonlocal Pseudopotential Energy ::            0.920192075127
                                        Confinement ::            0.371301744695

 Orbital energies  State     L     Occupation   Energy[a.u.]          Energy[eV]

                       1     0          2.000      -0.663125          -18.044549

                       1     1          3.000      -0.242345           -6.594545


 Total Electron Density at R=0:                                         0.000019

 Guess for atomic kind: O

 Electronic structure
    Total number of core electrons                                          2.00
    Total number of valence electrons                                       6.00
    Total number of electrons                                               8.00
    Multiplicity                                                   not specified
    S   [  2.00] 2.00
    P      4.00


 *******************************************************************************
                  Iteration          Convergence                     Energy [au]
 *******************************************************************************
                          1        0.702811                     -15.577904332270
                          2        0.612408                     -15.588447180504
                          3        0.955344E-02                 -15.655871208406
                          4        0.223754E-02                 -15.655885053552
                          5        0.157183E-02                 -15.655885461027
                          6        0.124953E-02                 -15.655885607150
                          7        0.312011E-06                 -15.655885858066

 Energy components [Hartree]           Total Energy ::          -15.655885858066
                                        Band Energy ::           -2.983128125584
                                     Kinetic Energy ::           11.754765134683
                                   Potential Energy ::          -27.410650992749
                                      Virial (-V/T) ::            2.331875684345
                                        Core Energy ::          -26.153522949071
                                          XC Energy ::           -3.157392363346
                                     Coulomb Energy ::           13.655029454351
                       Total Pseudopotential Energy ::          -37.943026860963
                       Local Pseudopotential Energy ::          -39.220419683052
                    Nonlocal Pseudopotential Energy ::            1.277392822089
                                        Confinement ::            0.347387772086

 Orbital energies  State     L     Occupation   Energy[a.u.]          Energy[eV]

                       1     0          2.000      -0.861522          -23.443215

                       1     1          4.000      -0.315021           -8.572154


 Total Electron Density at R=0:                                         0.000093

 Guess for atomic kind: F

 Electronic structure
    Total number of core electrons                                          2.00
    Total number of valence electrons                                       7.00
    Total number of electrons                                               9.00
    Multiplicity                                                   not specified
    S   [  2.00] 2.00
    P      5.00


 *******************************************************************************
                  Iteration          Convergence                     Energy [au]
 *******************************************************************************
                          1         1.27670                     -23.767682627776
                          2         1.00587                     -23.792509619348
                          3        0.422975E-01                 -23.938936406232
                          4        0.659061E-03                 -23.939146915818
                          5        0.314489E-03                 -23.939146955472
                          6        0.205787E-03                 -23.939146962157
                          7        0.178888E-05                 -23.939146967162
                          8        0.363113E-06                 -23.939146967163

 Energy components [Hartree]           Total Energy ::          -23.939146967163
                                        Band Energy ::           -4.144744434921
                                     Kinetic Energy ::           18.766429891734
                                   Potential Energy ::          -42.705576858897
                                      Virial (-V/T) ::            2.275636714350
                                        Core Energy ::          -40.734808518017
                                          XC Energy ::           -4.364157245549
                                     Coulomb Energy ::           21.159818796404
                       Total Pseudopotential Energy ::          -59.535269785357
                       Local Pseudopotential Energy ::          -61.232885401575
                    Nonlocal Pseudopotential Energy ::            1.697615616218
                                        Confinement ::            0.340313756054

 Orbital energies  State     L     Occupation   Energy[a.u.]          Energy[eV]

                       1     0          2.000      -1.083668          -29.488103

                       1     1          5.000      -0.395482          -10.761605


 Total Electron Density at R=0:                                         0.000149

 Guess for atomic kind: S

 Electronic structure
    Total number of core electrons                                         10.00
    Total number of valence electrons                                       6.00
    Total number of electrons                                              16.00
    Multiplicity                                                   not specified
    S   [  2.00  2.00] 2.00
    P   [  6.00] 4.00


 *******************************************************************************
                  Iteration          Convergence                     Energy [au]
 *******************************************************************************
                          1        0.506127E-01                  -9.947327174035
                          2        0.268535E-01                  -9.947806097329
                          3        0.416209E-04                  -9.948003730091
                          4        0.374461E-07                  -9.948003730535

 Energy components [Hartree]           Total Energy ::           -9.948003730535
                                        Band Energy ::           -2.105895662988
                                     Kinetic Energy ::            3.753358161068
                                   Potential Energy ::          -13.701361891603
                                      Virial (-V/T) ::            3.650427511480
                                        Core Energy ::          -16.361135329452
                                          XC Energy ::           -2.059734796104
                                     Coulomb Energy ::            8.472866395021
                       Total Pseudopotential Energy ::          -20.171145086058
                       Local Pseudopotential Energy ::          -22.366310416427
                    Nonlocal Pseudopotential Energy ::            2.195165330369
                                        Confinement ::            0.566515955377

 Orbital energies  State     L     Occupation   Energy[a.u.]          Energy[eV]

                       1     0          2.000      -0.599768          -16.320517

                       1     1          4.000      -0.226590           -6.165825


 Total Electron Density at R=0:                                         0.000005
 Re-scaling the density matrix to get the right number of electrons
                  # Electrons              Trace(P)               Scaling factor
                          674               674.000                        1.000


 SCF WAVEFUNCTION OPTIMIZATION

  Step     Update method      Time    Convergence         Total energy    Change
  ------------------------------------------------------------------------------

 *** WARNING in fm/cp_fm_elpa.F:521 :: Setting real_kernel for ELPA failed ***

     1 NoMix/Diag. 0.15E+00   10.6     2.02066217     -1621.3769727528 -1.62E+03

 *** WARNING in fm/cp_fm_elpa.F:521 :: Setting real_kernel for ELPA failed ***

     2 Broy./Diag. 0.15E+00   13.5     0.21149363     -1548.9950688152  7.24E+01

 *** WARNING in fm/cp_fm_elpa.F:521 :: Setting real_kernel for ELPA failed ***

     3 Broy./Diag. 0.15E+00   13.6     0.29626672     -1586.1280966843 -3.71E+01

 *** WARNING in fm/cp_fm_elpa.F:521 :: Setting real_kernel for ELPA failed ***

     4 Broy./Diag. 0.15E+00   13.6     0.21573215     -1612.5909270476 -2.65E+01

 *** WARNING in fm/cp_fm_elpa.F:521 :: Setting real_kernel for ELPA failed ***

     5 Broy./Diag. 0.15E+00   13.7     0.06965920     -1621.3622195003 -8.77E+00

 *** WARNING in fm/cp_fm_elpa.F:521 :: Setting real_kernel for ELPA failed ***

     6 Broy./Diag. 0.15E+00   14.1     0.04678047     -1628.2552114911 -6.89E+00

 *** WARNING in fm/cp_fm_elpa.F:521 :: Setting real_kernel for ELPA failed ***

     7 Broy./Diag. 0.15E+00   13.5     0.03038111     -1627.9333897919  3.22E-01

 *** WARNING in fm/cp_fm_elpa.F:521 :: Setting real_kernel for ELPA failed ***

     8 Broy./Diag. 0.15E+00   13.8     0.01085296     -1626.9414828659  9.92E-01

 *** WARNING in fm/cp_fm_elpa.F:521 :: Setting real_kernel for ELPA failed ***

     9 Broy./Diag. 0.15E+00   13.5     0.00729590     -1626.0136122450  9.28E-01

 *** WARNING in fm/cp_fm_elpa.F:521 :: Setting real_kernel for ELPA failed ***

    10 Broy./Diag. 0.15E+00   13.3     0.00710917     -1625.7391073889  2.75E-01

 *** WARNING in fm/cp_fm_elpa.F:521 :: Setting real_kernel for ELPA failed ***

    11 Broy./Diag. 0.15E+00   13.7     0.00550964     -1625.6667997741  7.23E-02

 *** WARNING in fm/cp_fm_elpa.F:521 :: Setting real_kernel for ELPA failed ***

    12 Broy./Diag. 0.15E+00   13.4     0.00324222     -1625.6718293704 -5.03E-03

 *** WARNING in fm/cp_fm_elpa.F:521 :: Setting real_kernel for ELPA failed ***

    13 Broy./Diag. 0.15E+00   13.5     0.00377217     -1625.6604824217  1.13E-02

 *** WARNING in fm/cp_fm_elpa.F:521 :: Setting real_kernel for ELPA failed ***

    14 Broy./Diag. 0.15E+00   14.0     0.00380634     -1625.6778506198 -1.74E-02

 *** WARNING in fm/cp_fm_elpa.F:521 :: Setting real_kernel for ELPA failed ***

    15 Broy./Diag. 0.15E+00   14.3     0.00229759     -1625.7262295932 -4.84E-02

 *** WARNING in fm/cp_fm_elpa.F:521 :: Setting real_kernel for ELPA failed ***

    16 Broy./Diag. 0.15E+00   14.3     0.00190600     -1625.7589259133 -3.27E-02

 *** WARNING in fm/cp_fm_elpa.F:521 :: Setting real_kernel for ELPA failed ***

    17 Broy./Diag. 0.15E+00   13.7     0.00245032     -1625.7854226511 -2.65E-02

 *** WARNING in fm/cp_fm_elpa.F:521 :: Setting real_kernel for ELPA failed ***

    18 Broy./Diag. 0.15E+00   13.7     0.00090562     -1625.7809230322  4.50E-03

 *** WARNING in fm/cp_fm_elpa.F:521 :: Setting real_kernel for ELPA failed ***

    19 Broy./Diag. 0.15E+00   13.6     0.00030170     -1625.7746416357  6.28E-03

 *** WARNING in fm/cp_fm_elpa.F:521 :: Setting real_kernel for ELPA failed ***

    20 Broy./Diag. 0.15E+00   13.6     0.00036707     -1625.7704785955  4.16E-03

 *** WARNING in fm/cp_fm_elpa.F:521 :: Setting real_kernel for ELPA failed ***

    21 Broy./Diag. 0.15E+00   13.7     0.00044543     -1625.7681752313  2.30E-03

 *** WARNING in fm/cp_fm_elpa.F:521 :: Setting real_kernel for ELPA failed ***

    22 Broy./Diag. 0.15E+00   13.9     0.00024264     -1625.7661735643  2.00E-03

 *** WARNING in fm/cp_fm_elpa.F:521 :: Setting real_kernel for ELPA failed ***

    23 Broy./Diag. 0.15E+00   13.9     0.00010598     -1625.7639866599  2.19E-03

 *** WARNING in fm/cp_fm_elpa.F:521 :: Setting real_kernel for ELPA failed ***

    24 Broy./Diag. 0.15E+00   13.6     0.00005716     -1625.7608500002  3.14E-03

 *** WARNING in fm/cp_fm_elpa.F:521 :: Setting real_kernel for ELPA failed ***

    25 Broy./Diag. 0.15E+00   13.2     0.00004368     -1625.7596462859  1.20E-03

  *** SCF run converged in    25 steps ***


  Electronic density on regular grids:       -673.9999999303        0.0000000697
  Core density on regular grids:              673.9999999671       -0.0000000329
  Total charge density on r-space grids:        0.0000000368
  Total charge density g-space grids:           0.0000000368

  Overlap energy of the core charge distribution:               0.00053095058775
  Self energy of the core charge distribution:              -3774.19779000501012
  Core Hamiltonian energy:                                   1084.74751455237538
  Hartree energy:                                            1417.01601871452363
  Exchange-correlation energy:                               -353.09495572721420
  Dispersion energy:                                           -0.22499236743286
  Electronic entropic energy:                                  -0.00597119207515
  Fermi energy:                                                -0.00698491297121

  Total energy:                                             -1625.75964628591191

 !-----------------------------------------------------------------------------!
                     Mulliken Population Analysis

 #  Atom  Element  Kind  Atomic population                           Net charge
       1     Ti       1         10.948977                              1.051023
       2     Ti       1         10.964153                              1.035847
       3     Ti       1         10.929139                              1.070861
       4     Ti       1         10.936630                              1.063370
       5     Ti       1         10.982082                              1.017918
       6     Ti       1         10.965217                              1.034783
       7     Ti       1         10.942731                              1.057269
       8     Ti       1         10.950676                              1.049324
       9     H        2          0.933161                              0.066839
      10     H        2          0.925185                              0.074815
      11     H        2          0.936301                              0.063699
      12     H        2          0.925016                              0.074984
      13     H        2          0.931976                              0.068024
      14     H        2          0.934392                              0.065608
      15     H        2          0.926265                              0.073735
      16     H        2          0.930791                              0.069209
      17     H        2          0.928391                              0.071609
      18     H        2          0.927218                              0.072782
      19     H        2          0.929499                              0.070501
      20     H        2          0.924938                              0.075062
      21     H        2          0.827536                              0.172464
      22     H        2          0.827865                              0.172135
      23     H        2          0.923939                              0.076061
      24     H        2          0.927542                              0.072458
      25     H        2          0.932365                              0.067635
      26     H        2          0.922720                              0.077280
      27     H        2          0.921959                              0.078041
      28     H        2          0.927892                              0.072108
      29     H        2          0.889084                              0.110916
      30     H        2          0.900192                              0.099808
      31     H        2          0.835989                              0.164011
      32     H        2          0.837333                              0.162667
      33     H        2          0.879478                              0.120522
      34     H        2          0.887330                              0.112670
      35     H        2          0.891334                              0.108666
      36     H        2          0.887838                              0.112162
      37     H        2          0.880500                              0.119500
      38     H        2          0.887961                              0.112039
      39     H        2          0.940448                              0.059552
      40     H        2          0.923050                              0.076950
      41     H        2          0.944256                              0.055744
      42     H        2          0.908516                              0.091484
      43     C        3          3.771758                              0.228242
      44     C        3          3.769657                              0.230343
      45     C        3          3.773877                              0.226123
      46     C        3          3.768156                              0.231844
      47     C        3          4.057232                             -0.057232
      48     C        3          4.026035                             -0.026035
      49     C        3          4.056124                             -0.056124
      50     C        3          4.028786                             -0.028786
      51     C        3          3.981603                              0.018397
      52     C        3          4.031913                             -0.031913
      53     C        3          3.977091                              0.022909
      54     C        3          4.034632                             -0.034632
      55     C        3          4.042076                             -0.042076
      56     C        3          4.012251                             -0.012251
      57     C        3          4.005683                             -0.005683
      58     C        3          4.041447                             -0.041447
      59     C        3          4.032131                             -0.032131
      60     C        3          4.046508                             -0.046508
      61     C        3          4.041654                             -0.041654
      62     C        3          4.036148                             -0.036148
      63     C        3          4.025038                             -0.025038
      64     C        3          4.065926                             -0.065926
      65     C        3          4.048307                             -0.048307
      66     C        3          4.026230                             -0.026230
      67     C        3          3.776436                              0.223564
      68     C        3          3.776971                              0.223029
      69     C        3          3.786069                              0.213931
      70     C        3          3.800184                              0.199816
      71     C        3          3.809754                              0.190246
      72     C        3          3.787988                              0.212012
      73     C        3          4.009906                             -0.009906
      74     C        3          4.037145                             -0.037145
      75     C        3          4.042471                             -0.042471
      76     C        3          4.010892                             -0.010892
      77     C        3          4.033042                             -0.033042
      78     C        3          4.024217                             -0.024217
      79     C        3          4.021260                             -0.021260
      80     C        3          4.046304                             -0.046304
      81     C        3          4.048418                             -0.048418
      82     C        3          4.000420                             -0.000420
      83     C        3          4.017639                             -0.017639
      84     C        3          4.036729                             -0.036729
      85     C        3          3.978157                              0.021843
      86     C        3          4.021286                             -0.021286
      87     C        3          4.020357                             -0.020357
      88     C        3          3.997959                              0.002041
      89     N        4          5.012576                             -0.012576
      90     N        4          5.064750                             -0.064750
      91     N        4          5.035126                             -0.035126
      92     N        4          5.035769                             -0.035769
      93     O        5          6.356944                             -0.356944
      94     O        5          6.313404                             -0.313404
      95     O        5          6.321385                             -0.321385
      96     O        5          6.287332                             -0.287332
      97     O        5          6.318919                             -0.318919
      98     O        5          6.328667                             -0.328667
      99     O        5          6.291833                             -0.291833
     100     O        5          6.279637                             -0.279637
     101     O        5          6.458005                             -0.458005
     102     O        5          6.502264                             -0.502264
     103     O        5          6.502226                             -0.502226
     104     O        5          6.456592                             -0.456592
     105     O        5          6.460292                             -0.460292
     106     O        5          6.513461                             -0.513461
     107     O        5          6.507699                             -0.507699
     108     O        5          6.456939                             -0.456939
     109     O        5          6.362909                             -0.362909
     110     O        5          6.355013                             -0.355013
     111     O        5          6.333664                             -0.333664
     112     O        5          6.337861                             -0.337861
     113     O        5          6.406418                             -0.406418
     114     O        5          6.300378                             -0.300378
     115     O        5          6.357245                             -0.357245
     116     O        5          6.353398                             -0.353398
     117     O        5          6.304456                             -0.304456
     118     O        5          6.323353                             -0.323353
     119     O        5          6.302063                             -0.302063
     120     O        5          6.379096                             -0.379096
     121     O        5          6.540710                             -0.540710
     122     O        5          6.535578                             -0.535578
     123     O        5          6.510759                             -0.510759
     124     O        5          6.504015                             -0.504015
     125     N        4          4.869476                              0.130524
     126     N        4          4.833480                              0.166520
     127     C        3          3.910775                              0.089225
     128     C        3          3.978095                              0.021905
     129     C        3          4.168692                             -0.168692
     130     H        2          0.926571                              0.073429
     131     H        2          0.932327                              0.067673
     132     H        2          0.911347                              0.088653
     133     H        2          0.910788                              0.089212
     134     H        2          0.907438                              0.092562
     135     C        3          3.978721                              0.021279
     136     C        3          4.129818                             -0.129818
     137     H        2          0.916098                              0.083902
     138     H        2          0.909863                              0.090137
     139     H        2          0.916851                              0.083149
     140     C        3          4.260532                             -0.260532
     141     H        2          0.916654                              0.083346
     142     H        2          0.929742                              0.070258
     143     H        2          0.907619                              0.092381
     144     C        3          4.104091                             -0.104091
     145     C        3          4.154493                             -0.154493
     146     H        2          0.908112                              0.091888
     147     H        2          0.911491                              0.088509
     148     H        2          0.915214                              0.084786
     149     H        2          0.939679                              0.060321
     150     F        6          6.985084                              0.014916
     151     F        6          6.925436                              0.074564
     152     F        6          7.209938                             -0.209938
     153     F        6          6.990705                              0.009295
     154     O        5          6.453712                             -0.453712
     155     C        3          3.849064                              0.150936
     156     F        6          7.057843                             -0.057843
     157     C        3          3.803264                              0.196736
     158     F        6          7.186436                             -0.186436
     159     S        7          6.395957                             -0.395957
     160     S        7          6.329430                             -0.329430
     161     O        5          5.844492                              0.155508
     162     O        5          5.699581                              0.300419
     163     O        5          6.166236                             -0.166236
     164     N        4          4.982389                              0.017611
 # Total charge                            674.000000                  0.000000

 !-----------------------------------------------------------------------------!

 !-----------------------------------------------------------------------------!
                           Hirshfeld Charges

  #Atom  Element  Kind  Ref Charge     Population                    Net charge
      1       Ti     1      12.000         13.350                        -1.350
      2       Ti     1      12.000         13.377                        -1.377
      3       Ti     1      12.000         13.175                        -1.175
      4       Ti     1      12.000         13.182                        -1.182
      5       Ti     1      12.000         13.427                        -1.427
      6       Ti     1      12.000         13.413                        -1.413
      7       Ti     1      12.000         13.190                        -1.190
      8       Ti     1      12.000         13.233                        -1.233
      9       H      2       1.000          0.547                         0.453
     10       H      2       1.000          0.543                         0.457
     11       H      2       1.000          0.550                         0.450
     12       H      2       1.000          0.539                         0.461
     13       H      2       1.000          0.546                         0.454
     14       H      2       1.000          0.543                         0.457
     15       H      2       1.000          0.541                         0.459
     16       H      2       1.000          0.541                         0.459
     17       H      2       1.000          0.545                         0.455
     18       H      2       1.000          0.544                         0.456
     19       H      2       1.000          0.543                         0.457
     20       H      2       1.000          0.546                         0.454
     21       H      2       1.000          0.419                         0.581
     22       H      2       1.000          0.419                         0.581
     23       H      2       1.000          0.543                         0.457
     24       H      2       1.000          0.543                         0.457
     25       H      2       1.000          0.546                         0.454
     26       H      2       1.000          0.544                         0.456
     27       H      2       1.000          0.537                         0.463
     28       H      2       1.000          0.545                         0.455
     29       H      2       1.000          0.462                         0.538
     30       H      2       1.000          0.489                         0.511
     31       H      2       1.000          0.418                         0.582
     32       H      2       1.000          0.419                         0.581
     33       H      2       1.000          0.481                         0.519
     34       H      2       1.000          0.465                         0.535
     35       H      2       1.000          0.476                         0.524
     36       H      2       1.000          0.463                         0.537
     37       H      2       1.000          0.476                         0.524
     38       H      2       1.000          0.462                         0.538
     39       H      2       1.000          0.545                         0.455
     40       H      2       1.000          0.542                         0.458
     41       H      2       1.000          0.547                         0.453
     42       H      2       1.000          0.545                         0.455
     43       C      3       4.000          3.470                         0.530
     44       C      3       4.000          3.456                         0.544
     45       C      3       4.000          3.473                         0.527
     46       C      3       4.000          3.459                         0.541
     47       C      3       4.000          4.026                        -0.026
     48       C      3       4.000          3.984                         0.016
     49       C      3       4.000          4.026                        -0.026
     50       C      3       4.000          3.987                         0.013
     51       C      3       4.000          3.860                         0.140
     52       C      3       4.000          4.411                        -0.411
     53       C      3       4.000          3.859                         0.141
     54       C      3       4.000          4.413                        -0.413
     55       C      3       4.000          4.407                        -0.407
     56       C      3       4.000          4.381                        -0.381
     57       C      3       4.000          4.372                        -0.372
     58       C      3       4.000          4.416                        -0.416
     59       C      3       4.000          3.998                         0.002
     60       C      3       4.000          4.356                        -0.356
     61       C      3       4.000          4.336                        -0.336
     62       C      3       4.000          3.997                         0.003
     63       C      3       4.000          3.990                         0.010
     64       C      3       4.000          4.039                        -0.039
     65       C      3       4.000          4.026                        -0.026
     66       C      3       4.000          3.993                         0.007
     67       C      3       4.000          3.462                         0.538
     68       C      3       4.000          3.462                         0.538
     69       C      3       4.000          3.482                         0.518
     70       C      3       4.000          3.540                         0.460
     71       C      3       4.000          3.554                         0.446
     72       C      3       4.000          3.484                         0.516
     73       C      3       4.000          4.371                        -0.371
     74       C      3       4.000          4.412                        -0.412
     75       C      3       4.000          4.404                        -0.404
     76       C      3       4.000          4.364                        -0.364
     77       C      3       4.000          4.404                        -0.404
     78       C      3       4.000          4.388                        -0.388
     79       C      3       4.000          4.380                        -0.380
     80       C      3       4.000          4.431                        -0.431
     81       C      3       4.000          4.372                        -0.372
     82       C      3       4.000          4.367                        -0.367
     83       C      3       4.000          4.382                        -0.382
     84       C      3       4.000          4.389                        -0.389
     85       C      3       4.000          3.873                         0.127
     86       C      3       4.000          4.393                        -0.393
     87       C      3       4.000          4.411                        -0.411
     88       C      3       4.000          3.880                         0.120
     89       N      4       5.000          5.900                        -0.900
     90       N      4       5.000          5.947                        -0.947
     91       N      4       5.000          5.915                        -0.915
     92       N      4       5.000          5.907                        -0.907
     93       O      5       6.000          6.169                        -0.169
     94       O      5       6.000          6.114                        -0.114
     95       O      5       6.000          6.166                        -0.166
     96       O      5       6.000          6.127                        -0.127
     97       O      5       6.000          6.119                        -0.119
     98       O      5       6.000          6.121                        -0.121
     99       O      5       6.000          6.105                        -0.105
    100       O      5       6.000          6.107                        -0.107
    101       O      5       6.000          5.708                         0.292
    102       O      5       6.000          5.728                         0.272
    103       O      5       6.000          5.732                         0.268
    104       O      5       6.000          5.700                         0.300
    105       O      5       6.000          5.685                         0.315
    106       O      5       6.000          5.763                         0.237
    107       O      5       6.000          5.755                         0.245
    108       O      5       6.000          5.686                         0.314
    109       O      5       6.000          6.127                        -0.127
    110       O      5       6.000          6.111                        -0.111
    111       O      5       6.000          6.123                        -0.123
    112       O      5       6.000          6.085                        -0.085
    113       O      5       6.000          6.117                        -0.117
    114       O      5       6.000          6.076                        -0.076
    115       O      5       6.000          6.113                        -0.113
    116       O      5       6.000          6.116                        -0.116
    117       O      5       6.000          6.028                        -0.028
    118       O      5       6.000          6.104                        -0.104
    119       O      5       6.000          6.076                        -0.076
    120       O      5       6.000          6.058                        -0.058
    121       O      5       6.000          5.991                         0.009
    122       O      5       6.000          5.990                         0.010
    123       O      5       6.000          6.054                        -0.054
    124       O      5       6.000          6.033                        -0.033
    125       N      4       5.000          5.156                        -0.156
    126       N      4       5.000          5.136                        -0.136
    127       C      3       4.000          4.180                        -0.180
    128       C      3       4.000          4.267                        -0.267
    129       C      3       4.000          4.952                        -0.952
    130       H      2       1.000          0.525                         0.475
    131       H      2       1.000          0.527                         0.473
    132       H      2       1.000          0.543                         0.457
    133       H      2       1.000          0.536                         0.464
    134       H      2       1.000          0.543                         0.457
    135       C      3       4.000          4.284                        -0.284
    136       C      3       4.000          4.780                        -0.780
    137       H      2       1.000          0.556                         0.444
    138       H      2       1.000          0.551                         0.449
    139       H      2       1.000          0.566                         0.434
    140       C      3       4.000          5.283                        -1.283
    141       H      2       1.000          0.556                         0.444
    142       H      2       1.000          0.565                         0.435
    143       H      2       1.000          0.552                         0.448
    144       C      3       4.000          4.558                        -0.558
    145       C      3       4.000          4.779                        -0.779
    146       H      2       1.000          0.546                         0.454
    147       H      2       1.000          0.554                         0.446
    148       H      2       1.000          0.560                         0.440
    149       H      2       1.000          0.528                         0.472
    150       F      6       7.000          7.218                        -0.218
    151       F      6       7.000          7.189                        -0.189
    152       F      6       7.000          7.375                        -0.375
    153       F      6       7.000          7.223                        -0.223
    154       O      5       6.000          6.486                        -0.486
    155       C      3       4.000          3.229                         0.771
    156       F      6       7.000          7.279                        -0.279
    157       C      3       4.000          3.216                         0.784
    158       F      6       7.000          7.348                        -0.348
    159       S      7       6.000          5.513                         0.487
    160       S      7       6.000          5.420                         0.580
    161       O      5       6.000          6.445                        -0.445
    162       O      5       6.000          6.381                        -0.381
    163       O      5       6.000          6.440                        -0.440
    164       N      4       5.000          5.249                        -0.249

  Total Charge                                                            0.050
 !-----------------------------------------------------------------------------!

 ENERGY| Total FORCE_EVAL ( QS ) energy [hartree]          -1625.760845645400423

 *******************************************************************************
 **                 BAND EVALUATION OF ENERGIES AND FORCES                    **
 *******************************************************************************
 **                                                                           **
 **                                                                           **
 ** Replica Env Nr. :    1              Replica Band Nr. :    2               **
 ** Band  Step  Nr. :    1                                                    **
 *******************************************************************************

 Number of electrons:                                                        674
 Number of occupied orbitals:                                                366
 Number of molecular orbitals:                                               437

 Number of orbital functions:                                               1844
 Number of independent orbital functions:                                   1844

 Parameters for the always stable predictor-corrector (ASPC) method:

  ASPC order: 0

  B(1) =   2.000000
  B(2) =  -1.000000

 *** WARNING in fm/cp_fm_elpa.F:521 :: Setting real_kernel for ELPA failed ***


 Extrapolation method: ASPC


 SCF WAVEFUNCTION OPTIMIZATION

  Step     Update method      Time    Convergence         Total energy    Change
  ------------------------------------------------------------------------------

 *** WARNING in fm/cp_fm_elpa.F:521 :: Setting real_kernel for ELPA failed ***

     1 Broy./Diag. 0.15E+00    8.2     0.00016265     -1625.7609792046 -1.63E+03

 *** WARNING in fm/cp_fm_elpa.F:521 :: Setting real_kernel for ELPA failed ***

     2 Broy./Diag. 0.15E+00   11.7     0.00011444     -1625.7579505669  3.03E-03

 *** WARNING in fm/cp_fm_elpa.F:521 :: Setting real_kernel for ELPA failed ***

     3 Broy./Diag. 0.15E+00   12.0     0.00005852     -1625.7594541827 -1.50E-03

 *** WARNING in fm/cp_fm_elpa.F:521 :: Setting real_kernel for ELPA failed ***

     4 Broy./Diag. 0.15E+00   12.7     0.00004184     -1625.7606400900 -1.19E-03

  *** SCF run converged in     4 steps ***


  Electronic density on regular grids:       -673.9999999303        0.0000000697
  Core density on regular grids:              673.9999999671       -0.0000000329
  Total charge density on r-space grids:        0.0000000368
  Total charge density g-space grids:           0.0000000368

  Overlap energy of the core charge distribution:               0.00053078203819
  Self energy of the core charge distribution:              -3774.19779000501012
  Core Hamiltonian energy:                                   1084.74732043178301
  Hartree energy:                                            1417.01530911712530
  Exchange-correlation energy:                               -353.09504651734107
  Dispersion energy:                                           -0.22499238828717
  Electronic entropic energy:                                  -0.00596985278617
  Fermi energy:                                                -0.00698028696734

  Total energy:                                             -1625.76064009004995

 !-----------------------------------------------------------------------------!
                     Mulliken Population Analysis

 #  Atom  Element  Kind  Atomic population                           Net charge
       1     Ti       1         10.948988                              1.051012
       2     Ti       1         10.964100                              1.035900
       3     Ti       1         10.929123                              1.070877
       4     Ti       1         10.936607                              1.063393
       5     Ti       1         10.982195                              1.017805
       6     Ti       1         10.965167                              1.034833
       7     Ti       1         10.942719                              1.057281
       8     Ti       1         10.950660                              1.049340
       9     H        2          0.933160                              0.066840
      10     H        2          0.925185                              0.074815
      11     H        2          0.936298                              0.063702
      12     H        2          0.925016                              0.074984
      13     H        2          0.931977                              0.068023
      14     H        2          0.934392                              0.065608
      15     H        2          0.926264                              0.073736
      16     H        2          0.930793                              0.069207
      17     H        2          0.928392                              0.071608
      18     H        2          0.927215                              0.072785
      19     H        2          0.929490                              0.070510
      20     H        2          0.924930                              0.075070
      21     H        2          0.827532                              0.172468
      22     H        2          0.827865                              0.172135
      23     H        2          0.923951                              0.076049
      24     H        2          0.927552                              0.072448
      25     H        2          0.932372                              0.067628
      26     H        2          0.922731                              0.077269
      27     H        2          0.921973                              0.078027
      28     H        2          0.927897                              0.072103
      29     H        2          0.889084                              0.110916
      30     H        2          0.900199                              0.099801
      31     H        2          0.835999                              0.164001
      32     H        2          0.837340                              0.162660
      33     H        2          0.879484                              0.120516
      34     H        2          0.887333                              0.112667
      35     H        2          0.891349                              0.108651
      36     H        2          0.887850                              0.112150
      37     H        2          0.880522                              0.119478
      38     H        2          0.887965                              0.112035
      39     H        2          0.940449                              0.059551
      40     H        2          0.923039                              0.076961
      41     H        2          0.944261                              0.055739
      42     H        2          0.908517                              0.091483
      43     C        3          3.771777                              0.228223
      44     C        3          3.769664                              0.230336
      45     C        3          3.773901                              0.226099
      46     C        3          3.768168                              0.231832
      47     C        3          4.057248                             -0.057248
      48     C        3          4.026044                             -0.026044
      49     C        3          4.056139                             -0.056139
      50     C        3          4.028793                             -0.028793
      51     C        3          3.981604                              0.018396
      52     C        3          4.031932                             -0.031932
      53     C        3          3.977090                              0.022910
      54     C        3          4.034632                             -0.034632
      55     C        3          4.042072                             -0.042072
      56     C        3          4.012246                             -0.012246
      57     C        3          4.005698                             -0.005698
      58     C        3          4.041443                             -0.041443
      59     C        3          4.032132                             -0.032132
      60     C        3          4.046507                             -0.046507
      61     C        3          4.041645                             -0.041645
      62     C        3          4.036161                             -0.036161
      63     C        3          4.025067                             -0.025067
      64     C        3          4.065919                             -0.065919
      65     C        3          4.048309                             -0.048309
      66     C        3          4.026237                             -0.026237
      67     C        3          3.776445                              0.223555
      68     C        3          3.776988                              0.223012
      69     C        3          3.786084                              0.213916
      70     C        3          3.800252                              0.199748
      71     C        3          3.809806                              0.190194
      72     C        3          3.787995                              0.212005
      73     C        3          4.009910                             -0.009910
      74     C        3          4.037141                             -0.037141
      75     C        3          4.042467                             -0.042467
      76     C        3          4.010891                             -0.010891
      77     C        3          4.033051                             -0.033051
      78     C        3          4.024212                             -0.024212
      79     C        3          4.021266                             -0.021266
      80     C        3          4.046300                             -0.046300
      81     C        3          4.048414                             -0.048414
      82     C        3          4.000420                             -0.000420
      83     C        3          4.017627                             -0.017627
      84     C        3          4.036736                             -0.036736
      85     C        3          3.978147                              0.021853
      86     C        3          4.021271                             -0.021271
      87     C        3          4.020350                             -0.020350
      88     C        3          3.997962                              0.002038
      89     N        4          5.012570                             -0.012570
      90     N        4          5.064727                             -0.064727
      91     N        4          5.035097                             -0.035097
      92     N        4          5.035774                             -0.035774
      93     O        5          6.356936                             -0.356936
      94     O        5          6.313407                             -0.313407
      95     O        5          6.321381                             -0.321381
      96     O        5          6.287323                             -0.287323
      97     O        5          6.318904                             -0.318904
      98     O        5          6.328662                             -0.328662
      99     O        5          6.291838                             -0.291838
     100     O        5          6.279632                             -0.279632
     101     O        5          6.457961                             -0.457961
     102     O        5          6.502252                             -0.502252
     103     O        5          6.502224                             -0.502224
     104     O        5          6.456545                             -0.456545
     105     O        5          6.460241                             -0.460241
     106     O        5          6.513442                             -0.513442
     107     O        5          6.507692                             -0.507692
     108     O        5          6.456892                             -0.456892
     109     O        5          6.362899                             -0.362899
     110     O        5          6.355013                             -0.355013
     111     O        5          6.333660                             -0.333660
     112     O        5          6.337849                             -0.337849
     113     O        5          6.406415                             -0.406415
     114     O        5          6.300360                             -0.300360
     115     O        5          6.357239                             -0.357239
     116     O        5          6.353379                             -0.353379
     117     O        5          6.304450                             -0.304450
     118     O        5          6.323343                             -0.323343
     119     O        5          6.302062                             -0.302062
     120     O        5          6.379084                             -0.379084
     121     O        5          6.540702                             -0.540702
     122     O        5          6.535575                             -0.535575
     123     O        5          6.510755                             -0.510755
     124     O        5          6.504000                             -0.504000
     125     N        4          4.869452                              0.130548
     126     N        4          4.833453                              0.166547
     127     C        3          3.910802                              0.089198
     128     C        3          3.978104                              0.021896
     129     C        3          4.168699                             -0.168699
     130     H        2          0.926581                              0.073419
     131     H        2          0.932329                              0.067671
     132     H        2          0.911352                              0.088648
     133     H        2          0.910793                              0.089207
     134     H        2          0.907442                              0.092558
     135     C        3          3.978714                              0.021286
     136     C        3          4.129820                             -0.129820
     137     H        2          0.916104                              0.083896
     138     H        2          0.909859                              0.090141
     139     H        2          0.916847                              0.083153
     140     C        3          4.260538                             -0.260538
     141     H        2          0.916660                              0.083340
     142     H        2          0.929742                              0.070258
     143     H        2          0.907617                              0.092383
     144     C        3          4.104093                             -0.104093
     145     C        3          4.154495                             -0.154495
     146     H        2          0.908119                              0.091881
     147     H        2          0.911490                              0.088510
     148     H        2          0.915214                              0.084786
     149     H        2          0.939684                              0.060316
     150     F        6          6.985098                              0.014902
     151     F        6          6.925442                              0.074558
     152     F        6          7.209916                             -0.209916
     153     F        6          6.990748                              0.009252
     154     O        5          6.453711                             -0.453711
     155     C        3          3.849035                              0.150965
     156     F        6          7.057873                             -0.057873
     157     C        3          3.803254                              0.196746
     158     F        6          7.186436                             -0.186436
     159     S        7          6.395891                             -0.395891
     160     S        7          6.329327                             -0.329327
     161     O        5          5.844537                              0.155463
     162     O        5          5.699688                              0.300312
     163     O        5          6.166195                             -0.166195
     164     N        4          4.982462                              0.017538
 # Total charge                            674.000000                  0.000000

 !-----------------------------------------------------------------------------!

 !-----------------------------------------------------------------------------!
                           Hirshfeld Charges

  #Atom  Element  Kind  Ref Charge     Population                    Net charge
      1       Ti     1      12.000         13.350                        -1.350
      2       Ti     1      12.000         13.377                        -1.377
      3       Ti     1      12.000         13.175                        -1.175
      4       Ti     1      12.000         13.182                        -1.182
      5       Ti     1      12.000         13.427                        -1.427
      6       Ti     1      12.000         13.413                        -1.413
      7       Ti     1      12.000         13.190                        -1.190
      8       Ti     1      12.000         13.233                        -1.233
      9       H      2       1.000          0.547                         0.453
     10       H      2       1.000          0.543                         0.457
     11       H      2       1.000          0.550                         0.450
     12       H      2       1.000          0.539                         0.461
     13       H      2       1.000          0.546                         0.454
     14       H      2       1.000          0.543                         0.457
     15       H      2       1.000          0.541                         0.459
     16       H      2       1.000          0.541                         0.459
     17       H      2       1.000          0.545                         0.455
     18       H      2       1.000          0.544                         0.456
     19       H      2       1.000          0.543                         0.457
     20       H      2       1.000          0.546                         0.454
     21       H      2       1.000          0.419                         0.581
     22       H      2       1.000          0.419                         0.581
     23       H      2       1.000          0.543                         0.457
     24       H      2       1.000          0.543                         0.457
     25       H      2       1.000          0.546                         0.454
     26       H      2       1.000          0.544                         0.456
     27       H      2       1.000          0.537                         0.463
     28       H      2       1.000          0.545                         0.455
     29       H      2       1.000          0.462                         0.538
     30       H      2       1.000          0.489                         0.511
     31       H      2       1.000          0.418                         0.582
     32       H      2       1.000          0.419                         0.581
     33       H      2       1.000          0.481                         0.519
     34       H      2       1.000          0.465                         0.535
     35       H      2       1.000          0.476                         0.524
     36       H      2       1.000          0.463                         0.537
     37       H      2       1.000          0.476                         0.524
     38       H      2       1.000          0.462                         0.538
     39       H      2       1.000          0.545                         0.455
     40       H      2       1.000          0.542                         0.458
     41       H      2       1.000          0.547                         0.453
     42       H      2       1.000          0.545                         0.455
     43       C      3       4.000          3.470                         0.530
     44       C      3       4.000          3.456                         0.544
     45       C      3       4.000          3.473                         0.527
     46       C      3       4.000          3.459                         0.541
     47       C      3       4.000          4.026                        -0.026
     48       C      3       4.000          3.984                         0.016
     49       C      3       4.000          4.026                        -0.026
     50       C      3       4.000          3.987                         0.013
     51       C      3       4.000          3.860                         0.140
     52       C      3       4.000          4.411                        -0.411
     53       C      3       4.000          3.859                         0.141
     54       C      3       4.000          4.413                        -0.413
     55       C      3       4.000          4.407                        -0.407
     56       C      3       4.000          4.381                        -0.381
     57       C      3       4.000          4.372                        -0.372
     58       C      3       4.000          4.416                        -0.416
     59       C      3       4.000          3.998                         0.002
     60       C      3       4.000          4.356                        -0.356
     61       C      3       4.000          4.336                        -0.336
     62       C      3       4.000          3.997                         0.003
     63       C      3       4.000          3.990                         0.010
     64       C      3       4.000          4.039                        -0.039
     65       C      3       4.000          4.026                        -0.026
     66       C      3       4.000          3.993                         0.007
     67       C      3       4.000          3.462                         0.538
     68       C      3       4.000          3.462                         0.538
     69       C      3       4.000          3.482                         0.518
     70       C      3       4.000          3.540                         0.460
     71       C      3       4.000          3.554                         0.446
     72       C      3       4.000          3.484                         0.516
     73       C      3       4.000          4.371                        -0.371
     74       C      3       4.000          4.412                        -0.412
     75       C      3       4.000          4.404                        -0.404
     76       C      3       4.000          4.364                        -0.364
     77       C      3       4.000          4.404                        -0.404
     78       C      3       4.000          4.388                        -0.388
     79       C      3       4.000          4.380                        -0.380
     80       C      3       4.000          4.431                        -0.431
     81       C      3       4.000          4.372                        -0.372
     82       C      3       4.000          4.367                        -0.367
     83       C      3       4.000          4.382                        -0.382
     84       C      3       4.000          4.389                        -0.389
     85       C      3       4.000          3.873                         0.127
     86       C      3       4.000          4.393                        -0.393
     87       C      3       4.000          4.411                        -0.411
     88       C      3       4.000          3.880                         0.120
     89       N      4       5.000          5.900                        -0.900
     90       N      4       5.000          5.947                        -0.947
     91       N      4       5.000          5.915                        -0.915
     92       N      4       5.000          5.907                        -0.907
     93       O      5       6.000          6.169                        -0.169
     94       O      5       6.000          6.114                        -0.114
     95       O      5       6.000          6.166                        -0.166
     96       O      5       6.000          6.127                        -0.127
     97       O      5       6.000          6.119                        -0.119
     98       O      5       6.000          6.121                        -0.121
     99       O      5       6.000          6.105                        -0.105
    100       O      5       6.000          6.107                        -0.107
    101       O      5       6.000          5.708                         0.292
    102       O      5       6.000          5.728                         0.272
    103       O      5       6.000          5.732                         0.268
    104       O      5       6.000          5.700                         0.300
    105       O      5       6.000          5.685                         0.315
    106       O      5       6.000          5.763                         0.237
    107       O      5       6.000          5.755                         0.245
    108       O      5       6.000          5.686                         0.314
    109       O      5       6.000          6.127                        -0.127
    110       O      5       6.000          6.111                        -0.111
    111       O      5       6.000          6.123                        -0.123
    112       O      5       6.000          6.085                        -0.085
    113       O      5       6.000          6.117                        -0.117
    114       O      5       6.000          6.076                        -0.076
    115       O      5       6.000          6.113                        -0.113
    116       O      5       6.000          6.116                        -0.116
    117       O      5       6.000          6.028                        -0.028
    118       O      5       6.000          6.104                        -0.104
    119       O      5       6.000          6.076                        -0.076
    120       O      5       6.000          6.058                        -0.058
    121       O      5       6.000          5.991                         0.009
    122       O      5       6.000          5.990                         0.010
    123       O      5       6.000          6.054                        -0.054
    124       O      5       6.000          6.033                        -0.033
    125       N      4       5.000          5.156                        -0.156
    126       N      4       5.000          5.136                        -0.136
    127       C      3       4.000          4.180                        -0.180
    128       C      3       4.000          4.267                        -0.267
    129       C      3       4.000          4.952                        -0.952
    130       H      2       1.000          0.525                         0.475
    131       H      2       1.000          0.527                         0.473
    132       H      2       1.000          0.543                         0.457
    133       H      2       1.000          0.536                         0.464
    134       H      2       1.000          0.543                         0.457
    135       C      3       4.000          4.284                        -0.284
    136       C      3       4.000          4.780                        -0.780
    137       H      2       1.000          0.556                         0.444
    138       H      2       1.000          0.551                         0.449
    139       H      2       1.000          0.566                         0.434
    140       C      3       4.000          5.283                        -1.283
    141       H      2       1.000          0.556                         0.444
    142       H      2       1.000          0.565                         0.435
    143       H      2       1.000          0.552                         0.448
    144       C      3       4.000          4.558                        -0.558
    145       C      3       4.000          4.779                        -0.779
    146       H      2       1.000          0.546                         0.454
    147       H      2       1.000          0.554                         0.446
    148       H      2       1.000          0.560                         0.440
    149       H      2       1.000          0.528                         0.472
    150       F      6       7.000          7.218                        -0.218
    151       F      6       7.000          7.189                        -0.189
    152       F      6       7.000          7.375                        -0.375
    153       F      6       7.000          7.223                        -0.223
    154       O      5       6.000          6.486                        -0.486
    155       C      3       4.000          3.229                         0.771
    156       F      6       7.000          7.279                        -0.279
    157       C      3       4.000          3.216                         0.784
    158       F      6       7.000          7.348                        -0.348
    159       S      7       6.000          5.513                         0.487
    160       S      7       6.000          5.420                         0.580
    161       O      5       6.000          6.445                        -0.445
    162       O      5       6.000          6.381                        -0.381
    163       O      5       6.000          6.440                        -0.440
    164       N      4       5.000          5.249                        -0.249

  Total Charge                                                            0.050
 !-----------------------------------------------------------------------------!

 ENERGY| Total FORCE_EVAL ( QS ) energy [hartree]          -1625.760979301446469

 *******************************************************************************
 **                 BAND EVALUATION OF ENERGIES AND FORCES                    **
 *******************************************************************************
 **                                                                           **
 **                                                                           **
 ** Replica Env Nr. :    1              Replica Band Nr. :    2               **
 ** Band  Step  Nr. :    1                                                    **
 *******************************************************************************

 Number of electrons:                                                        674
 Number of occupied orbitals:                                                366
 Number of molecular orbitals:                                               437

 Number of orbital functions:                                               1844
 Number of independent orbital functions:                                   1844

 Parameters for the always stable predictor-corrector (ASPC) method:

  ASPC order: 2

  B(1) =   2.800000
  B(2) =  -2.800000
  B(3) =   1.200000
  B(4) =  -0.200000

 *** WARNING in fm/cp_fm_elpa.F:521 :: Setting real_kernel for ELPA failed ***


 Extrapolation method: ASPC


 SCF WAVEFUNCTION OPTIMIZATION

  Step     Update method      Time    Convergence         Total energy    Change
  ------------------------------------------------------------------------------

 *** WARNING in fm/cp_fm_elpa.F:521 :: Setting real_kernel for ELPA failed ***

     1 Broy./Diag. 0.15E+00    8.3     0.00024508     -1625.7609788406 -1.63E+03

 *** WARNING in fm/cp_fm_elpa.F:521 :: Setting real_kernel for ELPA failed ***

     2 Broy./Diag. 0.15E+00   11.9     0.00009905     -1625.7600528639  9.26E-04

 *** WARNING in fm/cp_fm_elpa.F:521 :: Setting real_kernel for ELPA failed ***

     3 Broy./Diag. 0.15E+00   12.3     0.00005590     -1625.7605622890 -5.09E-04

 *** WARNING in fm/cp_fm_elpa.F:521 :: Setting real_kernel for ELPA failed ***

     4 Broy./Diag. 0.15E+00   12.2     0.00007051     -1625.7607837586 -2.21E-04

 *** WARNING in fm/cp_fm_elpa.F:521 :: Setting real_kernel for ELPA failed ***

     5 Broy./Diag. 0.15E+00   12.4     0.00004234     -1625.7611701616 -3.86E-04

  *** SCF run converged in     5 steps ***


  Electronic density on regular grids:       -673.9999999303        0.0000000697
  Core density on regular grids:              673.9999999671       -0.0000000329
  Total charge density on r-space grids:        0.0000000368
  Total charge density g-space grids:           0.0000000368

  Overlap energy of the core charge distribution:               0.00053078203819
  Self energy of the core charge distribution:              -3774.19779000501012
  Core Hamiltonian energy:                                   1084.74675257432523
  Hartree energy:                                            1417.01531957087968
  Exchange-correlation energy:                               -353.09501983101478
  Dispersion energy:                                           -0.22499238828717
  Electronic entropic energy:                                  -0.00597020559841
  Fermi energy:                                                -0.00698018951091

  Total energy:                                             -1625.76117016162470

 !-----------------------------------------------------------------------------!
                     Mulliken Population Analysis

 #  Atom  Element  Kind  Atomic population                           Net charge
       1     Ti       1         10.949002                              1.050998
       2     Ti       1         10.964132                              1.035868
       3     Ti       1         10.929131                              1.070869
       4     Ti       1         10.936616                              1.063384
       5     Ti       1         10.982167                              1.017833
       6     Ti       1         10.965197                              1.034803
       7     Ti       1         10.942724                              1.057276
       8     Ti       1         10.950670                              1.049330
       9     H        2          0.933163                              0.066837
      10     H        2          0.925188                              0.074812
      11     H        2          0.936300                              0.063700
      12     H        2          0.925018                              0.074982
      13     H        2          0.931983                              0.068017
      14     H        2          0.934391                              0.065609
      15     H        2          0.926267                              0.073733
      16     H        2          0.930797                              0.069203
      17     H        2          0.928392                              0.071608
      18     H        2          0.927216                              0.072784
      19     H        2          0.929496                              0.070504
      20     H        2          0.924932                              0.075068
      21     H        2          0.827523                              0.172477
      22     H        2          0.827858                              0.172142
      23     H        2          0.923949                              0.076051
      24     H        2          0.927551                              0.072449
      25     H        2          0.932370                              0.067630
      26     H        2          0.922736                              0.077264
      27     H        2          0.921976                              0.078024
      28     H        2          0.927895                              0.072105
      29     H        2          0.889084                              0.110916
      30     H        2          0.900201                              0.099799
      31     H        2          0.835998                              0.164002
      32     H        2          0.837337                              0.162663
      33     H        2          0.879482                              0.120518
      34     H        2          0.887333                              0.112667
      35     H        2          0.891349                              0.108651
      36     H        2          0.887844                              0.112156
      37     H        2          0.880524                              0.119476
      38     H        2          0.887967                              0.112033
      39     H        2          0.940451                              0.059549
      40     H        2          0.923043                              0.076957
      41     H        2          0.944259                              0.055741
      42     H        2          0.908518                              0.091482
      43     C        3          3.771768                              0.228232
      44     C        3          3.769656                              0.230344
      45     C        3          3.773894                              0.226106
      46     C        3          3.768157                              0.231843
      47     C        3          4.057247                             -0.057247
      48     C        3          4.026041                             -0.026041
      49     C        3          4.056136                             -0.056136
      50     C        3          4.028794                             -0.028794
      51     C        3          3.981606                              0.018394
      52     C        3          4.031921                             -0.031921
      53     C        3          3.977087                              0.022913
      54     C        3          4.034634                             -0.034634
      55     C        3          4.042066                             -0.042066
      56     C        3          4.012250                             -0.012250
      57     C        3          4.005691                             -0.005691
      58     C        3          4.041448                             -0.041448
      59     C        3          4.032133                             -0.032133
      60     C        3          4.046507                             -0.046507
      61     C        3          4.041648                             -0.041648
      62     C        3          4.036161                             -0.036161
      63     C        3          4.025055                             -0.025055
      64     C        3          4.065920                             -0.065920
      65     C        3          4.048305                             -0.048305
      66     C        3          4.026238                             -0.026238
      67     C        3          3.776433                              0.223567
      68     C        3          3.776980                              0.223020
      69     C        3          3.786071                              0.213929
      70     C        3          3.800236                              0.199764
      71     C        3          3.809794                              0.190206
      72     C        3          3.787990                              0.212010
      73     C        3          4.009900                             -0.009900
      74     C        3          4.037142                             -0.037142
      75     C        3          4.042464                             -0.042464
      76     C        3          4.010891                             -0.010891
      77     C        3          4.033045                             -0.033045
      78     C        3          4.024216                             -0.024216
      79     C        3          4.021262                             -0.021262
      80     C        3          4.046299                             -0.046299
      81     C        3          4.048418                             -0.048418
      82     C        3          4.000410                             -0.000410
      83     C        3          4.017629                             -0.017629
      84     C        3          4.036728                             -0.036728
      85     C        3          3.978146                              0.021854
      86     C        3          4.021272                             -0.021272
      87     C        3          4.020350                             -0.020350
      88     C        3          3.997960                              0.002040
      89     N        4          5.012564                             -0.012564
      90     N        4          5.064732                             -0.064732
      91     N        4          5.035114                             -0.035114
      92     N        4          5.035767                             -0.035767
      93     O        5          6.356941                             -0.356941
      94     O        5          6.313402                             -0.313402
      95     O        5          6.321378                             -0.321378
      96     O        5          6.287325                             -0.287325
      97     O        5          6.318901                             -0.318901
      98     O        5          6.328666                             -0.328666
      99     O        5          6.291833                             -0.291833
     100     O        5          6.279631                             -0.279631
     101     O        5          6.457957                             -0.457957
     102     O        5          6.502253                             -0.502253
     103     O        5          6.502228                             -0.502228
     104     O        5          6.456542                             -0.456542
     105     O        5          6.460241                             -0.460241
     106     O        5          6.513452                             -0.513452
     107     O        5          6.507699                             -0.507699
     108     O        5          6.456888                             -0.456888
     109     O        5          6.362905                             -0.362905
     110     O        5          6.355013                             -0.355013
     111     O        5          6.333657                             -0.333657
     112     O        5          6.337857                             -0.337857
     113     O        5          6.406415                             -0.406415
     114     O        5          6.300364                             -0.300364
     115     O        5          6.357244                             -0.357244
     116     O        5          6.353380                             -0.353380
     117     O        5          6.304448                             -0.304448
     118     O        5          6.323343                             -0.323343
     119     O        5          6.302059                             -0.302059
     120     O        5          6.379085                             -0.379085
     121     O        5          6.540710                             -0.540710
     122     O        5          6.535584                             -0.535584
     123     O        5          6.510764                             -0.510764
     124     O        5          6.504016                             -0.504016
     125     N        4          4.869462                              0.130538
     126     N        4          4.833450                              0.166550
     127     C        3          3.910805                              0.089195
     128     C        3          3.978092                              0.021908
     129     C        3          4.168696                             -0.168696
     130     H        2          0.926582                              0.073418
     131     H        2          0.932336                              0.067664
     132     H        2          0.911358                              0.088642
     133     H        2          0.910786                              0.089214
     134     H        2          0.907443                              0.092557
     135     C        3          3.978715                              0.021285
     136     C        3          4.129817                             -0.129817
     137     H        2          0.916109                              0.083891
     138     H        2          0.909859                              0.090141
     139     H        2          0.916852                              0.083148
     140     C        3          4.260536                             -0.260536
     141     H        2          0.916660                              0.083340
     142     H        2          0.929746                              0.070254
     143     H        2          0.907619                              0.092381
     144     C        3          4.104091                             -0.104091
     145     C        3          4.154492                             -0.154492
     146     H        2          0.908117                              0.091883
     147     H        2          0.911493                              0.088507
     148     H        2          0.915217                              0.084783
     149     H        2          0.939683                              0.060317
     150     F        6          6.985099                              0.014901
     151     F        6          6.925445                              0.074555
     152     F        6          7.209927                             -0.209927
     153     F        6          6.990748                              0.009252
     154     O        5          6.453700                             -0.453700
     155     C        3          3.849029                              0.150971
     156     F        6          7.057867                             -0.057867
     157     C        3          3.803257                              0.196743
     158     F        6          7.186440                             -0.186440
     159     S        7          6.395902                             -0.395902
     160     S        7          6.329325                             -0.329325
     161     O        5          5.844533                              0.155467
     162     O        5          5.699677                              0.300323
     163     O        5          6.166211                             -0.166211
     164     N        4          4.982442                              0.017558
 # Total charge                            674.000000                  0.000000

 !-----------------------------------------------------------------------------!

 !-----------------------------------------------------------------------------!
                           Hirshfeld Charges

  #Atom  Element  Kind  Ref Charge     Population                    Net charge
      1       Ti     1      12.000         13.351                        -1.351
      2       Ti     1      12.000         13.377                        -1.377
      3       Ti     1      12.000         13.175                        -1.175
      4       Ti     1      12.000         13.182                        -1.182
      5       Ti     1      12.000         13.427                        -1.427
      6       Ti     1      12.000         13.413                        -1.413
      7       Ti     1      12.000         13.190                        -1.190
      8       Ti     1      12.000         13.233                        -1.233
      9       H      2       1.000          0.547                         0.453
     10       H      2       1.000          0.543                         0.457
     11       H      2       1.000          0.550                         0.450
     12       H      2       1.000          0.539                         0.461
     13       H      2       1.000          0.546                         0.454
     14       H      2       1.000          0.543                         0.457
     15       H      2       1.000          0.541                         0.459
     16       H      2       1.000          0.541                         0.459
     17       H      2       1.000          0.545                         0.455
     18       H      2       1.000          0.544                         0.456
     19       H      2       1.000          0.543                         0.457
     20       H      2       1.000          0.546                         0.454
     21       H      2       1.000          0.419                         0.581
     22       H      2       1.000          0.419                         0.581
     23       H      2       1.000          0.543                         0.457
     24       H      2       1.000          0.543                         0.457
     25       H      2       1.000          0.546                         0.454
     26       H      2       1.000          0.544                         0.456
     27       H      2       1.000          0.537                         0.463
     28       H      2       1.000          0.545                         0.455
     29       H      2       1.000          0.462                         0.538
     30       H      2       1.000          0.489                         0.511
     31       H      2       1.000          0.418                         0.582
     32       H      2       1.000          0.419                         0.581
     33       H      2       1.000          0.481                         0.519
     34       H      2       1.000          0.465                         0.535
     35       H      2       1.000          0.476                         0.524
     36       H      2       1.000          0.463                         0.537
     37       H      2       1.000          0.476                         0.524
     38       H      2       1.000          0.462                         0.538
     39       H      2       1.000          0.545                         0.455
     40       H      2       1.000          0.542                         0.458
     41       H      2       1.000          0.547                         0.453
     42       H      2       1.000          0.545                         0.455
     43       C      3       4.000          3.470                         0.530
     44       C      3       4.000          3.456                         0.544
     45       C      3       4.000          3.473                         0.527
     46       C      3       4.000          3.459                         0.541
     47       C      3       4.000          4.026                        -0.026
     48       C      3       4.000          3.984                         0.016
     49       C      3       4.000          4.026                        -0.026
     50       C      3       4.000          3.987                         0.013
     51       C      3       4.000          3.860                         0.140
     52       C      3       4.000          4.411                        -0.411
     53       C      3       4.000          3.859                         0.141
     54       C      3       4.000          4.413                        -0.413
     55       C      3       4.000          4.407                        -0.407
     56       C      3       4.000          4.381                        -0.381
     57       C      3       4.000          4.372                        -0.372
     58       C      3       4.000          4.416                        -0.416
     59       C      3       4.000          3.998                         0.002
     60       C      3       4.000          4.356                        -0.356
     61       C      3       4.000          4.336                        -0.336
     62       C      3       4.000          3.997                         0.003
     63       C      3       4.000          3.990                         0.010
     64       C      3       4.000          4.039                        -0.039
     65       C      3       4.000          4.026                        -0.026
     66       C      3       4.000          3.993                         0.007
     67       C      3       4.000          3.462                         0.538
     68       C      3       4.000          3.462                         0.538
     69       C      3       4.000          3.482                         0.518
     70       C      3       4.000          3.540                         0.460
     71       C      3       4.000          3.554                         0.446
     72       C      3       4.000          3.484                         0.516
     73       C      3       4.000          4.371                        -0.371
     74       C      3       4.000          4.412                        -0.412
     75       C      3       4.000          4.404                        -0.404
     76       C      3       4.000          4.364                        -0.364
     77       C      3       4.000          4.404                        -0.404
     78       C      3       4.000          4.388                        -0.388
     79       C      3       4.000          4.380                        -0.380
     80       C      3       4.000          4.431                        -0.431
     81       C      3       4.000          4.372                        -0.372
     82       C      3       4.000          4.367                        -0.367
     83       C      3       4.000          4.382                        -0.382
     84       C      3       4.000          4.389                        -0.389
     85       C      3       4.000          3.873                         0.127
     86       C      3       4.000          4.393                        -0.393
     87       C      3       4.000          4.411                        -0.411
     88       C      3       4.000          3.880                         0.120
     89       N      4       5.000          5.900                        -0.900
     90       N      4       5.000          5.947                        -0.947
     91       N      4       5.000          5.915                        -0.915
     92       N      4       5.000          5.907                        -0.907
     93       O      5       6.000          6.169                        -0.169
     94       O      5       6.000          6.114                        -0.114
     95       O      5       6.000          6.166                        -0.166
     96       O      5       6.000          6.127                        -0.127
     97       O      5       6.000          6.119                        -0.119
     98       O      5       6.000          6.121                        -0.121
     99       O      5       6.000          6.105                        -0.105
    100       O      5       6.000          6.107                        -0.107
    101       O      5       6.000          5.708                         0.292
    102       O      5       6.000          5.728                         0.272
    103       O      5       6.000          5.732                         0.268
    104       O      5       6.000          5.700                         0.300
    105       O      5       6.000          5.685                         0.315
    106       O      5       6.000          5.763                         0.237
    107       O      5       6.000          5.755                         0.245
    108       O      5       6.000          5.686                         0.314
    109       O      5       6.000          6.127                        -0.127
    110       O      5       6.000          6.111                        -0.111
    111       O      5       6.000          6.123                        -0.123
    112       O      5       6.000          6.085                        -0.085
    113       O      5       6.000          6.117                        -0.117
    114       O      5       6.000          6.076                        -0.076
    115       O      5       6.000          6.113                        -0.113
    116       O      5       6.000          6.116                        -0.116
    117       O      5       6.000          6.028                        -0.028
    118       O      5       6.000          6.104                        -0.104
    119       O      5       6.000          6.076                        -0.076
    120       O      5       6.000          6.058                        -0.058
    121       O      5       6.000          5.991                         0.009
    122       O      5       6.000          5.990                         0.010
    123       O      5       6.000          6.054                        -0.054
    124       O      5       6.000          6.033                        -0.033
    125       N      4       5.000          5.156                        -0.156
    126       N      4       5.000          5.136                        -0.136
    127       C      3       4.000          4.180                        -0.180
    128       C      3       4.000          4.267                        -0.267
    129       C      3       4.000          4.952                        -0.952
    130       H      2       1.000          0.525                         0.475
    131       H      2       1.000          0.527                         0.473
    132       H      2       1.000          0.543                         0.457
    133       H      2       1.000          0.536                         0.464
    134       H      2       1.000          0.543                         0.457
    135       C      3       4.000          4.284                        -0.284
    136       C      3       4.000          4.780                        -0.780
    137       H      2       1.000          0.556                         0.444
    138       H      2       1.000          0.551                         0.449
    139       H      2       1.000          0.566                         0.434
    140       C      3       4.000          5.283                        -1.283
    141       H      2       1.000          0.556                         0.444
    142       H      2       1.000          0.565                         0.435
    143       H      2       1.000          0.552                         0.448
    144       C      3       4.000          4.558                        -0.558
    145       C      3       4.000          4.779                        -0.779
    146       H      2       1.000          0.546                         0.454
    147       H      2       1.000          0.554                         0.446
    148       H      2       1.000          0.560                         0.440
    149       H      2       1.000          0.528                         0.472
    150       F      6       7.000          7.218                        -0.218
    151       F      6       7.000          7.189                        -0.189
    152       F      6       7.000          7.375                        -0.375
