
 *******************************************************************************
 **                 BAND EVALUATION OF ENERGIES AND FORCES                    **
 *******************************************************************************
 **                                                                           **
 **                                                                           **
 ** Replica Env Nr. :    5              Replica Band Nr. :    6               **
 ** Band  Step  Nr. :    0                                                    **
 *******************************************************************************

 Number of electrons:                                                        674
 Number of occupied orbitals:                                                337
 Number of molecular orbitals:                                               437

 Number of orbital functions:                                               1844
 Number of independent orbital functions:                                   1844

 Extrapolation method: initial_guess

 *** WARNING in qs_initial_guess.F:303 :: User requested to restart the    ***
 *** wavefunction from the file named: BAMOF_NEB-BAND6-RESTART.wfn. This   ***
 *** file does not exist. Please check the existence of the file or change ***
 *** properly the value of the keyword WFN_RESTART_FILE_NAME. Calculation  ***
 *** continues using ATOMIC GUESS.                                         ***


 Atomic guess: The first density matrix is obtained in terms of atomic orbitals
               and electronic configurations assigned to each atomic kind

 Guess for atomic kind: Ti

 Electronic structure
    Total number of core electrons                                         10.00
    Total number of valence electrons                                      12.00
    Total number of electrons                                              22.00
    Multiplicity                                                   not specified
    S   [  2.00  2.00] 2.00  2.00
    P   [  6.00] 6.00
    D      2.00


 *******************************************************************************
                  Iteration          Convergence                     Energy [au]
 *******************************************************************************
                          1         2.59099                     -56.573945749309
                          2        0.737518                     -57.461623245624
                          3        0.123244E-01                 -57.676656834797
                          4        0.338536E-02                 -57.676690535970
                          5        0.252157E-03                 -57.676697146183
                          6        0.162704E-05                 -57.676697160103
                          7        0.846593E-06                 -57.676697160104

 Energy components [Hartree]           Total Energy ::          -57.676697160104
                                        Band Energy ::          -13.440549799540
                                     Kinetic Energy ::           25.008468428382
                                   Potential Energy ::          -82.685165588485
                                      Virial (-V/T) ::            3.306286661467
                                        Core Energy ::          -97.155838374470
                                          XC Energy ::           -6.919409696495
                                     Coulomb Energy ::           46.398550910862
                       Total Pseudopotential Energy ::         -122.259340742081
                       Local Pseudopotential Energy ::         -118.928992669456
                    Nonlocal Pseudopotential Energy ::           -3.330348072625
                                        Confinement ::            0.950339392289

 Orbital energies  State     L     Occupation   Energy[a.u.]          Energy[eV]

                       1     0          2.000      -2.312566          -62.928123
                       2     0          2.000      -0.123060           -3.348633

                       1     1          6.000      -1.385567          -37.703193

                       1     2          2.000      -0.127948           -3.481643


 Total Electron Density at R=0:                                         0.004726

 Guess for atomic kind: H

 Electronic structure
    Total number of core electrons                                          0.00
    Total number of valence electrons                                       1.00
    Total number of electrons                                               1.00
    Multiplicity                                                   not specified
    S      1.00


 *******************************************************************************
                  Iteration          Convergence                     Energy [au]
 *******************************************************************************
                          1        0.250972E-02                  -0.375256815885
                          2        0.570752E-04                  -0.375258666164
                          3        0.832404E-09                  -0.375258667122

 Energy components [Hartree]           Total Energy ::           -0.375258667122
                                        Band Energy ::           -0.076317618391
                                     Kinetic Energy ::            0.771356566341
                                   Potential Energy ::           -1.146615233463
                                      Virial (-V/T) ::            1.486491829455
                                        Core Energy ::           -0.456090715790
                                          XC Energy ::           -0.314218627334
                                     Coulomb Energy ::            0.395050676003
                       Total Pseudopotential Energy ::           -1.238482237174
                       Local Pseudopotential Energy ::           -1.238482237174
                    Nonlocal Pseudopotential Energy ::            0.000000000000
                                        Confinement ::            0.110349550431

 Orbital energies  State     L     Occupation   Energy[a.u.]          Energy[eV]

                       1     0          1.000      -0.076318           -2.076708


 Total Electron Density at R=0:                                         0.425022

 Guess for atomic kind: C

 Electronic structure
    Total number of core electrons                                          2.00
    Total number of valence electrons                                       4.00
    Total number of electrons                                               6.00
    Multiplicity                                                   not specified
    S   [  2.00] 2.00
    P      2.00


 *******************************************************************************
                  Iteration          Convergence                     Energy [au]
 *******************************************************************************
                          1        0.261814E-01                  -5.246264729087
                          2        0.905236E-02                  -5.246529568708
                          3        0.681743E-04                  -5.246565167452
                          4        0.792827E-08                  -5.246565169473

 Energy components [Hartree]           Total Energy ::           -5.246565169473
                                        Band Energy ::           -1.058732595430
                                     Kinetic Energy ::            3.518928170589
                                   Potential Energy ::           -8.765493340062
                                      Virial (-V/T) ::            2.490955460053
                                        Core Energy ::           -8.429377169956
                                          XC Energy ::           -1.450183342358
                                     Coulomb Energy ::            4.632995342842
                       Total Pseudopotential Energy ::          -11.978048809389
                       Local Pseudopotential Energy ::          -12.816738187351
                    Nonlocal Pseudopotential Energy ::            0.838689377962
                                        Confinement ::            0.297434688432

 Orbital energies  State     L     Occupation   Energy[a.u.]          Energy[eV]

                       1     0          2.000      -0.410911          -11.181458

                       1     1          2.000      -0.118455           -3.223332


 Total Electron Density at R=0:                                         0.001337

 Guess for atomic kind: N

 Electronic structure
    Total number of core electrons                                          2.00
    Total number of valence electrons                                       5.00
    Total number of electrons                                               7.00
    Multiplicity                                                   not specified
    S   [  2.00] 2.00
    P      3.00


 *******************************************************************************
                  Iteration          Convergence                     Energy [au]
 *******************************************************************************
                          1        0.314603                      -9.513311037226
                          2        0.240982                      -9.524715106536
                          3        0.171660E-02                  -9.545365478140
                          4        0.189497E-03                  -9.545366407342
                          5        0.115171E-03                  -9.545366414563
                          6        0.842367E-04                  -9.545366416530
                          7        0.416372E-07                  -9.545366418792

 Energy components [Hartree]           Total Energy ::           -9.545366418792
                                        Band Energy ::           -2.053285301135
                                     Kinetic Energy ::            6.740378038236
                                   Potential Energy ::          -16.285744457028
                                      Virial (-V/T) ::            2.416147041701
                                        Core Energy ::          -15.542519058333
                                          XC Energy ::           -2.163416690174
                                     Coulomb Energy ::            8.160569329715
                       Total Pseudopotential Energy ::          -22.320027271038
                       Local Pseudopotential Energy ::          -23.240219346165
                    Nonlocal Pseudopotential Energy ::            0.920192075127
                                        Confinement ::            0.371301744695

 Orbital energies  State     L     Occupation   Energy[a.u.]          Energy[eV]

                       1     0          2.000      -0.663125          -18.044549

                       1     1          3.000      -0.242345           -6.594545


 Total Electron Density at R=0:                                         0.000019

 Guess for atomic kind: O

 Electronic structure
    Total number of core electrons                                          2.00
    Total number of valence electrons                                       6.00
    Total number of electrons                                               8.00
    Multiplicity                                                   not specified
    S   [  2.00] 2.00
    P      4.00


 *******************************************************************************
                  Iteration          Convergence                     Energy [au]
 *******************************************************************************
                          1        0.702811                     -15.577904332270
                          2        0.612408                     -15.588447180504
                          3        0.955344E-02                 -15.655871208406
                          4        0.223754E-02                 -15.655885053552
                          5        0.157183E-02                 -15.655885461027
                          6        0.124953E-02                 -15.655885607150
                          7        0.312011E-06                 -15.655885858066

 Energy components [Hartree]           Total Energy ::          -15.655885858066
                                        Band Energy ::           -2.983128125584
                                     Kinetic Energy ::           11.754765134683
                                   Potential Energy ::          -27.410650992749
                                      Virial (-V/T) ::            2.331875684345
                                        Core Energy ::          -26.153522949071
                                          XC Energy ::           -3.157392363346
                                     Coulomb Energy ::           13.655029454351
                       Total Pseudopotential Energy ::          -37.943026860963
                       Local Pseudopotential Energy ::          -39.220419683052
                    Nonlocal Pseudopotential Energy ::            1.277392822089
                                        Confinement ::            0.347387772086

 Orbital energies  State     L     Occupation   Energy[a.u.]          Energy[eV]

                       1     0          2.000      -0.861522          -23.443215

                       1     1          4.000      -0.315021           -8.572154


 Total Electron Density at R=0:                                         0.000093

 Guess for atomic kind: F

 Electronic structure
    Total number of core electrons                                          2.00
    Total number of valence electrons                                       7.00
    Total number of electrons                                               9.00
    Multiplicity                                                   not specified
    S   [  2.00] 2.00
    P      5.00


 *******************************************************************************
                  Iteration          Convergence                     Energy [au]
 *******************************************************************************
                          1         1.27670                     -23.767682627776
                          2         1.00587                     -23.792509619348
                          3        0.422975E-01                 -23.938936406232
                          4        0.659061E-03                 -23.939146915818
                          5        0.314489E-03                 -23.939146955472
                          6        0.205787E-03                 -23.939146962157
                          7        0.178888E-05                 -23.939146967162
                          8        0.363113E-06                 -23.939146967163

 Energy components [Hartree]           Total Energy ::          -23.939146967163
                                        Band Energy ::           -4.144744434921
                                     Kinetic Energy ::           18.766429891734
                                   Potential Energy ::          -42.705576858897
                                      Virial (-V/T) ::            2.275636714350
                                        Core Energy ::          -40.734808518017
                                          XC Energy ::           -4.364157245549
                                     Coulomb Energy ::           21.159818796404
                       Total Pseudopotential Energy ::          -59.535269785357
                       Local Pseudopotential Energy ::          -61.232885401575
                    Nonlocal Pseudopotential Energy ::            1.697615616218
                                        Confinement ::            0.340313756054

 Orbital energies  State     L     Occupation   Energy[a.u.]          Energy[eV]

                       1     0          2.000      -1.083668          -29.488103

                       1     1          5.000      -0.395482          -10.761605


 Total Electron Density at R=0:                                         0.000149

 Guess for atomic kind: S

 Electronic structure
    Total number of core electrons                                         10.00
    Total number of valence electrons                                       6.00
    Total number of electrons                                              16.00
    Multiplicity                                                   not specified
    S   [  2.00  2.00] 2.00
    P   [  6.00] 4.00


 *******************************************************************************
                  Iteration          Convergence                     Energy [au]
 *******************************************************************************
                          1        0.506127E-01                  -9.947327174035
                          2        0.268535E-01                  -9.947806097329
                          3        0.416209E-04                  -9.948003730091
                          4        0.374461E-07                  -9.948003730535

 Energy components [Hartree]           Total Energy ::           -9.948003730535
                                        Band Energy ::           -2.105895662988
                                     Kinetic Energy ::            3.753358161068
                                   Potential Energy ::          -13.701361891603
                                      Virial (-V/T) ::            3.650427511480
                                        Core Energy ::          -16.361135329452
                                          XC Energy ::           -2.059734796104
                                     Coulomb Energy ::            8.472866395021
                       Total Pseudopotential Energy ::          -20.171145086058
                       Local Pseudopotential Energy ::          -22.366310416427
                    Nonlocal Pseudopotential Energy ::            2.195165330369
                                        Confinement ::            0.566515955377

 Orbital energies  State     L     Occupation   Energy[a.u.]          Energy[eV]

                       1     0          2.000      -0.599768          -16.320517

                       1     1          4.000      -0.226590           -6.165825


 Total Electron Density at R=0:                                         0.000005
 Re-scaling the density matrix to get the right number of electrons
                  # Electrons              Trace(P)               Scaling factor
                          674               674.000                        1.000


 SCF WAVEFUNCTION OPTIMIZATION

  Step     Update method      Time    Convergence         Total energy    Change
  ------------------------------------------------------------------------------

 *** WARNING in fm/cp_fm_elpa.F:521 :: Setting real_kernel for ELPA failed ***

     1 NoMix/Diag. 0.15E+00   10.2     2.93618996     -1611.9271224650 -1.61E+03

 *** WARNING in fm/cp_fm_elpa.F:521 :: Setting real_kernel for ELPA failed ***

     2 Broy./Diag. 0.15E+00   12.9     0.26769780     -1510.2317728467  1.02E+02

 *** WARNING in fm/cp_fm_elpa.F:521 :: Setting real_kernel for ELPA failed ***

     3 Broy./Diag. 0.15E+00   12.6     1.41116425     -1557.3041113688 -4.71E+01

 *** WARNING in fm/cp_fm_elpa.F:521 :: Setting real_kernel for ELPA failed ***

     4 Broy./Diag. 0.15E+00   12.6     1.04438639     -1588.8878309395 -3.16E+01

 *** WARNING in fm/cp_fm_elpa.F:521 :: Setting real_kernel for ELPA failed ***

     5 Broy./Diag. 0.15E+00   12.7     0.24981890     -1595.9394440727 -7.05E+00

 *** WARNING in fm/cp_fm_elpa.F:521 :: Setting real_kernel for ELPA failed ***

     6 Broy./Diag. 0.15E+00   13.4     0.21480783     -1608.0049802832 -1.21E+01

 *** WARNING in fm/cp_fm_elpa.F:521 :: Setting real_kernel for ELPA failed ***

     7 Broy./Diag. 0.15E+00   12.6     0.23211797     -1612.1678718103 -4.16E+00

 *** WARNING in fm/cp_fm_elpa.F:521 :: Setting real_kernel for ELPA failed ***

     8 Broy./Diag. 0.15E+00   12.5     0.19169864     -1612.6148957395 -4.47E-01

 *** WARNING in fm/cp_fm_elpa.F:521 :: Setting real_kernel for ELPA failed ***

     9 Broy./Diag. 0.15E+00   12.4     0.13241901     -1611.8317768771  7.83E-01

 *** WARNING in fm/cp_fm_elpa.F:521 :: Setting real_kernel for ELPA failed ***

    10 Broy./Diag. 0.15E+00   12.4     0.06095958     -1610.4072468828  1.42E+00

 *** WARNING in fm/cp_fm_elpa.F:521 :: Setting real_kernel for ELPA failed ***

    11 Broy./Diag. 0.15E+00   12.4     0.02940558     -1609.1537767999  1.25E+00

 *** WARNING in fm/cp_fm_elpa.F:521 :: Setting real_kernel for ELPA failed ***

    12 Broy./Diag. 0.15E+00   12.4     0.00739313     -1608.6034794932  5.50E-01

 *** WARNING in fm/cp_fm_elpa.F:521 :: Setting real_kernel for ELPA failed ***

    13 Broy./Diag. 0.15E+00   12.4     0.01114931     -1608.0849901777  5.18E-01

 *** WARNING in fm/cp_fm_elpa.F:521 :: Setting real_kernel for ELPA failed ***

    14 Broy./Diag. 0.15E+00   12.3     0.00628181     -1608.0620911286  2.29E-02

 *** WARNING in fm/cp_fm_elpa.F:521 :: Setting real_kernel for ELPA failed ***

    15 Broy./Diag. 0.15E+00   12.6     0.01753128     -1608.1730669416 -1.11E-01

 *** WARNING in fm/cp_fm_elpa.F:521 :: Setting real_kernel for ELPA failed ***

    16 Broy./Diag. 0.15E+00   12.9     0.01308419     -1608.2750796201 -1.02E-01

 *** WARNING in fm/cp_fm_elpa.F:521 :: Setting real_kernel for ELPA failed ***

    17 Broy./Diag. 0.15E+00   12.8     0.00463947     -1608.4516869191 -1.77E-01

 *** WARNING in fm/cp_fm_elpa.F:521 :: Setting real_kernel for ELPA failed ***

    18 Broy./Diag. 0.15E+00   12.5     0.00258247     -1608.5093346276 -5.76E-02

 *** WARNING in fm/cp_fm_elpa.F:521 :: Setting real_kernel for ELPA failed ***

    19 Broy./Diag. 0.15E+00   12.5     0.00161203     -1608.5223186771 -1.30E-02

 *** WARNING in fm/cp_fm_elpa.F:521 :: Setting real_kernel for ELPA failed ***

    20 Broy./Diag. 0.15E+00   12.6     0.00278277     -1608.5091035610  1.32E-02

 *** WARNING in fm/cp_fm_elpa.F:521 :: Setting real_kernel for ELPA failed ***

    21 Broy./Diag. 0.15E+00   12.8     0.00286076     -1608.4818034797  2.73E-02

 *** WARNING in fm/cp_fm_elpa.F:521 :: Setting real_kernel for ELPA failed ***

    22 Broy./Diag. 0.15E+00   12.6     0.00205546     -1608.4730159236  8.79E-03

 *** WARNING in fm/cp_fm_elpa.F:521 :: Setting real_kernel for ELPA failed ***

    23 Broy./Diag. 0.15E+00   12.6     0.00080934     -1608.4485328718  2.45E-02

 *** WARNING in fm/cp_fm_elpa.F:521 :: Setting real_kernel for ELPA failed ***

    24 Broy./Diag. 0.15E+00   12.3     0.00063285     -1608.4375215541  1.10E-02

 *** WARNING in fm/cp_fm_elpa.F:521 :: Setting real_kernel for ELPA failed ***

    25 Broy./Diag. 0.15E+00   12.9     0.00033904     -1608.4360763919  1.45E-03

 *** WARNING in fm/cp_fm_elpa.F:521 :: Setting real_kernel for ELPA failed ***

    26 Broy./Diag. 0.15E+00   12.7     0.00025457     -1608.4416984436 -5.62E-03

 *** WARNING in fm/cp_fm_elpa.F:521 :: Setting real_kernel for ELPA failed ***

    27 Broy./Diag. 0.15E+00   12.3     0.00115621     -1608.4517617795 -1.01E-02

 *** WARNING in fm/cp_fm_elpa.F:521 :: Setting real_kernel for ELPA failed ***

    28 Broy./Diag. 0.15E+00   11.8     0.00077759     -1608.4543952222 -2.63E-03

 *** WARNING in fm/cp_fm_elpa.F:521 :: Setting real_kernel for ELPA failed ***

    29 Broy./Diag. 0.15E+00   11.5     0.00026930     -1608.4596235958 -5.23E-03

 *** WARNING in fm/cp_fm_elpa.F:521 :: Setting real_kernel for ELPA failed ***

    30 Broy./Diag. 0.15E+00   11.4     0.00011310     -1608.4605134174 -8.90E-04

 *** WARNING in fm/cp_fm_elpa.F:521 :: Setting real_kernel for ELPA failed ***

    31 Broy./Diag. 0.15E+00   11.5     0.00011020     -1608.4581700314  2.34E-03

 *** WARNING in fm/cp_fm_elpa.F:521 :: Setting real_kernel for ELPA failed ***

    32 Broy./Diag. 0.15E+00   11.1     0.00004979     -1608.4543740749  3.80E-03

  *** SCF run converged in    32 steps ***


  Electronic density on regular grids:       -673.9999999284        0.0000000716
  Core density on regular grids:              673.9999999671       -0.0000000329
  Total charge density on r-space grids:        0.0000000386
  Total charge density g-space grids:           0.0000000386

  Overlap energy of the core charge distribution:               0.16169868524120
  Self energy of the core charge distribution:              -3774.19779000501012
  Core Hamiltonian energy:                                   1120.14075988553691
  Hartree energy:                                            1403.54466627351121
  Exchange-correlation energy:                               -357.87181125843284
  Dispersion energy:                                           -0.21783980537984
  Electronic entropic energy:                                  -0.01405725192126
  Fermi energy:                                                 0.01341934365387

  Total energy:                                             -1608.45437407494683

 !-----------------------------------------------------------------------------!
                     Mulliken Population Analysis

 #  Atom  Element  Kind  Atomic population                           Net charge
       1     Ti       1         11.030047                              0.969953
       2     Ti       1         11.017660                              0.982340
       3     Ti       1         10.962375                              1.037625
       4     Ti       1         10.964457                              1.035543
       5     Ti       1         11.031313                              0.968687
       6     Ti       1         11.029588                              0.970412
       7     Ti       1         10.986805                              1.013195
       8     Ti       1         10.984330                              1.015670
       9     H        2          0.930647                              0.069353
      10     H        2          0.928899                              0.071101
      11     H        2          0.937001                              0.062999
      12     H        2          0.918991                              0.081009
      13     H        2          0.940649                              0.059351
      14     H        2          0.947822                              0.052178
      15     H        2          0.925381                              0.074619
      16     H        2          0.946346                              0.053654
      17     H        2          0.933023                              0.066977
      18     H        2          0.927473                              0.072527
      19     H        2          0.927025                              0.072975
      20     H        2          0.927885                              0.072115
      21     H        2          0.872665                              0.127335
      22     H        2          0.867470                              0.132530
      23     H        2          0.936557                              0.063443
      24     H        2          0.942163                              0.057837
      25     H        2          0.936305                              0.063695
      26     H        2          0.930451                              0.069549
      27     H        2          0.925959                              0.074041
      28     H        2          0.934992                              0.065008
      29     H        2          0.884480                              0.115520
      30     H        2          0.925957                              0.074043
      31     H        2          0.838293                              0.161707
      32     H        2          0.839966                              0.160034
      33     H        2          0.887648                              0.112352
      34     H        2          0.890257                              0.109743
      35     H        2          0.896085                              0.103915
      36     H        2          0.885171                              0.114829
      37     H        2          0.904342                              0.095658
      38     H        2          0.892917                              0.107083
      39     H        2          0.936775                              0.063225
      40     H        2          0.923708                              0.076292
      41     H        2          0.942181                              0.057819
      42     H        2          0.867913                              0.132087
      43     C        3          3.773366                              0.226634
      44     C        3          3.776699                              0.223301
      45     C        3          3.787419                              0.212581
      46     C        3          3.781239                              0.218761
      47     C        3          4.069639                             -0.069639
      48     C        3          4.031208                             -0.031208
      49     C        3          4.084954                             -0.084954
      50     C        3          4.064674                             -0.064674
      51     C        3          3.969714                              0.030286
      52     C        3          4.032313                             -0.032313
      53     C        3          3.924819                              0.075181
      54     C        3          3.961798                              0.038202
      55     C        3          4.041696                             -0.041696
      56     C        3          4.007068                             -0.007068
      57     C        3          4.004011                             -0.004011
      58     C        3          4.038756                             -0.038756
      59     C        3          4.040612                             -0.040612
      60     C        3          4.043846                             -0.043846
      61     C        3          4.039476                             -0.039476
      62     C        3          4.088694                             -0.088694
      63     C        3          4.020076                             -0.020076
      64     C        3          4.062156                             -0.062156
      65     C        3          4.027013                             -0.027013
      66     C        3          4.033404                             -0.033404
      67     C        3          3.785656                              0.214344
      68     C        3          3.806225                              0.193775
      69     C        3          3.801823                              0.198177
      70     C        3          3.806718                              0.193282
      71     C        3          3.810989                              0.189011
      72     C        3          3.801432                              0.198568
      73     C        3          4.019039                             -0.019039
      74     C        3          4.036997                             -0.036997
      75     C        3          3.997151                              0.002849
      76     C        3          4.014395                             -0.014395
      77     C        3          4.057036                             -0.057036
      78     C        3          4.043799                             -0.043799
      79     C        3          4.049388                             -0.049388
      80     C        3          4.016663                             -0.016663
      81     C        3          4.046362                             -0.046362
      82     C        3          3.996611                              0.003389
      83     C        3          4.024960                             -0.024960
      84     C        3          4.037636                             -0.037636
      85     C        3          4.009821                             -0.009821
      86     C        3          4.039021                             -0.039021
      87     C        3          3.978512                              0.021488
      88     C        3          4.044600                             -0.044600
      89     N        4          4.976264                              0.023736
      90     N        4          5.094436                             -0.094436
      91     N        4          5.058510                             -0.058510
      92     N        4          5.076679                             -0.076679
      93     O        5          6.362518                             -0.362518
      94     O        5          6.332994                             -0.332994
      95     O        5          6.306600                             -0.306600
      96     O        5          6.294240                             -0.294240
      97     O        5          6.337662                             -0.337662
      98     O        5          6.345742                             -0.345742
      99     O        5          6.293553                             -0.293553
     100     O        5          6.259694                             -0.259694
     101     O        5          6.457269                             -0.457269
     102     O        5          6.515717                             -0.515717
     103     O        5          6.504425                             -0.504425
     104     O        5          6.474347                             -0.474347
     105     O        5          6.472329                             -0.472329
     106     O        5          6.533639                             -0.533639
     107     O        5          6.514515                             -0.514515
     108     O        5          6.460562                             -0.460562
     109     O        5          6.365085                             -0.365085
     110     O        5          6.367216                             -0.367216
     111     O        5          6.396122                             -0.396122
     112     O        5          6.333280                             -0.333280
     113     O        5          6.510102                             -0.510102
     114     O        5          6.280232                             -0.280232
     115     O        5          6.370555                             -0.370555
     116     O        5          6.355138                             -0.355138
     117     O        5          6.294485                             -0.294485
     118     O        5          6.411156                             -0.411156
     119     O        5          6.277640                             -0.277640
     120     O        5          6.466096                             -0.466096
     121     O        5          6.538467                             -0.538467
     122     O        5          6.534921                             -0.534921
     123     O        5          6.506311                             -0.506311
     124     O        5          6.485302                             -0.485302
     125     N        4          4.871289                              0.128711
     126     N        4          4.846434                              0.153566
     127     C        3          3.915494                              0.084506
     128     C        3          3.980256                              0.019744
     129     C        3          4.179708                             -0.179708
     130     H        2          0.926481                              0.073519
     131     H        2          0.936863                              0.063137
     132     H        2          0.916717                              0.083283
     133     H        2          0.910336                              0.089664
     134     H        2          0.917811                              0.082189
     135     C        3          3.989142                              0.010858
     136     C        3          4.154292                             -0.154292
     137     H        2          0.917141                              0.082859
     138     H        2          0.922152                              0.077848
     139     H        2          0.915039                              0.084961
     140     C        3          4.265585                             -0.265585
     141     H        2          0.925674                              0.074326
     142     H        2          0.914175                              0.085825
     143     H        2          0.912406                              0.087594
     144     C        3          4.081334                             -0.081334
     145     C        3          4.153191                             -0.153191
     146     H        2          0.901906                              0.098094
     147     H        2          0.904594                              0.095406
     148     H        2          0.920701                              0.079299
     149     H        2          0.941396                              0.058604
     150     F        6          6.761229                              0.238771
     151     F        6          6.744057                              0.255943
     152     F        6          7.035650                             -0.035650
     153     F        6          6.807114                              0.192886
     154     O        5          6.325549                             -0.325549
     155     C        3          3.296267                              0.703733
     156     F        6          6.744295                              0.255705
     157     C        3          3.111895                              0.888105
     158     F        6          7.146114                             -0.146114
     159     S        7          8.187442                             -2.187442
     160     S        7          8.402897                             -2.402897
     161     O        5          5.112301                              0.887699
     162     O        5          5.013379                              0.986621
     163     O        5          5.909113                              0.090887
     164     N        4          4.029323                              0.970677
 # Total charge                            674.000000                  0.000000

 !-----------------------------------------------------------------------------!

 !-----------------------------------------------------------------------------!
                           Hirshfeld Charges

  #Atom  Element  Kind  Ref Charge     Population                    Net charge
      1       Ti     1      12.000         13.330                        -1.330
      2       Ti     1      12.000         13.477                        -1.477
      3       Ti     1      12.000         13.204                        -1.204
      4       Ti     1      12.000         13.212                        -1.212
      5       Ti     1      12.000         13.520                        -1.520
      6       Ti     1      12.000         13.341                        -1.341
      7       Ti     1      12.000         13.228                        -1.228
      8       Ti     1      12.000         13.282                        -1.282
      9       H      2       1.000          0.545                         0.455
     10       H      2       1.000          0.539                         0.461
     11       H      2       1.000          0.551                         0.449
     12       H      2       1.000          0.511                         0.489
     13       H      2       1.000          0.554                         0.446
     14       H      2       1.000          0.527                         0.473
     15       H      2       1.000          0.527                         0.473
     16       H      2       1.000          0.528                         0.472
     17       H      2       1.000          0.555                         0.445
     18       H      2       1.000          0.544                         0.456
     19       H      2       1.000          0.541                         0.459
     20       H      2       1.000          0.556                         0.444
     21       H      2       1.000          0.432                         0.568
     22       H      2       1.000          0.435                         0.565
     23       H      2       1.000          0.546                         0.454
     24       H      2       1.000          0.547                         0.453
     25       H      2       1.000          0.559                         0.441
     26       H      2       1.000          0.559                         0.441
     27       H      2       1.000          0.529                         0.471
     28       H      2       1.000          0.559                         0.441
     29       H      2       1.000          0.440                         0.560
     30       H      2       1.000          0.557                         0.443
     31       H      2       1.000          0.418                         0.582
     32       H      2       1.000          0.420                         0.580
     33       H      2       1.000          0.483                         0.517
     34       H      2       1.000          0.468                         0.532
     35       H      2       1.000          0.479                         0.521
     36       H      2       1.000          0.459                         0.541
     37       H      2       1.000          0.489                         0.511
     38       H      2       1.000          0.466                         0.534
     39       H      2       1.000          0.542                         0.458
     40       H      2       1.000          0.542                         0.458
     41       H      2       1.000          0.544                         0.456
     42       H      2       1.000          0.592                         0.408
     43       C      3       4.000          3.473                         0.527
     44       C      3       4.000          3.468                         0.532
     45       C      3       4.000          3.490                         0.510
     46       C      3       4.000          3.479                         0.521
     47       C      3       4.000          4.021                        -0.021
     48       C      3       4.000          3.977                         0.023
     49       C      3       4.000          4.024                        -0.024
     50       C      3       4.000          3.986                         0.014
     51       C      3       4.000          3.876                         0.124
     52       C      3       4.000          4.422                        -0.422
     53       C      3       4.000          3.871                         0.129
     54       C      3       4.000          4.372                        -0.372
     55       C      3       4.000          4.364                        -0.364
     56       C      3       4.000          4.390                        -0.390
     57       C      3       4.000          4.363                        -0.363
     58       C      3       4.000          4.406                        -0.406
     59       C      3       4.000          4.005                        -0.005
     60       C      3       4.000          4.355                        -0.355
     61       C      3       4.000          4.301                        -0.301
     62       C      3       4.000          4.005                        -0.005
     63       C      3       4.000          4.025                        -0.025
     64       C      3       4.000          4.055                        -0.055
     65       C      3       4.000          4.027                        -0.027
     66       C      3       4.000          4.058                        -0.058
     67       C      3       4.000          3.469                         0.531
     68       C      3       4.000          3.498                         0.502
     69       C      3       4.000          3.510                         0.490
     70       C      3       4.000          3.691                         0.309
     71       C      3       4.000          3.708                         0.292
     72       C      3       4.000          3.526                         0.474
     73       C      3       4.000          4.381                        -0.381
     74       C      3       4.000          4.412                        -0.412
     75       C      3       4.000          4.394                        -0.394
     76       C      3       4.000          4.356                        -0.356
     77       C      3       4.000          4.416                        -0.416
     78       C      3       4.000          4.380                        -0.380
     79       C      3       4.000          4.399                        -0.399
     80       C      3       4.000          4.469                        -0.469
     81       C      3       4.000          4.271                        -0.271
     82       C      3       4.000          4.341                        -0.341
     83       C      3       4.000          4.390                        -0.390
     84       C      3       4.000          4.390                        -0.390
     85       C      3       4.000          3.888                         0.112
     86       C      3       4.000          4.371                        -0.371
     87       C      3       4.000          4.448                        -0.448
     88       C      3       4.000          3.922                         0.078
     89       N      4       5.000          5.801                        -0.801
     90       N      4       5.000          5.939                        -0.939
     91       N      4       5.000          5.919                        -0.919
     92       N      4       5.000          5.955                        -0.955
     93       O      5       6.000          6.173                        -0.173
     94       O      5       6.000          6.130                        -0.130
     95       O      5       6.000          6.158                        -0.158
     96       O      5       6.000          6.138                        -0.138
     97       O      5       6.000          6.135                        -0.135
     98       O      5       6.000          6.135                        -0.135
     99       O      5       6.000          6.114                        -0.114
    100       O      5       6.000          6.100                        -0.100
    101       O      5       6.000          5.710                         0.290
    102       O      5       6.000          5.740                         0.260
    103       O      5       6.000          5.764                         0.236
    104       O      5       6.000          5.706                         0.294
    105       O      5       6.000          5.689                         0.311
    106       O      5       6.000          5.800                         0.200
    107       O      5       6.000          5.761                         0.239
    108       O      5       6.000          5.693                         0.307
    109       O      5       6.000          6.131                        -0.131
    110       O      5       6.000          6.131                        -0.131
    111       O      5       6.000          6.131                        -0.131
    112       O      5       6.000          6.067                        -0.067
    113       O      5       6.000          6.166                        -0.166
    114       O      5       6.000          6.039                        -0.039
    115       O      5       6.000          6.127                        -0.127
    116       O      5       6.000          6.120                        -0.120
    117       O      5       6.000          5.995                         0.005
    118       O      5       6.000          6.125                        -0.125
    119       O      5       6.000          6.032                        -0.032
    120       O      5       6.000          6.097                        -0.097
    121       O      5       6.000          5.992                         0.008
    122       O      5       6.000          5.992                         0.008
    123       O      5       6.000          6.237                        -0.237
    124       O      5       6.000          6.163                        -0.163
    125       N      4       5.000          5.157                        -0.157
    126       N      4       5.000          5.145                        -0.145
    127       C      3       4.000          4.181                        -0.181
    128       C      3       4.000          4.285                        -0.285
    129       C      3       4.000          4.919                        -0.919
    130       H      2       1.000          0.523                         0.477
    131       H      2       1.000          0.524                         0.476
    132       H      2       1.000          0.546                         0.454
    133       H      2       1.000          0.512                         0.488
    134       H      2       1.000          0.553                         0.447
    135       C      3       4.000          4.305                        -0.305
    136       C      3       4.000          4.817                        -0.817
    137       H      2       1.000          0.547                         0.453
    138       H      2       1.000          0.572                         0.428
    139       H      2       1.000          0.558                         0.442
    140       C      3       4.000          5.310                        -1.310
    141       H      2       1.000          0.564                         0.436
    142       H      2       1.000          0.552                         0.448
    143       H      2       1.000          0.555                         0.445
    144       C      3       4.000          4.536                        -0.536
    145       C      3       4.000          4.781                        -0.781
    146       H      2       1.000          0.539                         0.461
    147       H      2       1.000          0.547                         0.453
    148       H      2       1.000          0.565                         0.435
    149       H      2       1.000          0.528                         0.472
    150       F      6       7.000          6.955                         0.045
    151       F      6       7.000          6.971                         0.029
    152       F      6       7.000          7.274                        -0.274
    153       F      6       7.000          6.935                         0.065
    154       O      5       6.000          6.445                        -0.445
    155       C      3       4.000          3.425                         0.575
    156       F      6       7.000          7.095                        -0.095
    157       C      3       4.000          3.488                         0.512
    158       F      6       7.000          7.320                        -0.320
    159       S      7       6.000          5.476                         0.524
    160       S      7       6.000          5.338                         0.662
    161       O      5       6.000          6.228                        -0.228
    162       O      5       6.000          6.275                        -0.275
    163       O      5       6.000          6.262                        -0.262
    164       N      4       5.000          5.142                        -0.142

  Total Charge                                                            0.060
 !-----------------------------------------------------------------------------!

 ENERGY| Total FORCE_EVAL ( QS ) energy [hartree]          -1608.451521217387835

 *******************************************************************************
 **                 BAND EVALUATION OF ENERGIES AND FORCES                    **
 *******************************************************************************
 **                                                                           **
 **                                                                           **
 ** Replica Env Nr. :    5              Replica Band Nr. :    6               **
 ** Band  Step  Nr. :    1                                                    **
 *******************************************************************************

 Number of electrons:                                                        674
 Number of occupied orbitals:                                                370
 Number of molecular orbitals:                                               437

 Number of orbital functions:                                               1844
 Number of independent orbital functions:                                   1844

 Parameters for the always stable predictor-corrector (ASPC) method:

  ASPC order: 0

  B(1) =   2.000000
  B(2) =  -1.000000

 *** WARNING in fm/cp_fm_elpa.F:521 :: Setting real_kernel for ELPA failed ***


 Extrapolation method: ASPC


 SCF WAVEFUNCTION OPTIMIZATION

  Step     Update method      Time    Convergence         Total energy    Change
  ------------------------------------------------------------------------------

 *** WARNING in fm/cp_fm_elpa.F:521 :: Setting real_kernel for ELPA failed ***

     1 Broy./Diag. 0.15E+00    7.4     0.00183270     -1608.4594762243 -1.61E+03

 *** WARNING in fm/cp_fm_elpa.F:521 :: Setting real_kernel for ELPA failed ***

     2 Broy./Diag. 0.15E+00   11.1     0.00213888     -1608.4672067085 -7.73E-03

 *** WARNING in fm/cp_fm_elpa.F:521 :: Setting real_kernel for ELPA failed ***

     3 Broy./Diag. 0.15E+00   11.8     0.00116558     -1608.4591354943  8.07E-03

 *** WARNING in fm/cp_fm_elpa.F:521 :: Setting real_kernel for ELPA failed ***

     4 Broy./Diag. 0.15E+00   12.0     0.00006758     -1608.4618876683 -2.75E-03

 *** WARNING in fm/cp_fm_elpa.F:521 :: Setting real_kernel for ELPA failed ***

     5 Broy./Diag. 0.15E+00   12.5     0.00004805     -1608.4600445697  1.84E-03

  *** SCF run converged in     5 steps ***


  Electronic density on regular grids:       -673.9999999284        0.0000000716
  Core density on regular grids:              673.9999999671       -0.0000000329
  Total charge density on r-space grids:        0.0000000387
  Total charge density g-space grids:           0.0000000387

  Overlap energy of the core charge distribution:               0.16137433363641
  Self energy of the core charge distribution:              -3774.19779000501012
  Core Hamiltonian energy:                                   1120.13202382310828
  Hartree energy:                                            1403.54670780633455
  Exchange-correlation energy:                               -357.87046382575130
  Dispersion energy:                                           -0.21783993044768
  Electronic entropic energy:                                  -0.01405737780649
  Fermi energy:                                                 0.01342222578735

  Total energy:                                             -1608.46004456971673

 !-----------------------------------------------------------------------------!
                     Mulliken Population Analysis

 #  Atom  Element  Kind  Atomic population                           Net charge
       1     Ti       1         11.030048                              0.969952
       2     Ti       1         11.017696                              0.982304
       3     Ti       1         10.962389                              1.037611
       4     Ti       1         10.964468                              1.035532
       5     Ti       1         11.031311                              0.968689
       6     Ti       1         11.029594                              0.970406
       7     Ti       1         10.986828                              1.013172
       8     Ti       1         10.984347                              1.015653
       9     H        2          0.930643                              0.069357
      10     H        2          0.928878                              0.071122
      11     H        2          0.936989                              0.063011
      12     H        2          0.918989                              0.081011
      13     H        2          0.940650                              0.059350
      14     H        2          0.947823                              0.052177
      15     H        2          0.925377                              0.074623
      16     H        2          0.946347                              0.053653
      17     H        2          0.933029                              0.066971
      18     H        2          0.927468                              0.072532
      19     H        2          0.927020                              0.072980
      20     H        2          0.927871                              0.072129
      21     H        2          0.872657                              0.127343
      22     H        2          0.867458                              0.132542
      23     H        2          0.936567                              0.063433
      24     H        2          0.942181                              0.057819
      25     H        2          0.936308                              0.063692
      26     H        2          0.930455                              0.069545
      27     H        2          0.925956                              0.074044
      28     H        2          0.935006                              0.064994
      29     H        2          0.884475                              0.115525
      30     H        2          0.925951                              0.074049
      31     H        2          0.838276                              0.161724
      32     H        2          0.839946                              0.160054
      33     H        2          0.887639                              0.112361
      34     H        2          0.890257                              0.109743
      35     H        2          0.896086                              0.103914
      36     H        2          0.885165                              0.114835
      37     H        2          0.904361                              0.095639
      38     H        2          0.892926                              0.107074
      39     H        2          0.936766                              0.063234
      40     H        2          0.923705                              0.076295
      41     H        2          0.942166                              0.057834
      42     H        2          0.867906                              0.132094
      43     C        3          3.773322                              0.226678
      44     C        3          3.776659                              0.223341
      45     C        3          3.787344                              0.212656
      46     C        3          3.781172                              0.218828
      47     C        3          4.069620                             -0.069620
      48     C        3          4.031180                             -0.031180
      49     C        3          4.084910                             -0.084910
      50     C        3          4.064638                             -0.064638
      51     C        3          3.969669                              0.030331
      52     C        3          4.032319                             -0.032319
      53     C        3          3.924813                              0.075187
      54     C        3          3.961800                              0.038200
      55     C        3          4.041663                             -0.041663
      56     C        3          4.007063                             -0.007063
      57     C        3          4.003990                             -0.003990
      58     C        3          4.038754                             -0.038754
      59     C        3          4.040624                             -0.040624
      60     C        3          4.043859                             -0.043859
      61     C        3          4.039495                             -0.039495
      62     C        3          4.088706                             -0.088706
      63     C        3          4.020086                             -0.020086
      64     C        3          4.062188                             -0.062188
      65     C        3          4.027035                             -0.027035
      66     C        3          4.033436                             -0.033436
      67     C        3          3.785649                              0.214351
      68     C        3          3.806176                              0.193824
      69     C        3          3.801857                              0.198143
      70     C        3          3.806760                              0.193240
      71     C        3          3.811054                              0.188946
      72     C        3          3.801454                              0.198546
      73     C        3          4.019046                             -0.019046
      74     C        3          4.037008                             -0.037008
      75     C        3          3.997153                              0.002847
      76     C        3          4.014395                             -0.014395
      77     C        3          4.057046                             -0.057046
      78     C        3          4.043767                             -0.043767
      79     C        3          4.049373                             -0.049373
      80     C        3          4.016665                             -0.016665
      81     C        3          4.046400                             -0.046400
      82     C        3          3.996635                              0.003365
      83     C        3          4.024969                             -0.024969
      84     C        3          4.037636                             -0.037636
      85     C        3          4.009771                             -0.009771
      86     C        3          4.039004                             -0.039004
      87     C        3          3.978494                              0.021506
      88     C        3          4.044591                             -0.044591
      89     N        4          4.976284                              0.023716
      90     N        4          5.094473                             -0.094473
      91     N        4          5.058545                             -0.058545
      92     N        4          5.076669                             -0.076669
      93     O        5          6.362524                             -0.362524
      94     O        5          6.332997                             -0.332997
      95     O        5          6.306606                             -0.306606
      96     O        5          6.294241                             -0.294241
      97     O        5          6.337680                             -0.337680
      98     O        5          6.345753                             -0.345753
      99     O        5          6.293544                             -0.293544
     100     O        5          6.259686                             -0.259686
     101     O        5          6.457277                             -0.457277
     102     O        5          6.515731                             -0.515731
     103     O        5          6.504436                             -0.504436
     104     O        5          6.474362                             -0.474362
     105     O        5          6.472326                             -0.472326
     106     O        5          6.533646                             -0.533646
     107     O        5          6.514527                             -0.514527
     108     O        5          6.460573                             -0.460573
     109     O        5          6.365089                             -0.365089
     110     O        5          6.367220                             -0.367220
     111     O        5          6.396129                             -0.396129
     112     O        5          6.333280                             -0.333280
     113     O        5          6.510119                             -0.510119
     114     O        5          6.280229                             -0.280229
     115     O        5          6.370552                             -0.370552
     116     O        5          6.355145                             -0.355145
     117     O        5          6.294480                             -0.294480
     118     O        5          6.411164                             -0.411164
     119     O        5          6.277637                             -0.277637
     120     O        5          6.466106                             -0.466106
     121     O        5          6.538480                             -0.538480
     122     O        5          6.534932                             -0.534932
     123     O        5          6.506307                             -0.506307
     124     O        5          6.485300                             -0.485300
     125     N        4          4.871322                              0.128678
     126     N        4          4.846466                              0.153534
     127     C        3          3.915476                              0.084524
     128     C        3          3.980260                              0.019740
     129     C        3          4.179695                             -0.179695
     130     H        2          0.926480                              0.073520
     131     H        2          0.936869                              0.063131
     132     H        2          0.916719                              0.083281
     133     H        2          0.910334                              0.089666
     134     H        2          0.917814                              0.082186
     135     C        3          3.989153                              0.010847
     136     C        3          4.154308                             -0.154308
     137     H        2          0.917143                              0.082857
     138     H        2          0.922168                              0.077832
     139     H        2          0.915044                              0.084956
     140     C        3          4.265563                             -0.265563
     141     H        2          0.925685                              0.074315
     142     H        2          0.914180                              0.085820
     143     H        2          0.912422                              0.087578
     144     C        3          4.081309                             -0.081309
     145     C        3          4.153189                             -0.153189
     146     H        2          0.901905                              0.098095
     147     H        2          0.904598                              0.095402
     148     H        2          0.920709                              0.079291
     149     H        2          0.941399                              0.058601
     150     F        6          6.761186                              0.238814
     151     F        6          6.743887                              0.256113
     152     F        6          7.035536                             -0.035536
     153     F        6          6.807041                              0.192959
     154     O        5          6.325439                             -0.325439
     155     C        3          3.296429                              0.703571
     156     F        6          6.744321                              0.255679
     157     C        3          3.112118                              0.887882
     158     F        6          7.146060                             -0.146060
     159     S        7          8.187112                             -2.187112
     160     S        7          8.403129                             -2.403129
     161     O        5          5.112572                              0.887428
     162     O        5          5.013344                              0.986656
     163     O        5          5.909052                              0.090948
     164     N        4          4.029288                              0.970712
 # Total charge                            674.000000                  0.000000

 !-----------------------------------------------------------------------------!

 !-----------------------------------------------------------------------------!
                           Hirshfeld Charges

  #Atom  Element  Kind  Ref Charge     Population                    Net charge
      1       Ti     1      12.000         13.330                        -1.330
      2       Ti     1      12.000         13.477                        -1.477
      3       Ti     1      12.000         13.204                        -1.204
      4       Ti     1      12.000         13.212                        -1.212
      5       Ti     1      12.000         13.520                        -1.520
      6       Ti     1      12.000         13.341                        -1.341
      7       Ti     1      12.000         13.228                        -1.228
      8       Ti     1      12.000         13.282                        -1.282
      9       H      2       1.000          0.545                         0.455
     10       H      2       1.000          0.539                         0.461
     11       H      2       1.000          0.551                         0.449
     12       H      2       1.000          0.511                         0.489
     13       H      2       1.000          0.554                         0.446
     14       H      2       1.000          0.527                         0.473
     15       H      2       1.000          0.527                         0.473
     16       H      2       1.000          0.528                         0.472
     17       H      2       1.000          0.555                         0.445
     18       H      2       1.000          0.544                         0.456
     19       H      2       1.000          0.541                         0.459
     20       H      2       1.000          0.556                         0.444
     21       H      2       1.000          0.432                         0.568
     22       H      2       1.000          0.435                         0.565
     23       H      2       1.000          0.546                         0.454
     24       H      2       1.000          0.547                         0.453
     25       H      2       1.000          0.559                         0.441
     26       H      2       1.000          0.559                         0.441
     27       H      2       1.000          0.529                         0.471
     28       H      2       1.000          0.559                         0.441
     29       H      2       1.000          0.440                         0.560
     30       H      2       1.000          0.557                         0.443
     31       H      2       1.000          0.418                         0.582
     32       H      2       1.000          0.420                         0.580
     33       H      2       1.000          0.483                         0.517
     34       H      2       1.000          0.468                         0.532
     35       H      2       1.000          0.479                         0.521
     36       H      2       1.000          0.459                         0.541
     37       H      2       1.000          0.489                         0.511
     38       H      2       1.000          0.466                         0.534
     39       H      2       1.000          0.542                         0.458
     40       H      2       1.000          0.542                         0.458
     41       H      2       1.000          0.544                         0.456
     42       H      2       1.000          0.592                         0.408
     43       C      3       4.000          3.473                         0.527
     44       C      3       4.000          3.468                         0.532
     45       C      3       4.000          3.490                         0.510
     46       C      3       4.000          3.479                         0.521
     47       C      3       4.000          4.021                        -0.021
     48       C      3       4.000          3.976                         0.024
     49       C      3       4.000          4.024                        -0.024
     50       C      3       4.000          3.986                         0.014
     51       C      3       4.000          3.876                         0.124
     52       C      3       4.000          4.422                        -0.422
     53       C      3       4.000          3.871                         0.129
     54       C      3       4.000          4.372                        -0.372
     55       C      3       4.000          4.364                        -0.364
     56       C      3       4.000          4.390                        -0.390
     57       C      3       4.000          4.363                        -0.363
     58       C      3       4.000          4.406                        -0.406
     59       C      3       4.000          4.005                        -0.005
     60       C      3       4.000          4.355                        -0.355
     61       C      3       4.000          4.301                        -0.301
     62       C      3       4.000          4.005                        -0.005
     63       C      3       4.000          4.025                        -0.025
     64       C      3       4.000          4.055                        -0.055
     65       C      3       4.000          4.027                        -0.027
     66       C      3       4.000          4.058                        -0.058
     67       C      3       4.000          3.469                         0.531
     68       C      3       4.000          3.498                         0.502
     69       C      3       4.000          3.510                         0.490
     70       C      3       4.000          3.691                         0.309
     71       C      3       4.000          3.708                         0.292
     72       C      3       4.000          3.526                         0.474
     73       C      3       4.000          4.381                        -0.381
     74       C      3       4.000          4.412                        -0.412
     75       C      3       4.000          4.394                        -0.394
     76       C      3       4.000          4.356                        -0.356
     77       C      3       4.000          4.416                        -0.416
     78       C      3       4.000          4.380                        -0.380
     79       C      3       4.000          4.399                        -0.399
     80       C      3       4.000          4.469                        -0.469
     81       C      3       4.000          4.271                        -0.271
     82       C      3       4.000          4.341                        -0.341
     83       C      3       4.000          4.390                        -0.390
     84       C      3       4.000          4.390                        -0.390
     85       C      3       4.000          3.888                         0.112
     86       C      3       4.000          4.371                        -0.371
     87       C      3       4.000          4.448                        -0.448
     88       C      3       4.000          3.922                         0.078
     89       N      4       5.000          5.801                        -0.801
     90       N      4       5.000          5.939                        -0.939
     91       N      4       5.000          5.919                        -0.919
     92       N      4       5.000          5.955                        -0.955
     93       O      5       6.000          6.173                        -0.173
     94       O      5       6.000          6.130                        -0.130
     95       O      5       6.000          6.158                        -0.158
     96       O      5       6.000          6.138                        -0.138
     97       O      5       6.000          6.135                        -0.135
     98       O      5       6.000          6.135                        -0.135
     99       O      5       6.000          6.114                        -0.114
    100       O      5       6.000          6.100                        -0.100
    101       O      5       6.000          5.710                         0.290
    102       O      5       6.000          5.740                         0.260
    103       O      5       6.000          5.764                         0.236
    104       O      5       6.000          5.706                         0.294
    105       O      5       6.000          5.689                         0.311
    106       O      5       6.000          5.800                         0.200
    107       O      5       6.000          5.761                         0.239
    108       O      5       6.000          5.693                         0.307
    109       O      5       6.000          6.131                        -0.131
    110       O      5       6.000          6.131                        -0.131
    111       O      5       6.000          6.131                        -0.131
    112       O      5       6.000          6.067                        -0.067
    113       O      5       6.000          6.166                        -0.166
    114       O      5       6.000          6.039                        -0.039
    115       O      5       6.000          6.127                        -0.127
    116       O      5       6.000          6.120                        -0.120
    117       O      5       6.000          5.995                         0.005
    118       O      5       6.000          6.125                        -0.125
    119       O      5       6.000          6.032                        -0.032
    120       O      5       6.000          6.097                        -0.097
    121       O      5       6.000          5.992                         0.008
    122       O      5       6.000          5.992                         0.008
    123       O      5       6.000          6.237                        -0.237
    124       O      5       6.000          6.163                        -0.163
    125       N      4       5.000          5.157                        -0.157
    126       N      4       5.000          5.145                        -0.145
    127       C      3       4.000          4.181                        -0.181
    128       C      3       4.000          4.285                        -0.285
    129       C      3       4.000          4.919                        -0.919
    130       H      2       1.000          0.523                         0.477
    131       H      2       1.000          0.524                         0.476
    132       H      2       1.000          0.546                         0.454
    133       H      2       1.000          0.512                         0.488
    134       H      2       1.000          0.553                         0.447
    135       C      3       4.000          4.305                        -0.305
    136       C      3       4.000          4.817                        -0.817
    137       H      2       1.000          0.547                         0.453
    138       H      2       1.000          0.572                         0.428
    139       H      2       1.000          0.558                         0.442
    140       C      3       4.000          5.310                        -1.310
    141       H      2       1.000          0.564                         0.436
    142       H      2       1.000          0.552                         0.448
    143       H      2       1.000          0.555                         0.445
    144       C      3       4.000          4.536                        -0.536
    145       C      3       4.000          4.781                        -0.781
    146       H      2       1.000          0.539                         0.461
    147       H      2       1.000          0.547                         0.453
    148       H      2       1.000          0.565                         0.435
    149       H      2       1.000          0.528                         0.472
    150       F      6       7.000          6.955                         0.045
    151       F      6       7.000          6.971                         0.029
    152       F      6       7.000          7.274                        -0.274
    153       F      6       7.000          6.935                         0.065
    154       O      5       6.000          6.445                        -0.445
    155       C      3       4.000          3.425                         0.575
    156       F      6       7.000          7.095                        -0.095
    157       C      3       4.000          3.488                         0.512
    158       F      6       7.000          7.320                        -0.320
    159       S      7       6.000          5.476                         0.524
    160       S      7       6.000          5.338                         0.662
    161       O      5       6.000          6.228                        -0.228
    162       O      5       6.000          6.275                        -0.275
    163       O      5       6.000          6.262                        -0.262
    164       N      4       5.000          5.142                        -0.142

  Total Charge                                                            0.060
 !-----------------------------------------------------------------------------!

 ENERGY| Total FORCE_EVAL ( QS ) energy [hartree]          -1608.459476874808388

 *******************************************************************************
 **                 BAND EVALUATION OF ENERGIES AND FORCES                    **
 *******************************************************************************
 **                                                                           **
 **                                                                           **
 ** Replica Env Nr. :    5              Replica Band Nr. :    6               **
 ** Band  Step  Nr. :    1                                                    **
 *******************************************************************************

 Number of electrons:                                                        674
 Number of occupied orbitals:                                                370
 Number of molecular orbitals:                                               437

 Number of orbital functions:                                               1844
 Number of independent orbital functions:                                   1844

 Parameters for the always stable predictor-corrector (ASPC) method:

  ASPC order: 2

  B(1) =   2.800000
  B(2) =  -2.800000
  B(3) =   1.200000
  B(4) =  -0.200000

 *** WARNING in fm/cp_fm_elpa.F:521 :: Setting real_kernel for ELPA failed ***


 Extrapolation method: ASPC


 SCF WAVEFUNCTION OPTIMIZATION

  Step     Update method      Time    Convergence         Total energy    Change
  ------------------------------------------------------------------------------

 *** WARNING in fm/cp_fm_elpa.F:521 :: Setting real_kernel for ELPA failed ***

     1 Broy./Diag. 0.15E+00    8.7     0.00159784     -1608.4594759781 -1.61E+03

 *** WARNING in fm/cp_fm_elpa.F:521 :: Setting real_kernel for ELPA failed ***

     2 Broy./Diag. 0.15E+00   11.9     0.00093347     -1608.4642681602 -4.79E-03

 *** WARNING in fm/cp_fm_elpa.F:521 :: Setting real_kernel for ELPA failed ***

     3 Broy./Diag. 0.15E+00   12.3     0.00063880     -1608.4593208919  4.95E-03

 *** WARNING in fm/cp_fm_elpa.F:521 :: Setting real_kernel for ELPA failed ***

     4 Broy./Diag. 0.15E+00   12.3     0.00012665     -1608.4608980816 -1.58E-03

 *** WARNING in fm/cp_fm_elpa.F:521 :: Setting real_kernel for ELPA failed ***

     5 Broy./Diag. 0.15E+00   12.6     0.00007540     -1608.4597223266  1.18E-03

 *** WARNING in fm/cp_fm_elpa.F:521 :: Setting real_kernel for ELPA failed ***

     6 Broy./Diag. 0.15E+00   12.3     0.00003560     -1608.4593354369  3.87E-04

  *** SCF run converged in     6 steps ***


  Electronic density on regular grids:       -673.9999999284        0.0000000716
  Core density on regular grids:              673.9999999671       -0.0000000329
  Total charge density on r-space grids:        0.0000000387
  Total charge density g-space grids:           0.0000000387

  Overlap energy of the core charge distribution:               0.16137433363641
  Self energy of the core charge distribution:              -3774.19779000501012
  Core Hamiltonian energy:                                   1120.13280583967867
  Hartree energy:                                            1403.54667224336390
  Exchange-correlation energy:                               -357.87050139966090
  Dispersion energy:                                           -0.21783993044768
  Electronic entropic energy:                                  -0.01405690935296
  Fermi energy:                                                 0.01342117149335

  Total energy:                                             -1608.45933543688011

 !-----------------------------------------------------------------------------!
                     Mulliken Population Analysis

 #  Atom  Element  Kind  Atomic population                           Net charge
       1     Ti       1         11.030042                              0.969958
       2     Ti       1         11.017667                              0.982333
       3     Ti       1         10.962386                              1.037614
       4     Ti       1         10.964466                              1.035534
       5     Ti       1         11.031340                              0.968660
       6     Ti       1         11.029583                              0.970417
       7     Ti       1         10.986824                              1.013176
       8     Ti       1         10.984346                              1.015654
       9     H        2          0.930639                              0.069361
      10     H        2          0.928876                              0.071124
      11     H        2          0.936990                              0.063010
      12     H        2          0.918988                              0.081012
      13     H        2          0.940648                              0.059352
      14     H        2          0.947823                              0.052177
      15     H        2          0.925376                              0.074624
      16     H        2          0.946343                              0.053657
      17     H        2          0.933027                              0.066973
      18     H        2          0.927464                              0.072536
      19     H        2          0.927014                              0.072986
      20     H        2          0.927872                              0.072128
      21     H        2          0.872659                              0.127341
      22     H        2          0.867459                              0.132541
      23     H        2          0.936567                              0.063433
      24     H        2          0.942178                              0.057822
      25     H        2          0.936311                              0.063689
      26     H        2          0.930457                              0.069543
      27     H        2          0.925959                              0.074041
      28     H        2          0.935005                              0.064995
      29     H        2          0.884478                              0.115522
      30     H        2          0.925952                              0.074048
      31     H        2          0.838277                              0.161723
      32     H        2          0.839947                              0.160053
      33     H        2          0.887639                              0.112361
      34     H        2          0.890261                              0.109739
      35     H        2          0.896093                              0.103907
      36     H        2          0.885171                              0.114829
      37     H        2          0.904360                              0.095640
      38     H        2          0.892922                              0.107078
      39     H        2          0.936763                              0.063237
      40     H        2          0.923700                              0.076300
      41     H        2          0.942172                              0.057828
      42     H        2          0.867920                              0.132080
      43     C        3          3.773333                              0.226667
      44     C        3          3.776671                              0.223329
      45     C        3          3.787362                              0.212638
      46     C        3          3.781196                              0.218804
      47     C        3          4.069621                             -0.069621
      48     C        3          4.031183                             -0.031183
      49     C        3          4.084936                             -0.084936
      50     C        3          4.064653                             -0.064653
      51     C        3          3.969668                              0.030332
      52     C        3          4.032308                             -0.032308
      53     C        3          3.924808                              0.075192
      54     C        3          3.961797                              0.038203
      55     C        3          4.041673                             -0.041673
      56     C        3          4.007058                             -0.007058
      57     C        3          4.003995                             -0.003995
      58     C        3          4.038750                             -0.038750
      59     C        3          4.040626                             -0.040626
      60     C        3          4.043850                             -0.043850
      61     C        3          4.039466                             -0.039466
      62     C        3          4.088700                             -0.088700
      63     C        3          4.020089                             -0.020089
      64     C        3          4.062181                             -0.062181
      65     C        3          4.027034                             -0.027034
      66     C        3          4.033435                             -0.033435
      67     C        3          3.785655                              0.214345
      68     C        3          3.806191                              0.193809
      69     C        3          3.801852                              0.198148
      70     C        3          3.806757                              0.193243
      71     C        3          3.811034                              0.188966
      72     C        3          3.801455                              0.198545
      73     C        3          4.019056                             -0.019056
      74     C        3          4.037006                             -0.037006
      75     C        3          3.997155                              0.002845
      76     C        3          4.014392                             -0.014392
      77     C        3          4.057053                             -0.057053
      78     C        3          4.043778                             -0.043778
      79     C        3          4.049386                             -0.049386
      80     C        3          4.016676                             -0.016676
      81     C        3          4.046397                             -0.046397
      82     C        3          3.996626                              0.003374
      83     C        3          4.024971                             -0.024971
      84     C        3          4.037641                             -0.037641
      85     C        3          4.009784                             -0.009784
      86     C        3          4.039025                             -0.039025
      87     C        3          3.978503                              0.021497
      88     C        3          4.044597                             -0.044597
      89     N        4          4.976272                              0.023728
      90     N        4          5.094461                             -0.094461
      91     N        4          5.058528                             -0.058528
      92     N        4          5.076682                             -0.076682
      93     O        5          6.362519                             -0.362519
      94     O        5          6.332993                             -0.332993
      95     O        5          6.306607                             -0.306607
      96     O        5          6.294245                             -0.294245
      97     O        5          6.337677                             -0.337677
      98     O        5          6.345750                             -0.345750
      99     O        5          6.293551                             -0.293551
     100     O        5          6.259689                             -0.259689
     101     O        5          6.457276                             -0.457276
     102     O        5          6.515718                             -0.515718
     103     O        5          6.504428                             -0.504428
     104     O        5          6.474364                             -0.474364
     105     O        5          6.472321                             -0.472321
     106     O        5          6.533633                             -0.533633
     107     O        5          6.514515                             -0.514515
     108     O        5          6.460577                             -0.460577
     109     O        5          6.365086                             -0.365086
     110     O        5          6.367213                             -0.367213
     111     O        5          6.396131                             -0.396131
     112     O        5          6.333277                             -0.333277
     113     O        5          6.510119                             -0.510119
     114     O        5          6.280239                             -0.280239
     115     O        5          6.370549                             -0.370549
     116     O        5          6.355146                             -0.355146
     117     O        5          6.294486                             -0.294486
     118     O        5          6.411171                             -0.411171
     119     O        5          6.277645                             -0.277645
     120     O        5          6.466110                             -0.466110
     121     O        5          6.538468                             -0.538468
     122     O        5          6.534917                             -0.534917
     123     O        5          6.506295                             -0.506295
     124     O        5          6.485285                             -0.485285
     125     N        4          4.871311                              0.128689
     126     N        4          4.846460                              0.153540
     127     C        3          3.915476                              0.084524
     128     C        3          3.980270                              0.019730
     129     C        3          4.179709                             -0.179709
     130     H        2          0.926470                              0.073530
     131     H        2          0.936860                              0.063140
     132     H        2          0.916713                              0.083287
     133     H        2          0.910330                              0.089670
     134     H        2          0.917808                              0.082192
     135     C        3          3.989152                              0.010848
     136     C        3          4.154313                             -0.154313
     137     H        2          0.917133                              0.082867
     138     H        2          0.922169                              0.077831
     139     H        2          0.915037                              0.084963
     140     C        3          4.265570                             -0.265570
     141     H        2          0.925688                              0.074312
     142     H        2          0.914176                              0.085824
     143     H        2          0.912424                              0.087576
     144     C        3          4.081321                             -0.081321
     145     C        3          4.153201                             -0.153201
     146     H        2          0.901894                              0.098106
     147     H        2          0.904586                              0.095414
     148     H        2          0.920703                              0.079297
     149     H        2          0.941391                              0.058609
     150     F        6          6.761199                              0.238801
     151     F        6          6.743890                              0.256110
     152     F        6          7.035538                             -0.035538
     153     F        6          6.807050                              0.192950
     154     O        5          6.325465                             -0.325465
     155     C        3          3.296419                              0.703581
     156     F        6          6.744322                              0.255678
     157     C        3          3.112108                              0.887892
     158     F        6          7.146064                             -0.146064
     159     S        7          8.187097                             -2.187097
     160     S        7          8.403075                             -2.403075
     161     O        5          5.112570                              0.887430
     162     O        5          5.013351                              0.986649
     163     O        5          5.909078                              0.090922
     164     N        4          4.029314                              0.970686
 # Total charge                            674.000000                  0.000000

 !-----------------------------------------------------------------------------!

 !-----------------------------------------------------------------------------!
                           Hirshfeld Charges

  #Atom  Element  Kind  Ref Charge     Population                    Net charge
      1       Ti     1      12.000         13.330                        -1.330
      2       Ti     1      12.000         13.477                        -1.477
      3       Ti     1      12.000         13.204                        -1.204
      4       Ti     1      12.000         13.212                        -1.212
      5       Ti     1      12.000         13.520                        -1.520
      6       Ti     1      12.000         13.341                        -1.341
      7       Ti     1      12.000         13.228                        -1.228
      8       Ti     1      12.000         13.282                        -1.282
      9       H      2       1.000          0.545                         0.455
     10       H      2       1.000          0.539                         0.461
     11       H      2       1.000          0.551                         0.449
     12       H      2       1.000          0.511                         0.489
     13       H      2       1.000          0.554                         0.446
     14       H      2       1.000          0.527                         0.473
     15       H      2       1.000          0.527                         0.473
     16       H      2       1.000          0.528                         0.472
     17       H      2       1.000          0.555                         0.445
     18       H      2       1.000          0.544                         0.456
     19       H      2       1.000          0.541                         0.459
     20       H      2       1.000          0.556                         0.444
     21       H      2       1.000          0.432                         0.568
     22       H      2       1.000          0.435                         0.565
     23       H      2       1.000          0.546                         0.454
     24       H      2       1.000          0.547                         0.453
     25       H      2       1.000          0.559                         0.441
     26       H      2       1.000          0.559                         0.441
     27       H      2       1.000          0.529                         0.471
     28       H      2       1.000          0.559                         0.441
     29       H      2       1.000          0.440                         0.560
     30       H      2       1.000          0.557                         0.443
     31       H      2       1.000          0.418                         0.582
     32       H      2       1.000          0.420                         0.580
     33       H      2       1.000          0.483                         0.517
     34       H      2       1.000          0.468                         0.532
     35       H      2       1.000          0.479                         0.521
     36       H      2       1.000          0.459                         0.541
     37       H      2       1.000          0.489                         0.511
     38       H      2       1.000          0.466                         0.534
     39       H      2       1.000          0.542                         0.458
     40       H      2       1.000          0.542                         0.458
     41       H      2       1.000          0.544                         0.456
     42       H      2       1.000          0.592                         0.408
     43       C      3       4.000          3.473                         0.527
     44       C      3       4.000          3.468                         0.532
     45       C      3       4.000          3.490                         0.510
     46       C      3       4.000          3.479                         0.521
     47       C      3       4.000          4.021                        -0.021
     48       C      3       4.000          3.976                         0.024
     49       C      3       4.000          4.024                        -0.024
     50       C      3       4.000          3.986                         0.014
     51       C      3       4.000          3.876                         0.124
     52       C      3       4.000          4.422                        -0.422
     53       C      3       4.000          3.871                         0.129
     54       C      3       4.000          4.372                        -0.372
     55       C      3       4.000          4.364                        -0.364
     56       C      3       4.000          4.390                        -0.390
     57       C      3       4.000          4.363                        -0.363
     58       C      3       4.000          4.406                        -0.406
     59       C      3       4.000          4.005                        -0.005
     60       C      3       4.000          4.355                        -0.355
     61       C      3       4.000          4.301                        -0.301
     62       C      3       4.000          4.005                        -0.005
     63       C      3       4.000          4.025                        -0.025
     64       C      3       4.000          4.055                        -0.055
     65       C      3       4.000          4.027                        -0.027
     66       C      3       4.000          4.058                        -0.058
     67       C      3       4.000          3.469                         0.531
     68       C      3       4.000          3.498                         0.502
     69       C      3       4.000          3.510                         0.490
     70       C      3       4.000          3.691                         0.309
     71       C      3       4.000          3.708                         0.292
     72       C      3       4.000          3.526                         0.474
     73       C      3       4.000          4.381                        -0.381
     74       C      3       4.000          4.412                        -0.412
     75       C      3       4.000          4.394                        -0.394
     76       C      3       4.000          4.356                        -0.356
     77       C      3       4.000          4.416                        -0.416
     78       C      3       4.000          4.380                        -0.380
     79       C      3       4.000          4.399                        -0.399
     80       C      3       4.000          4.469                        -0.469
     81       C      3       4.000          4.271                        -0.271
     82       C      3       4.000          4.341                        -0.341
     83       C      3       4.000          4.390                        -0.390
     84       C      3       4.000          4.390                        -0.390
     85       C      3       4.000          3.888                         0.112
     86       C      3       4.000          4.371                        -0.371
     87       C      3       4.000          4.448                        -0.448
     88       C      3       4.000          3.922                         0.078
     89       N      4       5.000          5.801                        -0.801
     90       N      4       5.000          5.939                        -0.939
     91       N      4       5.000          5.919                        -0.919
     92       N      4       5.000          5.955                        -0.955
     93       O      5       6.000          6.173                        -0.173
     94       O      5       6.000          6.130                        -0.130
     95       O      5       6.000          6.158                        -0.158
     96       O      5       6.000          6.138                        -0.138
     97       O      5       6.000          6.135                        -0.135
     98       O      5       6.000          6.135                        -0.135
     99       O      5       6.000          6.114                        -0.114
    100       O      5       6.000          6.100                        -0.100
    101       O      5       6.000          5.710                         0.290
    102       O      5       6.000          5.740                         0.260
    103       O      5       6.000          5.764                         0.236
    104       O      5       6.000          5.706                         0.294
    105       O      5       6.000          5.689                         0.311
    106       O      5       6.000          5.800                         0.200
    107       O      5       6.000          5.761                         0.239
    108       O      5       6.000          5.693                         0.307
    109       O      5       6.000          6.131                        -0.131
    110       O      5       6.000          6.131                        -0.131
    111       O      5       6.000          6.131                        -0.131
    112       O      5       6.000          6.067                        -0.067
    113       O      5       6.000          6.166                        -0.166
    114       O      5       6.000          6.039                        -0.039
    115       O      5       6.000          6.127                        -0.127
    116       O      5       6.000          6.120                        -0.120
    117       O      5       6.000          5.995                         0.005
    118       O      5       6.000          6.125                        -0.125
    119       O      5       6.000          6.032                        -0.032
    120       O      5       6.000          6.097                        -0.097
    121       O      5       6.000          5.992                         0.008
    122       O      5       6.000          5.992                         0.008
    123       O      5       6.000          6.237                        -0.237
    124       O      5       6.000          6.163                        -0.163
    125       N      4       5.000          5.157                        -0.157
    126       N      4       5.000          5.145                        -0.145
    127       C      3       4.000          4.181                        -0.181
    128       C      3       4.000          4.285                        -0.285
    129       C      3       4.000          4.919                        -0.919
    130       H      2       1.000          0.523                         0.477
    131       H      2       1.000          0.524                         0.476
    132       H      2       1.000          0.546                         0.454
    133       H      2       1.000          0.512                         0.488
    134       H      2       1.000          0.553                         0.447
    135       C      3       4.000          4.305                        -0.305
    136       C      3       4.000          4.817                        -0.817
    137       H      2       1.000          0.547                         0.453
    138       H      2       1.000          0.572                         0.428
    139       H      2       1.000          0.558                         0.442
    140       C      3       4.000          5.310                        -1.310
    141       H      2       1.000          0.564                         0.436
    142       H      2       1.000          0.552                         0.448
    143       H      2       1.000          0.555                         0.445
    144       C      3       4.000          4.536                        -0.536
    145       C      3       4.000          4.781                        -0.781
    146       H      2       1.000          0.539                         0.461
    147       H      2       1.000          0.547                         0.453
    148       H      2       1.000          0.565                         0.435
    149       H      2       1.000          0.528                         0.472
    150       F      6       7.000          6.955                         0.045
    151       F      6       7.000          6.971                         0.029
    152       F      6       7.000          7.274                        -0.274
