*************************************************
******************* ORCA 6.0.1 ******************
*************************************************
$Calculation_Status
   &GeometryIndex 77
   &ListStatus       OUT
   &VERSION [&Type "String"] "6.0.1"
   &PROGNAME [&Type "String"] "LeanSCF"
   &STATUS [&Type "String"] "NORMAL TERMINATION"
$End
$Geometry
   &GeometryIndex 1
   &ListStatus       OUT
   &NATOMS [&Type "Integer"] 34
   &NCORELESSECP [&Type "Integer"] 0
   &NGHOSTATOMS [&Type "Integer"] 0
   &CartesianCoordinates [&Type "Coordinates", &Dim(34,4), &Units "Bohr"] 
              H      0.156014308260   -9.327589808633   -7.367806082437
              H     -2.515048154616   -7.498345629146   -6.526831301173
              C     -0.467466983876   -7.686510195454   -6.265530191014
              N      0.710823095742   -5.446088044038   -7.445137623097
              H     -2.191656188719   -2.586065592651   -6.879200682121
              H     -0.501494020411   -9.731207169037   -2.744526407072
              H      4.388410252324   -6.943544076481   -8.403075133725
              C     -0.319260115799   -3.125980522128   -7.527605253251
              C      3.168450586688   -5.306416082093   -8.340535717097
              H      1.377248405957    1.867637592282  -10.561615538120
              C      0.223850782010   -7.926925450504   -3.471659780099
              N      1.401801867437   -1.522079261289   -8.480771765695
              C      3.598866320449   -2.845409473203   -8.993277569509
              H     -0.839563618447    1.685879512018   -7.983656793482
              H      2.277664235525   -7.879803544630   -3.197522298883
              C      1.075162875642    1.225028765473   -8.617643520873
              H      5.268414850776   -1.926361324545   -9.727968522563
              H     -0.617229645716   -6.392852065885   -2.355267256887
              H      2.425196747273    2.116279153249   -7.323931826827
              F      4.964529374082    2.943783806004   -3.075087168867
              O     -4.388506449778   -0.145108557390   -4.472403937999
              N     -0.070183628882   -0.098443279459   -2.825906533851
              F     -3.781038048346    4.139273947827   -0.948950677625
              O      4.027765464705   -2.451024578452   -3.084971721561
              S     -2.957780921307   -0.698299406898   -2.161320079287
              C      3.988955188908    2.037179290021   -0.859461639629
              F      2.355377732734    3.790239623969    0.020789841149
              S      2.388878994167   -1.098672676338   -1.317794582348
              C     -4.006459946964    1.812996538309    0.104394889526
              F      5.907131615782    1.773758258817    0.818946547967
              F     -6.473936195978    1.421831075486    0.709789328242
              O     -3.421339937176   -3.070091330689   -0.842285656126
              F     -2.603590080582    1.766376120398    2.243244166569
              O      1.996894053874   -2.117886899174    1.199510196290
$End
$SCF_Energy
   &GeometryIndex 1
   &ListStatus       OUT
   &SCF_ENERGY [&Type "Double"]      -2.1718921707798013e+03
$End
$DFT_Energy
   &GeometryIndex 1
   &ListStatus       OUT
   &NALPHAEL [&Type "Integer"] 98
   &NBETAEL [&Type "Integer"] 98
   &NTOTALEL [&Type "Integer"] 197
   &EEXCHANGE [&Type "Double"]      -1.6608389997256188e+02
   &ECORR [&Type "Double"]      -8.5938494165290749e+00
   &ECNL [&Type "Double"]       0.0000000000000000e+00
   &EXC [&Type "Double"]      -1.7467774938909096e+02
   &EEMBED [&Type "Double"]       0.0000000000000000e+00
   &FINALEN [&Type "Double"]      -2.1718921707798013e+03  "No Van der Waals correction"
$End
$Mulliken_Population_Analysis
   &GeometryIndex 1
   &ListStatus       OUT
   &NATOMS [&Type "Integer"] 34
   &ATNO [&Type "ArrayOfIntegers", &Dim (34,1)] 
                                                         0

0                                                        1
1                                                        1
2                                                        6
3                                                        7
4                                                        1
5                                                        1
6                                                        1
7                                                        6
8                                                        6
9                                                        1
10                                                       6
11                                                       7
12                                                       6
13                                                       1
14                                                       1
15                                                       6
16                                                       1
17                                                       1
18                                                       1
19                                                       9
20                                                       8
21                                                       7
22                                                       9
23                                                       8
24                                                      16
25                                                       6
26                                                       9
27                                                      16
28                                                       6
29                                                       9
30                                                       9
31                                                       8
32                                                       9
33                                                       8
   &ATOMICCHARGES [&Type "ArrayOfDoubles", &Dim (34,1)] 
                                                         0

0                                      1.2416139632590562e-01
1                                      1.3877449071185910e-01
2                                     -1.4207031156053951e-01
3                                      4.5865116465595435e-03
4                                      2.3769659769233931e-01
5                                      1.2038886860337195e-01
6                                      1.6595034717189638e-01
7                                      4.5118705319024954e-03
8                                     -5.9901834302735324e-02
9                                      1.4336299481120296e-01
10                                    -3.3974501394732304e-01
11                                    -4.4583403507481023e-04
12                                    -6.4926517528681060e-02
13                                     1.7547748246309225e-01
14                                     1.2752318326366452e-01
15                                    -2.7804889799270782e-01
16                                     1.6501462234902609e-01
17                                     1.7238728714732954e-01
18                                     1.6767167754823686e-01
19                                    -1.8495597388372609e-01
20                                    -5.1264437284786624e-01
21                                    -4.9513328403186208e-01
22                                    -1.6865829282136602e-01
23                                    -4.9523278200418730e-01
24                                     7.9429455466877030e-01
25                                     4.5282458073529330e-01
26                                    -1.5701443365084167e-01
27                                     7.9776894281939548e-01
28                                     4.6167914142587563e-01
29                                    -1.5720519940925826e-01
30                                    -1.6137265514618804e-01
31                                    -4.5226515512709753e-01
32                                    -1.5699950656470740e-01
33                                    -4.2745448506158645e-01
$End
$Loewdin_Population_Analysis
   &GeometryIndex 1
   &ListStatus       OUT
   &NATOMS [&Type "Integer"] 34
   &ATNO [&Type "ArrayOfIntegers", &Dim (34,1)] 
                                                         0

0                                                        1
1                                                        1
2                                                        6
3                                                        7
4                                                        1
5                                                        1
6                                                        1
7                                                        6
8                                                        6
9                                                        1
10                                                       6
11                                                       7
12                                                       6
13                                                       1
14                                                       1
15                                                       6
16                                                       1
17                                                       1
18                                                       1
19                                                       9
20                                                       8
21                                                       7
22                                                       9
23                                                       8
24                                                      16
25                                                       6
26                                                       9
27                                                      16
28                                                       6
29                                                       9
30                                                       9
31                                                       8
32                                                       9
33                                                       8
   &ATOMICCHARGES [&Type "ArrayOfDoubles", &Dim (34,1)] 
                                                         0

0                                      1.3916463490126862e-01
1                                      1.4609156285020486e-01
2                                     -2.3676854630749489e-01
3                                      2.7503308739146259e-01
4                                      1.5527870574950497e-01
5                                      1.2998109503240918e-01
6                                      1.4934394404953666e-01
7                                     -1.5105444462996065e-01
8                                     -1.5571727330726670e-01
9                                      1.2391400584786771e-01
10                                    -2.9306444299493695e-01
11                                     2.5894949769893216e-01
12                                    -1.5366385870199739e-01
13                                     1.4119453952754990e-01
14                                     1.2721850281298497e-01
15                                    -2.3659670968303814e-01
16                                     1.4973742369893939e-01
17                                     1.3082902755490511e-01
18                                     1.3366106164604052e-01
19                                     1.5130336596764415e-01
20                                    -3.1643272165601211e-01
21                                    -4.3601300046529978e-01
22                                     1.7482215677437907e-01
23                                    -2.9733635241267287e-01
24                                     5.8928021408894793e-01
25                                    -7.3036691097572248e-01
26                                     1.8601914994627755e-01
27                                     5.9478452215479827e-01
28                                    -7.3701281623109338e-01
29                                     1.7981482880692923e-01
30                                     1.7456462628229552e-01
31                                    -2.8404850634480638e-01
32                                     1.8584091741879583e-01
33                                    -2.6875128649134972e-01
$End
$Mayer_Population_Analysis
   &GeometryIndex 1
   &ListStatus       OUT
   &NATOMS [&Type "Integer"] 34 "Total number of atoms"
   &BONDTHRESH [&Type "Double"]       1.0000000000000001e-01  "The threshold for printing"
   &NBONDORDERSPRINT [&Type "Integer"] 33 "The number of bond orders larger than threshold"
   &BONDORDERS [&Type "ArrayOfDoubles", &Dim (33,1)] "The bond orders"
                                                         0

0                                      9.6143443572858678e-01
1                                      9.5923551074502345e-01
2                                      8.7025095643052308e-01
3                                      9.7369653625127983e-01
4                                      1.3543557998954834e+00
5                                      1.1561751326961642e+00
6                                      8.8551061361501249e-01
7                                      9.6322494330306885e-01
8                                      9.4807804548901764e-01
9                                      1.3563739206182377e+00
10                                     1.6678099304319545e+00
11                                     9.5189959223459575e-01
12                                     9.6106407757493428e-01
13                                     9.5091404246592148e-01
14                                     1.1593446803203171e+00
15                                     8.7911941436887120e-01
16                                     9.4800709948006723e-01
17                                     9.5674716713768371e-01
18                                     9.5511020315638095e-01
19                                     1.0831197044695320e+00
20                                     1.7228815028396613e+00
21                                     1.2362270542563674e+00
22                                     1.1906243477231166e+00
23                                     1.1150231650904643e+00
24                                     1.7503617474084785e+00
25                                     8.1700917952768704e-01
26                                     1.8231616542183147e+00
27                                     1.1252829310057602e+00
28                                     8.2735135393373771e-01
29                                     1.1342509171418778e+00
30                                     1.8694752255805438e+00
31                                     1.1267562738195878e+00
32                                     1.1269932528879278e+00
   &COMPONENTS [&Type "ArrayOfIntegers", &Dim (33,4)] "The indices and atomic numbers of the bonding atoms"
                                                         0                           1                           2                           3

0                                                        0                           1                           2                           6
1                                                        1                           1                           2                           6
2                                                        2                           6                           3                           7
3                                                        2                           6                          10                           6
4                                                        3                           7                           7                           6
5                                                        3                           7                           8                           6
6                                                        4                           1                           7                           6
7                                                        5                           1                          10                           6
8                                                        6                           1                           8                           6
9                                                        7                           6                          11                           7
10                                                       8                           6                          12                           6
11                                                       9                           1                          15                           6
12                                                      10                           6                          14                           1
13                                                      10                           6                          17                           1
14                                                      11                           7                          12                           6
15                                                      11                           7                          15                           6
16                                                      12                           6                          16                           1
17                                                      13                           1                          15                           6
18                                                      15                           6                          18                           1
19                                                      19                           9                          25                           6
20                                                      20                           8                          24                          16
21                                                      21                           7                          24                          16
22                                                      21                           7                          27                          16
23                                                      22                           9                          28                           6
24                                                      23                           8                          27                          16
25                                                      24                          16                          28                           6
26                                                      24                          16                          31                           8
27                                                      25                           6                          26                           9
28                                                      25                           6                          27                          16
29                                                      25                           6                          29                           9
30                                                      27                          16                          33                           8
31                                                      28                           6                          30                           9
32                                                      28                           6                          32                           9
   &ATNO [&Type "ArrayOfIntegers", &Dim (34,1)] "Atomic number of the elements"
                                                         0

0                                                        1
1                                                        1
2                                                        6
3                                                        7
4                                                        1
5                                                        1
6                                                        1
7                                                        6
8                                                        6
9                                                        1
10                                                       6
11                                                       7
12                                                       6
13                                                       1
14                                                       1
15                                                       6
16                                                       1
17                                                       1
18                                                       1
19                                                       9
20                                                       8
21                                                       7
22                                                       9
23                                                       8
24                                                      16
25                                                       6
26                                                       9
27                                                      16
28                                                       6
29                                                       9
30                                                       9
31                                                       8
32                                                       9
33                                                       8
   &NA [&Type "ArrayOfDoubles", &Dim (34,1)] "Mulliken gross atomic population"
                                                         0

0                                      8.7583860367409350e-01
1                                      8.6122550928814001e-01
2                                      6.1420703115605457e+00
3                                      6.9954134883534422e+00
4                                      7.6230340230766147e-01
5                                      8.7961113139662817e-01
6                                      8.3404965282810406e-01
7                                      5.9954881294681002e+00
8                                      6.0599018343027327e+00
9                                      8.5663700518879726e-01
10                                     6.3397450139473239e+00
11                                     7.0004458340350757e+00
12                                     6.0649265175286775e+00
13                                     8.2452251753690786e-01
14                                     8.7247681673633604e-01
15                                     6.2780488979927034e+00
16                                     8.3498537765097336e-01
17                                     8.2761271285267113e-01
18                                     8.3232832245176347e-01
19                                     9.1849559738837314e+00
20                                     8.5126443728478609e+00
21                                     7.4951332840318630e+00
22                                     9.1686582928213642e+00
23                                     8.4952327820041820e+00
24                                     1.5205705445331228e+01
25                                     5.5471754192647076e+00
26                                     9.1570144336508434e+00
27                                     1.5202231057180585e+01
28                                     5.5383208585741261e+00
29                                     9.1572051994092529e+00
30                                     9.1613726551461898e+00
31                                     8.4522651551270940e+00
32                                     9.1569995065647198e+00
33                                     8.4274544850615847e+00
   &ZA [&Type "ArrayOfDoubles", &Dim (34,1)] "Total nuclear charge"
                                                         0

0                                      1.0000000000000000e+00
1                                      1.0000000000000000e+00
2                                      6.0000000000000000e+00
3                                      7.0000000000000000e+00
4                                      1.0000000000000000e+00
5                                      1.0000000000000000e+00
6                                      1.0000000000000000e+00
7                                      6.0000000000000000e+00
8                                      6.0000000000000000e+00
9                                      1.0000000000000000e+00
10                                     6.0000000000000000e+00
11                                     7.0000000000000000e+00
12                                     6.0000000000000000e+00
13                                     1.0000000000000000e+00
14                                     1.0000000000000000e+00
15                                     6.0000000000000000e+00
16                                     1.0000000000000000e+00
17                                     1.0000000000000000e+00
18                                     1.0000000000000000e+00
19                                     9.0000000000000000e+00
20                                     8.0000000000000000e+00
21                                     7.0000000000000000e+00
22                                     9.0000000000000000e+00
23                                     8.0000000000000000e+00
24                                     1.6000000000000000e+01
25                                     6.0000000000000000e+00
26                                     9.0000000000000000e+00
27                                     1.6000000000000000e+01
28                                     6.0000000000000000e+00
29                                     9.0000000000000000e+00
30                                     9.0000000000000000e+00
31                                     8.0000000000000000e+00
32                                     9.0000000000000000e+00
33                                     8.0000000000000000e+00
   &QA [&Type "ArrayOfDoubles", &Dim (34,1)] "Mulliken gross atomic charge"
                                                         0

0                                      1.2416139632590650e-01
1                                      1.3877449071185999e-01
2                                     -1.4207031156054573e-01
3                                      4.5865116465577671e-03
4                                      2.3769659769233853e-01
5                                      1.2038886860337183e-01
6                                      1.6595034717189594e-01
7                                      4.5118705318998309e-03
8                                     -5.9901834302732659e-02
9                                      1.4336299481120274e-01
10                                    -3.3974501394732393e-01
11                                    -4.4583403507569841e-04
12                                    -6.4926517528677508e-02
13                                     1.7547748246309214e-01
14                                     1.2752318326366396e-01
15                                    -2.7804889799270338e-01
16                                     1.6501462234902664e-01
17                                     1.7238728714732887e-01
18                                     1.6767167754823653e-01
19                                    -1.8495597388373142e-01
20                                    -5.1264437284786091e-01
21                                    -4.9513328403186296e-01
22                                    -1.6865829282136424e-01
23                                    -4.9523278200418197e-01
24                                     7.9429455466877208e-01
25                                     4.5282458073529241e-01
26                                    -1.5701443365084344e-01
27                                     7.9776894281941502e-01
28                                     4.6167914142587385e-01
29                                    -1.5720519940925293e-01
30                                    -1.6137265514618981e-01
31                                    -4.5226515512709398e-01
32                                    -1.5699950656471984e-01
33                                    -4.2745448506158468e-01
   &VA [&Type "ArrayOfDoubles", &Dim (34,1)] "Mayer's total valence"
                                                         0

0                                      9.5515360093271040e-01
1                                      9.5968370154138216e-01
2                                      3.8352631170500779e+00
3                                      3.4213672450654298e+00
4                                      9.9306850916167733e-01
5                                      9.7039099862957123e-01
6                                      9.6987886296437920e-01
7                                      3.8675106278855500e+00
8                                      3.9072869746424503e+00
9                                      9.5141508628783322e-01
10                                     3.8396543462462374e+00
11                                     3.4301358504014630e+00
12                                     3.9315515051328829e+00
13                                     9.8363113373009814e-01
14                                     9.7510326077901355e-01
15                                     3.7737807187820964e+00
16                                     9.7400460435021730e-01
17                                     1.0036892997739049e+00
18                                     9.7486781295404135e-01
19                                     1.1165023125609637e+00
20                                     1.9567309864883806e+00
21                                     2.6663172564485116e+00
22                                     1.1435481042697266e+00
23                                     1.9520897096018286e+00
24                                     5.7627996999469024e+00
25                                     4.3669533893831458e+00
26                                     1.1488068816231631e+00
27                                     5.7905563206291664e+00
28                                     4.3897797378382286e+00
29                                     1.1538263842094574e+00
30                                     1.1518232191891515e+00
31                                     2.0176434827673142e+00
32                                     1.1588264179542067e+00
33                                     2.0549816071799971e+00
   &BVA [&Type "ArrayOfDoubles", &Dim (34,1)] "Mayer's bonded valence"
                                                         0

0                                      9.5515360093271207e-01
1                                      9.5968370154137261e-01
2                                      3.8352631170501401e+00
3                                      3.4213672450654009e+00
4                                      9.9306850916171363e-01
5                                      9.7039099862955114e-01
6                                      9.6987886296439518e-01
7                                      3.8675106278855651e+00
8                                      3.9072869746423580e+00
9                                      9.5141508628786098e-01
10                                     3.8396543462462542e+00
11                                     3.4301358504013955e+00
12                                     3.9315515051327985e+00
13                                     9.8363113373010613e-01
14                                     9.7510326077903720e-01
15                                     3.7737807187822501e+00
16                                     9.7400460435020020e-01
17                                     1.0036892997738975e+00
18                                     9.7486781295405700e-01
19                                     1.1165023125608968e+00
20                                     1.9567309864883402e+00
21                                     2.6663172564485018e+00
22                                     1.1435481042697830e+00
23                                     1.9520897096017666e+00
24                                     5.7627996999470081e+00
25                                     4.3669533893831742e+00
26                                     1.1488068816232015e+00
27                                     5.7905563206290189e+00
28                                     4.3897797378382233e+00
29                                     1.1538263842095056e+00
30                                     1.1518232191891258e+00
31                                     2.0176434827673368e+00
32                                     1.1588264179542165e+00
33                                     2.0549816071800491e+00
   &FA [&Type "ArrayOfDoubles", &Dim (34,1)] "Mayer's free valence"
                                                         0

0                                      0.0000000000000000e+00
1                                      0.0000000000000000e+00
2                                      0.0000000000000000e+00
3                                      0.0000000000000000e+00
4                                      0.0000000000000000e+00
5                                      0.0000000000000000e+00
6                                      0.0000000000000000e+00
7                                      0.0000000000000000e+00
8                                      0.0000000000000000e+00
9                                      0.0000000000000000e+00
10                                     0.0000000000000000e+00
11                                     0.0000000000000000e+00
12                                     0.0000000000000000e+00
13                                     0.0000000000000000e+00
14                                     0.0000000000000000e+00
15                                     0.0000000000000000e+00
16                                     0.0000000000000000e+00
17                                     0.0000000000000000e+00
18                                     0.0000000000000000e+00
19                                     0.0000000000000000e+00
20                                     0.0000000000000000e+00
21                                     0.0000000000000000e+00
22                                     0.0000000000000000e+00
23                                     0.0000000000000000e+00
24                                     0.0000000000000000e+00
25                                     0.0000000000000000e+00
26                                     0.0000000000000000e+00
27                                     0.0000000000000000e+00
28                                     0.0000000000000000e+00
29                                     0.0000000000000000e+00
30                                     0.0000000000000000e+00
31                                     0.0000000000000000e+00
32                                     0.0000000000000000e+00
33                                     0.0000000000000000e+00
$End
$VdW_Correction
   &GeometryIndex 1
   &ListStatus       OUT
   &VDW [&Type "Double"]      -8.0756206256781954e-02
$End
$SCF_Nuc_Gradient
   &GeometryIndex 1
   &ListStatus       OUT
   &NATOMS [&Type "Integer"] 34
   &ROOT [&Type "Integer"] 0
   &GRADNORM [&Type "Double"]       7.8549046731223857e-02
   &GRAD [&Type "ArrayOfDoubles", &Dim (102,1)] 
                                                         0

0                                      1.0065298325164784e-03
1                                     -3.2442727445069763e-03
2                                     -2.6830839145494112e-03
3                                     -4.5823664334705971e-03
4                                      3.4353268786972702e-04
5                                     -1.0569755392353108e-03
6                                      1.0500346383399278e-03
7                                     -2.2520487597793744e-04
8                                      1.6503191235033160e-03
9                                      2.1048145497449405e-04
10                                    -9.5289477699307401e-03
11                                     2.0991325975871361e-04
12                                    -4.9062707747557777e-03
13                                     1.8305373905113109e-03
14                                     2.3313541674378074e-03
15                                    -1.4710611986140168e-03
16                                    -4.2815413347753462e-03
17                                     1.8650328534637189e-03
18                                     2.5353173046974431e-03
19                                    -4.0118598840799269e-03
20                                    -1.4174290861624153e-04
21                                    -1.1667389139488921e-02
22                                     2.7865748037362859e-03
23                                     3.4983468378276738e-03
24                                     3.4314339879449318e-03
25                                    -7.4402787002448012e-03
26                                     6.2313404469666739e-04
27                                     5.3343583816552881e-04
28                                     1.2611488421802181e-03
29                                    -3.9873241417846816e-03
30                                     2.0755571471195965e-04
31                                    -9.2446994395622745e-04
32                                    -2.3072305321377579e-03
33                                     3.5238972377927384e-03
34                                     8.0505983653389179e-03
35                                    -4.1778623353784031e-03
36                                     5.4551480459123086e-03
37                                     5.3994099557754943e-03
38                                    -2.8686822537734927e-03
39                                    -5.2670793008175454e-03
40                                     1.2869429817198713e-03
41                                     2.1838679559437885e-03
42                                     4.3188134370355236e-03
43                                     4.2683143914785341e-04
44                                     9.6954183927370347e-04
45                                     9.5878121482009283e-04
46                                    -8.9821112841301232e-04
47                                    -2.1625369149133426e-03
48                                     3.6599243334760057e-03
49                                     2.2378913222987490e-03
50                                    -1.8306430571217586e-03
51                                    -2.1253051116891519e-03
52                                     4.7669902109386264e-03
53                                     3.2846074324561769e-03
54                                     3.3383653331530705e-03
55                                     1.9012204695107449e-03
56                                     4.0353924393862067e-03
57                                     6.7886750865735757e-03
58                                     9.0380295041187497e-03
59                                    -1.5758996529124325e-02
60                                    -1.0482719824471770e-02
61                                     6.1760380557876887e-03
62                                    -1.8935028824643874e-02
63                                     2.3772182530162889e-03
64                                     7.5653751928745905e-03
65                                    -1.0167538152826672e-02
66                                     2.0018659491297906e-03
67                                     1.7120738074922537e-02
68                                    -6.9198655755198096e-03
69                                     1.2745458680963190e-02
70                                    -1.0897571193802136e-02
71                                    -1.4071746695513365e-02
72                                     1.5755824032500920e-03
73                                     8.8249095948792766e-03
74                                     8.0694430118753158e-03
75                                    -8.6415945238504238e-03
76                                    -1.4985497865735553e-02
77                                    -2.9061972645491319e-03
78                                    -1.1305130908822403e-02
79                                     1.2264536446607049e-02
80                                     3.2114287244893180e-03
81                                     1.3651262237383555e-03
82                                     1.0603034341458178e-02
83                                     3.9652925722274274e-04
84                                     5.3906329808281750e-03
85                                    -1.2019259849978869e-02
86                                    -1.1081347263618660e-02
87                                     1.4111272227110366e-02
88                                    -2.6398874053925603e-03
89                                     1.4119947371923069e-02
90                                    -2.1040662247214903e-02
91                                    -3.8060385891603085e-03
92                                     4.4828826670440663e-03
93                                    -4.3573988191904084e-03
94                                    -1.9223504907938727e-02
95                                     1.2364954539661882e-02
96                                     1.1619084938396113e-02
97                                     1.0789923952506638e-03
98                                     1.6467658663150475e-02
99                                    -2.3576568237091630e-03
100                                   -8.8367858401282584e-03
101                                    2.1292447712305762e-02
$End
$Geometry
   &GeometryIndex 2
   &ListStatus       OUT
   &NATOMS [&Type "Integer"] 34
   &NCORELESSECP [&Type "Integer"] 0
   &NGHOSTATOMS [&Type "Integer"] 0
   &CartesianCoordinates [&Type "Coordinates", &Dim(34,4), &Units "Bohr"] 
              H      0.177675696606   -9.292943439128   -7.340536142375
              H     -2.483727120182   -7.480842029049   -6.503800887654
              C     -0.447970616197   -7.661404138213   -6.247770904631
              N      0.717526746670   -5.424870442512   -7.424266443530
              H     -2.179919893530   -2.601392151997   -6.877865438901
              H     -0.481780996051   -9.688482486545   -2.740257361546
              H      4.385490856129   -6.890835995388   -8.372780744262
              C     -0.316525243723   -3.129128850483   -7.515674162325
              C      3.160462763889   -5.272847073375   -8.315708518416
              H      1.327610271203    1.858700537277  -10.520463244644
              C      0.242542431687   -7.898398260022   -3.464619730154
              N      1.379464704624   -1.524516177162   -8.458060883470
              C      3.573133116407   -2.826686864450   -8.966096726913
              H     -0.866971581463    1.656433000418   -7.955867245704
              H      2.284665443443   -7.855868593485   -3.195005747384
              C      1.034887428749    1.212788968718   -8.588543775855
              H      5.229348228360   -1.903301751039   -9.691600946647
              H     -0.590356842513   -6.373438371346   -2.362282085529
              H      2.375397591530    2.100821323062   -7.306633451534
              F      4.913472844243    2.904309722300   -3.053749362105
              O     -4.369567736596   -0.170981884791   -4.485814115241
              N     -0.072495418724   -0.105308420239   -2.851751100611
              F     -3.703210561887    4.109473100510   -0.988732032822
              O      3.984078148829   -2.461262844272   -3.079054670394
              S     -2.939329662333   -0.701428734852   -2.192250417248
              C      3.981967472256    1.999523472340   -0.856675807273
              F      2.406818687347    3.730537475955    0.091676030070
              S      2.353671199666   -1.105773522651   -1.335883171594
              C     -3.967612552143    1.816471717315    0.053255340972
              F      5.916037566808    1.697837017203    0.744336806912
              F     -6.409185505319    1.470112902314    0.634125580989
              O     -3.392579654057   -3.052216530841   -0.872368850433
              F     -2.605583195585    1.739417172365    2.177905645679
              O      1.929448197597   -2.118939132202    1.157744273094
$End
$SCF_Energy
   &GeometryIndex 2
   &ListStatus       OUT
   &SCF_ENERGY [&Type "Double"]      -2.1718968390225295e+03
$End
$DFT_Energy
   &GeometryIndex 2
   &ListStatus       OUT
   &NALPHAEL [&Type "Integer"] 98
   &NBETAEL [&Type "Integer"] 98
   &NTOTALEL [&Type "Integer"] 197
   &EEXCHANGE [&Type "Double"]      -1.6621649110169284e+02
   &ECORR [&Type "Double"]      -8.6041985789455850e+00
   &ECNL [&Type "Double"]       0.0000000000000000e+00
   &EXC [&Type "Double"]      -1.7482068968063842e+02
   &EEMBED [&Type "Double"]       0.0000000000000000e+00
   &FINALEN [&Type "Double"]      -2.1718968390225295e+03  "No Van der Waals correction"
$End
$VdW_Correction
   &GeometryIndex 2
   &ListStatus       OUT
   &VDW [&Type "Double"]      -8.1790313650938667e-02
$End
$SCF_Nuc_Gradient
   &GeometryIndex 2
   &ListStatus       OUT
   &NATOMS [&Type "Integer"] 34
   &ROOT [&Type "Integer"] 0
   &GRADNORM [&Type "Double"]       2.8924332849654771e-02
   &GRAD [&Type "ArrayOfDoubles", &Dim (102,1)] 
                                                         0

0                                     -3.0864259352204881e-05
1                                      3.3966155330023007e-07
2                                     -3.5587774518901216e-04
3                                     -1.6769313155406973e-04
4                                      9.0487001304817571e-05
5                                     -3.7305843669062713e-04
6                                     -1.6591845906316349e-04
7                                     -6.9534561518855981e-04
8                                      8.1696794483676616e-04
9                                      1.1857966158197175e-03
10                                    -1.6075154172208728e-03
11                                    -7.4986059941518912e-04
12                                    -1.1054211559449745e-04
13                                     8.1180660718571662e-04
14                                     7.2179575396842666e-04
15                                     8.1518751122527933e-05
16                                    -2.6789974798044347e-04
17                                     1.2993041837112973e-04
18                                    -2.5353540368097671e-04
19                                    -2.4529480573684537e-04
20                                     1.1024696111681422e-05
21                                    -3.7992135824134465e-03
22                                     8.1354187423148677e-04
23                                     1.0302161757519811e-03
24                                     8.2446998882639705e-04
25                                    -1.8013240415703929e-03
26                                     2.9852508803323609e-04
27                                    -6.4121846532452093e-05
28                                    -1.0331854537859453e-05
29                                    -1.2602568075231746e-04
30                                    -2.1776367246476198e-04
31                                    -1.4973919245859623e-04
32                                     4.5167238716392610e-05
33                                     1.6275663567331955e-03
34                                     3.6951135322835227e-04
35                                    -1.2752740429919293e-03
36                                     1.1598910437913279e-03
37                                     1.4650940081733649e-03
38                                    -5.5310815373203065e-04
39                                    -2.6645186211668448e-04
40                                    -1.0207791105917158e-04
41                                     4.1448839414299360e-04
42                                     2.2622833419991273e-04
43                                     2.6366589347063402e-04
44                                     2.0815087332256427e-04
45                                    -2.3434669122129534e-04
46                                     1.0821790394761055e-03
47                                    -5.0968448921837398e-04
48                                    -1.1241807323902897e-04
49                                     2.0436614993771252e-04
50                                    -9.8757692199261116e-05
51                                     4.0590976361540299e-05
52                                     5.3678042883406607e-04
53                                    -1.6103858743263255e-04
54                                     2.7705939013827896e-04
55                                    -5.4608308183799747e-04
56                                     8.2690524173524571e-04
57                                     3.2080519818107889e-03
58                                     3.0735515858035939e-03
59                                    -2.9487634184419687e-03
60                                    -4.4905346861949802e-03
61                                     3.4992520716969622e-03
62                                    -9.2443554757677404e-03
63                                     7.9335151055035663e-04
64                                     4.3816771603737981e-03
65                                    -7.0509244709889007e-03
66                                    -7.4099875342251154e-05
67                                     3.8420130986416279e-03
68                                    -4.3991710758135849e-04
69                                     5.4297190270247708e-03
70                                    -5.0199785900685578e-03
71                                    -6.9000758695964559e-03
72                                     1.3273363848924080e-03
73                                     3.3904720127244659e-03
74                                     4.9761046885123672e-03
75                                    -4.4483862449774397e-03
76                                    -4.9851867717349840e-03
77                                    -1.1533366364838774e-03
78                                    -1.7561858287928889e-03
79                                     3.3591675729216508e-03
80                                     4.6060724673714637e-04
81                                     8.9806759562672742e-04
82                                     4.3621812743414590e-03
83                                     1.5116246323890678e-03
84                                     2.2148353285370015e-03
85                                    -4.0491133095963139e-03
86                                    -4.2326812828788335e-03
87                                     2.9777318803158037e-03
88                                     3.7699502168938442e-04
89                                     2.7345837998654643e-03
90                                    -4.5584163838282010e-03
91                                    -3.9458773064082742e-04
92                                     1.4693361794953508e-03
93                                    -2.0834162062587647e-03
94                                    -8.8883578777525507e-03
95                                     6.6927548177941054e-03
96                                     1.7589969977003517e-03
97                                     9.6615677323835130e-04
98                                     3.8637159895971718e-03
99                                    -1.1973038600852220e-03
100                                   -4.1264026439536694e-03
101                                    9.9608405297614833e-03
$End
$Geometry
   &GeometryIndex 3
   &ListStatus       OUT
   &NATOMS [&Type "Integer"] 34
   &NCORELESSECP [&Type "Integer"] 0
   &NGHOSTATOMS [&Type "Integer"] 0
   &CartesianCoordinates [&Type "Coordinates", &Dim(34,4), &Units "Bohr"] 
              H      0.196255473677   -9.290092523816   -7.338753107781
              H     -2.467516622194   -7.485482650319   -6.499833140176
              C     -0.432833085600   -7.662113328900   -6.245278796949
              N      0.726820804167   -5.421479625173   -7.413570407318
              H     -2.179060741765   -2.619016063638   -6.878685711957
              H     -0.486145473284   -9.693621651911   -2.745386320691
              H      4.405359324799   -6.862399382549   -8.350938317616
              C     -0.315188346720   -3.137249605418   -7.512900014759
              C      3.167473800616   -5.255102966608   -8.300403827264
              H      1.289641613723    1.848590244805  -10.529653585530
              C      0.252280682709   -7.908978461316   -3.463918270270
              N      1.363652308629   -1.524543392755   -8.454810254602
              C      3.564682082512   -2.812260553946   -8.954043186176
              H     -0.909208145158    1.637928191259   -7.974350124467
              H      2.292726166473   -7.882956149885   -3.192716425654
              C      0.996275490455    1.207171124521   -8.597479932517
              H      5.217061903652   -1.881589296807   -9.676613835368
              H     -0.572092341535   -6.381537126537   -2.362540698366
              H      2.325453770425    2.108901320450   -7.318042257048
              F      4.842039895651    2.916687194697   -3.031028345547
              O     -4.362545815835   -0.182230825919   -4.481560210788
              N     -0.074131275652   -0.105911336247   -2.850455579564
              F     -3.600152744375    4.111327427501   -1.010397350606
              O      3.969521282286   -2.446271818591   -3.063910905170
              S     -2.931039317662   -0.693210890128   -2.200754292616
              C      3.976839009642    1.986875892338   -0.831878108991
              F      2.429091986530    3.681812034604    0.197048196685
              S      2.336373498158   -1.100427811155   -1.336701812412
              C     -3.938366877883    1.839041464412    0.030286904351
              F      5.945106595673    1.646098935079    0.700305481790
              F     -6.383061843189    1.548100795002    0.567460741703
              O     -3.381913668979   -3.028694000514   -0.882023348050
              F     -2.611644536197    1.716086000842    2.161217443758
              O      1.895127961991   -2.117892447638    1.137239108488
$End
$SCF_Energy
   &GeometryIndex 3
   &ListStatus       OUT
   &SCF_ENERGY [&Type "Double"]      -2.1718974642688972e+03
$End
$DFT_Energy
   &GeometryIndex 3
   &ListStatus       OUT
   &NALPHAEL [&Type "Integer"] 98
   &NBETAEL [&Type "Integer"] 98
   &NTOTALEL [&Type "Integer"] 197
   &EEXCHANGE [&Type "Double"]      -1.6626787289360752e+02
   &ECORR [&Type "Double"]      -8.6080845547333240e+00
   &ECNL [&Type "Double"]       0.0000000000000000e+00
   &EXC [&Type "Double"]      -1.7487595744834084e+02
   &EEMBED [&Type "Double"]       0.0000000000000000e+00
   &FINALEN [&Type "Double"]      -2.1718974642688972e+03  "No Van der Waals correction"
$End
$VdW_Correction
   &GeometryIndex 3
   &ListStatus       OUT
   &VDW [&Type "Double"]      -8.2090011586027509e-02
$End
$SCF_Nuc_Gradient
   &GeometryIndex 3
   &ListStatus       OUT
   &NATOMS [&Type "Integer"] 34
   &ROOT [&Type "Integer"] 0
   &GRADNORM [&Type "Double"]       8.4162944928682145e-03
   &GRAD [&Type "ArrayOfDoubles", &Dim (102,1)] 
                                                         0

0                                     -1.4067532396629112e-04
1                                      2.8045067485862885e-04
2                                      1.0949644045371576e-04
3                                      3.6404521467539586e-04
4                                      2.0936842591344831e-05
5                                     -1.2470397453802698e-04
6                                     -2.7301573874947971e-05
7                                     -2.5118005074039728e-04
8                                      5.2632013082494489e-04
9                                      5.4681703595477887e-04
10                                     8.5577232378861168e-04
11                                    -9.2837768531883053e-04
12                                     9.9647211974313032e-04
13                                     6.7217025149183401e-04
14                                     3.8606874090833798e-04
15                                     2.4836661155366868e-04
16                                     2.6677797942292747e-04
17                                    -1.0090671323095823e-04
18                                    -3.8539217436289741e-04
19                                     9.3330407890501732e-05
20                                     1.1557570424206715e-05
21                                     2.9950152086058446e-04
22                                    -4.3576078073314858e-04
23                                    -5.0429047445711694e-05
24                                    -4.7226662449101342e-04
25                                     5.9150154943052313e-04
26                                     1.7806021615017140e-04
27                                    -1.1711878719499955e-04
28                                    -3.5601318731467990e-05
29                                     2.9895988660089134e-04
30                                    -2.5648289626284231e-04
31                                    -2.5060714456131596e-04
32                                     2.6358667123493884e-04
33                                     3.6141482843384150e-04
34                                    -1.3534819169345735e-03
35                                    -3.9037384693050778e-04
36                                    -6.5670628168927603e-04
37                                    -1.9165659896576426e-04
38                                     5.0483318017566225e-04
39                                     4.5431784498817240e-04
40                                    -2.5207739451091338e-04
41                                     4.2327815945666925e-05
42                                    -3.4573522365749509e-04
43                                     1.3257817948904597e-04
44                                    -2.5804424580222474e-05
45                                    -4.9013965384028541e-04
46                                     1.1367958857866761e-03
47                                    -1.9203789203330046e-05
48                                    -3.5097812182072197e-04
49                                     7.9325734057278385e-06
50                                     6.4030337252288239e-05
51                                     2.0167593430769903e-04
52                                    -2.5015522839122450e-05
53                                    -7.3015767072495685e-04
54                                    -2.2654065798487222e-04
55                                    -1.1132833717105439e-03
56                                     1.0717829925180333e-04
57                                     1.2437149950878523e-03
58                                    -4.5249197510938144e-04
59                                     1.2101630224939097e-03
60                                    -6.6172806415076835e-04
61                                     1.1544729565897138e-03
62                                    -1.9148670776152898e-03
63                                    -2.2143853830711158e-04
64                                     1.8100235987622837e-03
65                                    -3.5863762117708531e-03
66                                    -3.3707159098917555e-04
67                                    -1.5228934843847242e-03
68                                     8.6251727801904543e-04
69                                     4.7693240749560606e-04
70                                    -6.3662592313298849e-04
71                                    -1.1697055035415072e-03
72                                     3.1909021942061466e-04
73                                    -5.5368937634872606e-04
74                                     2.0757599255515902e-03
75                                    -7.2588309748980451e-04
76                                     1.2066102945024471e-03
77                                    -5.1585810269538790e-05
78                                     6.7956811641187165e-04
79                                    -9.0747069406363345e-04
80                                    -6.0336625381060549e-04
81                                     6.3729751085748673e-04
82                                    -3.3042472076758034e-04
83                                     1.8982867244254284e-03
84                                    -2.8379797024559450e-04
85                                     9.2997540216191443e-04
86                                     4.2773127965513302e-04
87                                    -1.3584092047892460e-03
88                                     6.3427945545582384e-04
89                                    -9.2022952333944974e-04
90                                     1.6079219935206113e-03
91                                    -5.8561876085813647e-05
92                                    -3.2558715973597663e-04
93                                    -4.0739804596605367e-04
94                                    -1.0042669659257042e-03
95                                     1.8939711109161039e-03
96                                    -9.4639751233785430e-04
97                                     7.4473469860465887e-05
98                                    -1.2158888001216339e-03
99                                    -2.5675005857067612e-05
100                                   -4.9299271739344785e-04
101                                    1.2967148501016879e-03
$End
$Geometry
   &GeometryIndex 4
   &ListStatus       OUT
   &NATOMS [&Type "Integer"] 34
   &NCORELESSECP [&Type "Integer"] 0
   &NGHOSTATOMS [&Type "Integer"] 0
   &CartesianCoordinates [&Type "Coordinates", &Dim(34,4), &Units "Bohr"] 
              H      0.214831761045   -9.288611649012   -7.334127396525
              H     -2.456506016422   -7.490765985539   -6.500071990184
              C     -0.421598397043   -7.663193869860   -6.240137747177
              N      0.736175586801   -5.417713170048   -7.399848378399
              H     -2.184187706149   -2.628246081181   -6.880508248375
              H     -0.496792535669   -9.699057544355   -2.743382581712
              H      4.428635633325   -6.840092649569   -8.322242052565
              C     -0.315870550295   -3.138603423126   -7.507769772085
              C      3.180278915465   -5.240116186897   -8.279225991650
              H      1.267517514079    1.847421821160  -10.534210071926
              C      0.252804784991   -7.916113553077   -3.456067672756
              N      1.357375372488   -1.517348982483   -8.445710214674
              C      3.567120850029   -2.796255759306   -8.936909688014
              H     -0.936403268101    1.633858279055   -7.983085379619
              H      2.292831221997   -7.900008127554   -3.177170535645
              C      0.973848357926    1.211566656920   -8.599704579350
              H      5.218521862555   -1.859738247490   -9.655416491949
              H     -0.570538964157   -6.386707256395   -2.355203977226
              H      2.296100846000    2.127172892308   -7.322014233579
              F      4.780314584767    2.937021658999   -3.037845107006
              O     -4.363845238660   -0.188384872371   -4.487244102783
              N     -0.077722127247   -0.111377021296   -2.849306658611
              F     -3.557572931903    4.120905906745   -1.027672422758
              O      3.962017696231   -2.447834755516   -3.081617919991
              S     -2.934390395417   -0.690217261943   -2.208346473730
              C      3.982878913326    1.967495326693   -0.830543634555
              F      2.460706164577    3.637386321496    0.275472865137
              S      2.332753366711   -1.110425870062   -1.349910973820
              C     -3.933397707287    1.854039297476    0.014911069924
              F      5.995827415387    1.600137668978    0.637599240361
              F     -6.386256304108    1.594735170359    0.532448346720
              O     -3.388452715551   -3.021323404244   -0.891315273581
              F     -2.623105318405    1.715330969170    2.155593664715
              O      1.892982144450   -2.139377582299    1.115514091911
$End
$SCF_Energy
   &GeometryIndex 4
   &ListStatus       OUT
   &SCF_ENERGY [&Type "Double"]      -2.1718975512616521e+03
$End
$DFT_Energy
   &GeometryIndex 4
   &ListStatus       OUT
   &NALPHAEL [&Type "Integer"] 98
   &NBETAEL [&Type "Integer"] 98
   &NTOTALEL [&Type "Integer"] 197
   &EEXCHANGE [&Type "Double"]      -1.6627241376443712e+02
   &ECORR [&Type "Double"]      -8.6084762412801137e+00
   &ECNL [&Type "Double"]       0.0000000000000000e+00
   &EXC [&Type "Double"]      -1.7488089000571722e+02
   &EEMBED [&Type "Double"]       0.0000000000000000e+00
   &FINALEN [&Type "Double"]      -2.1718975512616521e+03  "No Van der Waals correction"
$End
$VdW_Correction
   &GeometryIndex 4
   &ListStatus       OUT
   &VDW [&Type "Double"]      -8.2224278542932697e-02
$End
$SCF_Nuc_Gradient
   &GeometryIndex 4
   &ListStatus       OUT
   &NATOMS [&Type "Integer"] 34
   &ROOT [&Type "Integer"] 0
   &GRADNORM [&Type "Double"]       6.2308097008970673e-03
   &GRAD [&Type "ArrayOfDoubles", &Dim (102,1)] 
                                                         0

0                                     -7.0841807687523073e-05
1                                      1.0910104789818575e-04
2                                      7.1547472501404252e-05
3                                      1.6248610306682232e-04
4                                      8.6612295353092478e-06
5                                     -6.2071944838201082e-05
6                                      5.6999142503785100e-05
7                                     -4.3372291099565315e-05
8                                      2.8729633700914914e-04
9                                     -7.6140739464866658e-05
10                                     5.6060530287946331e-04
11                                    -4.5813983708089395e-04
12                                     9.9403755272117755e-04
13                                     7.2809456762520236e-04
14                                     4.2347134822191823e-04
15                                     1.4334765211400369e-04
16                                     1.3160192084368805e-04
17                                    -4.4753346247969339e-05
18                                    -1.9376883137964263e-04
19                                     4.5158965136238294e-06
20                                    -1.8019822806048316e-05
21                                     3.8638595564824407e-04
22                                    -6.7840817972748824e-04
23                                    -1.4948431610720494e-04
24                                    -1.6881943922384540e-04
25                                     4.5673485637402755e-04
26                                     2.2598172333000190e-04
27                                    -8.2636148932380832e-05
28                                     5.1718265987266143e-05
29                                     1.7245539862620340e-04
30                                    -2.1206162146633796e-04
31                                    -3.1055464879893580e-04
32                                     2.3616582703947508e-04
33                                    -2.0480832273201549e-06
34                                    -6.0047310124619613e-04
35                                    -7.8136386686581544e-05
36                                    -3.0375053809549024e-04
37                                    -2.0797513140445589e-04
38                                     2.9507477316910447e-04
39                                     2.0273351431693287e-04
40                                    -1.7233830896024038e-04
41                                     4.1710074632751726e-05
42                                    -1.4508998029538756e-04
43                                     6.5581997167366143e-05
44                                    -3.1940505969635380e-05
45                                    -5.4312866929120875e-04
46                                     9.8698489118825145e-04
47                                    -2.2417708473613379e-05
48                                    -1.7197015676501115e-04
49                                     2.2284682617640383e-05
50                                    -1.4357447237531296e-05
51                                     4.5658318464578129e-05
52                                     1.5494160830639703e-04
53                                    -5.9856629085633384e-04
54                                    -1.7737338058917973e-05
55                                    -9.8817452204939815e-04
56                                     1.6156097374481204e-04
57                                     8.6066311281726704e-04
58                                    -8.8313722309438236e-04
59                                     9.6742499804292059e-04
60                                     3.9012957521628033e-04
61                                     1.8565711222495729e-05
62                                     2.9069718537383382e-04
63                                    -4.0001388438695717e-04
64                                     5.5099803601692254e-04
65                                    -2.1495811512809160e-03
66                                    -1.5632588453363960e-04
67                                    -1.2943250867823441e-03
68                                     4.6482410278547714e-04
69                                    -8.0976577171579245e-04
70                                     3.9460908210611767e-04
71                                     3.9861167813864951e-04
72                                    -3.4286361415543365e-04
73                                    -1.2112318451709125e-03
74                                     7.2137273629693799e-04
75                                     7.9015651803696074e-05
76                                     1.8026788240307623e-03
77                                     4.6911508552578696e-05
78                                     2.6754308008250516e-04
79                                    -9.9383276459058534e-04
80                                    -4.2304056646355614e-04
81                                     6.7592092287917585e-04
82                                    -1.5793383329046062e-03
83                                     1.3324646078122088e-03
84                                    -5.5520546546212329e-04
85                                     1.1696995825935669e-03
86                                     8.8080540923420048e-04
87                                    -1.0676656212655067e-03
88                                     4.1999242286181598e-04
89                                    -5.8535785485117064e-04
90                                     1.2272065335213189e-03
91                                    -1.1434360252966791e-04
92                                    -3.8031336975226371e-04
93                                     1.6126967871002429e-04
94                                     1.0480030595338974e-03
95                                     1.3814561253797097e-04
96                                    -5.6747904913526104e-04
97                                    -1.0825124749251104e-04
98                                    -1.0153209224446624e-03
99                                     2.3391581913072279e-04
100                                    5.0038330767304684e-04
101                                   -1.1250202638392603e-03
$End
$Geometry
   &GeometryIndex 5
   &ListStatus       OUT
   &NATOMS [&Type "Integer"] 34
   &NCORELESSECP [&Type "Integer"] 0
   &NGHOSTATOMS [&Type "Integer"] 0
   &CartesianCoordinates [&Type "Coordinates", &Dim(34,4), &Units "Bohr"] 
              H      0.241920825182   -9.290326224408   -7.337673354054
              H     -2.438203024089   -7.501202871345   -6.506535172278
              C     -0.402863687552   -7.669069040945   -6.241049455154
              N      0.752562466714   -5.416995806054   -7.388995097276
              H     -2.192438283417   -2.647562975221   -6.896674278965
              H     -0.508783569055   -9.715596929337   -2.752028748045
              H      4.465379046665   -6.812208540983   -8.289533888923
              C     -0.315832436567   -3.145624901683   -7.512458819622
              C      3.201023129153   -5.223839117493   -8.259690091094
              H      1.240130698448    1.829993625298  -10.569150405416
              C      0.258300911244   -7.934485827830   -3.453159625055
              N      1.350189612700   -1.512376395202   -8.446240149733
              C      3.573640072425   -2.778046832456   -8.921876949427
              H     -0.982393518630    1.618305987684   -8.033928477351
              H      2.297666315048   -7.935374186967   -3.164280199444
              C      0.938792704255    1.210791692540   -8.629531209520
              H      5.224322289353   -1.833431591742   -9.632993689676
              H     -0.562017408252   -6.404538446575   -2.348236634133
              H      2.240591068493    2.158518277900   -7.352508521999
              F      4.654531965405    2.983688704959   -3.030417297057
              O     -4.360881309388   -0.177988588155   -4.492199663125
              N     -0.080596225297   -0.113840996556   -2.820050492629
              F     -3.510351604505    4.146218561203   -1.047397741689
              O      3.954298321708   -2.453813320438   -3.066656516651
              S     -2.942955201359   -0.676815796210   -2.209978640004
              C      3.992897490207    1.941997652676   -0.808896146575
              F      2.532197640762    3.568860453749    0.439347499906
              S      2.325859573249   -1.120928672019   -1.335307185497
              C     -3.930740744369    1.885476314503    0.000747086427
              F      6.092785406608    1.536576071912    0.526542997008
              F     -6.393995704653    1.668742479189    0.499202879249
              O     -3.413487703017   -3.005511361309   -0.901360326090
              F     -2.638785155603    1.733860602736    2.154249160418
              O      1.884118853873   -2.157893285685    1.123648861994
$End
$SCF_Energy
   &GeometryIndex 5
   &ListStatus       OUT
   &SCF_ENERGY [&Type "Double"]      -2.1718979912334289e+03
$End
$DFT_Energy
   &GeometryIndex 5
   &ListStatus       OUT
   &NALPHAEL [&Type "Integer"] 99
   &NBETAEL [&Type "Integer"] 99
   &NTOTALEL [&Type "Integer"] 197
   &EEXCHANGE [&Type "Double"]      -1.6627098282074314e+02
   &ECORR [&Type "Double"]      -8.6080437147837898e+00
   &ECNL [&Type "Double"]       0.0000000000000000e+00
   &EXC [&Type "Double"]      -1.7487902653552692e+02
   &EEMBED [&Type "Double"]       0.0000000000000000e+00
   &FINALEN [&Type "Double"]      -2.1718979912334289e+03  "No Van der Waals correction"
$End
$VdW_Correction
   &GeometryIndex 5
   &ListStatus       OUT
   &VDW [&Type "Double"]      -8.2040789799330882e-02
$End
$SCF_Nuc_Gradient
   &GeometryIndex 5
   &ListStatus       OUT
   &NATOMS [&Type "Integer"] 34
   &ROOT [&Type "Integer"] 0
   &GRADNORM [&Type "Double"]       7.5338752600271454e-03
   &GRAD [&Type "ArrayOfDoubles", &Dim (102,1)] 
                                                         0

0                                      3.4294460253943282e-05
1                                     -1.0440083756457774e-04
2                                     -2.4591106780574856e-05
3                                     -1.3360820918537075e-04
4                                     -2.4353616226262254e-05
5                                      3.2936862980458698e-05
6                                      1.3416624244223449e-04
7                                      2.8547749360961598e-04
8                                     -2.2808991360460940e-04
9                                     -7.4285404473793670e-04
10                                    -1.4012401185425905e-04
11                                     2.8090732550851288e-04
12                                     5.7330423407087050e-04
13                                     7.7321499335810534e-04
14                                     4.3648359668878312e-04
15                                    -5.2463814611089510e-05
16                                    -6.3772316834298515e-05
17                                     4.8229850541883779e-05
18                                     8.4313062696766972e-05
19                                    -5.5262834123076532e-05
20                                    -5.9873477403062612e-05
21                                     2.3418252182133559e-04
22                                    -1.0931732665030031e-03
23                                    -3.7747938555512148e-04
24                                     3.3806480034236780e-04
25                                    -4.8271864195870151e-06
26                                    -2.1801760929388014e-04
27                                    -2.5197484094720279e-05
28                                     1.3767927134214486e-04
29                                    -8.5544941497733840e-05
30                                    -1.4896522801170764e-05
31                                    -3.7588563843441608e-04
32                                     3.0151365645023076e-04
33                                    -3.2974349108685214e-04
34                                     5.8871788458242369e-04
35                                    -1.6292356597464100e-04
36                                     4.1483901868834272e-04
37                                    -1.4429026565822289e-04
38                                     7.5503853493516515e-05
39                                    -9.1481511297314411e-05
40                                    -7.9985553326895886e-05
41                                     1.0775525918493845e-05
42                                     1.2600658076036830e-04
43                                    -7.0574257906082076e-05
44                                    -3.5464414756603002e-05
45                                    -5.0838960295197279e-04
46                                     6.6580137635582209e-04
47                                    -1.2142317765629143e-04
48                                     9.0473872575352887e-05
49                                     9.5279416534588268e-06
50                                    -4.6288909512762211e-05
51                                    -2.0349528951946194e-04
52                                     3.4426953084354395e-04
53                                    -2.5720877847222601e-04
54                                     2.0297933825576264e-04
55                                    -5.7248954317809519e-04
56                                     2.2309660294975164e-04
57                                     5.9831112497010785e-04
58                                    -9.6133960448555045e-04
59                                    -9.9998981898719030e-05
60                                     7.9215873997964814e-04
61                                    -1.1074331642736274e-03
62                                     2.3034941240411277e-03
63                                    -6.8577412282007366e-05
64                                    -9.7854555586453229e-04
65                                     4.1111516485986543e-04
66                                     1.0444481298004654e-04
67                                    -2.4495749128272681e-05
68                                    -2.4271535533548771e-04
69                                    -1.5543706601982565e-03
70                                     1.3719672880754263e-03
71                                     2.0522373367536928e-03
72                                    -1.2322558828517516e-03
73                                    -1.4166478484219924e-03
74                                    -7.6964045621558119e-04
75                                     3.2706916081735871e-04
76                                     1.3195982845170817e-03
77                                     2.4069053777266147e-04
78                                    -4.4767913767740364e-04
79                                    -4.3948904962712310e-04
80                                     1.7171130626403297e-04
81                                     4.8672283216558490e-04
82                                    -2.1455660411449640e-03
83                                     1.4470104954383833e-04
84                                    -4.1666919352482956e-04
85                                     4.7337078738407534e-04
86                                     6.3353119850524664e-04
87                                     2.2390766565794085e-05
88                                     1.2824940991980338e-04
89                                     8.9671349382869359e-05
90                                    -2.2288114217672295e-05
91                                    -4.2494534807199086e-05
92                                    -1.4404893586807133e-04
93                                     7.1402404294780564e-04
94                                     2.6542214575251966e-03
95                                    -1.6497544369560302e-03
96                                     2.0001364892160978e-04
97                                    -1.8796683567928740e-04
98                                    -2.9143050745361609e-05
99                                     3.6621114411361511e-04
100                                    1.2810220090681834e-03
101                                   -2.9043928316679901e-03
$End
$Geometry
   &GeometryIndex 6
   &ListStatus       OUT
   &NATOMS [&Type "Integer"] 34
   &NCORELESSECP [&Type "Integer"] 0
   &NGHOSTATOMS [&Type "Integer"] 0
   &CartesianCoordinates [&Type "Coordinates", &Dim(34,4), &Units "Bohr"] 
              H      0.264227660506   -9.281575466138   -7.322375160996
              H     -2.425710808731   -7.500316105618   -6.503414528839
              C     -0.391053031893   -7.662628360481   -6.228232385613
              N      0.763670868160   -5.406456324770   -7.368019655072
              H     -2.202223429531   -2.654433388216   -6.907288276009
              H     -0.519523112284   -9.710207091180   -2.742220996618
              H      4.494277398054   -6.780226519503   -8.232671062038
              C     -0.317831419252   -3.141759687213   -7.507163670258
              C      3.217809474944   -5.201108115263   -8.220431996427
              H      1.223354169474    1.825295775482  -10.578067700662
              C      0.255753704910   -7.929673467081   -3.436777154287
              N      1.346788921452   -1.500176081650   -8.430785187493
              C      3.580121926959   -2.755268709668   -8.889732683621
              H     -1.010974822242    1.616266116370   -8.053441730040
              H      2.293562229530   -7.935620204805   -3.136631070738
              C      0.917136436379    1.218724366730   -8.635023674662
              H      5.231606832086   -1.804005641747   -9.590573888408
              H     -0.567736585878   -6.400214491522   -2.333387197728
              H      2.204739624327    2.189707300231   -7.360061492648
              F      4.550830150811    3.012618205013   -3.042133313667
              O     -4.356578192453   -0.170609885621   -4.511248061653
              N     -0.083572393507   -0.121031429736   -2.815098358089
              F     -3.487351754296    4.152802723606   -1.066840503472
              O      3.945148431912   -2.468614553945   -3.106876879054
              S     -2.949534704392   -0.675552173488   -2.223448779995
              C      4.001521750199    1.904651734876   -0.820397694148
              F      2.596172286066    3.490498280686    0.541007791474
              S      2.326026516376   -1.147704914299   -1.355886990014
              C     -3.931110817438    1.894156028496   -0.018962463421
              F      6.165974700042    1.474522705167    0.402679851268
              F     -6.399710538677    1.700141372230    0.469104782049
              O     -3.433707480276   -3.006164633661   -0.920706982261
              F     -2.650983094208    1.735632050166    2.142391619979
              O      1.895761918609   -2.206110697712    1.097645201683
$End
$SCF_Energy
   &GeometryIndex 6
   &ListStatus       OUT
   &SCF_ENERGY [&Type "Double"]      -2.1718978828611585e+03
$End
$DFT_Energy
   &GeometryIndex 6
   &ListStatus       OUT
   &NALPHAEL [&Type "Integer"] 99
   &NBETAEL [&Type "Integer"] 99
   &NTOTALEL [&Type "Integer"] 197
   &EEXCHANGE [&Type "Double"]      -1.6626854050955825e+02
   &ECORR [&Type "Double"]      -8.6080798017351619e+00
   &ECNL [&Type "Double"]       0.0000000000000000e+00
   &EXC [&Type "Double"]      -1.7487662031129341e+02
   &EEMBED [&Type "Double"]       0.0000000000000000e+00
   &FINALEN [&Type "Double"]      -2.1718978828611585e+03  "No Van der Waals correction"
$End
$VdW_Correction
   &GeometryIndex 6
   &ListStatus       OUT
   &VDW [&Type "Double"]      -8.2262467574749448e-02
$End
$SCF_Nuc_Gradient
   &GeometryIndex 6
   &ListStatus       OUT
   &NATOMS [&Type "Integer"] 34
   &ROOT [&Type "Integer"] 0
   &GRADNORM [&Type "Double"]       6.3544374367129454e-03
   &GRAD [&Type "ArrayOfDoubles", &Dim (102,1)] 
                                                         0

0                                      8.6270219700826378e-05
1                                     -1.4620627686462440e-04
2                                     -4.2235004046015101e-05
3                                     -2.0726787302002836e-04
4                                     -4.3138787691437974e-05
5                                      6.8013609273314540e-05
6                                      1.3200178517296102e-05
7                                      2.8149949992414998e-04
8                                     -4.4244167356151387e-04
9                                     -7.7541386214703689e-04
10                                    -4.0103268954486126e-04
11                                     5.9805675429278060e-04
12                                     5.0934406622984985e-04
13                                     7.2565497627778697e-04
14                                     4.7905899578116334e-04
15                                    -1.5179232315776225e-04
16                                    -1.2285051473889808e-04
17                                     2.9223164883768193e-05
18                                     2.0565908863709459e-04
19                                    -7.2634514634323244e-05
20                                    -4.8209864941029402e-05
21                                    -2.9943497768236682e-04
22                                    -1.0711500848528798e-03
23                                    -3.9471233043782334e-04
24                                     5.2558914263570178e-04
25                                    -1.6124439675405111e-04
26                                     1.0131906958750318e-04
27                                    -7.1923897095038658e-07
28                                     1.2227354152418574e-04
29                                    -1.1673131074996235e-04
30                                     7.2039305871015452e-05
31                                    -1.4328600375130033e-04
32                                     2.9099734491519480e-04
33                                    -2.1346836325495874e-04
34                                     9.5075043487929944e-04
35                                     2.4884705639261276e-04
36                                     5.5471444248846036e-04
37                                    -1.7413712267960735e-05
38                                    -1.8877083952801438e-04
39                                    -2.5231949364881712e-04
40                                    -3.7497951844357724e-05
41                                     5.7197743128650780e-06
42                                     1.8034983926695780e-04
43                                    -9.0042149869435685e-05
44                                    -1.6724850793042867e-06
45                                    -4.0241005905180226e-04
46                                     5.0534550813994064e-04
47                                    -9.7979458743759767e-05
48                                     1.8280652810989673e-04
49                                    -9.9096387206482062e-06
50                                    -1.0191006189232132e-04
51                                    -2.0689727106557032e-04
52                                     3.6521788732910010e-04
53                                    -1.3777444692068819e-04
54                                     3.0160496688251548e-04
55                                    -1.9772937669521040e-04
56                                     2.5288456214761501e-04
57                                     2.9330444228979624e-04
58                                    -6.5822655935524055e-04
59                                    -7.0294241583404582e-04
60                                     7.3543244365881222e-04
61                                    -1.2528052062531214e-03
62                                     2.0095066636549030e-03
63                                     1.2860488300974610e-04
64                                    -1.3156958020427434e-03
65                                     1.0693710017759539e-03
66                                     1.8159976905665620e-04
67                                     7.5970800890473589e-04
68                                    -4.6885483102114545e-04
69                                    -1.0363235569443296e-03
70                                     1.0007180456838849e-03
71                                     1.3901126457316337e-03
72                                    -1.2006865346128326e-03
73                                    -4.0017076745180180e-04
74                                    -1.0920224159347847e-03
75                                    -1.7198850782650099e-04
76                                     3.7213417433300255e-04
77                                     1.6432823699811389e-04
78                                    -4.8151993190490017e-04
79                                     9.0665200060013884e-05
80                                     5.3564175103856804e-04
81                                     3.5524102073448277e-04
82                                    -1.4263839109347476e-03
83                                    -9.2481341033462394e-04
84                                    -3.8472019857085926e-05
85                                    -3.7035667789182825e-04
86                                     5.2145745242634933e-05
87                                     6.3130858542709278e-04
88                                    -2.3886008054876950e-06
89                                     3.4793249650882929e-04
90                                    -7.0083872097348454e-04
91                                     1.1506397439876165e-04
92                                     1.1628464180417353e-04
93                                     6.8687445239463962e-04
94                                     1.7279377840693222e-03
95                                    -1.5163766255483491e-03
96                                     3.8086789704877555e-04
97                                    -5.1151048475606489e-05
98                                     4.9733121219835974e-04
99                                     1.1474146977194510e-04
100                                    9.7434566077334028e-04
101                                   -1.9793275505313734e-03
$End
$Geometry
   &GeometryIndex 7
   &ListStatus       OUT
   &NATOMS [&Type "Integer"] 34
   &NCORELESSECP [&Type "Integer"] 0
   &NGHOSTATOMS [&Type "Integer"] 0
   &CartesianCoordinates [&Type "Coordinates", &Dim(34,4), &Units "Bohr"] 
              H      0.261215954706   -9.281810365624   -7.322392149856
              H     -2.425288777145   -7.498175274076   -6.499188108434
              C     -0.390523282637   -7.661974762198   -6.227908443650
              N      0.763569384995   -5.407384117664   -7.372089870155
              H     -2.205933424378   -2.658314532133   -6.921092253129
              H     -0.511002193427   -9.709475041217   -2.742836201587
              H      4.493695482049   -6.782356844551   -8.230346949518
              C     -0.319591623576   -3.143475847166   -7.517122035153
              C      3.216750337560   -5.203930046513   -8.223876195679
              H      1.229287053285    1.806113468002  -10.609160403026
              C      0.262127606638   -7.928473948385   -3.438066865578
              N      1.346305307706   -1.504323795769   -8.442167896683
              C      3.579638322828   -2.759243085174   -8.895607273675
              H     -1.018010677299    1.609468672134   -8.096188618045
              H      2.300133425422   -7.933556472784   -3.141488880048
              C      0.914027024959    1.212120528720   -8.663882831191
              H      5.231736305831   -1.808911338896   -9.595516012080
              H     -0.559847236576   -6.400800161331   -2.331936389425
              H      2.189761527662    2.197945334334   -7.388711192673
              F      4.509088844568    3.039484209446   -3.016980239956
              O     -4.346966065290   -0.149866795842   -4.514036761093
              N     -0.079982656101   -0.113395110652   -2.796232663537
              F     -3.481880272405    4.156923081414   -1.054469528259
              O      3.946969540276   -2.467798919271   -3.088705383047
              S     -2.949184973113   -0.668554455098   -2.220769553980
              C      4.002207465414    1.903274500064   -0.799269036359
              F      2.617895354032    3.472717292454    0.601450086641
              S      2.326315250056   -1.146908470161   -1.335656571725
              C     -3.932095332171    1.896546610143   -0.014148047387
              F      6.188199134163    1.466880331265    0.382321515644
              F     -6.402016438983    1.705376167890    0.466942794155
              O     -3.444687306066   -3.003208131016   -0.924387084777
              F     -2.658886792044    1.731137340545    2.150514633624
              O      1.893856544800   -2.210491305154    1.117934118160
$End
$SCF_Energy
   &GeometryIndex 7
   &ListStatus       OUT
   &SCF_ENERGY [&Type "Double"]      -2.1718981563216325e+03
$End
$DFT_Energy
   &GeometryIndex 7
   &ListStatus       OUT
   &NALPHAEL [&Type "Integer"] 99
   &NBETAEL [&Type "Integer"] 99
   &NTOTALEL [&Type "Integer"] 198
   &EEXCHANGE [&Type "Double"]      -1.6626629557313314e+02
   &ECORR [&Type "Double"]      -8.6076941729139307e+00
   &ECNL [&Type "Double"]       0.0000000000000000e+00
   &EXC [&Type "Double"]      -1.7487398974604707e+02
   &EEMBED [&Type "Double"]       0.0000000000000000e+00
   &FINALEN [&Type "Double"]      -2.1718981563216325e+03  "No Van der Waals correction"
$End
$VdW_Correction
   &GeometryIndex 7
   &ListStatus       OUT
   &VDW [&Type "Double"]      -8.2049402949921857e-02
$End
$SCF_Nuc_Gradient
   &GeometryIndex 7
   &ListStatus       OUT
   &NATOMS [&Type "Integer"] 34
   &ROOT [&Type "Integer"] 0
   &GRADNORM [&Type "Double"]       3.4304985458263270e-03
   &GRAD [&Type "ArrayOfDoubles", &Dim (102,1)] 
                                                         0

0                                      6.0377347876929000e-05
1                                     -7.0524328987547902e-05
2                                      2.6542249628724868e-07
3                                     -1.0842580352238285e-04
4                                     -4.3422586949840719e-05
5                                      5.8240369228843014e-05
6                                     -3.5949202056229784e-05
7                                      1.9387327879126330e-04
8                                     -3.7979229864544550e-04
9                                     -2.6662922667482561e-04
10                                    -2.3132120578361892e-04
11                                     4.1524479843466078e-04
12                                     3.9490191889623993e-04
13                                     5.2580131315135836e-04
14                                     3.8145431978624939e-04
15                                    -1.4476573012511817e-04
16                                    -5.3627012832901944e-05
17                                    -5.1348920433735845e-07
18                                     1.3536422795512593e-04
19                                    -1.1536829372382762e-07
20                                    -2.3062542153041120e-05
21                                    -3.1608814676961638e-04
22                                    -7.2789068087603104e-04
23                                    -5.7229650616676467e-04
24                                     2.4794743230229649e-04
25                                    -1.0488551174291094e-04
26                                    -1.8448916239393459e-04
27                                     6.4947822855272730e-06
28                                     1.3459575743626773e-05
29                                    -7.9554141322379923e-05
30                                     1.1868663554562807e-04
31                                    -5.3120825312581547e-05
32                                     2.8121070793328540e-04
33                                    -6.3118780914523179e-05
34                                     5.0582027690476705e-04
35                                     3.5534021601956595e-05
36                                     2.3995471310177263e-04
37                                    -5.8643395498533812e-05
38                                    -1.7415419940089438e-05
39                                    -9.0503340313546898e-05
40                                    -5.1718677656721612e-05
41                                    -2.0587382647499486e-05
42                                     7.7353497654364389e-05
43                                    -8.8480490935313933e-05
44                                     2.2532630879687487e-06
45                                    -1.1465392704136657e-04
46                                     2.9469040995479256e-04
47                                    -8.0444392174975482e-05
48                                     1.1273738628880814e-04
49                                    -5.8228874335652936e-05
50                                    -2.5263473973580197e-05
51                                    -1.3248029463647226e-04
52                                     1.9144965228232169e-04
53                                    -1.5702750247635622e-04
54                                     5.8350460275663485e-05
55                                     4.3102286683596724e-05
56                                     1.0796662555677405e-04
57                                     5.2802429639009496e-05
58                                    -1.6464864675541646e-04
59                                    -6.1025183295901342e-04
60                                    -2.6273444546698332e-05
61                                    -5.5704147727611564e-04
62                                     8.2673845873726393e-04
63                                     2.4674464003790475e-04
64                                    -9.0477119913449922e-04
65                                     1.2283256725911240e-03
66                                     1.4432316472597073e-04
67                                     6.3311008482319631e-04
68                                    -3.3930076815862076e-04
69                                    -2.5088882828161463e-04
70                                     4.4370918443348284e-04
71                                     6.5257421477715738e-04
72                                    -6.4096822067660764e-04
73                                     9.9793047549562308e-05
74                                    -6.6927188730116216e-04
75                                    -3.3821967744764037e-04
76                                    -3.1785798906952545e-04
77                                     1.5982314276486581e-04
78                                    -1.0241834375074310e-04
79                                     1.7804560310169526e-04
80                                     2.6252662587891717e-04
81                                     1.1000494114248027e-04
82                                    -1.3806131840296554e-04
83                                    -8.7480628517845604e-04
84                                     1.2309188022922163e-04
85                                    -4.2203907532403773e-04
86                                    -1.6127954151307078e-04
87                                     5.0352391551850006e-04
88                                     6.4639131662082294e-05
89                                     3.0686142445029985e-04
90                                    -4.5577158389270567e-04
91                                     1.1039963794951153e-04
92                                     1.0561937007595723e-04
93                                     3.1954250344543023e-04
94                                     4.8422924929669708e-04
95                                    -4.9525431609884207e-04
96                                     2.3681296600691626e-04
97                                     1.5104180754677010e-05
98                                     3.5870093434953176e-04
99                                    -1.0186030436176718e-04
100                                    2.4917174249869389e-04
101                                   -4.9272841008990431e-04
$End
$Geometry
   &GeometryIndex 8
   &ListStatus       OUT
   &NATOMS [&Type "Integer"] 34
   &NCORELESSECP [&Type "Integer"] 0
   &NGHOSTATOMS [&Type "Integer"] 0
   &CartesianCoordinates [&Type "Coordinates", &Dim(34,4), &Units "Bohr"] 
              H      0.252576018906   -9.278458005942   -7.313672245753
              H     -2.429790552240   -7.490870357717   -6.487619939264
              C     -0.394963410429   -7.656552089361   -6.220233295533
              N      0.758934545851   -5.404832544663   -7.370950236225
              H     -2.209874658331   -2.655007461356   -6.926758406154
              H     -0.501363040913   -9.699102776397   -2.732340970423
              H      4.486032054940   -6.786075161333   -8.222597138044
              C     -0.322531362368   -3.140059293153   -7.519506587687
              C      3.211744242858   -5.205823121074   -8.220438002843
              H      1.239535683750    1.797758235661  -10.620558430751
              C      0.265351945933   -7.917660967960   -3.432658105942
              N      1.346703721797   -1.505496544759   -8.445141949466
              C      3.577839354610   -2.762941812155   -8.895523218030
              H     -1.012450907441    1.612713531350   -8.111457912593
              H      2.303802581841   -7.917071852944   -3.141204415335
              C      0.919723136405    1.210242473293   -8.674322861648
              H      5.230955031168   -1.814735443529   -9.595248179522
              H     -0.556389968425   -6.390171781737   -2.327302119372
              H      2.192943188500    2.199967243798   -7.400062061476
              F      4.508074533492    3.051752385573   -3.003277835439
              O     -4.340985610509   -0.139028819254   -4.521033566636
              N     -0.077901612050   -0.105645014378   -2.798972117172
              F     -3.496796292457    4.151575681402   -1.043912430874
              O      3.946397322240   -2.463103980217   -3.105137512453
              S     -2.946772432310   -0.667515129627   -2.225395784333
              C      4.003963123917    1.900606588306   -0.793630871101
              F      2.620332417606    3.462302028777    0.615479826279
              S      2.328883074704   -1.148087339797   -1.341778646619
              C     -3.936211714269    1.887080011133   -0.011587344787
              F      6.189720632457    1.457552786003    0.383855514118
              F     -6.404105911284    1.682745407205    0.470759877272
              O     -3.444557099449   -3.006057125116   -0.932660359014
              F     -2.661241486476    1.719830156714    2.151141156814
              O      1.899306263715   -2.224271191011    1.108675878526
$End
$SCF_Energy
   &GeometryIndex 8
   &ListStatus       OUT
   &SCF_ENERGY [&Type "Double"]      -2.1718981427427907e+03
$End
$DFT_Energy
   &GeometryIndex 8
   &ListStatus       OUT
   &NALPHAEL [&Type "Integer"] 99
   &NBETAEL [&Type "Integer"] 99
   &NTOTALEL [&Type "Integer"] 198
   &EEXCHANGE [&Type "Double"]      -1.6626629970732120e+02
   &ECORR [&Type "Double"]      -8.6077636126766208e+00
   &ECNL [&Type "Double"]       0.0000000000000000e+00
   &EXC [&Type "Double"]      -1.7487406331999782e+02
   &EEMBED [&Type "Double"]       0.0000000000000000e+00
   &FINALEN [&Type "Double"]      -2.1718981427427907e+03  "No Van der Waals correction"
$End
$VdW_Correction
   &GeometryIndex 8
   &ListStatus       OUT
   &VDW [&Type "Double"]      -8.2089105317491279e-02
$End
$SCF_Nuc_Gradient
   &GeometryIndex 8
   &ListStatus       OUT
   &NATOMS [&Type "Integer"] 34
   &ROOT [&Type "Integer"] 0
   &GRADNORM [&Type "Double"]       1.9945533753368883e-03
   &GRAD [&Type "ArrayOfDoubles", &Dim (102,1)] 
                                                         0

0                                      2.8579322196783941e-05
1                                      1.1047861936480663e-05
2                                      4.7156363098446730e-05
3                                      7.2995987602242351e-06
4                                     -2.2832637896619615e-05
5                                      1.0270358444086636e-05
6                                     -7.5051918571576032e-05
7                                      2.9470065902086062e-05
8                                     -1.1773042633710096e-04
9                                      2.0670776436998439e-04
10                                     2.2751376149821034e-05
11                                     1.5050500543248996e-04
12                                     3.3946152904304472e-04
13                                     3.4851436589647400e-04
14                                     3.6883772196838471e-04
15                                    -8.7651036950103789e-05
16                                     1.8112266436026703e-05
17                                    -4.3043964024394588e-05
18                                     2.6056041922295492e-05
19                                     3.7826662287798740e-05
20                                     2.1416750265303239e-06
21                                    -3.1497646754219399e-04
22                                    -2.2187864113214911e-04
23                                    -6.2001373835210687e-04
24                                    -3.8682214772475798e-05
25                                     1.9982667223028550e-05
26                                    -6.2623360301650860e-05
27                                     1.5219055002867188e-05
28                                    -7.2572793563555060e-05
29                                    -1.6325091235225297e-06
30                                     8.2309709128826000e-05
31                                     3.3553778378183708e-05
32                                     1.8896319241738790e-04
33                                     6.7001184934399952e-05
34                                     9.4788101212550657e-07
35                                     1.0716440253863424e-04
36                                    -9.5240805776053428e-05
37                                    -3.6017377576177956e-05
38                                     8.9419267696101701e-05
39                                     1.7854332300643039e-05
40                                    -4.5929685485203431e-05
41                                    -3.9453090162067106e-06
42                                    -3.6195176579573163e-05
43                                    -3.9010152184019585e-05
44                                     1.7379966482086728e-05
45                                     1.2360835445540327e-04
46                                     7.5952969330762149e-05
47                                    -2.9835468380930152e-05
48                                     2.4898982486393217e-05
49                                    -6.4636695544545431e-05
50                                    -6.1316426581969896e-07
51                                    -2.1777073454895546e-05
52                                     8.5306404741997133e-05
53                                    -2.8908572207100858e-04
54                                    -1.1245605484289101e-04
55                                     1.5258953446849188e-04
56                                     1.2405439381815708e-05
57                                    -5.6703143813521817e-05
58                                     9.9261375454490208e-05
59                                    -2.2837490992549947e-04
60                                    -3.0968560425789771e-04
61                                     6.2134985517714458e-05
62                                    -2.7664887405709493e-04
63                                     1.1041092665237812e-04
64                                    -3.9252523170109355e-04
65                                     5.2130855715143420e-04
66                                     2.8537403512413073e-05
67                                     1.5960448711416220e-04
68                                    -7.8795526357269829e-05
69                                     2.0261809499466654e-04
70                                    -1.5135448129779960e-04
71                                    -3.0304303153039225e-04
72                                    -5.0220965706893050e-06
73                                     2.5670121574172811e-04
74                                    -6.8053778939092258e-05
75                                    -1.9542060075070089e-04
76                                    -4.6010427419113098e-04
77                                     1.5099873921819995e-04
78                                     1.3964960726217668e-04
79                                     1.6324840889309078e-04
80                                    -1.0875149477479473e-04
81                                     3.9433922571913138e-06
82                                     5.8228413050342986e-04
83                                    -4.2375638448211711e-04
84                                     1.4296965431583042e-04
85                                    -1.6750230444190217e-04
86                                    -1.6562120090236887e-04
87                                     9.7278304737768995e-05
88                                     9.8541229026444244e-05
89                                     1.1737104079245775e-04
90                                    -2.5643234813021998e-05
91                                     7.0898378214716284e-05
92                                     4.1551365488001757e-05
93                                    -6.2565204538678199e-05
94                                    -4.5352900092426873e-04
95                                     4.4907408005978589e-04
96                                    -2.9429201957614781e-05
97                                     6.4516544401180959e-05
98                                     6.9594475986534121e-06
99                                    -1.9790339550469771e-04
100                                   -2.6535330215321506e-04
101                                    5.4006223833064082e-04
$End
$Geometry
   &GeometryIndex 9
   &ListStatus       OUT
   &NATOMS [&Type "Integer"] 34
   &NCORELESSECP [&Type "Integer"] 0
   &NGHOSTATOMS [&Type "Integer"] 0
   &CartesianCoordinates [&Type "Coordinates", &Dim(34,4), &Units "Bohr"] 
              H      0.244678896171   -9.277889601746   -7.308439974233
              H     -2.433119349580   -7.486474144307   -6.476605035964
              C     -0.397833858908   -7.654275515655   -6.214639459664
              N      0.755119907752   -5.404775084654   -7.371159668799
              H     -2.213181201173   -2.654303619821   -6.932144436303
              H     -0.491674086124   -9.693248441528   -2.723926164948
              H      4.480418298629   -6.789817394126   -8.220378024693
              C     -0.325241107063   -3.139560599205   -7.522533515441
              C      3.207595392914   -5.208469640534   -8.220796829622
              H      1.243477494121    1.791581334029  -10.631161730555
              C      0.270978044479   -7.912148828997   -3.429176173615
              N      1.345086404689   -1.507753950967   -8.450318003335
              C      3.575148709905   -2.766754950011   -8.899377079203
              H     -1.012183755609    1.612861584431   -8.125209194848
              H      2.310243128409   -7.909105202714   -3.143854093740
              C      0.920385548510    1.207483702767   -8.684488817254
              H      5.228444181564   -1.819763801676   -9.600086916615
              H     -0.548289950732   -6.383444708641   -2.323828357370
              H      2.191600930222    2.199849766249   -7.410272130764
              F      4.509065853808    3.061641520782   -2.985306301962
              O     -4.335529779426   -0.130162509003   -4.526603746096
              N     -0.074794767075   -0.096700045088   -2.802172874025
              F     -3.503556146135    4.151258576047   -1.034521430473
              O      3.948408297193   -2.456182401130   -3.110917446032
              S     -2.943238247581   -0.663219610597   -2.230350670994
              C      4.005573085407    1.899561381580   -0.782305535062
              F      2.622096702546    3.452945391696    0.635856929006
              S      2.329776910120   -1.146120567651   -1.344348143715
              C     -3.938661827518    1.883269059137   -0.010260804387
              F      6.190802579305    1.448081622226    0.391676280000
              F     -6.406080530039    1.671146439908    0.469330174217
              O     -3.441343500210   -3.004032313170   -0.941255071087
              F     -2.665103049899    1.711238989957    2.152655279764
              O      1.897813607068   -2.231157721855    1.101848676335
$End
$SCF_Energy
   &GeometryIndex 9
   &ListStatus       OUT
   &SCF_ENERGY [&Type "Double"]      -2.1718981549509099e+03
$End
$DFT_Energy
   &GeometryIndex 9
   &ListStatus       OUT
   &NALPHAEL [&Type "Integer"] 99
   &NBETAEL [&Type "Integer"] 99
   &NTOTALEL [&Type "Integer"] 198
   &EEXCHANGE [&Type "Double"]      -1.6626693023841054e+02
   &ECORR [&Type "Double"]      -8.6078130569965907e+00
   &ECNL [&Type "Double"]       0.0000000000000000e+00
   &EXC [&Type "Double"]      -1.7487474329540714e+02
   &EEMBED [&Type "Double"]       0.0000000000000000e+00
   &FINALEN [&Type "Double"]      -2.1718981549509099e+03  "No Van der Waals correction"
$End
$VdW_Correction
   &GeometryIndex 9
   &ListStatus       OUT
   &VDW [&Type "Double"]      -8.2088869182425153e-02
$End
$SCF_Nuc_Gradient
   &GeometryIndex 9
   &ListStatus       OUT
   &NATOMS [&Type "Integer"] 34
   &ROOT [&Type "Integer"] 0
   &GRADNORM [&Type "Double"]       1.9605589509137712e-03
   &GRAD [&Type "ArrayOfDoubles", &Dim (102,1)] 
                                                         0

0                                      1.0846350039978025e-05
1                                      2.8243231689345505e-05
2                                      5.1506741444037885e-05
3                                      3.9248267684477423e-05
4                                     -9.3061238809061253e-06
5                                     -1.9598542642083189e-05
6                                     -5.9944966325251731e-05
7                                     -2.4438255425276306e-05
8                                      3.4082522123279890e-05
9                                      3.0578292143886021e-04
10                                     1.0554450446395580e-04
11                                     3.1588900929434283e-05
12                                     3.1668653907881983e-04
13                                     2.5229722052013542e-04
14                                     3.1453244355544169e-04
15                                    -4.8404011222746846e-05
16                                     3.5836771576730486e-05
17                                    -4.4580121001044914e-05
18                                    -2.2231379379372695e-05
19                                     3.4050233487403769e-05
20                                     1.5182515046177235e-05
21                                    -2.5280703140873051e-04
22                                     1.5878360345486509e-05
23                                    -6.1854098861211394e-04
24                                    -1.6258141904168522e-04
25                                     2.2926111373403057e-05
26                                    -1.3330110356105096e-05
27                                     1.9180683620022287e-05
28                                    -7.6583271145146126e-05
29                                     1.9856832087744580e-05
30                                     6.1280654457804284e-05
31                                    -2.2565235723967687e-05
32                                     1.3007718170540694e-04
33                                     9.7888557331927972e-05
34                                    -2.0770073610662521e-04
35                                     1.3643706741466033e-04
36                                    -1.7791959642934896e-04
37                                     3.7557497363144288e-05
38                                     7.1984263819692418e-05
39                                     5.4164637444065189e-05
40                                    -1.1680820587431362e-05
41                                     1.7369683809193015e-06
42                                    -6.2344991318546983e-05
43                                    -1.4812213137294170e-05
44                                     2.4011049514348348e-05
45                                     2.0720623934443981e-04
46                                    -9.9358756612648313e-05
47                                    -1.9033192777320046e-05
48                                    -1.3485268869600775e-05
49                                    -4.7465697765092241e-05
50                                     1.3616219870379864e-05
51                                    -2.2572246770463655e-06
52                                     1.1049950337116421e-04
53                                    -3.3864899726743225e-04
54                                    -1.7487525607730314e-04
55                                     2.2973675573623176e-04
56                                    -2.5323078600369975e-05
57                                    -9.2597462095278527e-05
58                                    -3.6890467165234808e-05
59                                    -4.4811636065594795e-05
60                                    -2.7408938065914823e-04
61                                     2.0623435380037747e-04
62                                    -5.0214206170334785e-04
63                                    -1.0589331599017426e-06
64                                    -1.5212033635027267e-04
65                                     1.9380644399216718e-04
66                                    -2.4980934793507326e-05
67                                    -1.3898964024633420e-04
68                                     4.3031709048332867e-05
69                                     2.8347799652869710e-04
70                                    -2.4267565661217905e-04
71                                    -4.0322960993766088e-04
72                                     2.6871164726864627e-04
73                                     8.6743643750525345e-05
74                                     1.2409329174786765e-04
75                                     5.2554165356724636e-05
76                                    -1.3406220236633626e-04
77                                     1.7486807225635531e-04
78                                     1.2233038326089907e-04
79                                     3.6234146749358764e-05
80                                    -1.5313062118116338e-04
81                                    -1.6556529420583971e-04
82                                     5.7180954737959255e-04
83                                    -1.3928476776776250e-04
84                                     6.8045734235869237e-05
85                                     9.4620086443522600e-05
86                                    -8.7346696228313148e-05
87                                    -1.5491946378903831e-04
88                                     1.6111136834390249e-05
89                                    -6.6017677228635829e-05
90                                     1.7902210461934187e-04
91                                     2.6717630670091558e-05
92                                    -1.2009979335772525e-05
93                                    -1.7944930254852609e-04
94                                    -4.6714489886512389e-04
95                                     6.8532856854044977e-04
96                                    -1.1641207627846595e-04
97                                     4.3231955069547232e-05
98                                    -1.4705113388019386e-04
99                                    -1.0050284291328315e-04
100                                   -2.6847839045773814e-04
101                                    5.6833844921633236e-04
$End
$Geometry
   &GeometryIndex 10
   &ListStatus       OUT
   &NATOMS [&Type "Integer"] 34
   &NCORELESSECP [&Type "Integer"] 0
   &NGHOSTATOMS [&Type "Integer"] 0
   &CartesianCoordinates [&Type "Coordinates", &Dim(34,4), &Units "Bohr"] 
              H      0.226603819781   -9.277875733950   -7.299535142575
              H     -2.440576665698   -7.477795899632   -6.452911991334
              C     -0.404213412532   -7.651275801434   -6.203252260099
              N      0.747290492878   -5.405894144081   -7.370025945011
              H     -2.220890898479   -2.654194923340   -6.942871637976
              H     -0.474908642926   -9.684900937571   -2.707459192307
              H      4.470440142666   -6.797181882669   -8.214376155862
              C     -0.331278222745   -3.140015259124   -7.527460472950
              C      3.199844508852   -5.214047540156   -8.219740378649
              H      1.248213734861    1.779993551275  -10.651041083496
              C      0.282490674098   -7.905467229396   -3.422164996840
              N      1.340415820036   -1.512789508295   -8.460184550808
              C      3.569536007332   -2.774487030845   -8.905593349268
              H     -1.014732421022    1.611792938630   -8.151353136502
              H      2.323648118827   -7.901482891064   -3.150263159524
              C      0.918864299772    1.201578655991   -8.703690921701
              H      5.223098683885   -1.829469813089   -9.608230591539
              H     -0.528543793885   -6.373075148085   -2.315915085687
              H      2.186482904470    2.198602879659   -7.429221927683
              F      4.514659795219    3.085560204263   -2.945574651757
              O     -4.325130494571   -0.112268890008   -4.538752155605
              N     -0.067465706545   -0.076087640928   -2.812213350478
              F     -3.509553293502    4.152990840808   -1.012001858025
              O      3.955156209846   -2.436039806401   -3.126957925968
              S     -2.934948732310   -0.652678169987   -2.242913060180
              C      4.009214339207    1.899779919979   -0.757572358547
              F      2.623376606112    3.434965534515    0.677961893418
              S      2.332971019779   -1.139448322124   -1.353734261647
              C     -3.942325113813    1.876590915551   -0.008037945380
              F      6.192252212009    1.431981972122    0.413118189330
              F     -6.410644704215    1.653355190788    0.461075618762
              O     -3.431264610863   -2.998807548993   -0.963161657366
              F     -2.675725765250    1.689416304392    2.157771546501
              O      1.894525904464   -2.245766071066    1.081213665276
$End
$SCF_Energy
   &GeometryIndex 10
   &ListStatus       OUT
   &SCF_ENERGY [&Type "Double"]      -2.1718981668850988e+03
$End
$DFT_Energy
   &GeometryIndex 10
   &ListStatus       OUT
   &NALPHAEL [&Type "Integer"] 99
   &NBETAEL [&Type "Integer"] 99
   &NTOTALEL [&Type "Integer"] 198
   &EEXCHANGE [&Type "Double"]      -1.6626753704221085e+02
   &ECORR [&Type "Double"]      -8.6078507250729874e+00
   &ECNL [&Type "Double"]       0.0000000000000000e+00
   &EXC [&Type "Double"]      -1.7487538776728383e+02
   &EEMBED [&Type "Double"]       0.0000000000000000e+00
   &FINALEN [&Type "Double"]      -2.1718981668850988e+03  "No Van der Waals correction"
$End
$VdW_Correction
   &GeometryIndex 10
   &ListStatus       OUT
   &VDW [&Type "Double"]      -8.2096106545630043e-02
$End
$SCF_Nuc_Gradient
   &GeometryIndex 10
   &ListStatus       OUT
   &NATOMS [&Type "Integer"] 34
   &ROOT [&Type "Integer"] 0
   &GRADNORM [&Type "Double"]       2.3191823944955750e-03
   &GRAD [&Type "ArrayOfDoubles", &Dim (102,1)] 
                                                         0

0                                     -1.4873683806648774e-05
1                                      3.1363318311383726e-05
2                                      2.3232081259330628e-05
3                                      4.5994873641125311e-05
4                                      1.4989723023358173e-05
5                                     -7.0202957923620746e-05
6                                      2.3180467131900251e-07
7                                     -8.0065183979034088e-05
8                                      2.5361930588428672e-04
9                                      2.7562367010211530e-04
10                                     1.2541639046823039e-04
11                                    -1.1952110035930164e-04
12                                     2.1636521666398845e-04
13                                     1.3196714264602366e-04
14                                     2.0600172936011824e-04
15                                     1.1616950098478074e-05
16                                     3.0148942388424915e-05
17                                    -2.1756727161190148e-05
18                                    -7.3280782442869397e-05
19                                    -1.2495858587535658e-05
20                                     2.2328149310891837e-05
21                                    -1.3151102509093016e-04
22                                     3.5025134825430668e-04
23                                    -4.9621418033138267e-04
24                                    -2.3026407106748609e-04
25                                    -3.7417728416103135e-05
26                                     6.6167342049670494e-05
27                                     2.6307838577155351e-05
28                                    -3.6398556869335352e-05
29                                     3.4255220901224792e-05
30                                    -1.5357979074245853e-06
31                                    -1.7108087182766268e-04
32                                     8.2279584240022019e-05
33                                     5.3497638537732678e-05
34                                    -3.6586590845788525e-04
35                                     1.5338337955250053e-04
36                                    -1.3030865114259382e-04
37                                     1.6012248603694546e-04
38                                     2.3838328805134146e-05
39                                     7.2303849709437484e-05
40                                     6.5367107643578282e-05
41                                     5.4369089367983792e-06
42                                    -6.5595781113342300e-05
43                                     2.9600897966953468e-05
44                                     3.3568821488760142e-05
45                                     2.7606508109010580e-04
46                                    -3.9740479924968430e-04
47                                    -1.4542173675712033e-05
48                                    -4.8888232288879507e-05
49                                     4.7832474479314602e-06
50                                     1.9909598791625904e-05
51                                     1.6414730175204340e-05
52                                     1.9576012258043507e-04
53                                    -4.1823957362552289e-04
54                                    -2.2056532645049753e-04
55                                     3.6302781013242136e-04
56                                    -6.8235865057802991e-05
57                                    -1.5894718341707970e-04
58                                    -2.9164599821715487e-04
59                                     2.1557470955413383e-04
60                                    -4.3718696096206600e-05
61                                     1.9688366810072244e-04
62                                    -5.5219472099565792e-04
63                                    -2.0120755267368645e-04
64                                     1.9315465709697499e-04
65                                    -3.8949794265064064e-04
66                                    -6.9460578220423286e-05
67                                    -4.2302850659242663e-04
68                                     1.6560505960014349e-04
69                                     2.0875723956506609e-04
70                                    -2.6181143019499142e-04
71                                    -3.1042226854388622e-04
72                                     5.3456173196175794e-04
73                                    -3.1842453064745424e-04
74                                     2.7344272685779492e-04
75                                     4.2349560845883483e-04
76                                     4.1062043659340075e-04
77                                     1.2254329340199294e-04
78                                     4.3840386639654172e-05
79                                    -1.3744357135819785e-04
80                                    -1.4387634414972372e-04
81                                    -3.1865667329811567e-04
82                                     2.9057984925295877e-04
83                                     2.7942374286937105e-04
84                                    -5.8317860106613106e-05
85                                     4.1766436628472292e-04
86                                     8.9872213743791285e-06
87                                    -3.7341846604427298e-04
88                                    -1.1231811683486137e-04
89                                    -2.3210000037141021e-04
90                                     2.8559934037647450e-04
91                                    -4.9452053688073261e-05
92                                    -6.5599540919066002e-05
93                                    -3.1305465555789280e-04
94                                    -1.6932024864790840e-04
95                                     8.3035398389827431e-04
96                                    -1.3289065331570371e-04
97                                    -9.3422435027655515e-06
98                                    -2.0331307138654608e-04
99                                     9.5819704129002092e-05
100                                   -1.3818590743694403e-04
101                                    2.8576532472140981e-04
$End
$Geometry
   &GeometryIndex 11
   &ListStatus       OUT
   &NATOMS [&Type "Integer"] 34
   &NCORELESSECP [&Type "Integer"] 0
   &NGHOSTATOMS [&Type "Integer"] 0
   &CartesianCoordinates [&Type "Coordinates", &Dim(34,4), &Units "Bohr"] 
              H      0.206198102565   -9.278931658986   -7.293009747329
              H     -2.448828233447   -7.469046284693   -6.429031845717
              C     -0.411450188934   -7.649854860962   -6.192717684898
              N      0.739672459175   -5.408382652675   -7.367676468342
              H     -2.229370614855   -2.655721998902   -6.954529489603
              H     -0.463223242962   -9.680532103682   -2.693470527102
              H      4.462279405822   -6.804178724084   -8.206231162014
              C     -0.337612976742   -3.142270213463   -7.531839445902
              C      3.192932370555   -5.220031202798   -8.216873381951
              H      1.251210717350    1.768350339391  -10.669368234067
              C      0.293022950551   -7.903883235477   -3.416082977790
              N      1.334884766629   -1.518692701682   -8.469407455979
              C      3.563856094531   -2.782749969689   -8.910442744850
              H     -1.020120763168    1.608381311607   -8.177048781305
              H      2.336131557029   -7.904258274491   -3.158030289765
              C      0.915084416603    1.194867282358   -8.721626937353
              H      5.217740008645   -1.839500679835   -9.614759011806
              H     -0.506246224889   -6.367005038327   -2.307440128706
              H      2.178526879258    2.196138988012   -7.445931776173
              F      4.520303391234    3.115072278275   -2.902406720518
              O     -4.315065178384   -0.092081978931   -4.551493727934
              N     -0.058913426392   -0.053651692961   -2.823568232192
              F     -3.509667863360    4.156296393603   -0.987838937662
              O      3.965988162622   -2.408419782464   -3.145898848773
              S     -2.925814410562   -0.640440490116   -2.257574687431
              C      4.011378877258    1.903466358226   -0.730688331606
              F      2.620400123238    3.418817556644    0.721216294364
              S      2.338064305216   -1.129923387588   -1.365452841487
              C     -3.943092723125    1.870701973887   -0.005865606417
              F      6.191961343841    1.422069189280    0.439414164809
              F     -6.412954846947    1.639906625386    0.452349140133
              O     -3.418827464159   -2.993604956846   -0.990645280921
              F     -2.683782504969    1.665504208605    2.162883343033
              O      1.892217546515   -2.260851900886    1.056018071776
$End
$SCF_Energy
   &GeometryIndex 11
   &ListStatus       OUT
   &SCF_ENERGY [&Type "Double"]      -2.1718981797791125e+03
$End
$DFT_Energy
   &GeometryIndex 11
   &ListStatus       OUT
   &NALPHAEL [&Type "Integer"] 99
   &NBETAEL [&Type "Integer"] 99
   &NTOTALEL [&Type "Integer"] 198
   &EEXCHANGE [&Type "Double"]      -1.6626752267716827e+02
   &ECORR [&Type "Double"]      -8.6078330483769285e+00
   &ECNL [&Type "Double"]       0.0000000000000000e+00
   &EXC [&Type "Double"]      -1.7487535572554521e+02
   &EEMBED [&Type "Double"]       0.0000000000000000e+00
   &FINALEN [&Type "Double"]      -2.1718981797791125e+03  "No Van der Waals correction"
$End
$VdW_Correction
   &GeometryIndex 11
   &ListStatus       OUT
   &VDW [&Type "Double"]      -8.2101027203080559e-02
$End
$SCF_Nuc_Gradient
   &GeometryIndex 11
   &ListStatus       OUT
   &NATOMS [&Type "Integer"] 34
   &ROOT [&Type "Integer"] 0
   &GRADNORM [&Type "Double"]       2.7236661587877269e-03
   &GRAD [&Type "ArrayOfDoubles", &Dim (102,1)] 
                                                         0

0                                     -3.3618775044805260e-05
1                                      2.6660218182900097e-05
2                                     -1.9625671684175838e-05
3                                      2.6964298747211846e-05
4                                      3.1992188393953000e-05
5                                     -9.4545338247858240e-05
6                                      6.4135012132222197e-05
7                                     -8.2657229155671738e-05
8                                      3.5166475724172919e-04
9                                      1.1738645991181407e-04
10                                     6.5127808770798490e-05
11                                    -2.0896542237207327e-04
12                                     8.4978275711050655e-05
13                                     8.3329252451407043e-05
14                                     8.1854824767038648e-05
15                                     4.9636772882916125e-05
16                                     1.7437935436209751e-05
17                                     9.4638933385848834e-07
18                                    -9.5035287690864445e-05
19                                    -5.1019171623256643e-05
20                                     1.9787281409406796e-05
21                                    -2.2185523322615364e-06
22                                     4.7773464568125895e-04
23                                    -3.1457660600556496e-04
24                                    -1.5892269308918905e-04
25                                    -5.6755707514635767e-05
26                                     1.2483178313730733e-04
27                                     3.0242211212640896e-05
28                                     1.5645680895813585e-05
29                                     2.7885055894211197e-05
30                                    -7.3770431843008313e-05
31                                    -3.1015798209083263e-04
32                                     9.9976500562384829e-05
33                                    -3.6171271848716921e-05
34                                    -3.2023883239551409e-04
35                                     1.7093167522278657e-04
36                                     7.4311485651207265e-06
37                                     1.4860782122139149e-04
38                                    -4.2281623264389667e-05
39                                     4.9450631835673553e-05
40                                     1.2767181733809585e-04
41                                    -1.2247227928544047e-06
42                                    -4.5536733240120197e-05
43                                     6.1503176860091971e-05
44                                     3.4576461031686490e-05
45                                     2.7997868911660770e-04
46                                    -6.1400523555004902e-04
47                                    -1.9926772097285383e-06
48                                    -6.2543690959371290e-05
49                                     5.2602301782278538e-05
50                                     1.1319695081848935e-05
51                                     2.1385445101745892e-05
52                                     2.6899845030262104e-04
53                                    -4.6432981180825894e-04
54                                    -2.1218600284803046e-04
55                                     4.7357938802174149e-04
56                                    -9.0083889974459930e-05
57                                    -1.8771857513294465e-04
58                                    -4.0195082376734415e-04
59                                     3.0431570752492698e-04
60                                     2.1837995141307798e-04
61                                     1.9617035738203614e-05
62                                    -3.8785048506650988e-04
63                                    -2.7735686107673713e-04
64                                     4.6519535977362914e-04
65                                    -8.4803678090036860e-04
66                                    -7.1929551123423030e-05
67                                    -4.1586140713162356e-04
68                                     1.9055062109236964e-04
69                                     2.7740970050094127e-05
70                                    -1.6134974157083759e-04
71                                    -1.1825854122393675e-04
72                                     4.2514065230621345e-04
73                                    -7.5037300237323912e-04
74                                     3.5989508705598638e-04
75                                     5.9212718410132925e-04
76                                     6.6767462912864506e-04
77                                     5.7393479941908465e-05
78                                    -3.3553247286516319e-05
79                                    -2.0678736484430749e-04
80                                    -8.5643716653760471e-05
81                                    -2.7544784131412411e-04
82                                    -1.9749043411804168e-04
83                                     7.0986750070149707e-04
84                                    -1.2836950472292635e-04
85                                     4.7742572959617868e-04
86                                     7.1172670158298201e-05
87                                    -3.7322005641737821e-04
88                                    -1.7658165949444027e-04
89                                    -2.4664483283270977e-04
90                                     2.2630440299148402e-04
91                                    -8.8155720574079055e-05
92                                    -8.7585225008471324e-05
93                                    -3.3032522203867154e-04
94                                     2.9671004012155056e-04
95                                     7.1478598468099896e-04
96                                    -6.1908568029622746e-05
97                                    -3.9226951413000311e-05
98                                    -1.3680761970791266e-04
99                                     2.3855078494014470e-04
100                                    9.5097785380998667e-05
101                                   -1.8330249586734348e-04
$End
$Geometry
   &GeometryIndex 12
   &ListStatus       OUT
   &NATOMS [&Type "Integer"] 34
   &NCORELESSECP [&Type "Integer"] 0
   &NGHOSTATOMS [&Type "Integer"] 0
   &CartesianCoordinates [&Type "Coordinates", &Dim(34,4), &Units "Bohr"] 
              H      0.170641092929   -9.281545973787   -7.284784458217
              H     -2.463020180104   -7.454501827623   -6.390801866001
              C     -0.424329651622   -7.648960312937   -6.176910278201
              N      0.727756466680   -5.413735455647   -7.362595541995
              H     -2.243505544124   -2.659835159925   -6.974421581108
              H     -0.451549500007   -9.677729963391   -2.674657048494
              H      4.450755378061   -6.815291255522   -8.191693212595
              C     -0.347962382570   -3.147717320284   -7.538350276214
              C      3.182370483494   -5.230380100637   -8.211000878213
              H      1.256149149780    1.750262533313  -10.694977086210
              C      0.308032476096   -7.906814864087   -3.407646681976
              N      1.325537935906   -1.529186956000   -8.483085757656
              C      3.554798937195   -2.796709215979   -8.916095421740
              H     -1.030386740046    1.600406007576   -8.216281294223
              H      2.354078067277   -7.920848514687   -3.171880260245
              C      0.907936641934    1.183315053397   -8.747307758925
              H      5.209700136029   -1.856299939815   -9.622005039431
              H     -0.468426304206   -6.362388368810   -2.293189013674
              H      2.163937804313    2.189497901382   -7.467643639708
              F      4.529279149991    3.167624853714   -2.832293188177
              O     -4.299945885760   -0.055536297959   -4.572155179589
              N     -0.044647554163   -0.016394668814   -2.841934484360
              F     -3.502098220694    4.161052455710   -0.946720938808
              O      3.987841331529   -2.354914198861   -3.179289728846
              S     -2.910981030807   -0.619736294713   -2.283240988489
              C      4.011913200927    1.914423362724   -0.687618396469
              F      2.609063667080    3.397875943994    0.786519195347
              S      2.348315329302   -1.110599011159   -1.386598420698
              C     -3.940343411250    1.860546890558   -0.001789541271
              F      6.187622186810    1.415530600807    0.485906058399
              F     -6.413122622150    1.622665065806    0.439364334935
              O     -3.397062610716   -2.987366747914   -1.042394804622
              F     -2.692690668545    1.622680482676    2.170882921302
              O      1.891225687169   -2.283829987366    1.011619964693
$End
$SCF_Energy
   &GeometryIndex 12
   &ListStatus       OUT
   &SCF_ENERGY [&Type "Double"]      -2.1718981992879649e+03
$End
$DFT_Energy
   &GeometryIndex 12
   &ListStatus       OUT
   &NALPHAEL [&Type "Integer"] 99
   &NBETAEL [&Type "Integer"] 99
   &NTOTALEL [&Type "Integer"] 198
   &EEXCHANGE [&Type "Double"]      -1.6626693543055734e+02
   &ECORR [&Type "Double"]      -8.6077681407184468e+00
   &ECNL [&Type "Double"]       0.0000000000000000e+00
   &EXC [&Type "Double"]      -1.7487470357127577e+02
   &EEMBED [&Type "Double"]       0.0000000000000000e+00
   &FINALEN [&Type "Double"]      -2.1718981992879649e+03  "No Van der Waals correction"
$End
$VdW_Correction
   &GeometryIndex 12
   &ListStatus       OUT
   &VDW [&Type "Double"]      -8.2110969677757425e-02
$End
$SCF_Nuc_Gradient
   &GeometryIndex 12
   &ListStatus       OUT
   &NATOMS [&Type "Integer"] 34
   &ROOT [&Type "Integer"] 0
   &GRADNORM [&Type "Double"]       3.6294469966075289e-03
   &GRAD [&Type "ArrayOfDoubles", &Dim (102,1)] 
                                                         0

0                                     -5.3825890625053274e-05
1                                      1.9046440526027109e-05
2                                     -8.0210624634050043e-05
3                                     -1.4800907955025977e-05
4                                      4.8140506421944645e-05
5                                     -8.7679994505103498e-05
6                                      1.5534439855740753e-04
7                                     -3.0356771460837532e-05
8                                      3.6104764662535371e-04
9                                     -1.4219193497463228e-04
10                                    -7.3177852774775065e-05
11                                    -2.3949824965078387e-04
12                                    -1.1924319692679930e-04
13                                     7.6132080780132172e-05
14                                    -1.4435940491578508e-04
15                                     7.5093121225638937e-05
16                                    -1.2123587689039095e-06
17                                     2.8861917831676798e-05
18                                    -9.8902248654830771e-05
19                                    -9.1985169470759631e-05
20                                     5.5406285832248093e-06
21                                     1.8531891020723279e-04
22                                     4.8237026424310936e-04
23                                    -2.3051382997394711e-06
24                                     1.5658268360564664e-05
25                                    -2.6192452431100799e-05
26                                     1.0742753501898593e-04
27                                     2.9278690182391043e-05
28                                     7.8803001654983995e-05
29                                     5.8053448688810683e-06
30                                    -1.7246213419701457e-04
31                                    -4.5755077580119340e-04
32                                     1.6648489404670619e-04
33                                    -2.0487423203438722e-04
34                                    -8.3156137306528155e-05
35                                     1.6372154428783911e-04
36                                     2.3634088367140149e-04
37                                    -1.1495875149716839e-05
38                                    -7.8584139586140855e-05
39                                     2.7963955916143757e-06
40                                     1.7891348751200575e-04
41                                    -2.2619303788572187e-05
42                                    -3.2370461159614283e-06
43                                     8.9948669981388361e-05
44                                     2.2503551340095213e-05
45                                     2.3345338277417672e-04
46                                    -8.2116422653462362e-04
47                                     4.7558445966669471e-05
48                                    -6.0628194962830673e-05
49                                     1.1136458023172646e-04
50                                    -3.5545884832649532e-06
51                                     1.1732883936438343e-05
52                                     3.4015283364591253e-04
53                                    -4.8535921335088328e-04
54                                    -1.6900023825287824e-04
55                                     5.7905522636918227e-04
56                                    -1.0834270854476191e-04
57                                    -1.6504851195571490e-04
58                                    -3.7303157573506662e-04
59                                     2.9273031978274688e-04
60                                     5.9959501573342289e-04
61                                    -3.4615417710096019e-04
62                                    -1.4546702009177181e-05
63                                    -2.4421623119096070e-04
64                                     7.9904209124380399e-04
65                                    -1.3428917105944016e-03
66                                    -4.9891113564425049e-05
67                                    -1.6857793181362934e-04
68                                     1.4598620686130659e-04
69                                    -3.0036621559409449e-04
70                                     7.5940759681425440e-05
71                                     1.8771884199658695e-04
72                                    -1.2775981260279567e-04
73                                    -1.2571588219841001e-03
74                                     3.9917954434276481e-04
75                                     5.8806316967707772e-04
76                                     6.8112289973969176e-04
77                                    -6.7479432184595900e-05
78                                    -1.1913504672933506e-04
79                                    -1.8788035369346479e-04
80                                     2.6781323495761455e-05
81                                     2.0519008593445492e-05
82                                    -9.6277920124743233e-04
83                                     1.1870205896044664e-03
84                                    -1.3004500052768431e-04
85                                     3.2529627513439019e-04
86                                     1.2703022142872278e-04
87                                    -1.9378650810975007e-04
88                                    -1.9292492783748449e-04
89                                    -1.4539958038234380e-04
90                                     5.1475530848887896e-05
91                                    -9.6360574588463810e-05
92                                    -9.5020945997191519e-05
93                                    -2.4938858599279912e-04
94                                     9.2434744559816151e-04
95                                     4.0654551374746939e-04
96                                     7.7370731544262883e-05
97                                    -6.0505025942063362e-05
98                                     2.3941996991516667e-05
99                                     3.3676270743834835e-04
100                                    4.3198765577076581e-04
101                                   -7.8803432891999536e-04
$End
$Geometry
   &GeometryIndex 13
   &ListStatus       OUT
   &NATOMS [&Type "Integer"] 34
   &NCORELESSECP [&Type "Integer"] 0
   &NGHOSTATOMS [&Type "Integer"] 0
   &CartesianCoordinates [&Type "Coordinates", &Dim(34,4), &Units "Bohr"] 
              H      0.121007249836   -9.285336394910   -7.275405582437
              H     -2.482517686889   -7.434336464645   -6.340916318777
              C     -0.442841780304   -7.648643232297   -6.157018710438
              N      0.712530072012   -5.421729812007   -7.354327412316
              H     -2.262339033437   -2.666824415026   -7.001830654702
              H     -0.445045350873   -9.678111304174   -2.654256589971
              H      4.437566289894   -6.829157174051   -8.168982605104
              C     -0.361643803487   -3.156327645883   -7.546483944462
              C      3.169106926425   -5.244437605616   -8.200958297623
              H      1.265174191831    1.727775817635  -10.723589598810
              C      0.324842283647   -7.916108634501   -3.397928950080
              N      1.313120186061   -1.544016873199   -8.499981725133
              C      3.542842237725   -2.815754737177   -8.921474318041
              H     -1.043964888599    1.588050751848   -8.265464239119
              H      2.374051215775   -7.955716829343   -3.190955412382
              C      0.898863272487    1.167585244734   -8.777178727903
              H      5.199755597492   -1.879440338030   -9.628283176284
              H     -0.417465553661   -6.362037312720   -2.273586919804
              H      2.144131757541    2.176782123362   -7.489186222740
              F      4.540163545176    3.240718532186   -2.742158537013
              O     -4.281469671800   -0.000643991095   -4.599170118067
              N     -0.026318293005    0.033733094657   -2.864805086039
              F     -3.483425756512    4.163776076538   -0.888533108452
              O      4.020573125787   -2.274258826998   -3.225878979213
              S     -2.891958992284   -0.591881923367   -2.319128855175
              C      4.008849654008    1.934774316071   -0.633678448679
              F      2.587057424493    3.377343899517    0.863880861788
              S      2.363651844052   -1.079772361521   -1.416752007790
              C     -3.932335294471    1.844348277472    0.005107349499
              F      6.176850977317    1.417136227574    0.548674172412
              F     -6.409163017404    1.602966223453    0.424761860747
              O     -3.367498607114   -2.982890643911   -1.120467141642
              F     -2.699907851136    1.558443055865    2.181095012025
              O      1.894640545157   -2.310448404705    0.949792140247
$End
$SCF_Energy
   &GeometryIndex 13
   &ListStatus       OUT
   &SCF_ENERGY [&Type "Double"]      -2.1718982234596760e+03
$End
$DFT_Energy
   &GeometryIndex 13
   &ListStatus       OUT
   &NALPHAEL [&Type "Integer"] 99
   &NBETAEL [&Type "Integer"] 99
   &NTOTALEL [&Type "Integer"] 198
   &EEXCHANGE [&Type "Double"]      -1.6626610404839914e+02
   &ECORR [&Type "Double"]      -8.6076847814515336e+00
   &ECNL [&Type "Double"]       0.0000000000000000e+00
   &EXC [&Type "Double"]      -1.7487378882985067e+02
   &EEMBED [&Type "Double"]       0.0000000000000000e+00
   &FINALEN [&Type "Double"]      -2.1718982234596760e+03  "No Van der Waals correction"
$End
$VdW_Correction
   &GeometryIndex 13
   &ListStatus       OUT
   &VDW [&Type "Double"]      -8.2130444265195848e-02
$End
$SCF_Nuc_Gradient
   &GeometryIndex 13
   &ListStatus       OUT
   &NATOMS [&Type "Integer"] 34
   &ROOT [&Type "Integer"] 0
   &GRADNORM [&Type "Double"]       4.6586153878385578e-03
   &GRAD [&Type "ArrayOfDoubles", &Dim (102,1)] 
                                                         0

0                                     -6.1751012713981424e-05
1                                      1.1717883404732676e-05
2                                     -1.2767796659524100e-04
3                                     -6.0204930442037119e-05
4                                      5.0478593993399240e-05
5                                     -3.4186693282723182e-05
6                                      2.2428890524214817e-04
7                                      7.1534293019886834e-05
8                                      2.4842487218798559e-04
9                                     -3.9234541648048779e-04
10                                    -2.6778415399639210e-04
11                                    -2.5174178889504628e-04
12                                    -3.1769124589392517e-04
13                                     1.0381414909145514e-04
14                                    -4.8129353954946136e-04
15                                     6.8021432432882611e-05
16                                    -1.5335571342922627e-05
17                                     4.4967332073819755e-05
18                                    -7.0614160858711861e-05
19                                    -1.0967784487794785e-04
20                                    -8.4635360247256944e-06
21                                     4.0795097574178318e-04
22                                     3.9656149897419543e-04
23                                     4.1304039452883206e-04
24                                     2.5736580093888017e-04
25                                     6.4602290203746859e-05
26                                     4.7212109460671031e-05
27                                     2.0731919189345693e-05
28                                     1.1966526685577156e-04
29                                    -2.5300224499036350e-05
30                                    -2.6309402003185135e-04
31                                    -5.1362784314237840e-04
32                                     2.3855964485919312e-04
33                                    -4.0019359414466757e-04
34                                     2.6025487898162503e-04
35                                     1.6084509939470401e-04
36                                     4.0000144811676297e-04
37                                    -2.8537951241067172e-04
38                                    -1.0512259446869565e-04
39                                    -3.0920109432258647e-05
40                                     1.8354227963345709e-04
41                                    -6.0519624903422609e-05
42                                     4.8401081079507691e-05
43                                     9.2174021539616000e-05
44                                    -2.0139029228288807e-07
45                                     1.4448066016773710e-04
46                                    -8.9014288056842028e-04
47                                     1.5466236358192831e-04
48                                    -4.4013455838098903e-05
49                                     1.4797715711067916e-04
50                                    -2.0404511900287692e-05
51                                    -1.6390076782960006e-05
52                                     3.5612278588678659e-04
53                                    -4.5181428988093353e-04
54                                    -1.1875267864841499e-04
55                                     5.8990195267560885e-04
56                                    -1.2017689903846829e-04
57                                    -8.4704784994393822e-05
58                                    -1.9522233023813729e-04
59                                     2.3375888825177826e-04
60                                     9.5240209636415774e-04
61                                    -7.9018221177426518e-04
62                                     4.2129636759091760e-04
63                                    -9.4660269684479492e-05
64                                     1.0508805883821803e-03
65                                    -1.5774519344527449e-03
66                                    -2.5737742681303244e-05
67                                     1.9099470745920222e-04
68                                     6.2146817633293439e-05
69                                    -6.5098268723023933e-04
70                                     3.6064591201961926e-04
71                                     5.0160510051971974e-04
72                                    -9.1344686924672847e-04
73                                    -1.4730481639029791e-03
74                                     3.5297068204566406e-04
75                                     3.4017571765972143e-04
76                                     3.7475165889835904e-04
77                                    -3.5281655551761687e-04
78                                    -1.7219717042027405e-04
79                                    -6.3895794936152939e-05
80                                     1.7272352504010824e-04
81                                     4.1773277187730218e-04
82                                    -1.5709517812327323e-03
83                                     1.2826124737956197e-03
84                                     5.7380987062094491e-05
85                                     5.4368282610670060e-05
86                                     8.4597303466452112e-05
87                                     1.3675915053207310e-04
88                                    -1.5226627588805358e-04
89                                     7.3339387394205646e-05
90                                    -1.7892210906794714e-04
91                                    -5.9903654419053709e-05
92                                    -7.2050188570899065e-05
93                                    -9.9766196072811897e-05
94                                     1.3026298136283865e-03
95                                     8.7800070364407734e-05
96                                     2.0455599697052906e-04
97                                    -7.5224116089012139e-05
98                                     2.1166780925557793e-04
99                                     3.1613959719536955e-04
100                                    6.8002412704745718e-04
101                                   -1.1030084743238744e-03
$End
$Geometry
   &GeometryIndex 14
   &ListStatus       OUT
   &NATOMS [&Type "Integer"] 34
   &NCORELESSECP [&Type "Integer"] 0
   &NGHOSTATOMS [&Type "Integer"] 0
   &CartesianCoordinates [&Type "Coordinates", &Dim(34,4), &Units "Bohr"] 
              H      0.064576825406   -9.289093236064   -7.266276883553
              H     -2.504537364111   -7.411043768744   -6.288229655882
              C     -0.464869341111   -7.648650639437   -6.136358345296
              N      0.696651183562   -5.430753259524   -7.343306434604
              H     -2.281994547418   -2.675032298308   -7.031335411308
              H     -0.449164041574   -9.682649889656   -2.637166756706
              H      4.424645094339   -6.843565534081   -8.141488048532
              C     -0.375990833330   -3.166405954053   -7.554200545141
              C      3.155150968710   -5.260016775278   -8.187884032494
              H      1.280061846145    1.707282829482  -10.745910163128
              C      0.338431024375   -7.931730304175   -3.388707409714
              N      1.300515393300   -1.560579093218   -8.516338082058
              C      3.530571246955   -2.836569692223   -8.923996341291
              H     -1.056686513886    1.574086921039   -8.313166105978
              H      2.389771982288   -8.007069262160   -3.211376285055
              C      0.891291732293    1.151121246145   -8.802720496500
              H      5.190790671088   -1.905405993068   -9.629888010852
              H     -0.363168458174   -6.368260131877   -2.251355544280
              H      2.124092069186    2.158018699460   -7.501097428022
              F      4.551807053806    3.320513067465   -2.652887115812
              O     -4.263772730344    0.067127168031   -4.627737789539
              N     -0.007834161884    0.086801187727   -2.887704063393
              F     -3.458574955770    4.160471705370   -0.823449634227
              O      4.060264924843   -2.177372374492   -3.278492426281
              S     -2.872770785137   -0.562281174055   -2.360216468936
              C      4.001015941404    1.963671386725   -0.582092576686
              F      2.554272841401    3.365616108195    0.931013331518
              S      2.382429649115   -1.041000434695   -1.452067126760
              C     -3.919365224260    1.822027059031    0.014389296205
              F      6.158194610422    1.431524446975    0.616115005369
              F     -6.399623814352    1.580037441619    0.416286947253
              O     -3.335663057466   -2.983150955005   -1.216885787462
              F     -2.699258782512    1.481940277923    2.189501601005
              O      1.905622368430   -2.334050059338    0.879958496662
$End
$SCF_Energy
   &GeometryIndex 14
   &ListStatus       OUT
   &SCF_ENERGY [&Type "Double"]      -2.1718982497980323e+03
$End
$DFT_Energy
   &GeometryIndex 14
   &ListStatus       OUT
   &NALPHAEL [&Type "Integer"] 99
   &NBETAEL [&Type "Integer"] 99
   &NTOTALEL [&Type "Integer"] 197
   &EEXCHANGE [&Type "Double"]      -1.6626522273533317e+02
   &ECORR [&Type "Double"]      -8.6076244953439485e+00
   &ECNL [&Type "Double"]       0.0000000000000000e+00
   &EXC [&Type "Double"]      -1.7487284723067711e+02
   &EEMBED [&Type "Double"]       0.0000000000000000e+00
   &FINALEN [&Type "Double"]      -2.1718982497980323e+03  "No Van der Waals correction"
$End
$VdW_Correction
   &GeometryIndex 14
   &ListStatus       OUT
   &VDW [&Type "Double"]      -8.2169150706585481e-02
$End
$SCF_Nuc_Gradient
   &GeometryIndex 14
   &ListStatus       OUT
   &NATOMS [&Type "Integer"] 34
   &ROOT [&Type "Integer"] 0
   &GRADNORM [&Type "Double"]       5.1600687217809461e-03
   &GRAD [&Type "ArrayOfDoubles", &Dim (102,1)] 
                                                         0

0                                     -4.5700506795851026e-05
1                                      3.7130600364643218e-06
2                                     -1.2946357364249095e-04
3                                     -9.4009017139656814e-05
4                                      2.0409481185063028e-05
5                                      4.6557502817066651e-05
6                                      2.2126061582242867e-04
7                                      2.0960119445315086e-04
8                                      3.6886756774281992e-05
9                                     -4.9956610810910837e-04
10                                    -4.6906160879692238e-04
11                                    -1.8448714073893840e-04
12                                    -4.4286055401515645e-04
13                                     1.6802577822695036e-04
14                                    -8.5230421475129131e-04
15                                     1.4273366412950739e-05
16                                    -1.5600059988934989e-05
17                                     4.1000925069867300e-05
18                                    -1.3842303322603167e-05
19                                    -8.8025460860258198e-05
20                                    -2.2031424392229739e-05
21                                     5.7621883172645494e-04
22                                     1.7400099181610548e-04
23                                     8.5042304587299887e-04
24                                     4.2463199207654068e-04
25                                     1.6251898969092682e-04
26                                    -1.0281816027285626e-04
27                                     2.6437840426746240e-06
28                                     1.1562997166710692e-04
29                                    -5.3105059133667920e-05
30                                    -2.8100421845234091e-04
31                                    -4.1333594585290655e-04
32                                     2.6030831853239567e-04
33                                    -4.8185013400889494e-04
34                                     5.9404143815230959e-04
35                                     9.0116961839564053e-05
36                                     4.3567694708947224e-04
37                                    -5.0219958300670720e-04
38                                    -5.5719060472206317e-05
39                                    -6.2946591371654259e-05
40                                     1.2481307136620601e-04
41                                    -9.1008742470595483e-05
42                                     9.1994102950854195e-05
43                                     5.7175352713230605e-05
44                                    -1.8082690384800537e-05
45                                     1.6598163662187582e-05
46                                    -7.0546513749071560e-04
47                                     2.3724663866700468e-04
48                                    -1.8624978234543788e-05
49                                     1.3282438067074853e-04
50                                    -1.9779193263888550e-05
51                                    -7.3340622511408604e-05
52                                     2.9182893655801956e-04
53                                    -3.4458608445711580e-04
54                                    -5.6327102734662904e-05
55                                     4.4745302204418635e-04
56                                    -7.7998158647674121e-05
57                                     1.1331799998193226e-04
58                                     1.2295002457193838e-04
59                                     6.4134969061213631e-05
60                                     1.0765680790096044e-03
61                                    -1.0807251986766075e-03
62                                     6.4393158397763051e-04
63                                     1.4300985268492217e-04
64                                     1.0760179149659904e-03
65                                    -1.3589559930043404e-03
66                                     1.7823962509273816e-05
67                                     5.6341258741499090e-04
68                                    -3.7934066343989215e-05
69                                    -7.9895782085503964e-04
70                                     5.5272552454913026e-04
71                                     6.4492290579282185e-04
72                                    -1.7994838557319481e-03
73                                    -1.3308060266120358e-03
74                                     3.4354600212210817e-04
75                                    -1.3347256224244264e-04
76                                    -2.1322214556683539e-04
77                                    -5.4622437811786828e-04
78                                    -1.6485770115218235e-04
79                                     1.0208981450066101e-04
80                                     2.7189416549383560e-04
81                                     7.8374964493570926e-04
82                                    -1.6950586169542647e-03
83                                     9.6281130685600680e-04
84                                     3.8441562624869086e-04
85                                    -2.5499161242571733e-04
86                                    -3.5093651828410621e-06
87                                     4.6018289513782840e-04
88                                    -4.3636428363975910e-05
89                                     2.7563309248726520e-04
90                                    -3.4910548582467449e-04
91                                     2.4501871369500550e-05
92                                    -2.4482049793841942e-05
93                                     1.5652553028916438e-04
94                                     1.2226295359399342e-03
95                                    -1.3903994433422939e-04
96                                     2.4328109054372327e-04
97                                    -6.7526828419171847e-05
98                                     2.8918046655623808e-04
99                                     1.5377705977918932e-04
100                                    7.1329171202128006e-04
101                                   -9.9706534883148290e-04
$End
$Geometry
   &GeometryIndex 15
   &ListStatus       OUT
   &NATOMS [&Type "Integer"] 34
   &NCORELESSECP [&Type "Integer"] 0
   &NGHOSTATOMS [&Type "Integer"] 0
   &CartesianCoordinates [&Type "Coordinates", &Dim(34,4), &Units "Bohr"] 
              H      0.015313208518   -9.290849418480   -7.261211868742
              H     -2.524037873388   -7.389707784346   -6.247256046236
              C     -0.485457720706   -7.648468943714   -6.121024286307
              N      0.684230870530   -5.437416173401   -7.331774586741
              H     -2.295870246807   -2.679854906806   -7.053436667171
              H     -0.464686743958   -9.691766665282   -2.630270513315
              H      4.414825692981   -6.854795302096   -8.115253046911
              C     -0.386554931307   -3.174083197560   -7.558761360390
              C      3.143951724270   -5.272882885307   -8.174313656657
              H      1.301411428562    1.696478630480  -10.752979771654
              C      0.344544224121   -7.951156346912   -3.383278206801
              N      1.292603917799   -1.573846033448   -8.527120744339
              C      3.521857128383   -2.853699570990   -8.922699283553
              H     -1.062264254137    1.563849724962   -8.345096586816
              H      2.396075649085   -8.064478491205   -3.228668868796
              C      0.890179592248    1.139604663301   -8.814857093463
              H      5.186363172700   -1.928526128417   -9.626261506157
              H     -0.320038177413   -6.382083317313   -2.231759367033
              H      2.111369910410    2.137470861872   -7.496084461165
              F      4.559579712094    3.382282088959   -2.597602122571
              O     -4.251700518688    0.135470362326   -4.649142839183
              N      0.005608445736    0.125814681036   -2.901038467149
              F     -3.446087363421    4.150587055755   -0.772226981158
              O      4.095996776301   -2.094225292273   -3.319972031902
              S     -2.859213464164   -0.538508002597   -2.395401901485
              C      3.991301433772    1.994841871542   -0.551326122461
              F      2.521714516052    3.370541181440    0.963937352749
              S      2.399969969072   -1.005418745814   -1.480839664533
              C     -3.907631546568    1.797873340440    0.024450956610
              F      6.138338458986    1.459064506063    0.664464426131
              F     -6.387940766255    1.550347470606    0.423513885304
              O     -3.313194529949   -2.989074490407   -1.309903603491
              F     -2.687186752713    1.418528443691    2.192282195667
              O      1.923511873594   -2.346354470369    0.825842548244
$End
$SCF_Energy
   &GeometryIndex 15
   &ListStatus       OUT
   &SCF_ENERGY [&Type "Double"]      -2.1718982909617221e+03
$End
$DFT_Energy
   &GeometryIndex 15
   &ListStatus       OUT
   &NALPHAEL [&Type "Integer"] 98
   &NBETAEL [&Type "Integer"] 98
   &NTOTALEL [&Type "Integer"] 197
   &EEXCHANGE [&Type "Double"]      -1.6626476068786332e+02
   &ECORR [&Type "Double"]      -8.6076113934721921e+00
   &ECNL [&Type "Double"]       0.0000000000000000e+00
   &EXC [&Type "Double"]      -1.7487237208133550e+02
   &EEMBED [&Type "Double"]       0.0000000000000000e+00
   &FINALEN [&Type "Double"]      -2.1718982909617221e+03  "No Van der Waals correction"
$End
$VdW_Correction
   &GeometryIndex 15
   &ListStatus       OUT
   &VDW [&Type "Double"]      -8.2205486993878640e-02
$End
$SCF_Nuc_Gradient
   &GeometryIndex 15
   &ListStatus       OUT
   &NATOMS [&Type "Integer"] 34
   &ROOT [&Type "Integer"] 0
   &GRADNORM [&Type "Double"]       4.4038337517468707e-03
   &GRAD [&Type "ArrayOfDoubles", &Dim (102,1)] 
                                                         0

0                                     -9.3571324508157083e-08
1                                     -1.1009099374015285e-05
2                                     -5.3197978696337134e-05
3                                     -8.0570450822936568e-05
4                                     -3.8477102737136809e-05
5                                      1.1523188737987133e-04
6                                      8.0993451904001756e-05
7                                      3.0389655142234670e-04
8                                     -2.3179138646540337e-04
9                                     -3.8188897543955588e-04
10                                    -5.0221488168533668e-04
11                                    -8.6913625190615518e-05
12                                    -3.8339137767626208e-04
13                                     2.4752653283487136e-04
14                                    -1.1413842505871852e-03
15                                    -8.4380678369674889e-05
16                                     2.8543581669093765e-06
17                                     4.7775414399459093e-06
18                                     5.5782020340455762e-05
19                                    -5.4883398834804087e-06
20                                    -2.3923767406935220e-05
21                                     5.3312529689492072e-04
22                                    -2.3388710186119863e-04
23                                     1.2038640804891022e-03
24                                     3.7838787476879993e-04
25                                     2.0028156202804570e-04
26                                    -2.2090123369559317e-04
27                                    -1.8394414146305493e-05
28                                     4.2687320387070626e-05
29                                    -5.8311204007566175e-05
30                                    -1.2460467736833195e-04
31                                    -1.4805152778568295e-04
32                                     2.1934569750439725e-04
33                                    -2.7110720515597861e-04
34                                     7.3073585203750624e-04
35                                    -4.6083601548480013e-05
36                                     2.3742981180230327e-04
37                                    -4.8691044639614933e-04
38                                    -6.5558703322421419e-06
39                                    -5.8860092498891348e-05
40                                    -3.9981667884561589e-06
41                                    -8.3079021157859978e-05
42                                     7.7815879549469891e-05
43                                    -1.1423059189030402e-05
44                                    -1.9279278528617355e-05
45                                    -9.0581703535359478e-05
46                                    -1.8579837402306343e-04
47                                     2.4876603463993077e-04
48                                     2.2559747664713248e-05
49                                     5.0213096987758443e-05
50                                    -4.1259812130489681e-06
51                                    -1.5191630412275670e-04
52                                     1.1594805677103692e-04
53                                    -1.9727444012891671e-04
54                                    -5.0365737996535542e-05
55                                     1.3324527446677281e-04
56                                    -1.5727688729080813e-05
57                                     3.6047201107458626e-04
58                                     3.7685514461713310e-04
59                                    -1.4133563381760195e-04
60                                     6.6264436571186747e-04
61                                    -9.1561605896975373e-04
62                                     4.3099220717129905e-04
63                                     4.1390194532375107e-04
64                                     6.0419284550444763e-04
65                                    -4.7268931158428451e-04
66                                     6.0381594224244439e-05
67                                     6.7260885594061515e-04
68                                    -1.1784598041454653e-04
69                                    -4.6983455872701141e-04
70                                     5.0177652719232690e-04
71                                     5.0239157744369489e-04
72                                    -2.1235579611053185e-03
73                                    -7.1862076561587940e-04
74                                     4.6937265921682958e-04
75                                    -6.6054049059090236e-04
76                                    -8.2367935708538287e-04
77                                    -5.5233799525863936e-04
78                                    -8.1868942383267473e-05
79                                     2.0851505729765907e-04
80                                     2.8172180480678932e-04
81                                     8.0780543525014320e-04
82                                    -8.8170725437455855e-04
83                                     1.1091161540335154e-04
84                                     6.4507047522643218e-04
85                                    -4.0141592044549979e-04
86                                    -1.3974199510900787e-04
87                                     6.0504663144528292e-04
88                                     1.1754385046059551e-04
89                                     3.5134086709234791e-04
90                                    -3.8466804286352296e-04
91                                     1.3461861890448623e-04
92                                     6.6491839754760640e-05
93                                     4.1654943521200749e-04
94                                     5.6485249627941103e-04
95                                    -1.8159887713264933e-04
96                                     1.6268089806487085e-04
97                                     6.3769889475234764e-07
98                                     1.4122922738329935e-04
99                                    -1.0402166205351893e-04
100                                    3.5930775948420091e-04
101                                   -3.5233790732164261e-04
$End
$Geometry
   &GeometryIndex 16
   &ListStatus       OUT
   &NATOMS [&Type "Integer"] 34
   &NCORELESSECP [&Type "Integer"] 0
   &NGHOSTATOMS [&Type "Integer"] 0
   &CartesianCoordinates [&Type "Coordinates", &Dim(34,4), &Units "Bohr"] 
              H     -0.036322245329   -9.288181583458   -7.250318158379
              H     -2.543603745120   -7.362186062904   -6.200804561540
              C     -0.506822831010   -7.643121938377   -6.101149633372
              N      0.670921478273   -5.440468980763   -7.319470212312
              H     -2.308363183417   -2.680607788928   -7.071799083485
              H     -0.472805757012   -9.694253296796   -2.618145525857
              H      4.400922660793   -6.867508722090   -8.088621024210
              C     -0.396553333139   -3.177187234221   -7.563084909200
              C      3.130922876110   -5.285572876675   -8.160743952366
              H      1.331904219507    1.684909491360  -10.763485064719
              C      0.352667094956   -7.962790101804   -3.374937554900
              N      1.286759269862   -1.585630042693   -8.539027964067
              C      3.513629971317   -2.871261738334   -8.922535355588
              H     -1.060773356146    1.559089808659   -8.382694163975
              H      2.403801205823   -8.108590191856   -3.244781042072
              C      0.895536802283    1.129692488468   -8.830708249413
              H      5.182767578920   -1.953931928332   -9.625121617927
              H     -0.277461892332   -6.389339194868   -2.210612457385
              H      2.104181194720    2.119033431220   -7.494471859868
              F      4.560011096510    3.438752577013   -2.548303660737
              O     -4.238785882357    0.204273394861   -4.670003943518
              N      0.016358632374    0.164192397908   -2.911217785040
              F     -3.443975574511    4.134316318764   -0.718875355251
              O      4.123090429971   -2.019443563084   -3.361217464002
              S     -2.847183349048   -0.517438153380   -2.429631004844
              C      3.983578917858    2.021586869208   -0.525010120260
              F      2.497792410726    3.370988371518    0.997517649380
              S      2.414351058877   -0.972668806884   -1.507970116166
              C     -3.900798909948    1.767616589608    0.035470896742
              F      6.123760564112    1.478467272056    0.698999972418
              F     -6.380207053560    1.507832872011    0.430553995040
              O     -3.293534973578   -2.996707154704   -1.403022204388
              F     -2.679853701974    1.350437124667    2.195594626644
              O      1.940971141229   -2.358740931436    0.774556613139
$End
$SCF_Energy
   &GeometryIndex 16
   &ListStatus       OUT
   &SCF_ENERGY [&Type "Double"]      -2.1718983000059102e+03
$End
$DFT_Energy
   &GeometryIndex 16
   &ListStatus       OUT
   &NALPHAEL [&Type "Integer"] 98
   &NBETAEL [&Type "Integer"] 98
   &NTOTALEL [&Type "Integer"] 197
   &EEXCHANGE [&Type "Double"]      -1.6626490105265037e+02
   &ECORR [&Type "Double"]      -8.6076822409726628e+00
   &ECNL [&Type "Double"]       0.0000000000000000e+00
   &EXC [&Type "Double"]      -1.7487258329362302e+02
   &EEMBED [&Type "Double"]       0.0000000000000000e+00
   &FINALEN [&Type "Double"]      -2.1718983000059102e+03  "No Van der Waals correction"
$End
$VdW_Correction
   &GeometryIndex 16
   &ListStatus       OUT
   &VDW [&Type "Double"]      -8.2266143622463067e-02
$End
$SCF_Nuc_Gradient
   &GeometryIndex 16
   &ListStatus       OUT
   &NATOMS [&Type "Integer"] 34
   &ROOT [&Type "Integer"] 0
   &GRADNORM [&Type "Double"]       3.9396674463123456e-03
   &GRAD [&Type "ArrayOfDoubles", &Dim (102,1)] 
                                                         0

0                                      5.5830352529595562e-05
1                                     -7.0491458076804570e-06
2                                      3.9110371577430469e-05
3                                     -3.8592678704790773e-05
4                                     -7.0160053630263092e-05
5                                      1.1839672735639625e-04
6                                     -6.8772483229631587e-05
7                                      3.0473901251085699e-04
8                                     -2.5273143407065352e-04
9                                      1.4259778062929163e-05
10                                    -4.3654131131365403e-04
11                                    -1.2553167378500513e-04
12                                    -3.7770293868855109e-04
13                                     1.6573191896442768e-04
14                                    -1.2923826464653829e-03
15                                    -1.4625261825416958e-04
16                                     3.0282090231203984e-05
17                                    -3.2058972728635227e-05
18                                     8.8659209248859172e-05
19                                     5.9916079764466001e-05
20                                    -1.6146522271529712e-05
21                                     4.6819705041589721e-04
22                                    -1.5349026006394179e-04
23                                     1.3799612143146297e-03
24                                     1.6697873745866870e-04
25                                     1.0460714704196850e-04
26                                    -2.7024574813264493e-04
27                                    -3.0201091834353155e-05
28                                    -4.2324258810906568e-05
29                                    -5.0152522767493712e-05
30                                     7.1238779754925069e-05
31                                     9.9583750526087119e-05
32                                     8.1118279001674010e-05
33                                    -1.0145432479418889e-04
34                                     5.1457326678081006e-04
35                                    -1.3205969871782700e-04
36                                    -5.8040938946679610e-05
37                                    -2.9041211210237283e-04
38                                     8.0639255322950687e-05
39                                    -1.8054355560293001e-05
40                                    -1.0052369195891198e-04
41                                    -2.8000250268181426e-05
42                                     2.4160583524140966e-05
43                                    -5.7664668293936489e-05
44                                    -1.2803433881401760e-05
45                                    -8.4127715700259287e-05
46                                     2.1429145471097560e-04
47                                     1.4774549981903806e-04
48                                     4.8864426732492250e-05
49                                    -3.9929004916505750e-05
50                                     2.4938848840680428e-05
51                                    -2.4907322397186432e-04
52                                    -5.1109392306486479e-05
53                                    -1.2050169703693714e-04
54                                    -9.3051452252509992e-05
55                                    -1.0415052601987773e-04
56                                     7.8321618602550380e-05
57                                     3.7538341514745110e-04
58                                     4.8023769063942900e-04
59                                    -1.8597184216012641e-04
60                                     2.1510983231826097e-04
61                                    -4.0045558496407119e-04
62                                    -1.5468022904552292e-04
63                                     5.5905948755972240e-04
64                                     1.9986942582411737e-04
65                                     2.4533886683048012e-04
66                                     2.1595138563389182e-05
67                                     5.0362906310941202e-04
68                                    -1.6622391481771470e-04
69                                    -5.8215505639336307e-05
70                                     2.6567474598482299e-04
71                                     7.2980609935435758e-05
72                                    -1.9941454209862902e-03
73                                    -3.9744231168736821e-04
74                                     7.8249327655860457e-04
75                                    -7.7952638210519731e-04
76                                    -9.9897173988029719e-04
77                                    -4.3325369668553715e-04
78                                     5.3813339303154795e-05
79                                     2.2953672422651450e-04
80                                     1.4005681006976078e-04
81                                     4.8922484218403423e-04
82                                     2.2250750170604849e-04
83                                    -4.3321702483048105e-04
84                                     8.7416647429570948e-04
85                                    -1.5397724964313908e-04
86                                    -2.2930186383963991e-04
87                                     4.6550249722288051e-04
88                                     1.5165695593130635e-04
89                                     3.0311648486627818e-04
90                                    -1.7214047138908173e-04
91                                     1.7281935106424132e-04
92                                     7.1052395017048853e-05
93                                     5.7037424852048046e-04
94                                    -2.8997570939937045e-04
95                                     2.2202496353485035e-05
96                                     1.6593032586109668e-05
97                                     1.5290379079831162e-05
98                                     8.1201528488450414e-06
99                                    -3.0965961864246050e-04
100                                   -1.4076954788475038e-04
101                                    3.3967025391101746e-04
$End
$Geometry
   &GeometryIndex 17
   &ListStatus       OUT
   &NATOMS [&Type "Integer"] 34
   &NCORELESSECP [&Type "Integer"] 0
   &NGHOSTATOMS [&Type "Integer"] 0
   &CartesianCoordinates [&Type "Coordinates", &Dim(34,4), &Units "Bohr"] 
              H     -0.119469116881   -9.279185861802   -7.229188228392
              H     -2.572573360636   -7.312660393430   -6.123651608018
              C     -0.539922575834   -7.629634736467   -6.067038210335
              N      0.649811298575   -5.441854645338   -7.301691385080
              H     -2.323821729348   -2.677113855813   -7.092484050353
              H     -0.474402918542   -9.692185387619   -2.594555193731
              H      4.374768833512   -6.889556323697   -8.053260910276
              C     -0.410021704165   -3.177194654783   -7.569159496289
              C      3.109271050502   -5.305137130670   -8.143429663890
              H      1.384980520297    1.666423687332  -10.784105326027
              C      0.368500806280   -7.973142257046   -3.360682789874
              N      1.280177801465   -1.602049755126   -8.559506242519
              C      3.501293826489   -2.899274118548   -8.928158394700
              H     -1.050699416195    1.557783349994   -8.444646437692
              H      2.418307130920   -8.161150415866   -3.270953667455
              C      0.910088565755    1.116072254622   -8.859551640343
              H      5.176556441747   -1.995846722885   -9.633748247156
              H     -0.211335006433   -6.393878645580   -2.178873825582
              H      2.100297369139    2.093477986214   -7.498637412856
              F      4.560348175184    3.514937304196   -2.475522534345
              O     -4.219368302721    0.300932772294   -4.698744903107
              N      0.029961911032    0.222252966558   -2.924269900721
              F     -3.458320598397    4.104919251430   -0.641074900045
              O      4.155645229421   -1.917003661479   -3.416341154288
              S     -2.830282392239   -0.488386822855   -2.478263848454
              C      3.974260888778    2.056416335327   -0.485926293140
              F      2.468209431327    3.367702425834    1.048930629137
              S      2.431764426736   -0.926156057997   -1.544281030930
              C     -3.896932328666    1.717931565916    0.051497590990
              F      6.104787848065    1.497841695553    0.745839872151
              F     -6.373297988393    1.428607845582    0.442601337731
              O     -3.264110250507   -3.006263378604   -1.537339462986
              F     -2.670649878012    1.251565167593    2.198021530738
              O      1.963058827485   -2.373631067102    0.703125506360
$End
$SCF_Energy
   &GeometryIndex 17
   &ListStatus       OUT
   &SCF_ENERGY [&Type "Double"]      -2.1718983077962948e+03
$End
$DFT_Energy
   &GeometryIndex 17
   &ListStatus       OUT
   &NALPHAEL [&Type "Integer"] 98
   &NBETAEL [&Type "Integer"] 98
   &NTOTALEL [&Type "Integer"] 197
   &EEXCHANGE [&Type "Double"]      -1.6626558999413677e+02
   &ECORR [&Type "Double"]      -8.6078243955956317e+00
   &ECNL [&Type "Double"]       0.0000000000000000e+00
   &EXC [&Type "Double"]      -1.7487341438973240e+02
   &EEMBED [&Type "Double"]       0.0000000000000000e+00
   &FINALEN [&Type "Double"]      -2.1718983077962948e+03  "No Van der Waals correction"
$End
$VdW_Correction
   &GeometryIndex 17
   &ListStatus       OUT
   &VDW [&Type "Double"]      -8.2352570451345017e-02
$End
$SCF_Nuc_Gradient
   &GeometryIndex 17
   &ListStatus       OUT
   &NATOMS [&Type "Integer"] 34
   &ROOT [&Type "Integer"] 0
   &GRADNORM [&Type "Double"]       4.9889528530515188e-03
   &GRAD [&Type "ArrayOfDoubles", &Dim (102,1)] 
                                                         0

0                                      1.3161177956483999e-04
1                                      3.6178058515079492e-06
2                                      1.3525562864412366e-04
3                                      2.4610929349133670e-05
4                                     -9.3558108439441984e-05
5                                      5.9135581107236422e-05
6                                     -2.4955053735369742e-04
7                                      2.6319326001822277e-04
8                                     -2.8665643054905099e-05
9                                      5.9433550981878927e-04
10                                    -3.6834279012473714e-04
11                                    -3.6250728890398209e-04
12                                    -3.9261534041010182e-04
13                                    -1.4641418361774350e-04
14                                    -1.3669477290021714e-03
15                                    -1.7990389436300935e-04
16                                     5.7827855902026215e-05
17                                    -5.7531071830971281e-05
18                                     9.5064481143686264e-05
19                                     1.2070849588616261e-04
20                                     9.2021306091327054e-06
21                                     4.1571122992753451e-04
22                                     3.9864294019728574e-04
23                                     1.4929429726245448e-03
24                                    -1.7456501559459658e-04
25                                    -1.1576128300604116e-04
26                                    -1.8765914865316938e-04
27                                    -4.0057045312659467e-05
28                                    -1.4119761310446566e-04
29                                    -1.9693647915791646e-05
30                                     3.2738422221576836e-04
31                                     3.3749512015293940e-04
32                                    -1.5564985041760515e-04
33                                     5.9333008378710875e-05
34                                    -4.3796582203936563e-06
35                                    -1.6027120947154777e-04
36                                    -4.4270946594589244e-04
37                                     1.4157884583164415e-04
38                                     6.2939914548212905e-05
39                                     4.6613694182129350e-05
40                                    -1.7057170001992528e-04
41                                     8.8649351219848016e-05
42                                    -4.6435943427181048e-05
43                                    -1.0589701333283200e-04
44                                    -1.7635423987701071e-06
45                                     3.8799680076138585e-05
46                                     6.3722136495558690e-04
47                                    -8.3471709246347309e-05
48                                     6.4212836442756327e-05
49                                    -1.5138121045729647e-04
50                                     5.6442650598981237e-05
51                                    -4.3597295327148927e-04
52                                    -2.1535710046743928e-04
53                                    -7.3426520688923969e-05
54                                    -1.9936055622758742e-04
55                                    -3.7834918772056136e-04
56                                     2.1027667768200309e-04
57                                     2.9870972318389588e-04
58                                     4.0005965673023391e-04
59                                    -1.1981630834606571e-04
60                                    -2.6695669467607930e-04
61                                     4.6125037007462011e-04
62                                    -1.0367199005456018e-03
63                                     5.9178027325906823e-04
64                                    -1.6659963189571969e-04
65                                     9.4390746280975657e-04
66                                    -5.3597495131355033e-05
67                                     7.1292922399157632e-05
68                                    -1.5437787379254941e-04
69                                     4.8087603152108249e-04
70                                    -6.1671151637465726e-05
71                                    -4.6414167596869893e-04
72                                    -1.6305713582339468e-03
73                                    -4.6147893307571519e-04
74                                     1.3635455249772915e-03
75                                    -5.8666483442736117e-04
76                                    -7.7535369622326600e-04
77                                    -1.0610387618371214e-04
78                                     2.0990494185979536e-04
79                                     1.6302713832436200e-04
80                                    -1.0029803983510610e-04
81                                    -2.1651426484401576e-04
82                                     1.4910132503913043e-03
83                                    -8.3473863705398402e-04
84                                     1.1441131720195744e-03
85                                     4.7602173586033802e-04
86                                    -2.8626643310847300e-04
87                                     6.0701430989851257e-05
88                                     1.2198050617465150e-04
89                                     7.5740407358054762e-05
90                                     1.7922148520832515e-04
91                                     1.6381573426412291e-04
92                                     2.5392620662430254e-05
93                                     7.3609100815975881e-04
94                                    -1.3045822006155783e-03
95                                     2.4479089640827567e-04
96                                    -1.6636999933780650e-04
97                                     5.5468314577485078e-05
98                                    -1.7568673426826553e-04
99                                    -4.1723003308812012e-04
100                                   -7.0331985691796106e-04
101                                    1.0075150293266111e-03
$End
$Geometry
   &GeometryIndex 18
   &ListStatus       OUT
   &NATOMS [&Type "Integer"] 34
   &NCORELESSECP [&Type "Integer"] 0
   &NGHOSTATOMS [&Type "Integer"] 0
   &CartesianCoordinates [&Type "Coordinates", &Dim(34,4), &Units "Bohr"] 
              H     -0.235723971369   -9.257992473949   -7.195753536695
              H     -2.607360483827   -7.234986442156   -6.010941319846
              C     -0.583271470890   -7.603419744202   -6.016552997744
              N      0.621673939770   -5.437148754128   -7.277248945266
              H     -2.337301794808   -2.662027364057   -7.104782627421
              H     -0.460557439722   -9.684654852144   -2.559311994420
              H      4.333644600415   -6.920697381541   -8.014944140407
              C     -0.424335986953   -3.168927704113   -7.573877908112
              C      3.078484726035   -5.329550744906   -8.124695668522
              H      1.464894840817    1.643905192497  -10.812500664366
              C      0.396745473284   -7.979593249659   -3.340715125217
              N      1.275989389734   -1.619474556497   -8.586708594420
              C      3.486572934504   -2.935757910034   -8.939934280590
              H     -1.025305611196    1.565598502428   -8.527808901980
              H      2.443161853762   -8.215716984738   -3.310251473022
              C      0.939241082886    1.102518508264   -8.899362155389
              H      5.169148657253   -2.053821380780   -9.654758162042
              H     -0.117024363152   -6.394989744724   -2.136429652565
              H      2.106782885027    2.064219989551   -7.508272347191
              F      4.557102369566    3.594271920910   -2.396700464409
              O     -4.198145616428    0.417969742850   -4.728806792349
              N      0.042761245161    0.293032645914   -2.933606227506
              F     -3.504125521425    4.060542605992   -0.547035441294
              O      4.184079047301   -1.806407046904   -3.479241359851
              S     -2.812299282359   -0.453435465115   -2.535118108376
              C      3.966850021448    2.091134436839   -0.444112886264
              F      2.443043069259    3.358125226804    1.108793351508
              S      2.448581608096   -0.874525069056   -1.584867665355
              C     -3.906217337881    1.649649817962    0.069969912898
              F      6.089248525755    1.511732227887    0.788195177503
              F     -6.376643740121    1.308626761003    0.454319269798
              O     -3.230439874580   -3.014634787677   -1.702317820772
              F     -2.670339057601    1.131822322022    2.198773271446
              O      1.987968097979   -2.389829528807    0.621535986758
$End
$SCF_Energy
   &GeometryIndex 18
   &ListStatus       OUT
   &SCF_ENERGY [&Type "Double"]      -2.1718983234348634e+03
$End
$DFT_Energy
   &GeometryIndex 18
   &ListStatus       OUT
   &NALPHAEL [&Type "Integer"] 99
   &NBETAEL [&Type "Integer"] 99
   &NTOTALEL [&Type "Integer"] 198
   &EEXCHANGE [&Type "Double"]      -1.6626646291138900e+02
   &ECORR [&Type "Double"]      -8.6080105617122200e+00
   &ECNL [&Type "Double"]       0.0000000000000000e+00
   &EXC [&Type "Double"]      -1.7487447347310120e+02
   &EEMBED [&Type "Double"]       0.0000000000000000e+00
   &FINALEN [&Type "Double"]      -2.1718983234348634e+03  "No Van der Waals correction"
$End
$VdW_Correction
   &GeometryIndex 18
   &ListStatus       OUT
   &VDW [&Type "Double"]      -8.2456314364655406e-02
$End
$SCF_Nuc_Gradient
   &GeometryIndex 18
   &ListStatus       OUT
   &NATOMS [&Type "Integer"] 34
   &ROOT [&Type "Integer"] 0
   &GRADNORM [&Type "Double"]       7.9627556794051330e-03
   &GRAD [&Type "ArrayOfDoubles", &Dim (102,1)] 
                                                         0

0                                      2.0151072220993965e-04
1                                      1.5012966898542146e-06
2                                      2.1134397130370686e-04
3                                      1.0460716249691138e-04
4                                     -7.6644424530043775e-05
5                                     -7.4334073138063866e-05
6                                     -4.8974361865319893e-04
7                                      1.1582078317518420e-04
8                                      3.8933742538603544e-04
9                                      1.2936426115650324e-03
10                                    -1.7988993174217205e-04
11                                    -6.8763574260279070e-04
12                                    -4.2380872582256646e-04
13                                    -6.9891108902398608e-04
14                                    -1.2016098153320304e-03
15                                    -1.5704329645191417e-04
16                                     7.0842793379849445e-05
17                                    -6.8130057934712163e-05
18                                     6.0161290538207624e-05
19                                     1.6637304083205740e-04
20                                     3.7467271872803146e-05
21                                     3.2792317900015577e-04
22                                     1.4014420666674868e-03
23                                     1.4024796998377042e-03
24                                    -7.2484920317489321e-04
25                                    -4.8245651844849857e-04
26                                    -3.0507085550534468e-05
27                                    -4.7070284804835716e-05
28                                    -2.3311757464821586e-04
29                                     3.7166070446098542e-05
30                                     7.1221265527600559e-04
31                                     5.0809747307713551e-04
32                                    -3.5633502281900986e-04
33                                     2.3156011743419302e-04
34                                    -8.7309356308462593e-04
35                                    -1.6147048467873154e-04
36                                    -8.0006485443794018e-04
37                                     8.8068694973565675e-04
38                                     5.3963256998357245e-05
39                                     1.2194113137767304e-04
40                                    -1.8853442655854258e-04
41                                     2.5865733266052654e-04
42                                    -1.4620313795890572e-04
43                                    -1.7285604161719134e-04
44                                     2.8810992173784744e-05
45                                     3.0501998168183317e-04
46                                     1.0735205953283991e-03
47                                    -5.1987451740095197e-04
48                                     8.2426877306751578e-05
49                                    -2.6020600857211418e-04
50                                     8.9678114226207639e-05
51                                    -6.8870731509403094e-04
52                                    -3.4454761720600913e-04
53                                    -8.0525970968567395e-05
54                                    -3.4975733952787025e-04
55                                    -6.5740108451214918e-04
56                                     3.6806756054344469e-04
57                                     7.1857864251165249e-05
58                                     4.6250635199474033e-07
59                                     6.7522705028133512e-06
60                                    -9.7867865016779132e-04
61                                     1.6150694753170325e-03
62                                    -2.0336332865009688e-03
63                                     5.8787001137888817e-04
64                                    -6.2668356537842751e-04
65                                     1.6273574793848056e-03
66                                    -1.5194220456034302e-04
67                                    -7.4707900614934264e-04
68                                    -1.1341449668296477e-04
69                                     1.2175054953353914e-03
70                                    -5.4052923555891752e-04
71                                    -1.1300478559962968e-03
72                                    -6.0810120145828039e-04
73                                    -8.9671290090317934e-04
74                                     2.1660999103281786e-03
75                                    -1.0156276941064579e-05
76                                    -3.8794491724475355e-06
77                                     4.6621355670582731e-04
78                                     3.5831461081672900e-04
79                                     7.9760649940308070e-07
80                                    -3.9108037443277843e-04
81                                    -1.3816093175327560e-03
82                                     2.8225797570809175e-03
83                                    -1.0659036698309945e-03
84                                     1.2413987964614293e-03
85                                     1.6393708427882153e-03
86                                    -3.3651993369179789e-04
87                                    -5.9660353408585998e-04
88                                     3.1363017404195670e-05
89                                    -3.2259434723214131e-04
90                                     5.4748005517324394e-04
91                                     8.4152979624087243e-05
92                                    -2.2472378004123605e-05
93                                     8.2824407939574574e-04
94                                    -2.2399063093041516e-03
95                                     3.0501102584187811e-04
96                                    -3.8008561060084989e-04
97                                     9.4852351097907128e-05
98                                    -3.8954586494793775e-04
99                                    -3.5925203430346719e-04
100                                   -1.2844847889740829e-03
101                                    1.5372290529500066e-03
$End
$Geometry
   &GeometryIndex 19
   &ListStatus       OUT
   &NATOMS [&Type "Integer"] 34
   &NCORELESSECP [&Type "Integer"] 0
   &NGHOSTATOMS [&Type "Integer"] 0
   &CartesianCoordinates [&Type "Coordinates", &Dim(34,4), &Units "Bohr"] 
              H     -0.328533383511   -9.233714663968   -7.161067007828
              H     -2.628068188387   -7.166170966106   -5.908526901641
              C     -0.613120093116   -7.575172281322   -5.970383224609
              N      0.598065478423   -5.427135255393   -7.259213088936
              H     -2.341081997971   -2.635711735680   -7.099211660182
              H     -0.417771830921   -9.669589168103   -2.522566733202
              H      4.293205972193   -6.947679214310   -7.998266377684
              C     -0.433271857424   -3.154256187025   -7.575490524776
              C      3.050832954608   -5.347334597405   -8.118165051260
              H      1.528742560832    1.625999888467  -10.842471977108
              C      0.435624280057   -7.971663393246   -3.323310186717
              N      1.275444034538   -1.629225108987   -8.610875329196
              C      3.474047080013   -2.965124195549   -8.960193324015
              H     -0.996089474906    1.580175825277   -8.594642650823
              H      2.479209104678   -8.231258710728   -3.348985989491
              C      0.968721544203    1.095324576611   -8.936559082981
              H      5.159970795887   -2.103148894601   -9.690981134637
              H     -0.026985116169   -6.383003860871   -2.104163490403
              H      2.124799590786    2.047201793477   -7.528611530330
              F      4.558831365327    3.628499126652   -2.346405417161
              O     -4.185342121282    0.495637766367   -4.745259848790
              N      0.049779573596    0.343587945191   -2.933497324774
              F     -3.561885298785    4.028014642209   -0.475271992373
              O      4.188417169235   -1.756587812477   -3.514928372901
              S     -2.801880179682   -0.424733005080   -2.569974636185
              C      3.969827369022    2.098597079201   -0.416332314332
              F      2.441815369075    3.338135999495    1.153585862271
              S      2.453623427292   -0.850584621894   -1.606023561095
              C     -3.934947642346    1.599961540943    0.081195033764
              F      6.089638946409    1.499751961915    0.808144234460
              F     -6.402037928414    1.214178116833    0.443328141833
              O     -3.212915151401   -3.010149796197   -1.808455779733
              F     -2.703478319848    1.046538139766    2.203885856976
              O      1.993694783731   -2.403802217725    0.574625092381
$End
$SCF_Energy
   &GeometryIndex 19
   &ListStatus       OUT
   &SCF_ENERGY [&Type "Double"]      -2.1718984243557370e+03
$End
$DFT_Energy
   &GeometryIndex 19
   &ListStatus       OUT
   &NALPHAEL [&Type "Integer"] 99
   &NBETAEL [&Type "Integer"] 99
   &NTOTALEL [&Type "Integer"] 198
   &EEXCHANGE [&Type "Double"]      -1.6626709929082978e+02
   &ECORR [&Type "Double"]      -8.6080784390672562e+00
   &ECNL [&Type "Double"]       0.0000000000000000e+00
   &EXC [&Type "Double"]      -1.7487517772989702e+02
   &EEMBED [&Type "Double"]       0.0000000000000000e+00
   &FINALEN [&Type "Double"]      -2.1718984243557370e+03  "No Van der Waals correction"
$End
$VdW_Correction
   &GeometryIndex 19
   &ListStatus       OUT
   &VDW [&Type "Double"]      -8.2493573776867571e-02
$End
$SCF_Nuc_Gradient
   &GeometryIndex 19
   &ListStatus       OUT
   &NATOMS [&Type "Integer"] 34
   &ROOT [&Type "Integer"] 0
   &GRADNORM [&Type "Double"]       9.3089313359347708e-03
   &GRAD [&Type "ArrayOfDoubles", &Dim (102,1)] 
                                                         0

0                                      1.7582927259661429e-04
1                                     -2.0935419877216033e-05
2                                      2.0295296553414499e-04
3                                      1.4237005521347545e-04
4                                      6.8387354852442184e-06
5                                     -2.2184619519842810e-04
6                                     -6.2810765666699436e-04
7                                     -1.8153512701325910e-04
8                                      5.6275367198550807e-04
9                                      1.3986655356621538e-03
10                                     6.0991272928856421e-05
11                                    -8.5317566057330207e-04
12                                    -5.1875861440645044e-04
13                                    -1.0793902407500722e-03
14                                    -8.4797568014309543e-04
15                                    -5.5529056737849136e-05
16                                     1.9317199861951240e-05
17                                    -6.0100337437252183e-05
18                                     1.5206740624607029e-05
19                                     1.3869590125109577e-04
20                                     6.5874598018243052e-05
21                                     2.2493819936633686e-04
22                                     2.2548236315794029e-03
23                                     1.0577528510350323e-03
24                                    -9.8661485878855093e-04
25                                    -5.9390033542978948e-04
26                                     1.8434472410579564e-04
27                                    -4.9179119266197502e-05
28                                    -2.2953041193941176e-04
29                                     8.8218077716778476e-05
30                                     9.8840543093881364e-04
31                                     4.2507698984319974e-04
32                                    -2.3317961301494439e-04
33                                     4.0992934592105554e-04
34                                    -1.6059173864266807e-03
35                                    -1.4132214001781607e-05
36                                    -8.3658246487555710e-04
37                                     1.3282752999260322e-03
38                                    -8.7348656187896667e-05
39                                     1.4464368020844498e-04
40                                    -1.1231882969641588e-04
41                                     3.3653433667841376e-04
42                                    -1.7719165012197724e-04
43                                    -1.4757779705305840e-04
44                                     7.0160987631251621e-05
45                                     4.7593580872303757e-04
46                                     1.1378904091603574e-03
47                                    -9.6432343681947599e-04
48                                     5.3411435066458290e-05
49                                    -2.8678566727807775e-04
50                                     9.2785849027318679e-05
51                                    -7.3908636861427790e-04
52                                    -2.8229316422248574e-04
53                                    -1.8590681418947930e-04
54                                    -3.5601806479709786e-04
55                                    -7.1507260638724313e-04
56                                     5.2144609336923775e-04
57                                    -1.4492882741196089e-04
58                                    -4.0503288918153357e-04
59                                     3.9979304190418397e-05
60                                    -1.4324716229559553e-03
61                                     1.8424607666100712e-03
62                                    -1.9486615808114727e-03
63                                     6.5040634864621527e-04
64                                    -8.5267253338461302e-04
65                                     1.7023744107173278e-03
66                                    -1.6356484563948698e-04
67                                    -1.3784658010330686e-03
68                                    -7.7116710973212932e-05
69                                     1.5361496138374675e-03
70                                    -8.7403179571146628e-04
71                                    -1.3745690735355587e-03
72                                     8.1573300830264928e-04
73                                    -1.0803727079550379e-03
74                                     2.2671424579633753e-03
75                                     5.9222626969794578e-04
76                                     8.4744895977489909e-04
77                                     1.0178109965712709e-03
78                                     3.7187611900857398e-04
79                                    -1.8298176165740254e-04
80                                    -5.6019099075260703e-04
81                                    -2.1229413663341364e-03
82                                     3.0492886464047464e-03
83                                    -9.6269695916324609e-04
84                                     7.7704224000903904e-04
85                                     2.4212664755240004e-03
86                                    -3.0069642554589326e-04
87                                    -1.0623926157055097e-03
88                                    -5.0105894369441295e-05
89                                    -6.2882010351100748e-04
90                                     6.0816943669983470e-04
91                                    -3.7057542239975205e-05
92                                    -1.0228395194843143e-05
93                                     5.2997620028481796e-04
94                                    -2.0429438006520084e-03
95                                     1.4554732917898550e-04
96                                    -5.0337656166435374e-04
97                                     6.9081827570219301e-05
98                                    -5.0918600655497359e-04
99                                    -1.3417107895818958e-04
100                                   -1.4425344079527780e-03
101                                    1.4844762238396814e-03
$End
$Geometry
   &GeometryIndex 20
   &ListStatus       OUT
   &NATOMS [&Type "Integer"] 34
   &NCORELESSECP [&Type "Integer"] 0
   &NGHOSTATOMS [&Type "Integer"] 0
   &CartesianCoordinates [&Type "Coordinates", &Dim(34,4), &Units "Bohr"] 
              H     -0.478585253902   -9.195543412939   -7.102691293741
              H     -2.653447922036   -7.056604385862   -5.746048822762
              C     -0.658188839838   -7.533309074751   -5.896212488414
              N      0.564660634596   -5.418708056076   -7.229817895256
              H     -2.353508633441   -2.612609120701   -7.102485144426
              H     -0.365768659529   -9.647236455546   -2.462972658469
              H      4.240445872231   -6.986677481441   -7.964615823446
              C     -0.449147792766   -3.141870865944   -7.580444806737
              C      3.014237463026   -5.375212216210   -8.102075793202
              H      1.594967115992    1.578510878754  -10.908807478907
              C      0.488526669163   -7.966041034257   -3.296402734138
              N      1.265366724601   -1.650425006337   -8.649894525009
              C      3.452715692511   -3.011742098296   -8.987535032976
              H     -0.975699542073    1.583383662236   -8.714972966518
              H      2.523488936815   -8.270577346317   -3.409727632300
              C      0.990515342143    1.072435135756   -9.009749149889
              H      5.140020040095   -2.172995518153   -9.742106176115
              H      0.117702832396   -6.367679299845   -2.057583845002
              H      2.128124759968    2.028841335016   -7.588183341021
              F      4.547418508166    3.726357539942   -2.188685792965
              O     -4.156103448807    0.588737486402   -4.784102464453
              N      0.066386005465    0.449396801069   -2.955381719938
              F     -3.606178815435    3.984726153099   -0.367480039518
              O      4.207576147107   -1.626657738637   -3.586220668845
              S     -2.775299090334   -0.379235192634   -2.632161309301
              C      3.966788809935    2.108403075644   -0.332661789600
              F      2.428153392171    3.265261155072    1.290529800277
              S      2.464728573067   -0.794358367195   -1.653449857032
              C     -3.953596843217    1.531616215531    0.085412948037
              F      6.086987367878    1.462010589451    0.868653282933
              F     -6.419537648779    1.099926941029    0.406829923201
              O     -3.156401336029   -2.994454422961   -1.962831155258
              F     -2.734123503599    0.907561518190    2.197214839150
              O      1.993659258198   -2.429672677357    0.461591320163
$End
$SCF_Energy
   &GeometryIndex 20
   &ListStatus       OUT
   &SCF_ENERGY [&Type "Double"]      -2.1718985140884693e+03
$End
$DFT_Energy
   &GeometryIndex 20
   &ListStatus       OUT
   &NALPHAEL [&Type "Integer"] 99
   &NBETAEL [&Type "Integer"] 99
   &NTOTALEL [&Type "Integer"] 197
   &EEXCHANGE [&Type "Double"]      -1.6626708179827952e+02
   &ECORR [&Type "Double"]      -8.6082423418730016e+00
   &ECNL [&Type "Double"]       0.0000000000000000e+00
   &EXC [&Type "Double"]      -1.7487532414015251e+02
   &EEMBED [&Type "Double"]       0.0000000000000000e+00
   &FINALEN [&Type "Double"]      -2.1718985140884693e+03  "No Van der Waals correction"
$End
$VdW_Correction
   &GeometryIndex 20
   &ListStatus       OUT
   &VDW [&Type "Double"]      -8.2615565137357280e-02
$End
$SCF_Nuc_Gradient
   &GeometryIndex 20
   &ListStatus       OUT
   &NATOMS [&Type "Integer"] 34
   &ROOT [&Type "Integer"] 0
   &GRADNORM [&Type "Double"]       8.2633411430417854e-03
   &GRAD [&Type "ArrayOfDoubles", &Dim (102,1)] 
                                                         0

0                                      3.3260855947871842e-05
1                                      7.4888483913598813e-05
2                                     -2.6214499861385021e-05
3                                      5.2281976655299545e-05
4                                      1.0449831098793827e-04
5                                     -2.3753288773367340e-04
6                                     -1.7038041077770821e-04
7                                     -2.2135423850399910e-04
8                                      9.3364470041228109e-04
9                                      1.0817568748675219e-03
10                                    -3.8096047124075438e-04
11                                    -1.1240357359627237e-03
12                                    -8.5796706044333204e-04
13                                    -1.5969931443593557e-03
14                                    -4.3709323822221924e-04
15                                     1.0341158943999451e-04
16                                     1.4376031748364326e-07
17                                     2.1718343883314617e-06
18                                    -6.4059645828784539e-05
19                                    -1.3198417500109860e-05
20                                     7.5347257191967290e-05
21                                     8.6682729370668454e-04
22                                     3.9080825080034173e-03
23                                     5.8020063605823615e-04
24                                    -5.8787310605042109e-04
25                                    -6.2076390425284955e-04
26                                     2.9388829233233799e-04
27                                    -3.6334407599626639e-05
28                                    -6.4318892201174760e-05
29                                     6.4182462863243694e-05
30                                     5.9796300718720566e-04
31                                    -4.2480981488626822e-05
32                                    -2.4008841386553847e-04
33                                    -7.2490599271188109e-04
34                                    -1.7895540314139813e-03
35                                     4.5913036586806705e-04
36                                    -3.8081269559900321e-04
37                                     9.0385989934105293e-04
38                                    -1.8188805912117134e-04
39                                     5.9550168322930475e-05
40                                     1.3025151132940727e-04
41                                     2.5371091085274119e-04
42                                    -9.0981070922813156e-05
43                                     3.7092340624246545e-05
44                                    -5.3201100814506165e-05
45                                     5.3512937780161775e-04
46                                     4.0773853573197044e-04
47                                    -1.1160716994452861e-03
48                                     2.9047468581178126e-05
49                                    -1.3728680271933580e-04
50                                     2.9621005213809060e-05
51                                    -7.0651169652104218e-04
52                                     6.8242692089603985e-05
53                                    -9.2808791883267072e-05
54                                    -1.6983517198713993e-04
55                                    -4.5462857152515912e-04
56                                     6.8719585186821641e-04
57                                    -4.5910358902540027e-04
58                                    -4.6082403627145663e-04
59                                     7.9397458139646160e-05
60                                    -1.7747003353940638e-05
61                                     1.0992672707233475e-03
62                                    -9.0353202245385678e-04
63                                     5.2288189838023413e-04
64                                     6.0770325329961850e-04
65                                     2.8300177323037357e-04
66                                    -1.0490534167838933e-04
67                                    -9.5941369596763693e-04
68                                     6.5753230657134010e-05
69                                     5.6907683916052054e-04
70                                    -5.4186162054081777e-04
71                                    -9.7659956549922544e-04
72                                    -2.5645894953518766e-05
73                                    -2.7250299247608134e-03
74                                     1.7454966290257889e-03
75                                     1.0290756053809441e-03
76                                     1.2264157805912113e-03
77                                     9.4152049400868243e-04
78                                     1.8408892375315622e-04
79                                     2.8643795421334772e-05
80                                    -4.8526971654902495e-04
81                                    -1.8413897261877685e-03
82                                     9.2775917715884337e-04
83                                     4.3385750413106779e-04
84                                     7.4338220407813016e-04
85                                     2.7132306291948183e-03
86                                    -4.2879778176861671e-04
87                                    -8.9702084542042648e-04
88                                    -3.0906826883203564e-04
89                                    -3.9464473581218851e-04
90                                     4.1562221427587920e-04
91                                    -2.0934710814447116e-04
92                                    -1.7585735691560272e-04
93                                     3.3840323978827358e-04
94                                    -1.1741978623884264e-03
95                                    -2.6390730041192523e-04
96                                    -1.8931227980609200e-04
97                                    -8.6700771771530682e-05
98                                    -1.3155165622447118e-05
99                                     1.6302638661465363e-04
100                                   -4.4983520279329170e-04
101                                    2.2257766647859611e-04
$End
$Geometry
   &GeometryIndex 21
   &ListStatus       OUT
   &NATOMS [&Type "Integer"] 34
   &NCORELESSECP [&Type "Integer"] 0
   &NGHOSTATOMS [&Type "Integer"] 0
   &CartesianCoordinates [&Type "Coordinates", &Dim(34,4), &Units "Bohr"] 
              H     -0.565119487567   -9.144253843663   -7.045083363729
              H     -2.648404674882   -6.969407582650   -5.602861387480
              C     -0.669125873951   -7.481423634441   -5.830232465337
              N      0.539816332060   -5.381778138078   -7.203315182455
              H     -2.315070594631   -2.505447243207   -7.040208052366
              H     -0.234383856518   -9.611566751145   -2.404758073054
              H      4.175421832161   -7.019237406158   -7.987195919824
              C     -0.441491358831   -3.096020812788   -7.567307763744
              C      2.981019982827   -5.382909761744   -8.112364406570
              H      1.641560571475    1.570308083769  -10.958686920695
              C      0.580329411512   -7.929129460935   -3.272985116642
              N      1.285864241161   -1.639690254920   -8.672344696914
              C      3.448615685434   -3.037954661301   -9.028538552123
              H     -0.919954482607    1.621106118020   -8.760218862097
              H      2.610045209396   -8.227366002150   -3.471939640204
              C      1.039812765736    1.083625693997   -9.053318513574
              H      5.131689583537   -2.230790067879   -9.826603536352
              H      0.274687828569   -6.323366545016   -2.026600586131
              H      2.201921919059    2.044233005942   -7.651933179375
              F      4.568491063196    3.645818267170   -2.231989904797
              O     -4.151527067729    0.643597447192   -4.793714313563
              N      0.071211779777    0.478150874571   -2.934526407795
              F     -3.806246886733    3.967810637779   -0.291262299146
              O      4.147290473188   -1.750338477432   -3.560885562919
              S     -2.778311500869   -0.319069094708   -2.645320298270
              C      4.011817847775    2.044129391637   -0.355094259678
              F      2.510655291522    3.207777805170    1.299479896179
              S      2.441699864751   -0.841285230886   -1.634485050160
              C     -4.075133918574    1.490742247163    0.090049239904
              F      6.154380251968    1.389721295271    0.803319940588
              F     -6.529681600364    0.960984520203    0.349656297442
              O     -3.198501516174   -2.927753085118   -1.995708492967
              F     -2.872701129356    0.860149606894    2.212471064700
              O      1.936204829420   -2.433808224822    0.499436077667
$End
$SCF_Energy
   &GeometryIndex 21
   &ListStatus       OUT
   &SCF_ENERGY [&Type "Double"]      -2.1718984103836674e+03
$End
$DFT_Energy
   &GeometryIndex 21
   &ListStatus       OUT
   &NALPHAEL [&Type "Integer"] 99
   &NBETAEL [&Type "Integer"] 99
   &NTOTALEL [&Type "Integer"] 197
   &EEXCHANGE [&Type "Double"]      -1.6626835179325255e+02
   &ECORR [&Type "Double"]      -8.6081223684303261e+00
   &ECNL [&Type "Double"]       0.0000000000000000e+00
   &EXC [&Type "Double"]      -1.7487647416168286e+02
   &EEMBED [&Type "Double"]       0.0000000000000000e+00
   &FINALEN [&Type "Double"]      -2.1718984103836674e+03  "No Van der Waals correction"
$End
$VdW_Correction
   &GeometryIndex 21
   &ListStatus       OUT
   &VDW [&Type "Double"]      -8.2505467527920165e-02
$End
$SCF_Nuc_Gradient
   &GeometryIndex 21
   &ListStatus       OUT
   &NATOMS [&Type "Integer"] 34
   &ROOT [&Type "Integer"] 0
   &GRADNORM [&Type "Double"]       1.2012291129786272e-02
   &GRAD [&Type "ArrayOfDoubles", &Dim (102,1)] 
                                                         0

0                                     -2.7709487688617942e-04
1                                     -6.0064234915419012e-05
2                                     -1.1524792533199046e-04
3                                     -9.3768014471945493e-05
4                                      1.6213851789764755e-04
5                                     -5.9603470375955980e-04
6                                      3.7049130466246250e-05
7                                     -1.0392577169279094e-03
8                                     -3.6032003885503455e-04
9                                     -2.0403760372261492e-03
10                                     9.8852990171852118e-04
11                                     2.2227055629349401e-04
12                                    -4.1957024524355568e-04
13                                    -5.5365793149230597e-04
14                                     5.0053603941806191e-04
15                                     5.1001024554356289e-04
16                                    -2.9945323032662396e-04
17                                     9.7357346182380677e-06
18                                    -1.5967907316510876e-04
19                                    -1.9021013596440262e-04
20                                    -3.5862819522530787e-05
21                                     1.4869105976783592e-05
22                                     1.4919583588146566e-03
23                                    -2.3958088758602603e-04
24                                     3.4723918290451017e-05
25                                     2.9503024947452605e-04
26                                     3.4886563731635623e-04
27                                     4.5576601955289731e-05
28                                     2.6559123217118064e-04
29                                     1.5696203549661614e-04
30                                     5.0441179971164041e-04
31                                    -1.0519830694469432e-03
32                                     1.6559637613476064e-03
33                                     5.3292574934543646e-04
34                                    -1.3413330736985474e-03
35                                     2.0320289315058776e-04
36                                     1.1058285510859300e-03
37                                     4.1875368820382119e-04
38                                    -3.9416125791985612e-04
39                                    -1.3130763161603443e-04
40                                     2.4106556515602479e-04
41                                    -1.4539849003887551e-04
42                                     4.8337514687579741e-05
43                                     5.2289566005395485e-04
44                                     4.3937061466528884e-05
45                                    -2.2085837623981013e-04
46                                     8.3168751470866220e-05
47                                    -1.0169690048204769e-03
48                                    -7.7165807955775767e-05
49                                     2.2711545935838462e-04
50                                    -1.0873624632820600e-04
51                                     1.3111048749165147e-04
52                                     5.8546233423339977e-04
53                                    -6.3665993817936528e-04
54                                     5.1312261037841922e-04
55                                    -7.7587201586543086e-05
56                                     6.2128952723111697e-04
57                                    -1.2235267013729900e-04
58                                    -1.1036352999359844e-03
59                                    -5.4362614391401110e-04
60                                     1.2451678435210223e-04
61                                    -3.7101072609868890e-03
62                                     4.2923115180076299e-03
63                                     5.5525180249197531e-04
64                                     7.3047234460610344e-05
65                                    -5.5790772116284804e-04
66                                     3.6479703310120931e-04
67                                    -1.2405770335534028e-03
68                                     2.8331523377063406e-05
69                                    -1.8480666582709748e-04
70                                    -5.1742202744534116e-04
71                                     8.1952992589123808e-04
72                                     3.9989758096612982e-03
73                                     8.8941991714054647e-04
74                                    -3.0952677087252578e-03
75                                     9.9772278870832731e-04
76                                     2.0641301360662806e-03
77                                     8.0928194856012131e-04
78                                    -6.1142949378412137e-04
79                                    -6.6259038827959360e-04
80                                     3.1598972287416593e-04
81                                    -8.0290880387982877e-04
82                                    -2.6998318163276303e-03
83                                     4.1898511434375861e-04
84                                    -2.5583528277100254e-03
85                                     5.7362105449199063e-04
86                                    -4.0203429611143648e-04
87                                    -2.5752431044689938e-04
88                                     7.9645994843141610e-05
89                                    -2.8125706603179812e-04
90                                    -9.9663615157058461e-04
91                                    -5.0901689998424787e-04
92                                     2.7287724825298537e-04
93                                    -1.9316844196442806e-03
94                                     5.1022620805271091e-03
95                                    -7.6168837040332948e-04
96                                     2.7065165933348734e-04
97                                    -8.8925082731491911e-05
98                                     3.5882319002039642e-04
99                                     1.0956338181521141e-03
100                                    1.0818162824152155e-03
101                                   -1.7881408289701639e-03
$End
$Geometry
   &GeometryIndex 22
   &ListStatus       OUT
   &NATOMS [&Type "Integer"] 34
   &NCORELESSECP [&Type "Integer"] 0
   &NGHOSTATOMS [&Type "Integer"] 0
   &CartesianCoordinates [&Type "Coordinates", &Dim(34,4), &Units "Bohr"] 
              H     -0.621902698298   -9.143905967948   -7.059577233244
              H     -2.667269877006   -6.946077105487   -5.594033254527
              C     -0.697761681258   -7.489199726508   -5.831432586397
              N      0.540468565830   -5.400210004291   -7.191813735815
              H     -2.338699439469   -2.554540236493   -7.079718984790
              H     -0.335192992995   -9.649407954565   -2.429230179218
              H      4.193741947623   -7.020061515696   -7.935540301981
              C     -0.449263956674   -3.119726866020   -7.573385017762
              C      2.987604002662   -5.394144242159   -8.080725853489
              H      1.653302529685    1.545910641076  -10.956832798435
              C      0.534591997496   -7.985593526450   -3.280553130655
              N      1.274423838465   -1.658975801969   -8.672721027489
              C      3.447150963263   -3.049182405182   -9.003195236740
              H     -0.944679457652    1.589022129846   -8.799404606019
              H      2.553889498084   -8.349486079466   -3.479318477948
              C      1.022217312451    1.062055814098   -9.060367305900
              H      5.135697300236   -2.237213491518   -9.784295779616
              H      0.269778571563   -6.388637209851   -2.011843561090
              H      2.152020180142    2.028327350580   -7.638999188237
              F      4.524705456890    3.783924129697   -2.120976344321
              O     -4.137268176087    0.686481268779   -4.812200591575
              N      0.076780824837    0.529109349966   -2.958122982921
              F     -3.720879679705    3.942893408350   -0.273512666549
              O      4.209770951611   -1.563709071371   -3.621806979502
              S     -2.760797452979   -0.324185992155   -2.681533051487
              C      3.978051445901    2.115108580620   -0.300873471189
              F      2.451164302544    3.212392236666    1.375463300879
              S      2.471209329061   -0.756983573073   -1.678419260272
              C     -4.002605891097    1.464480342093    0.091241863796
              F      6.120171305439    1.454079812391    0.856667258723
              F     -6.457689765454    0.955379353542    0.384038666246
              O     -3.131300913767   -2.959993674003   -2.095018588799
              F     -2.774054314860    0.803880804120    2.188133126098
              O      1.989508789254   -2.426252061884    0.404837688749
$End
$SCF_Energy
   &GeometryIndex 22
   &ListStatus       OUT
   &SCF_ENERGY [&Type "Double"]      -2.1718987575193269e+03
$End
$DFT_Energy
   &GeometryIndex 22
   &ListStatus       OUT
   &NALPHAEL [&Type "Integer"] 99
   &NBETAEL [&Type "Integer"] 99
   &NTOTALEL [&Type "Integer"] 197
   &EEXCHANGE [&Type "Double"]      -1.6626663161997516e+02
   &ECORR [&Type "Double"]      -8.6081908750598402e+00
   &ECNL [&Type "Double"]       0.0000000000000000e+00
   &EXC [&Type "Double"]      -1.7487482249503500e+02
   &EEMBED [&Type "Double"]       0.0000000000000000e+00
   &FINALEN [&Type "Double"]      -2.1718987575193269e+03  "No Van der Waals correction"
$End
$VdW_Correction
   &GeometryIndex 22
   &ListStatus       OUT
   &VDW [&Type "Double"]      -8.2589459532196471e-02
$End
$SCF_Nuc_Gradient
   &GeometryIndex 22
   &ListStatus       OUT
   &NATOMS [&Type "Integer"] 34
   &ROOT [&Type "Integer"] 0
   &GRADNORM [&Type "Double"]       5.4004820342656535e-03
   &GRAD [&Type "ArrayOfDoubles", &Dim (102,1)] 
                                                         0

0                                     -1.0175026466115655e-04
1                                      9.6563284182421549e-05
2                                     -1.8134765750338344e-04
3                                     -6.8417966469447311e-05
4                                      1.0455020329420278e-04
5                                     -1.6797548437965867e-04
6                                      2.8820873524464802e-04
7                                     -3.8849291918742479e-04
8                                      4.3307432614834995e-04
9                                     -5.9329126661562120e-04
10                                    -2.6889229957285932e-04
11                                    -5.8001817010792239e-04
12                                    -6.2692170397699032e-04
13                                    -1.1351990573931700e-03
14                                     1.6340616457541368e-04
15                                     2.0118352699047271e-04
16                                    -3.9532300396410980e-05
17                                     6.6998902597939503e-05
18                                    -9.3515748176536961e-05
19                                    -1.3117216471147941e-04
20                                     2.5392175988098176e-06
21                                     9.7389541322470685e-04
22                                     2.6675746950393063e-03
23                                     1.4017081029727655e-04
24                                    -4.9859348001009274e-05
25                                    -2.5011413743630806e-04
26                                     2.9784146252890067e-04
27                                     2.4236662408139154e-05
28                                     6.7352737059420131e-05
29                                     7.7088476859915600e-05
30                                     3.0208024623872703e-05
31                                    -5.0206684320303735e-04
32                                     2.7133718035809995e-04
33                                    -7.7733666380197519e-04
34                                    -8.0631258800403782e-04
35                                     1.9634849602714194e-04
36                                     4.6621400065723073e-04
37                                     3.8440651554767086e-04
38                                    -2.6655701790539998e-04
39                                    -3.5330895446161747e-05
40                                     1.4574885283698963e-04
41                                    -6.5506978975428398e-06
42                                     3.5215389410647724e-05
43                                     2.7365419264674395e-04
44                                    -1.8811643535724537e-04
45                                     2.8140008979743360e-04
46                                     1.9025098180626768e-04
47                                    -5.3147408738790647e-04
48                                    -4.5479028445483127e-05
49                                     6.9247373798542178e-05
50                                    -7.5619474971602707e-05
51                                    -2.9787812745854167e-04
52                                     1.5708947036213727e-04
53                                     1.9683386133698133e-04
54                                     1.0332562457360250e-05
55                                    -2.4395412471348021e-04
56                                     4.1968045731871628e-04
57                                    -2.2511857666901447e-04
58                                    -6.0220633035368287e-04
59                                    -3.6580656312118487e-04
60                                     3.4816869351500523e-04
61                                    -3.5056589417464812e-04
62                                     5.0545832867859852e-04
63                                     4.5787359514527781e-05
64                                     7.3717026811209729e-04
65                                    -3.6312927596598987e-04
66                                    -6.3307824473696206e-06
67                                    -2.2962551647237595e-04
68                                     9.2528138441461127e-05
69                                    -2.8668754233429627e-04
70                                    -2.1242485226197205e-04
71                                     2.5798541155180876e-04
72                                     5.7775528683947502e-04
73                                    -2.0847548249164627e-03
74                                     3.4499415264288569e-04
75                                     6.1347275588560790e-04
76                                     1.0223290803168250e-03
77                                     6.0044110842408238e-04
78                                    -1.6121218689088557e-04
79                                    -1.3575120779710237e-04
80                                     6.8205626271966580e-05
81                                    -4.0937965597433179e-04
82                                    -9.2350400798288379e-04
83                                     4.8262365835199071e-04
84                                    -2.3689969612115946e-04
85                                     1.3104803991997177e-03
86                                    -5.4304348216414888e-04
87                                    -2.1862961859231422e-04
88                                    -1.0687718012351854e-04
89                                    -4.2208400913817945e-05
90                                    -1.5983882936376759e-04
91                                    -1.9118147016713993e-04
92                                    -7.5117686383588400e-05
93                                    -2.1143399699796728e-04
94                                     8.1677283825659641e-04
95                                    -7.3995363529416602e-04
96                                     2.2349020707296274e-04
97                                    -6.8836367605892845e-05
98                                     3.6444312495237385e-04
99                                     4.8574318103783432e-04
100                                    6.2827319161024020e-04
101                                   -8.5508083529473033e-04
$End
$Geometry
   &GeometryIndex 23
   &ListStatus       OUT
   &NATOMS [&Type "Integer"] 34
   &NCORELESSECP [&Type "Integer"] 0
   &NGHOSTATOMS [&Type "Integer"] 0
   &CartesianCoordinates [&Type "Coordinates", &Dim(34,4), &Units "Bohr"] 
              H     -0.715083300970   -9.115420595824   -7.030812680117
              H     -2.676169400293   -6.878650598203   -5.505990077035
              C     -0.726447244407   -7.466419776101   -5.792448165345
              N      0.527819237488   -5.397160810774   -7.167307267573
              H     -2.343250999854   -2.545986518967   -7.084288192917
              H     -0.348940579451   -9.654699548040   -2.412411409503
              H      4.176322558163   -7.036107001953   -7.896494807848
              C     -0.455244587934   -3.118172782984   -7.574515759985
              C      2.974980222947   -5.408240836020   -8.057165033432
              H      1.684191518530    1.507815653385  -10.998225728633
              C      0.545945662486   -8.008231185942   -3.271426442406
              N      1.271248579790   -1.673904291235   -8.689707734041
              C      3.440619613249   -3.074927271132   -9.004073394873
              H     -0.940356650603    1.576279325415   -8.875218125283
              H      2.550241246588   -8.425496886601   -3.515664205585
              C      1.028856490644    1.043564885748   -9.104922034941
              H      5.131438317618   -2.275061023204   -9.792741297316
              H      0.352589982584   -6.415643410204   -1.983513734349
              H      2.142913569860    2.022457007411   -7.679452701980
              F      4.483342469163    3.873492601380   -2.009249527991
              O     -4.123118313198    0.749945806104   -4.829621192916
              N      0.085962803317    0.596619331303   -2.969305996164
              F     -3.727412548429    3.911788618317   -0.210485683676
              O      4.237762082985   -1.436363429129   -3.679805546160
              S     -2.743596593008   -0.293017022801   -2.717078814179
              C      3.966708557285    2.134940029967   -0.247865389988
              F      2.436374757643    3.156043752454    1.473433399109
              S      2.488040517589   -0.704610193760   -1.717798957691
              C     -3.999667850874    1.423599946504    0.093762245696
              F      6.121739134928    1.456793273141    0.877620363885
              F     -6.453714807981    0.898810643139    0.368694760743
              O     -3.087337952968   -2.946576826767   -2.190844340952
              F     -2.773118538271    0.717811462587    2.176844119075
              O      2.013244861125   -2.439713611478    0.313009062891
$End
$SCF_Energy
   &GeometryIndex 23
   &ListStatus       OUT
   &SCF_ENERGY [&Type "Double"]      -2.1718987940730849e+03
$End
$DFT_Energy
   &GeometryIndex 23
   &ListStatus       OUT
   &NALPHAEL [&Type "Integer"] 99
   &NBETAEL [&Type "Integer"] 99
   &NTOTALEL [&Type "Integer"] 197
   &EEXCHANGE [&Type "Double"]      -1.6626652669858731e+02
   &ECORR [&Type "Double"]      -8.6083042228568782e+00
   &ECNL [&Type "Double"]       0.0000000000000000e+00
   &EXC [&Type "Double"]      -1.7487483092144419e+02
   &EEMBED [&Type "Double"]       0.0000000000000000e+00
   &FINALEN [&Type "Double"]      -2.1718987940730849e+03  "No Van der Waals correction"
$End
$VdW_Correction
   &GeometryIndex 23
   &ListStatus       OUT
   &VDW [&Type "Double"]      -8.2614845034857068e-02
$End
$SCF_Nuc_Gradient
   &GeometryIndex 23
   &ListStatus       OUT
   &NATOMS [&Type "Integer"] 34
   &ROOT [&Type "Integer"] 0
   &GRADNORM [&Type "Double"]       5.9452568540070954e-03
   &GRAD [&Type "ArrayOfDoubles", &Dim (102,1)] 
                                                         0

0                                     -9.3590745822858500e-05
1                                      1.5370281094001514e-04
2                                     -2.1872799150726707e-04
3                                     -8.6651322372593986e-05
4                                      1.0717516468461419e-04
5                                      7.1736981177780712e-06
6                                      4.3702829752571837e-04
7                                     -1.8390947567113475e-04
8                                      3.4821896199553615e-04
9                                     -5.0063524848212998e-04
10                                    -6.0677052122282138e-04
11                                    -7.1185751151170429e-04
12                                    -7.3892311536788435e-04
13                                    -1.1758044538391216e-03
14                                     4.2355482191069882e-04
15                                     1.5243765489286742e-04
16                                     2.8847601727055583e-05
17                                     1.0245198582621573e-04
18                                    -9.4612713515740410e-05
19                                    -1.3067656411044903e-04
20                                    -6.1858520341989687e-06
21                                     1.2773612481658814e-03
22                                     2.8155038025541659e-03
23                                     3.3619044816764372e-05
24                                     1.6122914220100676e-04
25                                    -7.7883793862684736e-05
26                                     1.3980481656221053e-04
27                                     4.1686045935705740e-05
28                                     8.9051060634386114e-05
29                                     1.0320005886521599e-05
30                                    -2.7957880422582737e-04
31                                    -3.4337055658116913e-04
32                                     2.4355598988001770e-05
33                                    -1.3492963787365177e-03
34                                    -4.9314749934289970e-04
35                                     2.7522796326902299e-04
36                                     4.6329610001102917e-04
37                                    -1.8950913022242749e-04
38                                    -4.8477743503000381e-05
39                                    -2.2716197458444443e-05
40                                     1.4882235039016811e-04
41                                    -7.9040099485463977e-05
42                                     7.2247463162089520e-05
43                                     3.2944849745725202e-04
44                                    -2.5928659165486666e-04
45                                     3.1639411847412657e-04
46                                    -1.4938264768126625e-05
47                                    -3.9103548470210622e-04
48                                    -5.2212427294834329e-05
49                                     1.0722824623320137e-04
50                                    -9.5474733500883202e-05
51                                    -2.0243804801172924e-04
52                                    -1.4037206869682572e-05
53                                     6.4386869696453353e-04
54                                     1.4832547180598787e-05
55                                    -9.3355017560234343e-05
56                                     3.9028800819607135e-04
57                                    -4.4306271597734093e-04
58                                    -4.0779866775597640e-04
59                                    -4.0805088216583352e-04
60                                     7.3710071073929129e-04
61                                    -1.0747383769216245e-04
62                                     1.4869259538835555e-04
63                                     8.6589956055219131e-05
64                                     1.2871657303495376e-03
65                                    -7.0101564476618416e-04
66                                    -1.9687652229379016e-05
67                                     1.7140458954317817e-04
68                                     1.2896123056365186e-04
69                                    -6.8925925622692619e-04
70                                     2.6463571258419916e-05
71                                     2.9727384081185138e-04
72                                    -2.5795375968881706e-04
73                                    -2.4996160755948182e-03
74                                     8.0919633333143004e-04
75                                     4.5209181946932742e-04
76                                     6.7154738937506842e-04
77                                     3.6696968659212514e-04
78                                    -5.6242278375473465e-05
79                                     7.5602192510793031e-05
80                                     8.5267884959688844e-05
81                                     1.6630343343474602e-04
82                                    -1.3442382662156582e-03
83                                     7.1999780351847745e-04
84                                     9.5366731154539197e-05
85                                     9.7707268074415099e-04
86                                    -5.5972226811996928e-04
87                                    -4.8083513131846889e-05
88                                    -2.5406121487871192e-04
89                                     1.9570330594756435e-04
90                                    -1.4529216497105590e-04
91                                    -9.8986253948100955e-05
92                                    -1.0817570145511129e-04
93                                     8.6083986654224287e-05
94                                     2.5656812005830920e-04
95                                    -1.0536504056314205e-03
96                                     2.3416436857298661e-04
97                                    -4.0878584106104898e-05
98                                     3.4687073523198553e-04
99                                     2.8602273583824833e-04
100                                    8.3085157574303015e-04
101                                   -8.5711611969091495e-04
$End
$Geometry
   &GeometryIndex 24
   &ListStatus       OUT
   &NATOMS [&Type "Integer"] 34
   &NCORELESSECP [&Type "Integer"] 0
   &NGHOSTATOMS [&Type "Integer"] 0
   &CartesianCoordinates [&Type "Coordinates", &Dim(34,4), &Units "Bohr"] 
              H     -0.739226958488   -9.119089751310   -7.043291327817
              H     -2.678016420732   -6.878849317258   -5.493768593758
              C     -0.734368979871   -7.477572953329   -5.794840953690
              N      0.529781907680   -5.407802713364   -7.156246163462
              H     -2.345905546810   -2.553241321936   -7.097107713276
              H     -0.383782679532   -9.685628999649   -2.430407048797
              H      4.188916774088   -7.036719502916   -7.863334562745
              C     -0.457626850948   -3.134056145607   -7.576867469931
              C      2.981679056915   -5.414681726404   -8.035642728803
              H      1.663967234329    1.470163436816  -11.030373074132
              C      0.540652880112   -8.052247974686   -3.283818713653
              N      1.270239803345   -1.688236130471   -8.690554167926
              C      3.444423731033   -3.084939034178   -8.987760392138
              H     -0.960264865629    1.543784769272   -8.908800281631
              H      2.534496031115   -8.511985082999   -3.539440907992
              C      1.012744466088    1.023063502063   -9.131066306012
              H      5.137713258193   -2.283273595067   -9.769164160504
              H      0.386303948020   -6.468059915507   -1.981308763917
              H      2.120362670797    2.027626685230   -7.718647354301
              F      4.442304845148    3.954448840284   -1.911440860742
              O     -4.124659139014    0.779017583993   -4.828592257578
              N      0.090398120998    0.633231906473   -2.980223012573
              F     -3.672970549072    3.924662368240   -0.175969815269
              O      4.271612519923   -1.313934362163   -3.725018655434
              S     -2.736551376976   -0.265509456721   -2.722147992064
              C      3.948864484261    2.155447680834   -0.204529624338
              F      2.410514222354    3.112384548891    1.546671002652
              S      2.507209435473   -0.660308981712   -1.749105389673
              C     -3.981216537750    1.435859947389    0.100079415085
              F      6.114417614750    1.471937757171    0.900689574176
              F     -6.443651978979    0.945925767303    0.361587090231
              O     -3.065526764306   -2.922994325207   -2.200117243514
              F     -2.773281191528    0.689269650297    2.178148896005
              O      2.047329650750   -2.452134438033    0.237339266042
$End
$SCF_Energy
   &GeometryIndex 24
   &ListStatus       OUT
   &SCF_ENERGY [&Type "Double"]      -2.1718990519546942e+03
$End
$DFT_Energy
   &GeometryIndex 24
   &ListStatus       OUT
   &NALPHAEL [&Type "Integer"] 99
   &NBETAEL [&Type "Integer"] 99
   &NTOTALEL [&Type "Integer"] 197
   &EEXCHANGE [&Type "Double"]      -1.6626588827380394e+02
   &ECORR [&Type "Double"]      -8.6081199317952901e+00
   &ECNL [&Type "Double"]       0.0000000000000000e+00
   &EXC [&Type "Double"]      -1.7487400820559924e+02
   &EEMBED [&Type "Double"]       0.0000000000000000e+00
   &FINALEN [&Type "Double"]      -2.1718990519546942e+03  "No Van der Waals correction"
$End
$VdW_Correction
   &GeometryIndex 24
   &ListStatus       OUT
   &VDW [&Type "Double"]      -8.2451127231974272e-02
$End
$SCF_Nuc_Gradient
   &GeometryIndex 24
   &ListStatus       OUT
   &NATOMS [&Type "Integer"] 34
   &ROOT [&Type "Integer"] 0
   &GRADNORM [&Type "Double"]       5.0356020124471450e-03
   &GRAD [&Type "ArrayOfDoubles", &Dim (102,1)] 
                                                         0

0                                     -8.5769778140221825e-06
1                                      5.4753336698909472e-05
2                                     -7.7391565147716390e-05
3                                      4.2416257476446395e-05
4                                     -8.7618948442121092e-05
5                                      1.6930485855857352e-04
6                                      2.9501481133845098e-04
7                                      1.1417807994544473e-04
8                                     -1.6060194688599649e-04
9                                     -2.7801560331965763e-04
10                                    -7.4026054397929864e-04
11                                    -5.6544515363271541e-04
12                                    -6.2383988247841082e-04
13                                    -5.2324426439270821e-04
14                                     2.0818499474946350e-04
15                                     2.1135250465931232e-05
16                                     8.7281118112819689e-05
17                                     9.7413581800417925e-05
18                                    -3.4227019933663616e-05
19                                    -4.0518073800288601e-06
20                                    -3.1545468121764453e-05
21                                     9.6744571362458731e-04
22                                     1.3111690603006751e-03
23                                     4.5862747061355819e-04
24                                     4.0998182256936355e-04
25                                     6.6151402018101157e-04
26                                    -3.1785811358889249e-04
27                                     6.4555437661158177e-05
28                                     9.4426027826485792e-06
29                                    -9.8657043258620902e-05
30                                    -3.7730620257568973e-04
31                                     4.6468285410612535e-04
32                                    -3.7545095357359448e-04
33                                    -1.0611128535356271e-03
34                                     1.9431214707429922e-04
35                                    -1.3451884492039767e-04
36                                     1.3972042023700781e-04
37                                    -1.2330323018196823e-03
38                                     4.2972796305058847e-04
39                                     2.6007956420742717e-05
40                                    -1.1632392041237283e-05
41                                    -1.6484538439351729e-04
42                                     1.0099234813382152e-04
43                                     2.3312802855161158e-04
44                                    -2.3602884370504951e-04
45                                     1.8896222414050215e-04
46                                    -1.5275250808058707e-04
47                                     8.6990576043957657e-05
48                                    -5.9778793597670132e-05
49                                     1.0694422674234483e-04
50                                    -7.3569519306551645e-05
51                                    -1.3042969498357898e-04
52                                    -6.3804897832092644e-04
53                                     8.4205254520300366e-04
54                                    -2.4528518353744699e-05
55                                     1.9254971002420629e-04
56                                     2.0578849811139777e-04
57                                    -4.6724342755011250e-04
58                                     3.0860559495271556e-04
59                                    -1.3318634261269557e-04
60                                     6.5178915538785520e-04
61                                     1.8865942152501702e-04
62                                    -2.8219735512896582e-04
63                                    -1.1325472014932225e-04
64                                     1.1202856924812377e-03
65                                    -6.5796266756174004e-04
66                                    -5.4665264719578471e-05
67                                     5.4929003814169208e-04
68                                     5.4321740851688560e-05
69                                    -8.3655743679444949e-04
70                                     3.9105623531246470e-04
71                                     1.1253191422427866e-04
72                                    -1.2514775823018742e-03
73                                    -1.4497945567861631e-03
74                                     1.1201336096554881e-03
75                                    -1.7127979010075900e-04
76                                    -5.5509856685954928e-04
77                                    -3.7077443060798410e-04
78                                     2.2389592469368447e-04
79                                     4.8245564328548707e-04
80                                    -5.1890042310737128e-05
81                                     1.4062746401663079e-03
82                                    -1.0909177389840652e-03
83                                     7.5405847476486473e-04
84                                     5.1912256307398708e-04
85                                     4.6367748701453548e-05
86                                    -3.3496715544135969e-04
87                                     2.8057192091907046e-04
88                                    -2.5763575264514671e-04
89                                     4.2896334851696971e-04
90                                    -1.5538211632082355e-05
91                                     1.5614776946872716e-04
92                                    -4.6777807609005295e-05
93                                     5.0002927376233824e-04
94                                    -3.5899357558710765e-04
95                                    -7.2350915165507457e-04
96                                    -4.0293674862440509e-05
97                                     1.9470845016536509e-05
98                                    -2.9122409624271484e-05
99                                    -2.8979006556911768e-04
100                                    4.1078777105424402e-04
101                                   -1.0179940066901150e-04
$End
$Geometry
   &GeometryIndex 25
   &ListStatus       OUT
   &NATOMS [&Type "Integer"] 34
   &NCORELESSECP [&Type "Integer"] 0
   &NGHOSTATOMS [&Type "Integer"] 0
   &CartesianCoordinates [&Type "Coordinates", &Dim(34,4), &Units "Bohr"] 
              H     -0.803213554958   -9.106354703955   -7.030090229191
              H     -2.685110822285   -6.842870677511   -5.441768415886
              C     -0.756190934659   -7.470833860376   -5.774572063894
              N      0.522426489384   -5.411895052919   -7.137040132228
              H     -2.343509221451   -2.542778601499   -7.103008059791
              H     -0.407094792997   -9.698298765993   -2.425568101833
              H      4.182193247174   -7.050228893044   -7.825525573239
              C     -0.460907198890   -3.141973780985   -7.579222236129
              C      2.976554605347   -5.428724070794   -8.012177562579
              H      1.660609321435    1.427448634071  -11.071419453073
              C      0.543339112325   -8.083353367179   -3.286084191580
              N      1.272281785759   -1.705062646156   -8.698221981909
              C      3.444984583658   -3.106257344814   -8.978708839452
              H     -0.964489973459    1.518756837879   -8.953355554081
              H      2.520736622905   -8.593826002588   -3.572066259141
              C      1.010129222365    1.001029907538   -9.167117915878
              H      5.142259279386   -2.312054125737   -9.758839099521
              H      0.449373758919   -6.502094944440   -1.974716927900
              H      2.114541711334    2.025802765025   -7.767159333960
              F      4.422988479602    4.033703251970   -1.782461219891
              O     -4.128317493822    0.821363397018   -4.830871206378
              N      0.099208513664    0.684259886007   -3.004071210988
              F     -3.682772046174    3.920769860107   -0.139568625362
              O      4.317855246965   -1.156798327717   -3.794483255292
              S     -2.722344055288   -0.229703721373   -2.739930348179
              C      3.926407803734    2.168264379103   -0.149822658052
              F      2.357861769623    3.046259839475    1.616332486709
              S      2.533455488592   -0.607682384620   -1.804999148159
              C     -3.970842455745    1.425797422094    0.106018622602
              F      6.087326993903    1.468401240898    0.955156176574
              F     -6.428133474706    0.914237005075    0.370748268056
              O     -3.030787897724   -2.893735229099   -2.233524791693
              F     -2.749116757708    0.662018381558    2.168842319885
              O      2.095179459531   -2.478027591282    0.114226229954
$End
$SCF_Energy
   &GeometryIndex 25
   &ListStatus       OUT
   &SCF_ENERGY [&Type "Double"]      -2.1718991814479309e+03
$End
$DFT_Energy
   &GeometryIndex 25
   &ListStatus       OUT
   &NALPHAEL [&Type "Integer"] 99
   &NBETAEL [&Type "Integer"] 99
   &NTOTALEL [&Type "Integer"] 197
   &EEXCHANGE [&Type "Double"]      -1.6626620408465345e+02
   &ECORR [&Type "Double"]      -8.6081985849103297e+00
   &ECNL [&Type "Double"]       0.0000000000000000e+00
   &EXC [&Type "Double"]      -1.7487440266956378e+02
   &EEMBED [&Type "Double"]       0.0000000000000000e+00
   &FINALEN [&Type "Double"]      -2.1718991814479309e+03  "No Van der Waals correction"
$End
$VdW_Correction
   &GeometryIndex 25
   &ListStatus       OUT
   &VDW [&Type "Double"]      -8.2411024482825765e-02
$End
$SCF_Nuc_Gradient
   &GeometryIndex 25
   &ListStatus       OUT
   &NATOMS [&Type "Integer"] 34
   &ROOT [&Type "Integer"] 0
   &GRADNORM [&Type "Double"]       4.7361991659829990e-03
   &GRAD [&Type "ArrayOfDoubles", &Dim (102,1)] 
                                                         0

0                                      4.4080614677166098e-05
1                                     -6.3815946612394425e-05
2                                      1.3305236475961990e-04
3                                      2.1808700239378531e-05
4                                     -1.5525455074166805e-04
5                                      1.9830542803222356e-04
6                                      8.4720792806872169e-05
7                                      4.3646258057488275e-04
8                                     -5.0811506434979281e-04
9                                     -1.8316910062220193e-04
10                                    -5.0402189282194865e-04
11                                    -2.5543593103155571e-04
12                                    -1.6712525229212183e-04
13                                     5.9038855960064085e-05
14                                     1.8200458053554275e-04
15                                     1.6348622025028070e-05
16                                     3.1147562264965956e-06
17                                     5.5823007891156462e-05
18                                     1.9470742603860947e-05
19                                     3.8639604856310905e-05
20                                    -3.0391152576414449e-05
21                                     4.9355512394508305e-04
22                                    -1.8661489033665671e-04
23                                     6.2828321140080690e-04
24                                     3.9862221161757888e-04
25                                     7.7906567735759602e-04
26                                    -5.7474711367871273e-04
27                                     5.1334812775180594e-05
28                                    -5.8228235847411491e-05
29                                    -7.8404951631388942e-05
30                                    -2.9635591625231869e-04
31                                     9.1237853933453725e-04
32                                    -6.8047251925469621e-04
33                                    -6.2167447170053194e-04
34                                     4.8111506787076874e-04
35                                    -2.3284514267316037e-04
36                                    -2.0366685507450244e-05
37                                    -1.4356641837643333e-03
38                                     5.7875651351783908e-04
39                                     5.9494495947914894e-05
40                                    -6.1902066550850732e-05
41                                    -2.1492584072452595e-04
42                                     7.3230020887299352e-05
43                                     1.8834271028111971e-04
44                                    -1.0876487737536411e-04
45                                     5.0833565133079350e-05
46                                    -1.1439155278335222e-04
47                                     3.4974726294416392e-04
48                                    -8.1011423494481427e-05
49                                     1.1696309724365528e-04
50                                    -3.9320217682395353e-05
51                                    -6.4327978895420759e-05
52                                    -8.9986285152623968e-04
53                                     8.7254566685945889e-04
54                                    -1.2297014952952767e-04
55                                     3.5854397088265488e-04
56                                     3.2108408001163546e-05
57                                    -1.0937109443702464e-04
58                                     6.2986282044638631e-04
59                                     6.1725143803287308e-05
60                                     3.3215882482567904e-04
61                                     2.4632078302905258e-04
62                                    -3.6955214431305672e-04
63                                    -2.7581790793818062e-04
64                                     8.1168961571181919e-04
65                                    -5.6257143926488618e-04
66                                    -2.6171092265610263e-05
67                                     5.5262086093388341e-04
68                                    -4.5261142883203098e-05
69                                    -5.8720371046439013e-04
70                                     5.2021277486577477e-04
71                                     9.1868832774510967e-05
72                                    -1.1288082903570251e-03
73                                    -1.0312124628764074e-04
74                                     7.9998108654358302e-04
75                                    -5.0927986803521452e-04
76                                    -1.0260790608913745e-03
77                                    -6.5715175039689211e-04
78                                     1.4733124674767839e-04
79                                     4.4622742080704936e-04
80                                    -8.4863442395166633e-05
81                                     1.6879652433247905e-03
82                                    -1.1124056683593231e-03
83                                     4.9714944104054318e-04
84                                     2.8615622821397818e-04
85                                    -7.2290738959168710e-04
86                                    -4.1445084115299125e-05
87                                     3.7355562156493605e-04
88                                    -9.3987505059525689e-05
89                                     2.6342161388534513e-04
90                                    -7.4978195695463157e-06
91                                     2.4759034377656863e-04
92                                     3.6958126104706668e-05
93                                     6.9462757060576030e-04
94                                    -5.2848091931945174e-04
95                                    -3.2688676096498392e-04
96                                    -1.3144078231833167e-04
97                                     1.3484723075647687e-04
98                                    -3.4320456548758704e-04
99                                    -5.0270289869551454e-04
100                                    1.0370124643710454e-04
101                                    3.7262845518909460e-04
$End
$Geometry
   &GeometryIndex 26
   &ListStatus       OUT
   &NATOMS [&Type "Integer"] 34
   &NCORELESSECP [&Type "Integer"] 0
   &NGHOSTATOMS [&Type "Integer"] 0
   &CartesianCoordinates [&Type "Coordinates", &Dim(34,4), &Units "Bohr"] 
              H     -0.856431558960   -9.096947839035   -7.014099538286
              H     -2.691145005750   -6.812816769361   -5.398037558253
              C     -0.775062342483   -7.466063914164   -5.754120166287
              N      0.515523087181   -5.415629141817   -7.119877082434
              H     -2.344636814630   -2.536958410151   -7.114523777146
              H     -0.426621526009   -9.703042014049   -2.410959121077
              H      4.178816253657   -7.058720738313   -7.778721431073
              C     -0.465997358250   -3.150006571888   -7.586607681072
              C      2.973198001477   -5.439689572742   -7.984605633449
              H      1.655338267461    1.382191911866  -11.118970045612
              C      0.544786284355   -8.106937829682   -3.283259037271
              N      1.273787306857   -1.721463750473   -8.707523409074
              C      3.446529564409   -3.124071527078   -8.967747313454
              H     -0.968532440508    1.494606785255   -9.001361021235
              H      2.506725333858   -8.661089736817   -3.593060120526
              C      1.007232577156    0.978304870791   -9.209121346574
              H      5.148905049968   -2.336483084939   -9.743202587305
              H      0.501811350712   -6.521711136850   -1.974087599062
              H      2.109466255486    2.023879689868   -7.822977897344
              F      4.390615374598    4.103765708369   -1.638812546955
              O     -4.137673565584    0.853189868103   -4.829102336669
              N      0.105210700940    0.728032557349   -3.031234332914
              F     -3.681579711936    3.922639318479   -0.107930557983
              O      4.364588222172   -0.981078857693   -3.874592437833
              S     -2.710485560493   -0.197927655407   -2.753365329637
              C      3.897721388032    2.168888329327   -0.089823751748
              F      2.297495848507    2.953811766122    1.691914196166
              S      2.560890980288   -0.555543450527   -1.871825718998
              C     -3.954332849453    1.424007051261    0.113405196470
              F      6.054178491011    1.449513552386    1.010510111117
              F     -6.406673495467    0.894854983145    0.384427964018
              O     -3.005069129868   -2.864504628202   -2.251822137040
              F     -2.718928409279    0.645274425159    2.162562492551
              O      2.157232246284   -2.516715472552   -0.036518735489
$End
$SCF_Energy
   &GeometryIndex 26
   &ListStatus       OUT
   &SCF_ENERGY [&Type "Double"]      -2.1718992687856294e+03
$End
$DFT_Energy
   &GeometryIndex 26
   &ListStatus       OUT
   &NALPHAEL [&Type "Integer"] 99
   &NBETAEL [&Type "Integer"] 99
   &NTOTALEL [&Type "Integer"] 197
   &EEXCHANGE [&Type "Double"]      -1.6626699363637294e+02
   &ECORR [&Type "Double"]      -8.6083366538057255e+00
   &ECNL [&Type "Double"]       0.0000000000000000e+00
   &EXC [&Type "Double"]      -1.7487533029017868e+02
   &EEMBED [&Type "Double"]       0.0000000000000000e+00
   &FINALEN [&Type "Double"]      -2.1718992687856294e+03  "No Van der Waals correction"
$End
$VdW_Correction
   &GeometryIndex 26
   &ListStatus       OUT
   &VDW [&Type "Double"]      -8.2397053410296558e-02
$End
$SCF_Nuc_Gradient
   &GeometryIndex 26
   &ListStatus       OUT
   &NATOMS [&Type "Integer"] 34
   &ROOT [&Type "Integer"] 0
   &GRADNORM [&Type "Double"]       3.7496704879852395e-03
   &GRAD [&Type "ArrayOfDoubles", &Dim (102,1)] 
                                                         0

0                                      7.5630929450920883e-05
1                                     -2.0806996456873561e-04
2                                      3.1917013013681161e-04
3                                      1.5849787164040618e-05
4                                     -1.2479453667054580e-04
5                                      6.8377524752472052e-05
6                                     -2.9064817088415157e-04
7                                      5.7953970384467483e-04
8                                     -5.9818384962907062e-04
9                                      9.2454926203661136e-05
10                                    -2.9364118535721295e-04
11                                    -1.9855920434384833e-04
12                                     1.9654989159537117e-04
13                                     4.4281729049841512e-04
14                                     2.4075902213153283e-04
15                                     1.2381005318015670e-04
16                                    -1.2972149373549624e-04
17                                     1.4300432406480490e-05
18                                     4.6448171574398067e-05
19                                     7.9534380700435614e-05
20                                     1.1249386246199589e-05
21                                    -3.7725992713927292e-05
22                                    -9.0521124165800909e-04
23                                     4.4027079004049612e-04
24                                     2.0705742592749127e-04
25                                     4.5234815080487378e-04
26                                    -4.7823064993236103e-04
27                                     2.2530789809710461e-05
28                                    -8.7880820353297695e-05
29                                    -2.9895110866762220e-05
30                                    -1.2239895234855691e-05
31                                     8.2669812544550018e-04
32                                    -6.6674442950151458e-04
33                                    -7.1210424207247824e-05
34                                     4.5353518068241838e-04
35                                    -2.7001949754509869e-05
36                                    -2.1401447867318291e-04
37                                    -9.0211865481996945e-04
38                                     3.3552856176333190e-04
39                                     4.9712653038963550e-05
40                                    -4.3413754729916543e-05
41                                    -1.8504651916829290e-04
42                                     2.2457520308077905e-05
43                                     1.1255753112512229e-04
44                                     6.2310748446158665e-05
45                                     9.8737144237344074e-05
46                                    -2.1100737796096378e-04
47                                     2.6061692782804527e-04
48                                    -6.0282095074720710e-05
49                                     7.3202303213837361e-05
50                                     7.6958383153635790e-07
51                                    -8.7171124910275302e-05
52                                    -8.3041182392032398e-04
53                                     7.0978138711233485e-04
54                                    -2.5113360474657287e-04
55                                     5.1789679095033681e-04
56                                    -3.1602734619773365e-05
57                                     1.9604308551468552e-05
58                                     4.6806222358472538e-04
59                                     1.1461165363840786e-04
60                                    -4.0898273472866897e-06
61                                     8.6639467716753682e-05
62                                    -2.3385607536502429e-04
63                                    -2.5123680365034262e-04
64                                     2.9611916015265249e-04
65                                    -2.5936999253818593e-04
66                                    -7.5244942162287776e-06
67                                     3.2145852284948262e-04
68                                    -1.4870660354649248e-04
69                                    -1.7866283546413841e-04
70                                     4.8727221333967619e-04
71                                    -4.3819446721771182e-05
72                                    -5.4916052079841127e-04
73                                     8.1794559144740542e-04
74                                     1.4101107536168556e-04
75                                    -3.7102763369623037e-04
76                                    -7.8271790043589473e-04
77                                    -5.2337029516322242e-04
78                                    -4.1055555714930581e-05
79                                     2.5313072252516888e-04
80                                    -9.7480802362104324e-05
81                                     1.1033238933846473e-03
82                                    -8.0168980144246227e-04
83                                     3.4563036346092757e-04
84                                    -3.3408430040654524e-05
85                                    -9.5744764949379224e-04
86                                     2.3976933296966652e-04
87                                     2.1502514782062443e-04
88                                    -7.1346691597709566e-05
89                                     2.8271759083126069e-05
90                                     1.2036881246629827e-04
91                                     2.1461211735043784e-04
92                                     8.7912304909440464e-05
93                                     5.8271267786055153e-04
94                                    -1.6265455601377488e-04
95                                     3.9720472529203299e-05
96                                    -1.3714728873348569e-04
97                                     1.6997304683986914e-04
98                                    -4.3976471279882912e-04
99                                    -3.9453493152353386e-04
100                                   -1.4121508188186249e-04
101                                    5.0157089059760240e-04
$End
$Geometry
   &GeometryIndex 27
   &ListStatus       OUT
   &NATOMS [&Type "Integer"] 34
   &NCORELESSECP [&Type "Integer"] 0
   &NGHOSTATOMS [&Type "Integer"] 0
   &CartesianCoordinates [&Type "Coordinates", &Dim(34,4), &Units "Bohr"] 
              H     -0.894222475848   -9.086824843637   -7.000208120342
              H     -2.695480582516   -6.787473883420   -5.366366965134
              C     -0.788837543016   -7.460083433704   -5.736404515984
              N      0.510474690887   -5.416090765413   -7.106374166558
              H     -2.348725740923   -2.537877474404   -7.126070763650
              H     -0.441408633899   -9.698951505752   -2.393145357461
              H      4.177021952006   -7.061514013052   -7.738477680243
              C     -0.470530779248   -3.154304896114   -7.593526727119
              C      2.971507874785   -5.444491234151   -7.960114254290
              H      1.655114747586    1.354712166381  -11.148418306960
              C      0.543163544474   -8.117286858069   -3.276558361912
              N      1.274183026608   -1.731874122374   -8.714571310101
              C      3.448649958341   -3.133573725379   -8.956574281073
              H     -0.969545860722    1.481195713899   -9.032070219974
              H      2.494598382975   -8.699335925840   -3.601431728197
              C      1.006558602689    0.963799650211   -9.236215909257
              H      5.155388759676   -2.350245191107   -9.726664521488
              H      0.532790691964   -6.525007455782   -1.975063820448
              H      2.107185141352    2.019213817068   -7.856859711091
              F      4.372472974045    4.147693380720   -1.549651112637
              O     -4.145736018109    0.871220489212   -4.828131569307
              N      0.105871950232    0.756561047599   -3.050416686436
              F     -3.658880290998    3.911806447264   -0.069244161031
              O      4.390689186934   -0.860110925910   -3.933528473439
              S     -2.704297908677   -0.183401778700   -2.764534897578
              C      3.883920569384    2.170135689394   -0.056316392456
              F      2.267440231639    2.892105116504    1.737300602168
              S      2.579163896340   -0.515936267616   -1.921632458361
              C     -3.945224670770    1.412930117222    0.118884552350
              F      6.038683106634    1.436282349043    1.036324714271
              F     -6.400800886435    0.891559381872    0.375833395542
              O     -2.989744551387   -2.852465431040   -2.271909749088
              F     -2.720902285273    0.600164638771    2.162541126561
              O      2.206341755010   -2.536971557959   -0.145472460756
$End
$SCF_Energy
   &GeometryIndex 27
   &ListStatus       OUT
   &SCF_ENERGY [&Type "Double"]      -2.1718992881349632e+03
$End
$DFT_Energy
   &GeometryIndex 27
   &ListStatus       OUT
   &NALPHAEL [&Type "Integer"] 99
   &NBETAEL [&Type "Integer"] 99
   &NTOTALEL [&Type "Integer"] 197
   &EEXCHANGE [&Type "Double"]      -1.6626687408194766e+02
   &ECORR [&Type "Double"]      -8.6084211140464184e+00
   &ECNL [&Type "Double"]       0.0000000000000000e+00
   &EXC [&Type "Double"]      -1.7487529519599408e+02
   &EEMBED [&Type "Double"]       0.0000000000000000e+00
   &FINALEN [&Type "Double"]      -2.1718992881349632e+03  "No Van der Waals correction"
$End
$VdW_Correction
   &GeometryIndex 27
   &ListStatus       OUT
   &VDW [&Type "Double"]      -8.2421449774527145e-02
$End
$SCF_Nuc_Gradient
   &GeometryIndex 27
   &ListStatus       OUT
   &NATOMS [&Type "Integer"] 34
   &ROOT [&Type "Integer"] 0
   &GRADNORM [&Type "Double"]       2.5307819289492137e-03
   &GRAD [&Type "ArrayOfDoubles", &Dim (102,1)] 
                                                         0

0                                      7.4219778184468621e-05
1                                     -2.3122233005384851e-04
2                                      3.0647525455687608e-04
3                                     -4.1874020078325191e-06
4                                     -7.1673903308949738e-06
5                                     -5.8111613187382394e-05
6                                     -4.0939654964297634e-04
7                                      5.0122135123779714e-04
8                                     -2.5633945549469184e-04
9                                      2.2494426599540401e-04
10                                    -1.4210557070204466e-04
11                                    -2.3867079258114987e-04
12                                     3.8215054812409943e-04
13                                     4.0761682087189777e-04
14                                     3.8377115161265102e-04
15                                     2.2439880562856451e-04
16                                    -2.2822514165787844e-04
17                                    -3.1992607218214730e-05
18                                     3.8646874119530050e-05
19                                     5.4861429641506199e-05
20                                     3.2412466849356808e-05
21                                    -2.8306137579048318e-04
22                                    -7.6733497286377711e-04
23                                     1.2425783988772796e-04
24                                    -4.6528257431191489e-05
25                                    -7.2267370765571881e-05
26                                    -2.0302449902472736e-04
27                                     2.0664066975872863e-05
28                                    -8.9068780419865323e-05
29                                     2.5334885188688094e-05
30                                     8.4349009797909935e-05
31                                     4.9297380581988723e-04
32                                    -5.1283576477714754e-04
33                                     1.8459857998744979e-04
34                                     2.3990231123213746e-04
35                                     2.0715163571077833e-04
36                                    -1.7192812705353611e-04
37                                    -3.1341666715742345e-05
38                                    -3.5755642039891899e-05
39                                     1.1148380418796178e-05
40                                     2.5849701047082896e-05
41                                    -1.0256928822445499e-04
42                                     1.6390271895372344e-05
43                                     8.3716779464518276e-05
44                                     1.1201103707143140e-04
45                                     2.3520381317067122e-04
46                                    -3.1966718203996908e-04
47                                     1.5467869814065824e-04
48                                    -3.1108663977597040e-06
49                                     2.3595401966489127e-05
50                                     2.1174850214425445e-05
51                                    -1.5617099193822293e-04
52                                    -5.6138647658357521e-04
53                                     4.9076849619836271e-04
54                                    -4.0739273630896466e-04
55                                     4.7354626831663804e-04
56                                    -9.1721688612850238e-05
57                                     1.7410888857272155e-04
58                                     2.8608351399811438e-05
59                                     1.4496991868623299e-04
60                                    -1.0329000515404974e-04
61                                    -6.2413023361185260e-06
62                                    -1.0356261443073000e-04
63                                    -2.7295904596473519e-04
64                                     6.5042343262711189e-06
65                                    -1.8253263048326196e-04
66                                     1.0719308997524796e-05
67                                     8.4582897123264278e-05
68                                    -1.6101963989388797e-04
69                                     6.2028390094670538e-05
70                                     1.8104722046433791e-04
71                                    -1.1431942117484661e-04
72                                    -2.3609943762419039e-04
73                                     8.1568104725296409e-04
74                                    -4.2169522756693723e-04
75                                    -1.0615579923033136e-04
76                                    -2.2486713193310692e-04
77                                    -2.8857638808096886e-04
78                                    -7.0197436860125473e-05
79                                     7.8799425727457684e-05
80                                     1.2811982552013434e-05
81                                     3.9526348836163572e-04
82                                    -3.3134926701353096e-04
83                                     3.2793763772381163e-04
84                                    -1.8382134049572257e-04
85                                    -5.8220108841293416e-04
86                                     2.2320235021852652e-04
87                                     2.7255416707339108e-05
88                                     4.4377061833605902e-05
89                                    -8.9449828494958528e-05
90                                     1.6282536386025281e-04
91                                     9.7921896430000488e-05
92                                     8.8828996657963621e-05
93                                     3.1981332678073654e-04
94                                     4.8092460295856565e-05
95                                     1.9466753146914206e-04
96                                    -9.6324132071889945e-05
97                                     4.9451092843877387e-05
98                                    -2.0018894939005660e-04
99                                    -9.8105087802835556e-05
100                                   -1.4390389370699808e-04
101                                    2.4191132713013985e-04
$End
$Geometry
   &GeometryIndex 28
   &ListStatus       OUT
   &NATOMS [&Type "Integer"] 34
   &NCORELESSECP [&Type "Integer"] 0
   &NGHOSTATOMS [&Type "Integer"] 0
   &CartesianCoordinates [&Type "Coordinates", &Dim(34,4), &Units "Bohr"] 
              H     -0.967557524702   -9.063839956820   -6.974820196089
              H     -2.702225495382   -6.738460195962   -5.303201866118
              C     -0.815047664406   -7.448136196809   -5.701285646068
              N      0.501840642743   -5.416877057700   -7.077109410863
              H     -2.363727363889   -2.551610244994   -7.155011440100
              H     -0.482118018048   -9.687732802071   -2.356907343687
              H      4.178618287269   -7.060572658964   -7.647359272599
              C     -0.481366870864   -3.164559518233   -7.608330858601
              C      2.970877373708   -5.450442286802   -7.903926766745
              H      1.663501819336    1.293667609896  -11.213340037184
              C      0.535310267437   -8.140054005678   -3.262109195648
              N      1.271295534390   -1.754013305506   -8.730422365274
              C      3.452132376778   -3.151594355248   -8.929106217298
              H     -0.971442630358    1.453815401063   -9.111746026085
              H      2.462457231645   -8.783840291170   -3.615493115863
              C      1.005634386469    0.932529881439   -9.298543237777
              H      5.166937797164   -2.374559431841   -9.687188060419
              H      0.593456505568   -6.537607181935   -1.973889766793
              H      2.099257024436    2.008753977145   -7.929012085153
              F      4.295365284909    4.240323609835   -1.353466707942
              O     -4.157082854560    0.908140105583   -4.826592318488
              N      0.106272349926    0.822049597401   -3.084978810357
              F     -3.603367705839    3.889154358762    0.007827502547
              O      4.435323334358   -0.595846720906   -4.045819061669
              S     -2.690336106021   -0.154848495983   -2.787102175434
              C      3.852045462697    2.166740133709    0.014972605845
              F      2.220524201260    2.738536622777    1.848563316360
              S      2.613267475743   -0.427912246075   -2.020621316594
              C     -3.919588231300    1.391274340209    0.130014986345
              F      6.020564517381    1.409931395449    1.062992954288
              F     -6.382368824048    0.890570966016    0.364335651426
              O     -2.952500544288   -2.830669192082   -2.319830935915
              F     -2.714338720273    0.510478698815    2.158261366632
              O      2.305269496501   -2.567231837585   -0.374824440158
$End
$SCF_Energy
   &GeometryIndex 28
   &ListStatus       OUT
   &SCF_ENERGY [&Type "Double"]      -2.1718992726047695e+03
$End
$DFT_Energy
   &GeometryIndex 28
   &ListStatus       OUT
   &NALPHAEL [&Type "Integer"] 99
   &NBETAEL [&Type "Integer"] 99
   &NTOTALEL [&Type "Integer"] 198
   &EEXCHANGE [&Type "Double"]      -1.6626845354550213e+02
   &ECORR [&Type "Double"]      -8.6086709032039348e+00
   &ECNL [&Type "Double"]       0.0000000000000000e+00
   &EXC [&Type "Double"]      -1.7487712444870607e+02
   &EEMBED [&Type "Double"]       0.0000000000000000e+00
   &FINALEN [&Type "Double"]      -2.1718992726047695e+03  "No Van der Waals correction"
$End
$VdW_Correction
   &GeometryIndex 28
   &ListStatus       OUT
   &VDW [&Type "Double"]      -8.2478738083665515e-02
$End
$SCF_Nuc_Gradient
   &GeometryIndex 28
   &ListStatus       OUT
   &NATOMS [&Type "Integer"] 34
   &ROOT [&Type "Integer"] 0
   &GRADNORM [&Type "Double"]       2.9824466798805821e-03
   &GRAD [&Type "ArrayOfDoubles", &Dim (102,1)] 
                                                         0

0                                      3.6863582289936581e-05
1                                     -1.4726827728864245e-04
2                                      1.5005986435492891e-04
3                                      4.8986414759921715e-05
4                                      1.5980823963454571e-04
5                                     -1.6701371437185392e-04
6                                     -3.8995395157500473e-04
7                                      2.5597931634494669e-04
8                                      2.9792647199339273e-04
9                                      6.7901718541398676e-04
10                                    -2.5566598434020871e-04
11                                    -3.5738838976040466e-04
12                                     4.2990748905333276e-04
13                                     2.3369290337776905e-05
14                                     7.0531516063791072e-04
15                                     3.2054236457451646e-04
16                                    -2.5153634962354898e-04
17                                    -8.1534303543323583e-05
18                                     2.9589522429179782e-05
19                                     9.6754099351004097e-06
20                                     5.3977469066924383e-05
21                                    -4.0775674761142633e-04
22                                     2.7022417879262947e-04
23                                    -5.0555190299984669e-04
24                                    -2.7438892762031430e-04
25                                    -4.5509009889156682e-04
26                                     6.5701552249754214e-05
27                                     1.8510516320471848e-05
28                                    -1.8180401970949167e-05
29                                     2.1004151832232365e-05
30                                     4.0485248755339071e-05
31                                     1.1467408178971426e-04
32                                    -3.2382266777850055e-04
33                                     6.4855809050058666e-05
34                                    -2.8743711680942474e-04
35                                     6.6249141897558456e-04
36                                    -3.0589222362475965e-04
37                                     7.0646161130186874e-04
38                                    -3.9781483682241325e-04
39                                    -1.3055746292123249e-06
40                                     1.4888151164144797e-04
41                                    -2.3355704239572117e-06
42                                     3.7640849211373340e-05
43                                     3.8586214928450213e-05
44                                     6.5620655443625331e-05
45                                     4.2694589971045867e-04
46                                    -6.4505311173459340e-04
47                                    -3.6991498720457400e-04
48                                     7.6724053685861549e-05
49                                    -1.0128534530573496e-04
50                                     8.3187048270996766e-05
51                                    -2.4045460794266341e-04
52                                    -2.1129472083930567e-04
53                                     3.2290680858267085e-04
54                                    -4.4903394256846918e-04
55                                     5.4063350036544222e-04
56                                     9.8483067963645032e-05
57                                     4.1890910958013172e-05
58                                    -4.5087088343293003e-04
59                                    -3.3665123513604289e-05
60                                     1.8266822626927803e-04
61                                    -8.5721271755045958e-05
62                                     7.5750268442031921e-05
63                                     1.6856215214120646e-04
64                                    -2.5399113962490394e-04
65                                    -1.0410954552109164e-04
66                                     2.8733325177030672e-05
67                                    -1.4633154339760424e-04
68                                    -6.0811080688935593e-05
69                                     2.7578246657733452e-04
70                                     3.9310881691442812e-06
71                                    -2.4875519378819710e-04
72                                     1.7835503110047446e-05
73                                     1.2946747887726540e-04
74                                    -7.3273260255457551e-04
75                                     1.3678815170951875e-04
76                                     3.6101932267866566e-04
77                                     2.8100511035866749e-04
78                                     4.4251548500240379e-05
79                                     7.2059497475351897e-05
80                                     2.7298085285482054e-05
81                                    -1.1724516932851009e-03
82                                     3.8263823793877050e-04
83                                     3.0148237493988345e-04
84                                     5.7656426464665345e-05
85                                     2.1427200473725372e-06
86                                     1.6505270941245820e-04
87                                    -2.3262903294585247e-04
88                                    -1.7456984577414458e-04
89                                    -1.0989486007964566e-04
90                                     7.9443936453038599e-05
91                                    -6.2354078155836545e-05
92                                     3.6110566406802325e-05
93                                    -8.0917421014868596e-05
94                                     3.4687584951287320e-04
95                                     1.2596084153409376e-04
96                                     2.6543821579738669e-05
97                                    -2.5963951924085071e-05
98                                     4.7874794080193794e-05
99                                     2.8455873288309869e-04
100                                    6.1865684601314364e-06
101                                   -9.1863628952082443e-05
$End
$Geometry
   &GeometryIndex 29
   &ListStatus       OUT
   &NATOMS [&Type "Integer"] 34
   &NCORELESSECP [&Type "Integer"] 0
   &NGHOSTATOMS [&Type "Integer"] 0
   &CartesianCoordinates [&Type "Coordinates", &Dim(34,4), &Units "Bohr"] 
              H     -0.974864542438   -9.062724855899   -6.976547081917
              H     -2.706677444851   -6.739295446991   -5.298947054274
              C     -0.820578681713   -7.452817957752   -5.695810530330
              N      0.501770026372   -5.418466249835   -7.063605091908
              H     -2.377069254239   -2.570717649297   -7.180881543989
              H     -0.514433060401   -9.679431838402   -2.340147109516
              H      4.193658412024   -7.043958038080   -7.586589428393
              C     -0.488113037090   -3.174513896384   -7.617860399243
              C      2.979583150780   -5.442092163958   -7.863945624101
              H      1.648337459300    1.270948457342  -11.235586411919
              C      0.523060332873   -8.151303902329   -3.255361288980
              N      1.268347501638   -1.760116445694   -8.729884503280
              C      3.459132281345   -3.146146270484   -8.897429423056
              H     -0.983880151265    1.438363636836   -9.130612446450
              H      2.441149292145   -8.822329453264   -3.607468817234
              C      0.994415868105    0.921348468619   -9.317258137802
              H      5.178600804776   -2.363816709523   -9.639205224439
              H      0.601489757628   -6.539245923150   -1.980850764922
              H      2.087466127802    2.009597473266   -7.957338119680
              F      4.250841122162    4.275345234208   -1.274391498324
              O     -4.165684549306    0.910884162860   -4.822905502005
              N      0.106412732337    0.838597732839   -3.104502277123
              F     -3.549689846708    3.886373347368    0.039927813922
              O      4.454690882697   -0.478442727443   -4.103575866336
              S     -2.685967272575   -0.147894735773   -2.791560873140
              C      3.845988955797    2.156563236611    0.034453727962
              F      2.219630289515    2.647828621258    1.895773367802
              S      2.632913219785   -0.393456718002   -2.073112455772
              C     -3.908439634910    1.393505923712    0.131903754327
              F      6.031784615328    1.398916958237    1.045618300322
              F     -6.381443304549    0.931293321683    0.342485871133
              O     -2.942138654977   -2.823276592126   -2.321501565020
              F     -2.734602685227    0.469628004936    2.160213507913
              O      2.361192103580   -2.583588289649   -0.488567595707
$End
$SCF_Energy
   &GeometryIndex 29
   &ListStatus       OUT
   &SCF_ENERGY [&Type "Double"]      -2.1718992517390752e+03
$End
$DFT_Energy
   &GeometryIndex 29
   &ListStatus       OUT
   &NALPHAEL [&Type "Integer"] 99
   &NBETAEL [&Type "Integer"] 99
   &NTOTALEL [&Type "Integer"] 198
   &EEXCHANGE [&Type "Double"]      -1.6626859848435637e+02
   &ECORR [&Type "Double"]      -8.6087123944163046e+00
   &ECNL [&Type "Double"]       0.0000000000000000e+00
   &EXC [&Type "Double"]      -1.7487731087877268e+02
   &EEMBED [&Type "Double"]       0.0000000000000000e+00
   &FINALEN [&Type "Double"]      -2.1718992517390752e+03  "No Van der Waals correction"
$End
$VdW_Correction
   &GeometryIndex 29
   &ListStatus       OUT
   &VDW [&Type "Double"]      -8.2532375371343406e-02
$End
$SCF_Nuc_Gradient
   &GeometryIndex 29
   &ListStatus       OUT
   &NATOMS [&Type "Integer"] 34
   &ROOT [&Type "Integer"] 0
   &GRADNORM [&Type "Double"]       3.6200258966352780e-03
   &GRAD [&Type "ArrayOfDoubles", &Dim (102,1)] 
                                                         0

0                                      2.1233501623172529e-05
1                                     -4.1193011267259827e-05
2                                      5.8661386681813088e-06
3                                      5.0466061702753029e-05
4                                      1.9510579475772588e-04
5                                     -1.5987264138291740e-04
6                                     -2.6035490121321947e-04
7                                     -5.4377916990030334e-05
8                                      5.5758147131258068e-04
9                                      5.5365547189989428e-04
10                                    -2.4713271840420825e-04
11                                    -3.1378079457367036e-04
12                                     4.9481856523239665e-04
13                                    -1.7763161347760653e-04
14                                     7.3852616638519358e-04
15                                     3.0117796365451699e-04
16                                    -2.2242702725930319e-04
17                                    -6.8700633014909251e-05
18                                     2.1594832121440977e-05
19                                    -4.3888618625753661e-06
20                                     3.0103175722315245e-05
21                                    -4.3495554458877761e-04
22                                     4.3140827913217342e-04
23                                    -6.9490131455290233e-04
24                                    -3.3915387856814361e-04
25                                    -4.7263207777106797e-04
26                                     2.6088301230003247e-04
27                                     3.5698832819404391e-05
28                                    -6.6479742059852298e-06
29                                     3.8014433446448281e-05
30                                     8.7720249162065445e-05
31                                     1.4733301624578025e-05
32                                    -5.1472163222307521e-05
33                                     1.3869491559549176e-04
34                                    -2.1178027817783662e-04
35                                     6.0473958436860903e-04
36                                    -1.8387689577586963e-04
37                                     1.0036385653944199e-03
38                                    -4.9200921808900677e-04
39                                    -2.2591763112977947e-05
40                                     1.5526922073254984e-04
41                                     3.1957262516604801e-05
42                                     3.9685422372426338e-05
43                                    -1.2120743504914766e-06
44                                    -1.6010760732015905e-05
45                                     5.2792410569835538e-04
46                                    -6.7894127571129642e-04
47                                    -3.3075347542725966e-04
48                                     1.2701680054677533e-04
49                                    -1.4482235717236391e-04
50                                     8.8065627294270366e-05
51                                    -3.5170524667345066e-04
52                                    -1.0281194499511814e-04
53                                     5.1794099802285332e-05
54                                    -5.1268074520065265e-04
55                                     4.9561854009065598e-04
56                                     3.8731396477281743e-05
57                                     1.6356064358136885e-04
58                                    -5.9587937457622475e-04
59                                    -2.2381992193235001e-04
60                                     2.3715908261012775e-04
61                                    -2.4768301342664722e-04
62                                     3.7623532802411042e-04
63                                     4.2013989014091230e-04
64                                    -6.2432554779187632e-04
65                                    -1.3399658759187527e-04
66                                     1.9093107823837940e-05
67                                    -1.9264190919504598e-04
68                                     9.9261529338447868e-06
69                                     3.1158966127281529e-04
70                                    -2.3157059380505760e-04
71                                    -2.4569287960507502e-04
72                                    -7.2843506342450126e-05
73                                    -1.7135261325032514e-05
74                                    -8.2538458300690509e-04
75                                     5.7839839434872808e-05
76                                     5.7823296797127055e-04
77                                     4.1700848701847759e-04
78                                     2.0323721955817220e-04
79                                    -1.9956523705830231e-05
80                                     1.8940115341631314e-04
81                                    -1.4383650600916856e-03
82                                     8.4459962116953391e-04
83                                     8.2115714875888313e-05
84                                     1.4124586391315447e-04
85                                     2.7308346022635044e-04
86                                     8.8148749619598732e-06
87                                    -2.3143633666361518e-04
88                                    -1.9573368392235280e-04
89                                    -5.6158770355807519e-05
90                                    -1.1997156413778853e-04
91                                    -1.1733241301791625e-04
92                                     3.7804812471994853e-05
93                                    -3.5860070718241738e-04
94                                     6.5685966109801930e-04
95                                     1.3866624763050894e-04
96                                    -1.0217452751926093e-05
97                                    -1.6754962469292534e-04
98                                     1.5069242502524505e-04
99                                     3.8320156155725871e-04
100                                    1.2725765871335337e-04
101                                   -2.4437380510158868e-04
$End
$Geometry
   &GeometryIndex 30
   &ListStatus       OUT
   &NATOMS [&Type "Integer"] 34
   &NCORELESSECP [&Type "Integer"] 0
   &NGHOSTATOMS [&Type "Integer"] 0
   &CartesianCoordinates [&Type "Coordinates", &Dim(34,4), &Units "Bohr"] 
              H     -1.041414940371   -9.043460607303   -6.969151339954
              H     -2.724298929569   -6.709540136472   -5.255009336751
              C     -0.853247574819   -7.452748782836   -5.668765519852
              N      0.494294178150   -5.422698408405   -7.018926365946
              H     -2.410306222241   -2.617951254049   -7.246329967756
              H     -0.616815771505   -9.653900878169   -2.293749879247
              H      4.217126016242   -7.014041380752   -7.418548732354
              C     -0.505437754230   -3.200617711521   -7.639090505078
              C      2.992743008189   -5.431178902095   -7.752802042522
              H      1.638239231778    1.198254510526  -11.295729291696
              C      0.484406915846   -8.190558864799   -3.239352527781
              N      1.262769130143   -1.785228377520   -8.730335227634
              C      3.473659640675   -3.148430760875   -8.814070705865
              H     -0.999956995777    1.396531601992   -9.200795949958
              H      2.363266405045   -8.958354650442   -3.605457003991
              C      0.980747210629    0.883475139948   -9.372444172981
              H      5.205186628868   -2.357901700160   -9.517655103024
              H      0.653156437596   -6.563010174793   -1.994424373028
              H      2.069811064583    1.998428403929   -8.029522394105
              F      4.112870889786    4.380413111177   -1.018388585021
              O     -4.182941367081    0.938465951517   -4.818018768333
              N      0.109850542540    0.917652761767   -3.164173368789
              F     -3.453305890757    3.858091615305    0.127886026641
              O      4.506893366400   -0.089487798174   -4.254207176057
              S     -2.663709136021   -0.118483841159   -2.818820866793
              C      3.813083795796    2.137699934085    0.096128779150
              F      2.190061548663    2.387605287086    2.008098126936
              S      2.689948600083   -0.263919458528   -2.226335747698
              C     -3.865870916838    1.372990520378    0.140644462352
              F      6.040126578004    1.383955310611    1.018246794244
              F     -6.350557449884    0.958036354276    0.322410928042
              O     -2.881334025882   -2.800836206676   -2.366274547609
              F     -2.727193310623    0.360959603008    2.148165183096
              O      2.525031912322   -2.594651495142   -0.838271092118
$End
$SCF_Energy
   &GeometryIndex 30
   &ListStatus       OUT
   &SCF_ENERGY [&Type "Double"]      -2.1718990798068799e+03
$End
$DFT_Energy
   &GeometryIndex 30
   &ListStatus       OUT
   &NALPHAEL [&Type "Integer"] 99
   &NBETAEL [&Type "Integer"] 99
   &NTOTALEL [&Type "Integer"] 198
   &EEXCHANGE [&Type "Double"]      -1.6626960821117643e+02
   &ECORR [&Type "Double"]      -8.6090265705287603e+00
   &ECNL [&Type "Double"]       0.0000000000000000e+00
   &EXC [&Type "Double"]      -1.7487863478170519e+02
   &EEMBED [&Type "Double"]       0.0000000000000000e+00
   &FINALEN [&Type "Double"]      -2.1718990798068799e+03  "No Van der Waals correction"
$End
$VdW_Correction
   &GeometryIndex 30
   &ListStatus       OUT
   &VDW [&Type "Double"]      -8.2755812130708178e-02
$End
$SCF_Nuc_Gradient
   &GeometryIndex 30
   &ListStatus       OUT
   &NATOMS [&Type "Integer"] 34
   &ROOT [&Type "Integer"] 0
   &GRADNORM [&Type "Double"]       5.3312773964891251e-03
   &GRAD [&Type "ArrayOfDoubles", &Dim (102,1)] 
                                                         0

0                                     -7.0048216180153278e-05
1                                      2.0613431515778546e-04
2                                     -3.1589110964201639e-04
3                                      4.0242605345880422e-05
4                                      2.4418114861921025e-04
5                                     -4.1997283478492631e-05
6                                      1.1939255948192895e-04
7                                     -6.0062504693218256e-04
8                                      9.7976445896458958e-04
9                                      5.1427201380664644e-04
10                                    -1.7049186205556066e-04
11                                     1.3285283513046753e-04
12                                     4.5268116675159509e-04
13                                    -7.3573830351605918e-04
14                                     9.6897944553296644e-04
15                                     1.4168756914703651e-04
16                                    -1.8179160402867489e-04
17                                    -1.1366391416857413e-04
18                                     8.0243056672646418e-06
19                                    -3.9080208955599716e-05
20                                    -5.5233511626263943e-05
21                                    -1.8000400953505080e-04
22                                     1.0818308801811699e-03
23                                    -1.1110798516776946e-03
24                                    -1.3617971679683039e-04
25                                    -2.3269872786843560e-04
26                                     2.6397991816345251e-04
27                                     4.7930490594254305e-05
28                                     5.1713643020707967e-05
29                                     3.7500122555433890e-05
30                                    -8.6740687867337823e-05
31                                     1.5722650939882336e-04
32                                     1.0924492692945820e-04
33                                    -2.0164247240182787e-04
34                                    -4.8442669818399287e-04
35                                     5.4471380359888411e-04
36                                    -2.0774276528777447e-04
37                                     8.9518246677292718e-04
38                                    -5.5371416994626221e-04
39                                    -3.5203794959970391e-05
40                                     1.5312649438359999e-04
41                                     3.3700168612585055e-05
42                                     3.2101061690353871e-05
43                                    -5.6437149721325075e-05
44                                    -1.6948987552264927e-04
45                                     4.1776726037104188e-04
46                                    -8.9515418586522469e-04
47                                    -5.9037616509253002e-04
48                                     2.0034269927987625e-04
49                                    -2.3213793320696341e-04
50                                     1.3989808900706502e-04
51                                    -3.1527611489714710e-04
52                                     8.4561993465098739e-05
53                                    -3.8835700705487641e-04
54                                    -2.6224801036275891e-04
55                                     5.9508904837342336e-04
56                                     3.9773501295009561e-04
57                                     2.3467575208732661e-04
58                                    -3.7838392278966015e-04
59                                    -4.2041636876964661e-04
60                                     1.1290833730515648e-03
61                                    -4.7780029391744638e-04
62                                     1.1346624495573998e-03
63                                     1.3723299804789257e-03
64                                    -8.5818297822537470e-04
65                                    -3.8888642015146024e-04
66                                    -2.2213251281197333e-05
67                                    -2.3602103673642238e-04
68                                     1.8621753564811855e-04
69                                     6.8618717240342963e-05
70                                    -2.6939763316607274e-04
71                                    -9.6560244048360389e-06
72                                    -1.4998120824652184e-03
73                                     7.3289079143709635e-05
74                                    -1.3324997516960257e-03
75                                    -2.2933883146000755e-04
76                                     7.3098372826355118e-04
77                                     4.6674210505542879e-04
78                                     1.8866978977205573e-04
79                                    -2.0927939392123562e-04
80                                     4.0430469276875325e-04
81                                    -1.6565188386650567e-03
82                                     1.1561185157585030e-03
83                                    -3.6381142556818347e-04
84                                     5.4169740992342924e-04
85                                     6.5385154141503476e-04
86                                    -2.5934857227241648e-04
87                                    -1.4425558723241139e-04
88                                    -4.1286757159876564e-04
89                                    -1.8835402932113054e-05
90                                    -4.3205174443539107e-04
91                                    -1.7466904126746396e-04
92                                    -1.1479804871615540e-05
93                                    -7.2980313320873680e-04
94                                     4.4740643698459870e-04
95                                     1.9693485280714712e-04
96                                     2.2542853303725296e-04
97                                    -3.3707760844016443e-04
98                                     3.5051245897871341e-04
99                                     4.7413398378536725e-04
100                                    4.5156538854501660e-04
101                                   -2.0300619870919356e-04
$End
$Geometry
   &GeometryIndex 31
   &ListStatus       OUT
   &NATOMS [&Type "Integer"] 34
   &NCORELESSECP [&Type "Integer"] 0
   &NGHOSTATOMS [&Type "Integer"] 0
   &CartesianCoordinates [&Type "Coordinates", &Dim(34,4), &Units "Bohr"] 
              H     -1.013672641255   -9.056499708812   -6.979863241016
              H     -2.728579244054   -6.735252379388   -5.282484693127
              C     -0.847678629385   -7.461839927277   -5.681481986670
              N      0.494695719773   -5.424755889241   -7.024124701050
              H     -2.419084328559   -2.630592531041   -7.262294604907
              H     -0.630234485089   -9.642901619593   -2.292219899261
              H      4.227036709236   -6.999305201361   -7.408666294969
              C     -0.509319829214   -3.205487337660   -7.641972845834
              C      2.997804733428   -5.420784116002   -7.745527900834
              H      1.616528188989    1.215343756069  -11.276042347946
              C      0.476504780820   -8.184679288644   -3.239398239048
              N      1.257665054680   -1.779056684015   -8.722312763896
              C      3.474855313435   -3.134136358381   -8.798263317697
              H     -1.015281276369    1.397717843884   -9.171260680879
              H      2.358669306967   -8.951064592037   -3.590185404078
              C      0.966206053228    0.891708455828   -9.351593704100
              H      5.205470484484   -2.333560314683   -9.492581771010
              H      0.634681751654   -6.552344826653   -1.999585855332
              H      2.057694288964    2.002776264989   -8.008755002129
              F      4.125610492380    4.366483624456   -1.041376626313
              O     -4.178768479527    0.925092134239   -4.821180142967
              N      0.118556468657    0.905457978828   -3.170470363053
              F     -3.460128996494    3.871090082624    0.095918977800
              O      4.516259597627   -0.122764335853   -4.252955050163
              S     -2.657625348885   -0.125488303907   -2.818605003871
              C      3.819354444872    2.127841183838    0.081565715640
              F      2.188764087435    2.390507786959    1.985248096591
              S      2.696005157241   -0.284187135155   -2.227725663749
              C     -3.860251735812    1.383646599832    0.131904912576
              F      6.044103111440    1.381159622880    1.016300776617
              F     -6.342299182084    0.959377330879    0.323420952723
              O     -2.872680291059   -2.806299043604   -2.354508424828
              F     -2.711375395883    0.396108858602    2.144887900207
              O      2.517396934096   -2.607753214865   -0.828881094906
$End
$SCF_Energy
   &GeometryIndex 31
   &ListStatus       OUT
   &SCF_ENERGY [&Type "Double"]      -2.1718989800744512e+03
$End
$DFT_Energy
   &GeometryIndex 31
   &ListStatus       OUT
   &NALPHAEL [&Type "Integer"] 99
   &NBETAEL [&Type "Integer"] 99
   &NTOTALEL [&Type "Integer"] 198
   &EEXCHANGE [&Type "Double"]      -1.6626931025023725e+02
   &ECORR [&Type "Double"]      -8.6091353830714077e+00
   &ECNL [&Type "Double"]       0.0000000000000000e+00
   &EXC [&Type "Double"]      -1.7487844563330867e+02
   &EEMBED [&Type "Double"]       0.0000000000000000e+00
   &FINALEN [&Type "Double"]      -2.1718989800744512e+03  "No Van der Waals correction"
$End
$VdW_Correction
   &GeometryIndex 31
   &ListStatus       OUT
   &VDW [&Type "Double"]      -8.2894925379355291e-02
$End
$SCF_Nuc_Gradient
   &GeometryIndex 31
   &ListStatus       OUT
   &NATOMS [&Type "Integer"] 34
   &ROOT [&Type "Integer"] 0
   &GRADNORM [&Type "Double"]       3.6121623651310351e-03
   &GRAD [&Type "ArrayOfDoubles", &Dim (102,1)] 
                                                         0

0                                     -8.1468898185041438e-05
1                                      2.3721610854582353e-04
2                                     -3.0094985600385982e-04
3                                     -1.1940694942036423e-05
4                                      6.8634464938391315e-05
5                                      6.8825926823258554e-05
6                                      1.8239396515257883e-04
7                                     -4.7522526110140885e-04
8                                      5.7795387526698994e-04
9                                     -5.7667664963331755e-05
10                                    -3.1040652836294980e-05
11                                     9.8514280395908815e-05
12                                     4.9649182722499852e-04
13                                    -7.0334462687081378e-04
14                                     7.0673696596867258e-04
15                                     3.1883489418557676e-05
16                                    -2.6167847268332434e-05
17                                    -1.1890162305280838e-05
18                                     2.3595531202819098e-05
19                                    -2.8453197204736380e-05
20                                    -6.4116678929589110e-05
21                                     1.1662944562965127e-04
22                                     4.1261393370478280e-04
23                                    -6.1379699863694723e-04
24                                     8.1274326680091935e-06
25                                     8.8804940081815831e-05
26                                     2.5798149598801889e-04
27                                     6.9316545929634654e-05
28                                    -2.3393580692476768e-05
29                                     2.1226481821845500e-05
30                                     7.2374094057310601e-05
31                                     2.3906191451525134e-04
32                                     1.0686245268055894e-04
33                                    -1.5048253199623739e-04
34                                     9.8568615035848905e-05
35                                     1.2225094773708062e-04
36                                     6.7526453070482217e-05
37                                     3.9349687856275739e-04
38                                    -2.3713711120833258e-04
39                                    -5.9686093175914667e-06
40                                     5.8267986765073165e-05
41                                    -2.7311640067959053e-05
42                                     2.0505717188451511e-05
43                                    -1.0810294468199810e-06
44                                    -1.9498237465991400e-04
45                                     2.2953939199336915e-04
46                                    -5.4558640639905745e-04
47                                    -4.4571927571712341e-05
48                                     1.3708083874588994e-04
49                                    -1.3224125096227002e-04
50                                     6.4934668729921263e-05
51                                    -3.1630449356127507e-04
52                                    -9.1187085922705968e-06
53                                    -2.4529809099226030e-04
54                                    -2.9215497055995465e-04
55                                     3.9921532433949414e-04
56                                     2.2168216061663193e-04
57                                     3.7006991356659108e-04
58                                    -2.2397794863238119e-05
59                                    -1.4285004177444494e-04
60                                     6.8444131347844550e-04
61                                    -1.6639939144913463e-04
62                                     7.6179180987012707e-04
63                                     1.1582516518047342e-03
64                                    -6.4856726414019850e-04
65                                    -4.0007092678280565e-04
66                                    -6.7280108776122949e-05
67                                    -1.4111210558670484e-04
68                                     2.0469163997051225e-04
69                                    -2.9784837793367380e-06
70                                    -1.5712379291515227e-04
71                                     1.3192243885284949e-04
72                                    -1.6600660755298827e-03
73                                     2.2479777048695082e-04
74                                    -7.9545812036549424e-04
75                                    -5.3074312298177773e-04
76                                     2.3619533370627943e-05
77                                    -9.0175526684804774e-05
78                                     1.6595946128822314e-05
79                                    -1.2310603986841889e-04
80                                     1.8267903558419341e-04
81                                    -6.0152007824073456e-04
82                                     6.9406877915528797e-04
83                                    -6.8404909337201752e-04
84                                     3.6739109135161541e-04
85                                     3.3328226472174871e-04
86                                    -1.7353389760269011e-04
87                                     1.3783381002124839e-04
88                                    -1.1234768434471853e-04
89                                     7.1248746494972925e-05
90                                    -3.6766160147505555e-04
91                                    -4.2494494949044115e-05
92                                     1.0516720294589943e-05
93                                    -3.6567171839980289e-04
94                                     1.0822407789440325e-04
95                                     2.4043111690007224e-04
96                                     3.1120948897045420e-04
97                                    -1.0567365254590677e-04
98                                     1.8132384943084223e-04
99                                     1.0651101782273992e-05
100                                    1.1500218056598177e-04
101                                   -5.3821640408346916e-06
$End
$Geometry
   &GeometryIndex 32
   &ListStatus       OUT
   &NATOMS [&Type "Integer"] 34
   &NCORELESSECP [&Type "Integer"] 0
   &NGHOSTATOMS [&Type "Integer"] 0
   &CartesianCoordinates [&Type "Coordinates", &Dim(34,4), &Units "Bohr"] 
              H     -1.033963287563   -9.053397268517   -6.967608147094
              H     -2.739613924335   -6.726822125411   -5.269958634744
              C     -0.860793608674   -7.456081518902   -5.673488974088
              N      0.484650383964   -5.424899745857   -7.018035248956
              H     -2.435450924968   -2.644005847562   -7.293314444911
              H     -0.665336537659   -9.611964721405   -2.267306247327
              H      4.225301117399   -6.990429602212   -7.364754867936
              C     -0.519255724179   -3.211160064850   -7.651141399334
              C      2.994365743110   -5.417257214106   -7.719273767839
              H      1.612853332531    1.198088624805  -11.293738056089
              C      0.464053072844   -8.182143022992   -3.231011664257
              N      1.251380542782   -1.782730340208   -8.724630879065
              C      3.473203618396   -3.135048018988   -8.777002971853
              H     -1.018823534686    1.394603085806   -9.190978611191
              H      2.331165600563   -8.982953682587   -3.584116457697
              C      0.962276732583    0.886345972855   -9.367140470799
              H      5.204585386211   -2.329819989239   -9.463624874383
              H      0.657935993800   -6.547255472712   -1.999385580707
              H      2.057988740460    2.000861347038   -8.032170069364
              F      4.093216850258    4.388822589244   -0.987894510009
              O     -4.163936516566    0.938573755881   -4.829284267783
              N      0.132259375578    0.941824079905   -3.170808711588
              F     -3.473244987770    3.844772573780    0.126177032155
              O      4.534360945359   -0.048034960601   -4.270553571350
              S     -2.637911825963   -0.112705827540   -2.830476111124
              C      3.836484450707    2.124190224191    0.094383261463
              F      2.224966526179    2.329367621999    2.021303976470
              S      2.717821742278   -0.255521091339   -2.247471812181
              C     -3.869589024492    1.355264741742    0.128858080018
              F      6.084968059457    1.396260894786    0.988752453742
              F     -6.352133586272    0.926306122474    0.292263786178
              O     -2.832379418296   -2.799292787044   -2.382421855426
              F     -2.739284427690    0.345688602499    2.139904574557
              O      2.544761930393   -2.603888219197   -0.889121248967
$End
$SCF_Energy
   &GeometryIndex 32
   &ListStatus       OUT
   &SCF_ENERGY [&Type "Double"]      -2.1718990377631126e+03
$End
$DFT_Energy
   &GeometryIndex 32
   &ListStatus       OUT
   &NALPHAEL [&Type "Integer"] 99
   &NBETAEL [&Type "Integer"] 99
   &NTOTALEL [&Type "Integer"] 198
   &EEXCHANGE [&Type "Double"]      -1.6626775392553745e+02
   &ECORR [&Type "Double"]      -8.6089852581777819e+00
   &ECNL [&Type "Double"]       0.0000000000000000e+00
   &EXC [&Type "Double"]      -1.7487673918371524e+02
   &EEMBED [&Type "Double"]       0.0000000000000000e+00
   &FINALEN [&Type "Double"]      -2.1718990377631126e+03  "No Van der Waals correction"
$End
$VdW_Correction
   &GeometryIndex 32
   &ListStatus       OUT
   &VDW [&Type "Double"]      -8.2878072886289553e-02
$End
$SCF_Nuc_Gradient
   &GeometryIndex 32
   &ListStatus       OUT
   &NATOMS [&Type "Integer"] 34
   &ROOT [&Type "Integer"] 0
   &GRADNORM [&Type "Double"]       4.2101891874250985e-03
   &GRAD [&Type "ArrayOfDoubles", &Dim (102,1)] 
                                                         0

0                                     -1.6072140912608626e-04
1                                      2.0649240290437909e-04
2                                     -2.0518884822157135e-04
3                                     -9.7923058049176337e-05
4                                     -1.5062537356239081e-04
5                                      1.9338631428555270e-04
6                                      2.8348101399277431e-04
7                                     -5.4922589515917636e-05
8                                     -2.3164264287490327e-04
9                                     -5.3832469078166773e-04
10                                     1.5326094512713162e-05
11                                     1.5296073102595564e-04
12                                     3.9230407362828013e-04
13                                    -8.6587905934010917e-04
14                                     4.9896814648883042e-04
15                                    -1.3029372063877442e-04
16                                     1.7309827728542726e-04
17                                     1.0733188543918248e-04
18                                     1.2115673514057068e-05
19                                     2.6024549115710727e-06
20                                    -5.5705668145611398e-05
21                                     4.4519124961850398e-04
22                                    -1.6732953206707174e-04
23                                    -5.7330348165463008e-05
24                                     3.3040750081517190e-04
25                                     5.0909051842588926e-04
26                                    -1.5555624391649925e-06
27                                     9.9322681649541278e-05
28                                    -4.6733176028136703e-05
29                                    -1.1347251007765013e-05
30                                     1.4310045148928363e-04
31                                     2.6294548944824723e-04
32                                     1.9007261858050573e-05
33                                    -4.1378766246944615e-04
34                                     7.9275597860048452e-04
35                                    -3.1836238248116738e-04
36                                     2.4797122962139095e-04
37                                    -8.6657547649712091e-04
38                                     2.0830041882835548e-04
39                                    -8.9884926702255008e-06
40                                    -5.5438220412373784e-06
41                                    -1.9174799709098869e-04
42                                     2.2584545100456932e-06
43                                     1.6316821323715536e-04
44                                    -1.4241241434542404e-04
45                                     2.3020566837662210e-04
46                                     1.0467250174935744e-04
47                                     4.0451807952635900e-04
48                                    -3.8166434792624715e-05
49                                     2.7024238494419150e-05
50                                    -3.4276330634686047e-05
51                                    -3.6009620976749229e-05
52                                    -2.1103278422973659e-04
53                                     1.2915486925922648e-04
54                                    -2.7799648659843079e-04
55                                     1.5372488834805575e-04
56                                    -7.1845138390744245e-05
57                                     5.4269535262309321e-05
58                                     1.1667292034051036e-04
59                                     1.0199072803730724e-04
60                                     5.9180987268889207e-04
61                                    -1.4037199707286896e-04
62                                     5.9748043302487730e-04
63                                     9.1084360282477420e-04
64                                    -1.2764771782422524e-04
65                                    -1.0178425564845439e-03
66                                    -8.5258462247043976e-05
67                                     4.6272300108396447e-05
68                                     6.6248995337267122e-05
69                                    -3.6942693928404546e-04
70                                     2.8599809305433072e-04
71                                     5.5889451480234387e-04
72                                    -1.9282588444781840e-03
73                                     1.2471689848912726e-03
74                                    -7.0386917649845060e-04
75                                    -4.3275024614903429e-04
76                                    -7.6282316507962633e-04
77                                    -5.0619506108229295e-04
78                                     2.1492908852924208e-04
79                                     3.3282077023837758e-04
80                                    -1.3188760420612677e-04
81                                     8.2831278622724769e-04
82                                     2.0777560586662802e-04
83                                    -4.3424673544414927e-04
84                                     1.2820899971266453e-04
85                                    -6.8627582623678046e-04
86                                     1.8768988654610519e-04
87                                     6.4304684608151863e-04
88                                     3.3280059297868814e-05
89                                     2.0190846049264466e-04
90                                    -1.7075428627921774e-04
91                                     1.2102840585252045e-04
92                                     7.9901524552943026e-05
93                                    -2.0853460905091714e-04
94                                    -4.3713174171605695e-04
95                                     5.2471448606471877e-04
96                                    -1.9287076527471636e-04
97                                    -6.2486373187731203e-05
98                                    -7.0899097421583956e-05
99                                    -4.6771294815156281e-04
100                                   -2.1653956461947788e-04
101                                    1.5389809025598278e-04
$End
$Geometry
   &GeometryIndex 33
   &ListStatus       OUT
   &NATOMS [&Type "Integer"] 34
   &NCORELESSECP [&Type "Integer"] 0
   &NGHOSTATOMS [&Type "Integer"] 0
   &CartesianCoordinates [&Type "Coordinates", &Dim(34,4), &Units "Bohr"] 
              H     -1.039316315857   -9.065149838951   -6.974233876764
              H     -2.753136947702   -6.739797763272   -5.283557832332
              C     -0.872343295476   -7.467002537270   -5.680352712111
              N      0.477070436245   -5.433368438936   -7.016465848391
              H     -2.452943811761   -2.666073663961   -7.333248333604
              H     -0.712122284474   -9.598028322996   -2.257289885561
              H      4.230119274481   -6.980040741966   -7.313326452441
              C     -0.529824622744   -3.225444102593   -7.665610417942
              C      2.994819976528   -5.415259069303   -7.688600684345
              H      1.594840324679    1.171809024148  -11.315441241266
              C      0.442355279090   -8.196413949021   -3.232610841532
              N      1.246077144843   -1.791918417522   -8.723681745916
              C      3.475076666855   -3.133071632914   -8.744932477167
              H     -1.031139440760    1.377580343363   -9.206353076620
              H      2.295547016825   -9.031959762439   -3.577789899981
              C      0.950582449335    0.872846035151   -9.384659257895
              H      5.209667877809   -2.319366613019   -9.412901044379
              H      0.663212280049   -6.554520733586   -2.015168159069
              H      2.049023217811    1.996748100538   -8.060243556660
              F      4.041313389851    4.419630569046   -0.898954494293
              O     -4.158437551220    0.941437485565   -4.827144379743
              N      0.142517892625    0.967976344606   -3.178365251676
              F     -3.455107869790    3.846370350219    0.127837021585
              O      4.559115292207    0.079240609128   -4.294780500835
              S     -2.619694046339   -0.104741361231   -2.835221931793
              C      3.825833760485    2.123196327497    0.123145130508
              F      2.212584257419    2.250067481986    2.055584250264
              S      2.744774453137   -0.212012537211   -2.279972402066
              C     -3.845395965006    1.355559156594    0.130330305882
              F      6.087064311070    1.411601473288    0.996768657134
              F     -6.325733121562    0.919953452873    0.300397476530
              O     -2.798462874888   -2.792681566796   -2.389211637488
              F     -2.707211586679    0.347493352187    2.136795034697
              O      2.606157248654   -2.599100337466   -0.985810226209
$End
$SCF_Energy
   &GeometryIndex 33
   &ListStatus       OUT
   &SCF_ENERGY [&Type "Double"]      -2.1718990933650530e+03
$End
$DFT_Energy
   &GeometryIndex 33
   &ListStatus       OUT
   &NALPHAEL [&Type "Integer"] 99
   &NBETAEL [&Type "Integer"] 99
   &NTOTALEL [&Type "Integer"] 198
   &EEXCHANGE [&Type "Double"]      -1.6626769557604348e+02
   &ECORR [&Type "Double"]      -8.6089497567191557e+00
   &ECNL [&Type "Double"]       0.0000000000000000e+00
   &EXC [&Type "Double"]      -1.7487664533276262e+02
   &EEMBED [&Type "Double"]       0.0000000000000000e+00
   &FINALEN [&Type "Double"]      -2.1718990933650530e+03  "No Van der Waals correction"
$End
$VdW_Correction
   &GeometryIndex 33
   &ListStatus       OUT
   &VDW [&Type "Double"]      -8.2862943227477850e-02
$End
$SCF_Nuc_Gradient
   &GeometryIndex 33
   &ListStatus       OUT
   &NATOMS [&Type "Integer"] 34
   &ROOT [&Type "Integer"] 0
   &GRADNORM [&Type "Double"]       4.4918063697729051e-03
   &GRAD [&Type "ArrayOfDoubles", &Dim (102,1)] 
                                                         0

0                                     -1.1162753925950120e-04
1                                      8.2731871544033941e-05
2                                     -3.9969247229862392e-05
3                                     -6.8750868308015134e-05
4                                     -2.3829528003189299e-04
5                                      1.7753380459280960e-04
6                                      1.5383754962217805e-04
7                                      1.0939475107587561e-04
8                                     -4.7157864261163779e-04
9                                     -5.6711399082275127e-04
10                                     9.3407453717220257e-05
11                                     2.3041875746002138e-04
12                                     3.4839357750446331e-04
13                                    -8.7115274219353583e-04
14                                     2.8259193246858369e-04
15                                    -2.0389961285809111e-04
16                                     2.0733816683093931e-04
17                                     1.1341249608416704e-04
18                                     1.5515228356105526e-05
19                                     4.2404211202329289e-05
20                                    -5.5710372322145818e-05
21                                     5.2966466140078050e-04
22                                     3.6124974609162697e-05
23                                     1.6529255379265848e-04
24                                     4.1118459588165845e-04
25                                     5.1588587749257231e-04
26                                    -2.9565996101118402e-04
27                                     7.5535503405083082e-05
28                                    -6.7516697623969113e-05
29                                    -8.2455274277026813e-06
30                                     2.5710968107222829e-04
31                                     5.3225825611307245e-05
32                                    -2.7966396289047513e-07
33                                    -2.8034310781755237e-04
34                                     5.4685560545494893e-04
35                                    -5.9694313327330467e-04
36                                     8.9668996405625756e-05
37                                    -1.0839562279340645e-03
38                                     4.3916534066129609e-04
39                                    -1.6924336802837114e-06
40                                    -8.2948099544642717e-05
41                                    -2.2943926774227422e-04
42                                    -3.3798024418607575e-06
43                                     1.2762266058145844e-04
44                                    -3.2373076680174834e-05
45                                     1.9922551428353669e-04
46                                     3.9358576476536747e-04
47                                     3.7506295326834166e-04
48                                    -1.1352754274543408e-04
49                                     7.4999620093274544e-05
50                                    -5.1059593097521616e-05
51                                     3.7329424663286315e-05
52                                    -2.2894145291166290e-04
53                                     1.0235928627380653e-05
54                                    -2.7181673480798640e-04
55                                     2.5020003077177999e-05
56                                    -1.0456187662685745e-04
57                                     4.1605078800188711e-07
58                                     1.2238096086475414e-04
59                                     1.7598677038541122e-04
60                                     5.2555320359765068e-04
61                                    -6.3867266797135169e-06
62                                     5.7321979887242636e-04
63                                     6.2275445865518989e-04
64                                    -3.6972094158871371e-05
65                                    -8.1834542887811168e-04
66                                    -3.1279170351124208e-05
67                                     7.0957448412845014e-05
68                                    -4.5281265709052297e-05
69                                    -3.9725018976510817e-04
70                                     5.7931977667931289e-04
71                                     6.5675731706932305e-04
72                                    -2.1554745096379890e-03
73                                     1.2942969893435241e-03
74                                    -8.5222855851507795e-04
75                                    -2.2232615786864363e-04
76                                    -8.0914473873514026e-04
77                                    -5.9272453080937149e-04
78                                    -9.6752384373205436e-05
79                                     3.3843183949219119e-04
80                                    -1.9135421097582483e-04
81                                     1.2172157677375686e-03
82                                    -7.5954233038189045e-05
83                                    -2.0001649403619814e-04
84                                     1.5331088016537486e-04
85                                    -7.7908897210651057e-04
86                                     5.8065000138801670e-04
87                                     4.6284988631950519e-04
88                                     1.1213099336904175e-04
89                                     1.2885652785653290e-04
90                                     1.7014721754149420e-04
91                                     1.0702476700319430e-04
92                                     6.4052196271958961e-06
93                                    -1.6734947812484940e-04
94                                    -4.1652888205295779e-04
95                                     5.5951831470287677e-04
96                                    -8.3612331103488646e-05
97                                     1.2367283873082613e-04
98                                    -2.3076843095598543e-04
99                                    -4.9351633558721020e-04
100                                   -3.5992625714320603e-04
101                                    3.4143157830085480e-04
$End
$Geometry
   &GeometryIndex 34
   &ListStatus       OUT
   &NATOMS [&Type "Integer"] 34
   &NCORELESSECP [&Type "Integer"] 0
   &NGHOSTATOMS [&Type "Integer"] 0
   &CartesianCoordinates [&Type "Coordinates", &Dim(34,4), &Units "Bohr"] 
              H     -1.052769926314   -9.077698653732   -6.973883759203
              H     -2.780089364901   -6.748696748874   -5.301305468378
              C     -0.896657200346   -7.476320486291   -5.682536958973
              N      0.462120780596   -5.441864939487   -7.005605741043
              H     -2.487324123155   -2.705138032142   -7.409822009629
              H     -0.798938547813   -9.554488081526   -2.226499846149
              H      4.236609970544   -6.951751433337   -7.195985551538
              C     -0.550032043316   -3.245990705914   -7.689001767109
              C      2.994624185250   -5.403864232114   -7.616224318491
              H      1.568745149312    1.126396221765  -11.347704581390
              C      0.398533304485   -8.206387545708   -3.224773665015
              N      1.237952885586   -1.802976688174   -8.712460800192
              C      3.479524544909   -3.121890512184   -8.671019226464
              H     -1.044505323246    1.357711486089   -9.224662023587
              H      2.225269046976   -9.104382041016   -3.553131802055
              C      0.936643636991    0.853228008488   -9.409030243087
              H      5.221419868540   -2.291713386600   -9.298323151404
              H      0.668169625749   -6.549148359174   -2.039269516111
              H      2.044339901515    1.992821774265   -8.104788085838
              F      3.939006671421    4.460484782625   -0.750727017528
              O     -4.147963532940    0.938819794461   -4.832355266099
              N      0.155678790407    1.017952540412   -3.192564677067
              F     -3.434035362438    3.827730474468    0.140747895792
              O      4.584676626903    0.304121739292   -4.357256452660
              S     -2.587551204265   -0.096986949233   -2.852498606593
              C      3.825111119404    2.109809755408    0.156666569458
              F      2.242972738812    2.077491295810    2.118832228820
              S      2.787842920787   -0.133152390850   -2.352118704802
              C     -3.816654391740    1.335474954845    0.125394409721
              F      6.122867774402    1.434468810735    0.956556625100
              F     -6.295026191362    0.889284244177    0.291615363519
              O     -2.733493261116   -2.788297826382   -2.415227427934
              F     -2.676609700039    0.316850833481    2.124759062303
              O      2.716423446142   -2.586338987847   -1.180865777850
$End
$SCF_Energy
   &GeometryIndex 34
   &ListStatus       OUT
   &SCF_ENERGY [&Type "Double"]      -2.1718989774337883e+03
$End
$DFT_Energy
   &GeometryIndex 34
   &ListStatus       OUT
   &NALPHAEL [&Type "Integer"] 99
   &NBETAEL [&Type "Integer"] 99
   &NTOTALEL [&Type "Integer"] 198
   &EEXCHANGE [&Type "Double"]      -1.6626904061375581e+02
   &ECORR [&Type "Double"]      -8.6091686928175655e+00
   &ECNL [&Type "Double"]       0.0000000000000000e+00
   &EXC [&Type "Double"]      -1.7487820930657338e+02
   &EEMBED [&Type "Double"]       0.0000000000000000e+00
   &FINALEN [&Type "Double"]      -2.1718989774337883e+03  "No Van der Waals correction"
$End
$VdW_Correction
   &GeometryIndex 34
   &ListStatus       OUT
   &VDW [&Type "Double"]      -8.3024602467042241e-02
$End
$SCF_Nuc_Gradient
   &GeometryIndex 34
   &ListStatus       OUT
   &NATOMS [&Type "Integer"] 34
   &ROOT [&Type "Integer"] 0
   &GRADNORM [&Type "Double"]       4.5081641992785471e-03
   &GRAD [&Type "ArrayOfDoubles", &Dim (102,1)] 
                                                         0

0                                      1.6019037076840659e-05
1                                     -1.0243156906325490e-04
2                                      2.0541936011854445e-04
3                                      8.7835657635315645e-06
4                                     -2.3865654180546536e-04
5                                      7.3769334825800337e-05
6                                      5.8759762366626667e-05
7                                      4.3528406302890781e-04
8                                     -4.3935277653060767e-04
9                                     -4.1404719438704884e-04
10                                     1.7910955833536080e-04
11                                     3.9263895984817387e-04
12                                     6.7731191412734315e-05
13                                    -9.7526035987356013e-04
14                                    -4.2354323150362028e-06
15                                    -2.8001680919675920e-04
16                                     2.3971623799565189e-04
17                                     6.1128422738504495e-06
18                                     3.7357653320385653e-05
19                                     6.5865010064919405e-05
20                                    -1.3457880470163497e-05
21                                     5.6670570145539445e-04
22                                     6.7007556422162690e-04
23                                     4.4977884459735523e-04
24                                     3.1143878066038078e-04
25                                     2.8421821540350334e-04
26                                    -4.8832429917395476e-04
27                                     4.7780819822727805e-05
28                                    -9.1771847832315678e-05
29                                    -1.3363899161872306e-05
30                                     3.3891668275122869e-04
31                                    -1.8233878186704484e-04
32                                    -9.1133906745158311e-05
33                                    -2.6240561853859562e-04
34                                    -1.8076379761988726e-04
35                                    -6.2982264228496343e-04
36                                    -1.1550522421245601e-04
37                                    -9.8908121291028245e-04
38                                     6.2174702665833415e-04
39                                    -8.6002421044450994e-06
40                                    -1.6908098190460130e-04
41                                    -2.4866393982053356e-04
42                                    -2.5302049790343339e-05
43                                     5.6055644231042812e-05
44                                     1.5120752919255132e-04
45                                     1.4622132877389372e-04
46                                     5.3421857858600152e-04
47                                     6.7002185772756587e-05
48                                    -1.2021259929925754e-04
49                                     1.7160598898406654e-04
50                                    -8.1135914608801429e-05
51                                     1.4409263617369203e-04
52                                    -1.7551130690462990e-04
53                                    -4.4015320683878090e-04
54                                    -6.2153482807913996e-05
55                                     5.7034865248578592e-05
56                                     1.5402281894869030e-04
57                                    -1.4621252440857532e-04
58                                     1.1316533856681188e-04
59                                    -1.7320713591974235e-04
60                                     5.9145500279622620e-04
61                                     1.3973286641666416e-04
62                                     7.0602997444846327e-04
63                                     3.1833306752186361e-04
64                                     1.4018551511868482e-05
65                                    -8.1263379902465904e-04
66                                     8.6278152773601458e-05
67                                     1.3319144222251333e-04
68                                    -2.0691517503074359e-04
69                                    -3.0831391106184158e-04
70                                     8.8536958703384905e-04
71                                     2.3536891220005129e-04
72                                    -1.8414403615295352e-03
73                                     9.9043159564392302e-04
74                                    -1.2889213027060253e-03
75                                     2.6626336776076204e-04
76                                    -5.1097278783124311e-04
77                                    -2.3133650961400243e-04
78                                    -1.9963551620946762e-04
79                                     2.2140037118120954e-04
80                                    -2.2008606071044490e-05
81                                     8.8885435435052951e-04
82                                    -4.9796403520535604e-04
83                                     7.7349242947954977e-04
84                                     2.7039154429359114e-04
85                                    -9.4364735730781413e-04
86                                     1.0956675189078557e-03
87                                    -9.9221556356665630e-05
88                                     2.0577570603572126e-05
89                                    -3.5027965544318085e-05
90                                     4.5461237254579290e-04
91                                     1.6733220918156710e-05
92                                    -8.5489737787602937e-05
93                                    -2.4167811741533304e-04
94                                    -1.2559549545504423e-04
95                                     5.6339950899133434e-04
96                                    -1.1019530801922861e-04
97                                     2.7497727364728108e-04
98                                    -4.1232899512183563e-04
99                                    -3.8505449500417406e-04
100                                   -3.1970545447457255e-04
101                                    2.2185584047174078e-04
$End
$Geometry
   &GeometryIndex 35
   &ListStatus       OUT
   &NATOMS [&Type "Integer"] 34
   &NCORELESSECP [&Type "Integer"] 0
   &NGHOSTATOMS [&Type "Integer"] 0
   &CartesianCoordinates [&Type "Coordinates", &Dim(34,4), &Units "Bohr"] 
              H     -1.032261786369   -9.097154199848   -6.975752779030
              H     -2.793467465880   -6.768588791790   -5.337024388860
              C     -0.901309587486   -7.484847948163   -5.695028434626
              N      0.453852316058   -5.447400354449   -7.017387794645
              H     -2.503564639737   -2.715691634884   -7.448536106259
              H     -0.824394329810   -9.531156106463   -2.217885146930
              H      4.235987224930   -6.939186583551   -7.170667540971
              C     -0.561034005483   -3.251813297772   -7.700547447348
              C      2.991124135020   -5.397103486142   -7.603900418641
              H      1.534108525817    1.120670697968  -11.349985437851
              C      0.379665945526   -8.193764180144   -3.222459713240
              N      1.231991720191   -1.799242843640   -8.700847671723
              C      3.477722751054   -3.108188329660   -8.646016128887
              H     -1.057143772734    1.358013642201   -9.199221772178
              H      2.206415982869   -9.099003701577   -3.531179518909
              C      0.922146330156    0.853881887498   -9.404037550228
              H      5.221573643855   -2.267723109464   -9.253776824613
              H      0.645867396812   -6.524547468997   -2.052243096041
              H      2.040438856616    2.000270478642   -8.114801326311
              F      3.925665284580    4.463042874938   -0.736617221755
              O     -4.129100417993    0.917335331835   -4.842168657943
              N      0.168371215867    1.020735680829   -3.178047705139
              F     -3.448023386412    3.826077687411    0.113761314828
              O      4.594913634531    0.306937627565   -4.361321387941
              S     -2.567746009253   -0.107754996808   -2.854863715724
              C      3.843614266662    2.108548114874    0.162419787628
              F      2.281181132438    2.046312129392    2.139766112978
              S      2.803913209487   -0.131568620617   -2.349539378806
              C     -3.815811217733    1.331283809876    0.111636143002
              F      6.153627738341    1.451254453868    0.936803787286
              F     -6.291974599689    0.870050654388    0.272808254800
              O     -2.704563618680   -2.798316469984   -2.414412437475
              F     -2.676261716157    0.332172448673    2.121413423193
              O      2.741358058349   -2.587976680270   -1.185409513121
$End
$SCF_Energy
   &GeometryIndex 35
   &ListStatus       OUT
   &SCF_ENERGY [&Type "Double"]      -2.1718989715702996e+03
$End
$DFT_Energy
   &GeometryIndex 35
   &ListStatus       OUT
   &NALPHAEL [&Type "Integer"] 99
   &NBETAEL [&Type "Integer"] 99
   &NTOTALEL [&Type "Integer"] 198
   &EEXCHANGE [&Type "Double"]      -1.6626911056242767e+02
   &ECORR [&Type "Double"]      -8.6092136016836207e+00
   &ECNL [&Type "Double"]       0.0000000000000000e+00
   &EXC [&Type "Double"]      -1.7487832416411129e+02
   &EEMBED [&Type "Double"]       0.0000000000000000e+00
   &FINALEN [&Type "Double"]      -2.1718989715702996e+03  "No Van der Waals correction"
$End
$VdW_Correction
   &GeometryIndex 35
   &ListStatus       OUT
   &VDW [&Type "Double"]      -8.3078447697131991e-02
$End
$SCF_Nuc_Gradient
   &GeometryIndex 35
   &ListStatus       OUT
   &NATOMS [&Type "Integer"] 34
   &ROOT [&Type "Integer"] 0
   &GRADNORM [&Type "Double"]       3.7953697576918106e-03
   &GRAD [&Type "ArrayOfDoubles", &Dim (102,1)] 
                                                         0

0                                      1.5975448010167523e-04
1                                     -3.2360824399407795e-04
2                                      4.0032562535032012e-04
3                                      4.6627439442947782e-05
4                                     -1.2310273124786775e-04
5                                     -1.0561728658627784e-04
6                                     -1.3808961716541002e-04
7                                      7.3137711620800336e-04
8                                     -3.8753225000952990e-04
9                                     -1.8288018722317084e-04
10                                     5.7762837060937322e-05
11                                     4.4650934006365550e-05
12                                    -1.0763668048918706e-05
13                                    -7.2417716262231785e-04
14                                    -4.6094634121668018e-04
15                                    -1.7254218544500433e-04
16                                     1.6584666362633171e-04
17                                    -2.1398577208217584e-05
18                                     4.1715538451253531e-05
19                                     7.0660699137747862e-05
20                                     9.6451949559137051e-05
21                                     3.3323127860115931e-04
22                                     9.3681531519641814e-04
23                                     7.8405881981106346e-04
24                                    -9.4356315754273723e-05
25                                    -2.4006375444449168e-04
26                                    -3.0784681736413522e-04
27                                     2.7335422829621869e-05
28                                    -1.7501384940137379e-04
29                                     8.3225028348621333e-06
30                                     3.5559711400621336e-04
31                                    -5.1839278101404500e-04
32                                    -1.1547222385084599e-04
33                                     3.2671202918591394e-05
34                                    -5.8545637683232732e-04
35                                    -2.8345216872386475e-04
36                                    -7.4293059421887131e-05
37                                    -2.0562147579084034e-04
38                                     3.2128873492194565e-04
39                                    -1.3412610044005735e-06
40                                    -1.3452944857872406e-04
41                                    -1.6074376004607954e-04
42                                    -1.0744871174417359e-05
43                                    -7.1302931522326807e-05
44                                     2.9687475843268377e-04
45                                     1.8739906841622710e-04
46                                     3.7793190059885740e-04
47                                    -3.1039440258506801e-05
48                                    -1.2332675173759577e-04
49                                     2.2834445769384648e-04
50                                    -1.2656944646859125e-04
51                                     1.9963244781058542e-04
52                                     1.1112798655055212e-04
53                                    -4.7000336959170108e-04
54                                    -1.6781016177075392e-04
55                                     1.7083061301018110e-04
56                                     1.7180420917205230e-04
57                                    -5.1685700992423061e-05
58                                    -1.5175117895038781e-04
59                                    -4.9789899304844565e-04
60                                    -1.6836894529503876e-04
61                                     4.3399713724368016e-04
62                                     2.1131964852133533e-04
63                                    -3.9947842585207061e-04
64                                     5.8854117918061277e-07
65                                    -5.6921887208025157e-04
66                                     1.9389755083096261e-04
67                                     2.0914430317797716e-04
68                                    -2.4662730796153748e-04
69                                     1.2189363104320172e-04
70                                     4.5120404748656695e-04
71                                    -4.5713238861549987e-04
72                                    -2.9558218402640085e-04
73                                     4.0008206769538701e-04
74                                    -8.7529918495943271e-04
75                                     6.1191721340688593e-04
76                                     1.3330696716150336e-04
77                                     1.9892688425784955e-04
78                                    -1.9424893461711390e-05
79                                    -1.7260423363760192e-04
80                                     2.2378594360589199e-04
81                                     1.3359905825850726e-04
82                                    -5.1788094591292966e-04
83                                     1.5639530517374961e-03
84                                     2.9978188389302718e-04
85                                    -8.3365460445914558e-04
86                                     1.0738029923179904e-03
87                                    -6.8480948046872880e-04
88                                     8.2307420793223396e-05
89                                    -1.3848450454426176e-04
90                                     4.0406207255933024e-04
91                                    -7.3766544587024196e-05
92                                    -9.2242925827608346e-05
93                                    -2.2118078785488687e-04
94                                     1.5914346555973014e-04
95                                     3.8883520418069722e-04
96                                    -2.2490168122915599e-04
97                                     2.9074869359521638e-04
98                                    -3.6623976198801866e-04
99                                    -1.0753518886338562e-04
100                                   -1.6029397071665175e-04
101                                   -7.0635624066561764e-05
$End
$Geometry
   &GeometryIndex 36
   &ListStatus       OUT
   &NATOMS [&Type "Integer"] 34
   &NCORELESSECP [&Type "Integer"] 0
   &NGHOSTATOMS [&Type "Integer"] 0
   &CartesianCoordinates [&Type "Coordinates", &Dim(34,4), &Units "Bohr"] 
              H     -1.049839540633   -9.100063158143   -6.963493596589
              H     -2.810699786573   -6.761087660496   -5.337769080670
              C     -0.919456304041   -7.484477777013   -5.686499533014
              N      0.443010288776   -5.452701206036   -7.009844731432
              H     -2.521856837246   -2.734227607610   -7.495040269912
              H     -0.870010127001   -9.488559726097   -2.183935968254
              H      4.234152777571   -6.923792181782   -7.099847979105
              C     -0.573618311872   -3.264314380687   -7.713151881439
              C      2.987656166933   -5.390670656561   -7.559470161569
              H      1.495388495563    1.088133972490  -11.377642986853
              C      0.353233593965   -8.184158948881   -3.208193310478
              N      1.226267708629   -1.806345335652   -8.692295584506
              C      3.477726309338   -3.102664107833   -8.604883242758
              H     -1.063774865723    1.352042421790   -9.190042731497
              H      2.162755769134   -9.126700712815   -3.508957867492
              C      0.910704794431    0.839892667540   -9.420795069597
              H      5.226187228684   -2.255036422259   -9.188309896366
              H      0.649760296421   -6.501448880569   -2.064278938375
              H      2.050184937157    1.993521501468   -8.156822590676
              F      3.915793355715    4.481001825498   -0.621030451926
              O     -4.117941703456    0.897396223903   -4.852280318110
              N      0.178946991971    1.063969713481   -3.188703559587
              F     -3.456109236657    3.801205310165    0.132729347351
              O      4.613004206739    0.460808252641   -4.410585707618
              S     -2.539092156724   -0.105081546988   -2.867833935127
              C      3.856342470333    2.093017272176    0.184828291928
              F      2.296245452796    1.936281274839    2.158723750930
              S      2.836482065233   -0.069231500480   -2.407663173491
              C     -3.815253532349    1.305923695385    0.100825163970
              F      6.173655164052    1.430586228410    0.932782815186
              F     -6.292036584275    0.834507625523    0.238327808058
              O     -2.643735263815   -2.797421595171   -2.426025256334
              F     -2.689208217501    0.290222192805    2.111636152665
              O      2.822017210163   -2.564968057303   -1.329525798791
$End
$SCF_Energy
   &GeometryIndex 36
   &ListStatus       OUT
   &SCF_ENERGY [&Type "Double"]      -2.1718988909281975e+03
$End
$DFT_Energy
   &GeometryIndex 36
   &ListStatus       OUT
   &NALPHAEL [&Type "Integer"] 99
   &NBETAEL [&Type "Integer"] 99
   &NTOTALEL [&Type "Integer"] 198
   &EEXCHANGE [&Type "Double"]      -1.6626887653273306e+02
   &ECORR [&Type "Double"]      -8.6093143628620616e+00
   &ECNL [&Type "Double"]       0.0000000000000000e+00
   &EXC [&Type "Double"]      -1.7487819089559511e+02
   &EEMBED [&Type "Double"]       0.0000000000000000e+00
   &FINALEN [&Type "Double"]      -2.1718988909281975e+03  "No Van der Waals correction"
$End
$VdW_Correction
   &GeometryIndex 36
   &ListStatus       OUT
   &VDW [&Type "Double"]      -8.3209223497755933e-02
$End
$SCF_Nuc_Gradient
   &GeometryIndex 36
   &ListStatus       OUT
   &NATOMS [&Type "Integer"] 34
   &ROOT [&Type "Integer"] 0
   &GRADNORM [&Type "Double"]       4.3924776669696198e-03
   &GRAD [&Type "ArrayOfDoubles", &Dim (102,1)] 
                                                         0

0                                      1.8946552561905326e-04
1                                     -3.0464275020161691e-04
2                                      2.7087631498574904e-04
3                                      3.1724436826724434e-05
4                                      1.8045984023447315e-05
5                                     -1.6719796054529695e-04
6                                     -1.1998236227654668e-05
7                                      6.4309985486250484e-04
8                                      3.4841873993579631e-05
9                                     -5.7013094954316834e-05
10                                    -5.5909929192715646e-05
11                                    -2.1031660358841742e-05
12                                    -2.1653995847970009e-05
13                                    -5.8263747300336260e-04
14                                    -7.6299908779846326e-04
15                                    -8.3532743713490842e-05
16                                     5.1210503693596698e-05
17                                    -1.1006281815627295e-04
18                                     1.3461951405308037e-05
19                                     1.8615054300341605e-05
20                                     1.1069238635608852e-04
21                                     1.3674328398499691e-04
22                                     9.7427944017277820e-04
23                                     1.1323573782442836e-03
24                                    -2.3861615317409546e-04
25                                    -4.8525678006949846e-04
26                                    -4.2813432181952604e-05
27                                     3.8472566920716433e-06
28                                    -7.7344123940521065e-05
29                                    -6.9358602122759905e-06
30                                     7.2829934035314320e-05
31                                    -3.9382864153836728e-04
32                                    -1.7447840653792013e-04
33                                     2.3938047340485782e-04
34                                    -1.1563414593837862e-03
35                                     2.4232386004111039e-04
36                                    -2.4342193510037968e-05
37                                     5.0125602322444868e-04
38                                    -2.5944202370729863e-04
39                                     7.5993733991142065e-06
40                                    -1.5087722300966000e-06
41                                    -1.0284125263607460e-04
42                                    -1.7012623238915614e-05
43                                    -2.6101391755814496e-04
44                                     2.6700826786117335e-04
45                                     6.6026921900008001e-05
46                                     2.8723570588474329e-04
47                                    -3.6932098861783454e-04
48                                    -1.1091679347688399e-04
49                                     1.5557623164164092e-04
50                                    -7.1999263291960824e-05
51                                     2.5008161934505363e-04
52                                     4.6638067875182099e-04
53                                    -6.6287027251282771e-04
54                                    -1.8095791819523754e-04
55                                    -8.0413165152448673e-06
56                                     3.4171455127367245e-04
57                                     3.3609341390210615e-04
58                                    -5.1461500765681567e-05
59                                    -2.6848992780192926e-04
60                                    -1.4750371644445259e-04
61                                     1.2425812292621297e-04
62                                     5.8951446715554967e-04
63                                    -6.8986719282793790e-04
64                                    -1.0382029469041543e-04
65                                    -7.3847811236843475e-04
66                                     2.0764938660234461e-04
67                                     8.0775728935278401e-05
68                                    -1.0111445438802484e-04
69                                     5.5296771953616819e-04
70                                     1.6719699750478156e-05
71                                    -5.4193528765028587e-04
72                                     6.3968777711782138e-04
73                                     1.1522025768519184e-03
74                                    -1.2670869028281739e-03
75                                     3.5940137879256207e-04
76                                     4.9967023653418874e-04
77                                     4.4070638119440841e-04
78                                     1.8830767695157680e-04
79                                    -3.0957529852228965e-04
80                                     2.5785863449484525e-04
81                                    -8.0652168994231610e-04
82                                    -8.4689004122079359e-04
83                                     1.3364551186773044e-03
84                                     2.3835128515116433e-04
85                                    -7.6815358714299453e-04
86                                     4.4751606806248123e-04
87                                    -7.0353355689217745e-04
88                                     2.0507000897314331e-04
89                                    -9.6637490634085554e-05
90                                    -9.8388599665821808e-05
91                                    -1.2373179782442650e-04
92                                     5.1302662653341519e-05
93                                    -5.5377039706525771e-04
94                                    -9.5795188976177670e-05
95                                     5.5276598423043694e-04
96                                    -1.0626339847870370e-04
97                                     8.2779889198691947e-05
98                                    -4.6721247773218177e-05
99                                     3.1827291176288164e-04
100                                    3.4877715092357375e-04
101                                   -2.6347749337443660e-04
$End
$Geometry
   &GeometryIndex 37
   &ListStatus       OUT
   &NATOMS [&Type "Integer"] 34
   &NCORELESSECP [&Type "Integer"] 0
   &NGHOSTATOMS [&Type "Integer"] 0
   &CartesianCoordinates [&Type "Coordinates", &Dim(34,4), &Units "Bohr"] 
              H     -1.042284913830   -9.105007068451   -6.956248146575
              H     -2.818789946721   -6.766923341965   -5.346581412003
              C     -0.923461855762   -7.487019994938   -5.681252151740
              N      0.439657500884   -5.454604180735   -7.005998041393
              H     -2.534210231065   -2.746491107531   -7.522645151370
              H     -0.893031531484   -9.462527422345   -2.160032750214
              H      4.237457527222   -6.905913058441   -7.057888732823
              C     -0.581817974055   -3.270232250048   -7.718602303639
              C      2.987984372159   -5.379413702960   -7.531075771485
              H      1.454498325557    1.065732611800  -11.399523923062
              C      0.337083865500   -8.170189451381   -3.191409412437
              N      1.221037647383   -1.803152158277   -8.679617544293
              C      3.477452444024   -3.089382089423   -8.572713695526
              H     -1.066108454744    1.359571358468   -9.169785555686
              H      2.142728742632   -9.124062357150   -3.480127378974
              C      0.901752690784    0.836017919013   -9.431093427900
              H      5.229511387306   -2.235682116489   -9.135585930944
              H      0.634196910205   -6.478238468062   -2.060260462042
              H      2.065456937064    1.997822073672   -8.196660509954
              F      3.906319574239    4.468417999368   -0.535034386747
              O     -4.110459589542    0.855691443775   -4.860983429344
              N      0.181115542572    1.085730747482   -3.185197137294
              F     -3.480999134387    3.804258254126    0.113639952989
              O      4.611019428955    0.563672183868   -4.453300059467
              S     -2.522670793903   -0.113451509924   -2.866648126241
              C      3.872910013519    2.057436216864    0.197306963975
              F      2.325466929637    1.829594888520    2.173901737107
              S      2.854377700060   -0.035984945429   -2.452982335372
              C     -3.825906588690    1.307601122558    0.085623954214
              F      6.200912589447    1.387848207707    0.909634775619
              F     -6.301931183398    0.824776771027    0.209511132427
              O     -2.601537916016   -2.803823355001   -2.408471466870
              F     -2.708123483207    0.303692151047    2.108902042751
              O      2.877276283394   -2.560206655009   -1.443871607164
$End
$SCF_Energy
   &GeometryIndex 37
   &ListStatus       OUT
   &SCF_ENERGY [&Type "Double"]      -2.1718988119918440e+03
$End
$DFT_Energy
   &GeometryIndex 37
   &ListStatus       OUT
   &NALPHAEL [&Type "Integer"] 99
   &NBETAEL [&Type "Integer"] 99
   &NTOTALEL [&Type "Integer"] 198
   &EEXCHANGE [&Type "Double"]      -1.6626881809643714e+02
   &ECORR [&Type "Double"]      -8.6094479054657178e+00
   &ECNL [&Type "Double"]       0.0000000000000000e+00
   &EXC [&Type "Double"]      -1.7487826600190286e+02
   &EEMBED [&Type "Double"]       0.0000000000000000e+00
   &FINALEN [&Type "Double"]      -2.1718988119918440e+03  "No Van der Waals correction"
$End
$VdW_Correction
   &GeometryIndex 37
   &ListStatus       OUT
   &VDW [&Type "Double"]      -8.3352692977849724e-02
$End
$SCF_Nuc_Gradient
   &GeometryIndex 37
   &ListStatus       OUT
   &NATOMS [&Type "Integer"] 34
   &ROOT [&Type "Integer"] 0
   &GRADNORM [&Type "Double"]       4.8566939201676778e-03
   &GRAD [&Type "ArrayOfDoubles", &Dim (102,1)] 
                                                         0

0                                      1.6019928540038711e-04
1                                     -1.0330598617042108e-04
2                                     -8.5792013413965584e-06
3                                     -1.6938974799263207e-05
4                                      9.9435105161624349e-05
5                                     -1.3808796920911082e-04
6                                      5.1298149555151218e-05
7                                      9.1057562314113966e-05
8                                      2.1333837923364490e-04
9                                      5.8191677444570378e-04
10                                    -4.7406122904489201e-04
11                                    -2.7934540052380885e-04
12                                    -2.3486865418781422e-05
13                                    -4.5061798702775852e-04
14                                    -1.0040849580917437e-03
15                                     3.5268919542918997e-05
16                                     1.5853985925004532e-05
17                                    -2.2690410240430725e-05
18                                    -3.8608024724606782e-05
19                                    -1.7354715665024445e-05
20                                     6.1612656295596813e-05
21                                    -2.6130782986469314e-04
22                                     1.0459224487831056e-03
23                                     1.2740438453275119e-03
24                                    -4.0321502750514937e-04
25                                    -4.2702955790539787e-04
26                                     2.8468599258257843e-05
27                                     2.9098073874925245e-06
28                                     6.2748832870222065e-05
29                                     7.9611078090957577e-07
30                                     6.4405949267015705e-06
31                                    -2.0058362400551290e-04
32                                     5.0657804427881037e-05
33                                     9.9686415767666695e-05
34                                    -9.7138958352419036e-04
35                                     6.2671124572930004e-04
36                                    -8.8063794159654041e-05
37                                     8.6203161167199005e-04
38                                    -4.6011193019571128e-04
39                                     3.9768958795677323e-05
40                                     1.6835544750640891e-04
41                                    -1.3101751873606515e-05
42                                    -1.1402474993912892e-04
43                                    -4.5442813332051413e-04
44                                     1.2617259598009592e-04
45                                     2.5377331201523017e-04
46                                    -8.0516671267561596e-05
47                                    -7.8597716030222482e-04
48                                    -2.3499683519861980e-05
49                                    -1.2747796724207894e-05
50                                     4.9550379259827304e-05
51                                     1.8235746449157125e-04
52                                     7.7492131175804779e-04
53                                    -4.3265132246535221e-04
54                                    -2.1939659179463777e-04
55                                     6.4290421383936258e-05
56                                     4.3492772731248963e-04
57                                    -2.5055097894178396e-05
58                                    -2.9762466358851380e-04
59                                    -1.2858922941011430e-04
60                                    -1.9986186437084830e-04
61                                    -1.5270818920559703e-04
62                                     7.2162575330425582e-04
63                                    -4.1841679398861228e-04
64                                    -3.9742137074913475e-04
65                                    -7.4736408241025953e-04
66                                     2.5783118267015681e-05
67                                     5.9412129679137227e-05
68                                     1.3186623423407616e-04
69                                     4.6556363097660647e-04
70                                    -3.9009850567993387e-04
71                                    -5.0704186109590266e-04
72                                     1.4155410019598899e-03
73                                     1.4393438353994814e-03
74                                    -7.5329887067032697e-04
75                                     2.5033565223379906e-04
76                                     8.7251404138485866e-04
77                                     7.6270223910236690e-04
78                                     1.6738348572914452e-04
79                                    -1.8365195848402821e-05
80                                     1.2794360926418613e-04
81                                    -1.5722134671164387e-03
82                                    -6.6249121092323837e-04
83                                     6.8046788341805109e-04
84                                     2.7630415827496757e-04
85                                    -4.2728164994758344e-04
86                                    -3.4661870943725193e-04
87                                    -1.4835574519167505e-04
88                                    -2.5507584930412053e-04
89                                    -7.9559616035104752e-05
90                                    -4.4069263850882168e-04
91                                    -2.2056870578240906e-05
92                                     1.7984340627989759e-04
93                                    -6.5188559563705145e-04
94                                    -3.3850252372902290e-04
95                                     2.6523397910097057e-04
96                                     3.8785602320456913e-05
97                                    -1.6584384471134139e-04
98                                     2.4052620463482777e-04
99                                     5.9170642260120490e-04
100                                    7.6361843689848330e-04
101                                   -2.6938619273852993e-04
$End
$Geometry
   &GeometryIndex 38
   &ListStatus       OUT
   &NATOMS [&Type "Integer"] 34
   &NCORELESSECP [&Type "Integer"] 0
   &NGHOSTATOMS [&Type "Integer"] 0
   &CartesianCoordinates [&Type "Coordinates", &Dim(34,4), &Units "Bohr"] 
              H     -1.042932160886   -9.100753317963   -6.941826403125
              H     -2.824926258413   -6.762018480984   -5.340861261199
              C     -0.928305053698   -7.484409763315   -5.664854826273
              N      0.440296020125   -5.453573753338   -6.991105247586
              H     -2.542087054099   -2.755038463172   -7.544045845012
              H     -0.921959629895   -9.438120585742   -2.129266106698
              H      4.246817997708   -6.879439327300   -6.995058273757
              C     -0.586612823984   -3.276144134614   -7.718192024799
              C      2.993150205886   -5.362000172282   -7.485853524510
              H      1.381286533158    1.026118458341  -11.435820117588
              C      0.317647197059   -8.157079985935   -3.163975896056
              N      1.217873895175   -1.797675495554   -8.660263307030
              C      3.480543485479   -3.072830496002   -8.529912773485
              H     -1.064522375277    1.371395932266   -9.129304303809
              H      2.117485220743   -9.124595978997   -3.443223768122
              C      0.890174198915    0.828925741693   -9.447478002225
              H      5.237676619834   -2.214619820046   -9.069502415720
              H      0.617871353719   -6.460870838675   -2.039589388243
              H      2.098445437564    2.003604183431   -8.270273747763
              F      3.910477332282    4.434457862937   -0.387055175860
              O     -4.102040514016    0.788202415373   -4.877376795982
              N      0.176836146654    1.127963410643   -3.173621330870
              F     -3.542376260955    3.817171143270    0.070048471713
              O      4.595397133292    0.752510074201   -4.521812157041
              S     -2.503805050832   -0.123727610502   -2.862061459140
              C      3.898091300735    1.988252058593    0.215022383864
              F      2.361859741313    1.648783904859    2.183694190144
              S      2.877406265542    0.026091088995   -2.531890340735
              C     -3.851759442233    1.316845037970    0.060473914217
              F      6.236696982372    1.295786899363    0.877416056276
              F     -6.322600069090    0.803154363870    0.167198605715
              O     -2.534954818113   -2.810510076994   -2.376419588158
              F     -2.739079934304    0.345440626244    2.104724756506
              O      2.958811193979   -2.545736184897   -1.653004589129
$End
$SCF_Energy
   &GeometryIndex 38
   &ListStatus       OUT
   &SCF_ENERGY [&Type "Double"]      -2.1718986923627176e+03
$End
$DFT_Energy
   &GeometryIndex 38
   &ListStatus       OUT
   &NALPHAEL [&Type "Integer"] 99
   &NBETAEL [&Type "Integer"] 99
   &NTOTALEL [&Type "Integer"] 198
   &EEXCHANGE [&Type "Double"]      -1.6626807621701363e+02
   &ECORR [&Type "Double"]      -8.6096769572978715e+00
   &ECNL [&Type "Double"]       0.0000000000000000e+00
   &EXC [&Type "Double"]      -1.7487775317431149e+02
   &EEMBED [&Type "Double"]       0.0000000000000000e+00
   &FINALEN [&Type "Double"]      -2.1718986923627176e+03  "No Van der Waals correction"
$End
$VdW_Correction
   &GeometryIndex 38
   &ListStatus       OUT
   &VDW [&Type "Double"]      -8.3579684642161034e-02
$End
$SCF_Nuc_Gradient
   &GeometryIndex 38
   &ListStatus       OUT
   &NATOMS [&Type "Integer"] 34
   &ROOT [&Type "Integer"] 0
   &GRADNORM [&Type "Double"]       5.7850094378795337e-03
   &GRAD [&Type "ArrayOfDoubles", &Dim (102,1)] 
                                                         0

0                                      4.4951717963636131e-05
1                                      3.2566821255111678e-04
2                                     -4.5080661243482312e-04
3                                     -5.1530392420812143e-05
4                                      1.2348262074698274e-04
5                                      3.5938313473204975e-06
6                                      6.5989894748583189e-05
7                                     -8.4108074503560885e-04
8                                      2.9664281038295492e-04
9                                      1.2491641576681117e-03
10                                    -8.1221396092301390e-04
11                                    -7.9593182687869024e-04
12                                    -1.6226957753606719e-05
13                                    -6.4035244157226168e-05
14                                    -1.1945102095734898e-03
15                                     1.1007047684902238e-04
16                                    -1.7554567614694316e-05
17                                     1.3809748144048839e-04
18                                    -8.0596235541630090e-05
19                                    -7.2845315167990865e-05
20                                    -5.0578722820319999e-05
21                                    -4.8525113689648625e-04
22                                     3.3472780196318330e-04
23                                     1.5307656106832296e-03
24                                    -3.8330642279282845e-04
25                                    -3.5449018116251452e-05
26                                     3.5392485909883226e-04
27                                     4.0333526283936605e-05
28                                     2.2251850485735525e-04
29                                     3.5258336162191650e-05
30                                    -1.3506719351227825e-04
31                                     3.9747764012393241e-04
32                                     4.4726181394834363e-04
33                                    -3.9050576972103623e-04
34                                    -1.4845908321931001e-05
35                                     9.1757176432362419e-04
36                                    -1.4760514828629501e-04
37                                     9.3078920652375080e-04
38                                    -8.1914840976662906e-04
39                                     3.8157180773656929e-05
40                                     3.5221462577694068e-04
41                                     1.1242870287245244e-04
42                                    -2.8276623217421415e-04
43                                    -5.9436942222892974e-04
44                                    -1.1520635083177647e-04
45                                     5.8242154357345151e-04
46                                    -5.9248511310857482e-04
47                                    -9.6479489045169994e-04
48                                     1.8165099281353125e-04
49                                    -3.0436854210164066e-04
50                                     2.3100250228060698e-04
51                                     1.2328858026415881e-04
52                                     8.5636884249182255e-04
53                                    -2.7302117960523176e-05
54                                    -3.5775224182113541e-04
55                                     5.9053593680580274e-05
56                                     3.5702597396147784e-04
57                                    -2.7508451777828735e-04
58                                    -4.1139269000134426e-04
59                                     1.5606801290164729e-04
60                                    -4.5805568672857566e-04
61                                    -1.9939965961132677e-04
62                                     2.1592079871729508e-04
63                                     2.8297544978358319e-04
64                                    -6.6288549036572220e-04
65                                    -9.0424202216243810e-04
66                                    -2.5764918387541358e-04
67                                     1.0699831247351632e-04
68                                     4.0425083907814560e-04
69                                    -4.8817154983227251e-05
70                                    -7.8472388284425709e-04
71                                    -2.6560696224064984e-04
72                                     1.4269544841411935e-03
73                                     1.4655491821181504e-03
74                                     7.9034797710228477e-04
75                                    -2.3401268911266149e-04
76                                     8.0624485887741126e-04
77                                     9.0177249742676158e-04
78                                     1.5205545084079342e-05
79                                     4.9788248347192032e-04
80                                    -1.5821728178516681e-04
81                                    -1.4920716279904697e-03
82                                    -3.1843883829339725e-04
83                                    -1.1031580748811776e-04
84                                     2.4275826323078009e-04
85                                     3.6457385619588500e-05
86                                    -1.2293969065099164e-03
87                                     7.1918624082395466e-04
88                                    -6.8082932104961136e-04
89                                    -9.7896937529068362e-05
90                                    -5.9114893788470013e-04
91                                     1.7431032081773740e-04
92                                     2.4623806151593750e-04
93                                    -4.0528603077955028e-04
94                                    -9.6835864037803088e-04
95                                    -3.0264375737976135e-04
96                                     2.7856914763155216e-04
97                                    -5.2408273183804366e-04
98                                     5.8953447696896699e-04
99                                     6.9105636078862359e-04
100                                    1.2096155210278847e-03
101                                   -2.4110753600922741e-04
$End
$Geometry
   &GeometryIndex 39
   &ListStatus       OUT
   &NATOMS [&Type "Integer"] 34
   &NCORELESSECP [&Type "Integer"] 0
   &NGHOSTATOMS [&Type "Integer"] 0
   &CartesianCoordinates [&Type "Coordinates", &Dim(34,4), &Units "Bohr"] 
              H     -1.038471166090   -9.085452860302   -6.912521782506
              H     -2.816071519511   -6.747480992054   -5.308027744825
              C     -0.920115232070   -7.472412695939   -5.632342505682
              N      0.448348803784   -5.442872148862   -6.967492422976
              H     -2.540464205233   -2.745953295062   -7.536170402397
              H     -0.915383677638   -9.432288663848   -2.097720651111
              H      4.261474541546   -6.849505945459   -6.950606370593
              C     -0.585627330396   -3.272146710283   -7.707747472358
              C      3.002224920608   -5.339882043061   -7.451272470163
              H      1.283537541803    0.972941309159  -11.492027562041
              C      0.320989084077   -8.142215929448   -3.125795715880
              N      1.216006184341   -1.785407690266   -8.644571507021
              C      3.483628336228   -3.054414596520   -8.503016622462
              H     -1.052108970327    1.396641980126   -9.085827590318
              H      2.124998444422   -9.101951281912   -3.405365678115
              C      0.880529387746    0.824033114446   -9.479447473603
              H      5.244024735656   -2.196509621067   -9.032726563304
              H      0.610173080713   -6.450678877760   -1.991677770091
              H      2.152537723469    2.014536704336   -8.388440378191
              F      3.923866108575    4.344506277818   -0.197913839477
              O     -4.091412270512    0.702138948562   -4.900260815902
              N      0.160180029748    1.178810749426   -3.137373173322
              F     -3.675516742643    3.864538399729   -0.033120286953
              O      4.556238715544    0.960450970748   -4.575194051966
              S     -2.496054557299   -0.129027346700   -2.844976545325
              C      3.932699291085    1.864833735912    0.242780454596
              F      2.427383266829    1.391245697903    2.207168896388
              S      2.883737696358    0.085254228497   -2.609708532464
              C     -3.908655733660    1.357787884077    0.022572053541
              F      6.286436488658    1.140951160136    0.822707144416
              F     -6.363668312490    0.774108292508    0.124907905511
              O     -2.477398015271   -2.806307681502   -2.314188845710
              F     -2.782752621902    0.475394104319    2.101317465085
              O      3.011568789589   -2.538106461923   -1.900989436259
$End
$SCF_Energy
   &GeometryIndex 39
   &ListStatus       OUT
   &SCF_ENERGY [&Type "Double"]      -2.1718986409177228e+03
$End
$DFT_Energy
   &GeometryIndex 39
   &ListStatus       OUT
   &NALPHAEL [&Type "Integer"] 99
   &NBETAEL [&Type "Integer"] 99
   &NTOTALEL [&Type "Integer"] 198
   &EEXCHANGE [&Type "Double"]      -1.6626891093104530e+02
   &ECORR [&Type "Double"]      -8.6099049733043014e+00
   &ECNL [&Type "Double"]       0.0000000000000000e+00
   &EXC [&Type "Double"]      -1.7487881590434961e+02
   &EEMBED [&Type "Double"]       0.0000000000000000e+00
   &FINALEN [&Type "Double"]      -2.1718986409177228e+03  "No Van der Waals correction"
$End
$VdW_Correction
   &GeometryIndex 39
   &ListStatus       OUT
   &VDW [&Type "Double"]      -8.3749525104659675e-02
$End
$SCF_Nuc_Gradient
   &GeometryIndex 39
   &ListStatus       OUT
   &NATOMS [&Type "Integer"] 34
   &ROOT [&Type "Integer"] 0
   &GRADNORM [&Type "Double"]       8.6023671533168502e-03
   &GRAD [&Type "ArrayOfDoubles", &Dim (102,1)] 
                                                         0

0                                     -1.1006805544982665e-04
1                                      7.7471026179365410e-04
2                                     -8.9502860691717534e-04
3                                     -1.1196956763731558e-04
4                                      9.9677007840283383e-05
5                                      1.9490567753589760e-04
6                                      4.9879845677815171e-05
7                                     -1.9290300255117420e-03
8                                      1.4310513373698430e-04
9                                      1.8045644032596772e-03
10                                    -1.1732876559098770e-03
11                                    -1.1971998104734205e-03
12                                     4.6352868078747278e-05
13                                     4.6297728316022080e-04
14                                    -1.2331934594821993e-03
15                                     1.5009393810004601e-04
16                                     2.3146069884169562e-05
17                                     3.9969150739563308e-04
18                                    -6.7239169622368422e-05
19                                    -1.7298775718921355e-04
20                                    -1.7730517827923425e-04
21                                    -5.5532347864042930e-04
22                                    -3.5355169620883767e-04
23                                     1.2140771697777969e-03
24                                    -1.5994521274834139e-05
25                                     6.6605106763217847e-04
26                                     4.8650647903254046e-04
27                                     1.0611863852257736e-04
28                                     4.0686226263096995e-04
29                                     5.1358106019416816e-05
30                                    -3.0741480116784972e-04
31                                     8.5131305754944202e-04
32                                     1.1205040629149871e-03
33                                    -1.4983046270991424e-03
34                                     1.4662350115491329e-03
35                                     1.0184726641545294e-03
36                                    -3.6738852709994330e-04
37                                     5.4918466130504662e-04
38                                    -7.4640809948472997e-04
39                                     6.4711353821023110e-05
40                                     4.3416546397039013e-04
41                                     1.1618390120519961e-04
42                                    -3.2814870898151272e-04
43                                    -6.3048277504920702e-04
44                                    -3.7202251981564849e-04
45                                     9.0860026360270116e-04
46                                    -1.1800994027335622e-03
47                                    -1.0174094228183432e-03
48                                     4.0724914201081819e-04
49                                    -6.3936326410840572e-04
50                                     4.6312052814084098e-04
51                                     1.2750548183801738e-04
52                                     6.9850008676716757e-04
53                                     6.0865200937919306e-04
54                                    -3.1066230793365401e-04
55                                     2.5725484450259128e-04
56                                     1.4216092744645525e-04
57                                    -5.4793736398100513e-04
58                                    -7.5742945762380387e-04
59                                     1.0646399963461228e-04
60                                    -6.1817851486128950e-04
61                                    -6.7486252019716142e-04
62                                    -4.1003527677080376e-04
63                                     1.4212657752554706e-03
64                                    -1.2401076720854332e-03
65                                    -1.1182922362147213e-03
66                                    -5.4936873848274517e-04
67                                     7.8836167764384513e-05
68                                     6.2248857123817052e-04
69                                    -1.0165646506640758e-03
70                                    -9.4653932508675931e-04
71                                     4.7031687372206532e-04
72                                     1.4927338589452929e-03
73                                     1.4729298258797235e-03
74                                     3.0610005524142336e-03
75                                    -7.2321876966300463e-04
76                                     4.1457038663438028e-04
77                                     7.8063632816939565e-04
78                                    -9.5326480100910160e-05
79                                     9.8120111833747969e-04
80                                    -3.0693843516196861e-04
81                                    -1.2643440310923862e-03
82                                     1.4509574411373655e-03
83                                    -1.0388314667839210e-03
84                                    -1.0117570199363879e-05
85                                     5.3170995344017230e-04
86                                    -1.8517254274139083e-03
87                                     1.5092068602146624e-03
88                                    -1.1198579051596713e-03
89                                    -2.2190304690117291e-04
90                                    -5.5484660184412782e-04
91                                     3.4974327655161452e-04
92                                     2.3467848114443537e-04
93                                    -3.5217195386021312e-06
94                                    -1.0756486565465240e-03
95                                    -1.4171418621375109e-03
96                                     4.6247669768569033e-04
97                                    -7.5399932255081070e-04
98                                     7.7901136812391636e-04
99                                     5.0517908364217448e-04
100                                    6.7722220782634457e-04
101                                   -9.8995226539139169e-06
$End
$Geometry
   &GeometryIndex 40
   &ListStatus       OUT
   &NATOMS [&Type "Integer"] 34
   &NCORELESSECP [&Type "Integer"] 0
   &NGHOSTATOMS [&Type "Integer"] 0
   &CartesianCoordinates [&Type "Coordinates", &Dim(34,4), &Units "Bohr"] 
              H     -1.020018498421   -9.060340869034   -6.899339481579
              H     -2.774932897251   -6.726723824275   -5.265808098326
              C     -0.883646734514   -7.452384901921   -5.615148550771
              N      0.472892109742   -5.423304834261   -6.965653812702
              H     -2.495610425930   -2.679553483969   -7.419943993976
              H     -0.794083403835   -9.515998765968   -2.142746434775
              H      4.270244587780   -6.872632249075   -7.082391687305
              C     -0.558446658680   -3.240721945514   -7.667164897589
              C      3.012813105828   -5.344788052732   -7.529645640974
              H      1.233749474622    0.992871824606  -11.487695495850
              C      0.382305819240   -8.137189159754   -3.125689614299
              N      1.227854812440   -1.764522565395   -8.650106782421
              C      3.485809149822   -3.059493453197   -8.584402097735
              H     -1.049481641405    1.414734648625   -9.032701728034
              H      2.230305004384   -8.999801821638   -3.432366166874
              C      0.875647313103    0.844626396954   -9.466366135129
              H      5.239706634388   -2.222422480730   -9.168300047109
              H      0.598934793310   -6.477400966020   -1.932483962327
              H      2.164097694399    2.046218407395   -8.410166736209
              F      4.041225229235    4.278304468839   -0.270968679798
              O     -4.082082715143    0.671052769012   -4.921645462432
              N      0.142417884584    1.151291058268   -3.084807927525
              F     -3.808914307902    3.935372178657   -0.171303299219
              O      4.529766850804    0.774506698779   -4.544898860751
              S     -2.531587888737   -0.133401625961   -2.817613359311
              C      3.943077868565    1.814495897876    0.245055432617
              F      2.405477831907    1.461267687431    2.209738742742
              S      2.842789163387   -0.004301247365   -2.553438330771
              C     -3.969643228698    1.428335915768   -0.005347693797
              F      6.263656632946    1.020751511180    0.869766300211
              F     -6.404740938833    0.778716293981    0.137285978921
              O     -2.535288667761   -2.800500162821   -2.244917162001
              F     -2.802827740468    0.668831368569    2.098237932017
              O      2.895416602829   -2.610336000573   -1.772092538400
$End
$SCF_Energy
   &GeometryIndex 40
   &ListStatus       OUT
   &SCF_ENERGY [&Type "Double"]      -2.1718987676520014e+03
$End
$DFT_Energy
   &GeometryIndex 40
   &ListStatus       OUT
   &NALPHAEL [&Type "Integer"] 99
   &NBETAEL [&Type "Integer"] 99
   &NTOTALEL [&Type "Integer"] 198
   &EEXCHANGE [&Type "Double"]      -1.6626963691185134e+02
   &ECORR [&Type "Double"]      -8.6100457386618778e+00
   &ECNL [&Type "Double"]       0.0000000000000000e+00
   &EXC [&Type "Double"]      -1.7487968265051322e+02
   &EEMBED [&Type "Double"]       0.0000000000000000e+00
   &FINALEN [&Type "Double"]      -2.1718987676520014e+03  "No Van der Waals correction"
$End
$VdW_Correction
   &GeometryIndex 40
   &ListStatus       OUT
   &VDW [&Type "Double"]      -8.3633037721825870e-02
$End
$SCF_Nuc_Gradient
   &GeometryIndex 40
   &ListStatus       OUT
   &NATOMS [&Type "Integer"] 34
   &ROOT [&Type "Integer"] 0
   &GRADNORM [&Type "Double"]       1.0407382526111387e-02
   &GRAD [&Type "ArrayOfDoubles", &Dim (102,1)] 
                                                         0

0                                     -2.2126948595183743e-04
1                                      9.2135851070643260e-04
2                                     -8.4742715889925269e-04
3                                     -7.9259328732789180e-05
4                                     -1.1947810324736130e-05
5                                      3.2786282670189959e-04
6                                     -8.8045580784804067e-06
7                                     -2.0476091017079465e-03
8                                     -9.9481570463584579e-05
9                                      1.5424818535744733e-03
10                                    -8.4152065649645280e-04
11                                    -1.4675207034238608e-03
12                                     3.6016731969973348e-04
13                                     1.0898274686516260e-03
14                                    -7.4336684618793100e-04
15                                     1.7013575301590145e-04
16                                     1.0426478301069075e-04
17                                     5.5261234483092170e-04
18                                    -5.0969554666074890e-05
19                                    -1.1463800368052834e-04
20                                    -1.9540351279258988e-04
21                                    -2.0099087844413499e-04
22                                    -1.6955507411922834e-03
23                                     8.1581763167321714e-04
24                                     2.6159403892854483e-04
25                                     9.1965191567082438e-04
26                                     1.3003514269413485e-04
27                                     1.8477615501333311e-04
28                                     4.7450227934495159e-05
29                                     7.9284731919176954e-05
30                                    -4.9073214145028965e-04
31                                     1.3507076462734597e-03
32                                     1.1651226533133524e-03
33                                    -1.8181008124734995e-03
34                                     3.2105455048373754e-03
35                                     4.0673413698125854e-04
36                                    -2.4257587765880162e-04
37                                    -2.4247101276070326e-04
38                                    -6.3710138827492713e-04
39                                     2.2375145035641308e-05
40                                     5.2597714531554124e-04
41                                     1.6030807861297514e-04
42                                    -2.2976324211493315e-04
43                                    -2.6887349826912321e-04
44                                    -4.9832704496054203e-04
45                                     1.2211022563425999e-03
46                                    -1.7606220015969204e-03
47                                     2.5619183885075558e-04
48                                     6.3184260755264066e-04
49                                    -6.8416888694418365e-04
50                                     4.2606017356937309e-04
51                                     1.9804380701392288e-04
52                                     1.8845796748434562e-05
53                                     1.1180170698305014e-03
54                                    -9.3383514651661226e-04
55                                     7.0699798063053598e-04
56                                    -5.7559712080411385e-04
57                                    -5.6573459950540195e-05
58                                    -9.0094231582898976e-04
59                                     7.9959384021090207e-05
60                                    -4.9805446296347089e-04
61                                    -5.1159548455995130e-04
62                                    -1.9636369722552671e-03
63                                     1.3746268589244245e-03
64                                    -8.7175436735387191e-04
65                                    -7.7258439316815752e-04
66                                    -5.4633269940442160e-04
67                                    -5.2245672345241356e-05
68                                     5.3750585004504886e-04
69                                    -1.3604003306317280e-03
70                                    -1.1029996603148379e-03
71                                     8.9274878878686792e-04
72                                    -2.1444161730527905e-04
73                                     4.2548918922413748e-04
74                                     4.9011915268974970e-03
75                                    -1.6113422753656348e-03
76                                    -2.8465517408968188e-04
77                                    -3.5341927142917839e-04
78                                    -2.7940407548465718e-04
79                                     7.0404783309190727e-04
80                                    -3.1585216589566367e-04
81                                     6.2366198630237762e-04
82                                     2.4667826705389029e-03
83                                    -1.6970121677136185e-03
84                                    -3.0563111959656941e-04
85                                     6.8931268682381058e-04
86                                    -1.4320810701339698e-03
87                                     1.6596283863555827e-03
88                                    -7.5889179119870143e-04
89                                    -1.2618616782658632e-05
90                                    -1.4591652554052370e-04
91                                     3.6336582388048211e-04
92                                     4.7471645055318507e-05
93                                     8.9439982713115235e-04
94                                    -7.3186142914011265e-04
95                                    -1.8422854335888861e-03
96                                     7.3940760913002168e-04
97                                    -5.3950838932129153e-04
98                                     7.3822352822905390e-04
99                                    -5.8984600205801326e-04
100                                   -1.2276916529752047e-04
101                                    8.1856803636018438e-04
$End
$Geometry
   &GeometryIndex 41
   &ListStatus       OUT
   &NATOMS [&Type "Integer"] 34
   &NCORELESSECP [&Type "Integer"] 0
   &NGHOSTATOMS [&Type "Integer"] 0
   &CartesianCoordinates [&Type "Coordinates", &Dim(34,4), &Units "Bohr"] 
              H     -1.038113632428   -9.057214959763   -6.899752711472
              H     -2.784854088131   -6.726541180477   -5.252812171823
              C     -0.896146401443   -7.454441536379   -5.609120740272
              N      0.467212312134   -5.421445403912   -6.939800498558
              H     -2.504992270494   -2.695314643657   -7.436213877937
              H     -0.833074948861   -9.530965810202   -2.151085367577
              H      4.272768987573   -6.857405880259   -7.000844072308
              C     -0.564175448706   -3.250106941927   -7.671456803016
              C      3.013490510110   -5.340350876979   -7.477666491560
              H      1.215867415053    0.941953322358  -11.523375723900
              C      0.367306074154   -8.170064907615   -3.129303107306
              N      1.228057499779   -1.778309677974   -8.649298387282
              C      3.490000351699   -3.062539227092   -8.544493337518
              H     -1.047197364003    1.398062895330   -9.057691466600
              H      2.203033262096   -9.057379549422   -3.437250702456
              C      0.875204209014    0.823560589610   -9.496697376976
              H      5.243672179894   -2.219536477115   -9.120373708395
              H      0.611399832807   -6.515665177952   -1.935734014680
              H      2.180147288217    2.034795119553   -8.467198613446
              F      3.952302337802    4.270718165479   -0.132807446969
              O     -4.085475643549    0.673233861907   -4.917474388502
              N      0.135880072970    1.188936813596   -3.082542221166
              F     -3.801128221476    3.945766022090   -0.181741995762
              O      4.527434570532    0.998587492595   -4.551146714016
              S     -2.526830078798   -0.121133473940   -2.818944710643
              C      3.938079071741    1.782889841035    0.272251174752
              F      2.443614540781    1.288610389942    2.240349203924
              S      2.862332519327    0.073695092544   -2.602678685523
              C     -3.960244264928    1.438922635072   -0.004075659165
              F      6.288357982521    1.036622470002    0.832160320648
              F     -6.392900091254    0.783604905015    0.140762012526
              O     -2.516249155075   -2.786013843208   -2.238933309134
              F     -2.792042090760    0.689295728257    2.099010073458
              O      2.974145497440   -2.569267060778   -1.959088772825
$End
$SCF_Energy
   &GeometryIndex 41
   &ListStatus       OUT
   &SCF_ENERGY [&Type "Double"]      -2.1718991220789717e+03
$End
$DFT_Energy
   &GeometryIndex 41
   &ListStatus       OUT
   &NALPHAEL [&Type "Integer"] 99
   &NBETAEL [&Type "Integer"] 99
   &NTOTALEL [&Type "Integer"] 198
   &EEXCHANGE [&Type "Double"]      -1.6627049294900365e+02
   &ECORR [&Type "Double"]      -8.6098966563782131e+00
   &ECNL [&Type "Double"]       0.0000000000000000e+00
   &EXC [&Type "Double"]      -1.7488038960538188e+02
   &EEMBED [&Type "Double"]       0.0000000000000000e+00
   &FINALEN [&Type "Double"]      -2.1718991220789717e+03  "No Van der Waals correction"
$End
$VdW_Correction
   &GeometryIndex 41
   &ListStatus       OUT
   &VDW [&Type "Double"]      -8.3553694440628115e-02
$End
$SCF_Nuc_Gradient
   &GeometryIndex 41
   &ListStatus       OUT
   &NATOMS [&Type "Integer"] 34
   &ROOT [&Type "Integer"] 0
   &GRADNORM [&Type "Double"]       6.9222030498514147e-03
   &GRAD [&Type "ArrayOfDoubles", &Dim (102,1)] 
                                                         0

0                                     -1.0015365041756569e-04
1                                      4.8173005619894793e-04
2                                     -3.6786172482211610e-04
3                                     -1.0382188181806695e-05
4                                     -1.1205826550025888e-04
5                                      2.1116484379061357e-04
6                                     -3.1698499311644257e-05
7                                     -1.2416302774631224e-03
8                                     -1.2985739780661115e-04
9                                      3.3895710823477615e-04
10                                     1.0524075175316616e-04
11                                    -4.7355460101797253e-04
12                                     2.1891855650083003e-04
13                                     8.2557965421304474e-04
14                                    -3.9016908271397727e-04
15                                    -1.5018883707561270e-04
16                                     1.7141171575844882e-04
17                                     2.0961438133020038e-04
18                                     2.7953619428561227e-05
19                                    -5.4776162424857722e-05
20                                    -2.2104140205348594e-04
21                                     3.1245831809662006e-05
22                                    -1.5406238882697144e-03
23                                     3.7388188299759123e-04
24                                     6.7899619403753719e-04
25                                     1.0245712175947636e-03
26                                    -1.2613840643756896e-04
27                                     1.2785985829704208e-04
28                                    -3.3892984148291283e-05
29                                    -5.7639863642044986e-06
30                                    -3.1646645258505413e-04
31                                     7.3764123861538161e-04
32                                     6.7932475587825780e-04
33                                    -1.4679667449393058e-03
34                                     1.6903057798029753e-03
35                                    -9.1700767722580068e-05
36                                    -3.2308821647414332e-04
37                                    -6.2111244396665516e-04
38                                     4.6799742528566557e-05
39                                    -9.2508804006657952e-05
40                                     1.4565800955131103e-04
41                                    -8.9154821384385130e-05
42                                    -8.9873459660466670e-05
43                                    -3.7612343742901566e-05
44                                    -1.8198919742104872e-04
45                                     5.5606699457503780e-04
46                                    -1.2673093650840128e-03
47                                     1.3114027306082923e-04
48                                     4.2171633183521462e-04
49                                    -4.9977808709875116e-04
50                                     3.1956268548299915e-04
51                                     2.9442785793969140e-04
52                                    -3.4388406725935350e-04
53                                     3.9472163769209423e-04
54                                    -4.9312102840717853e-05
55                                     1.0302077374954172e-03
56                                    -2.4513849587869119e-04
57                                     1.7459631092541991e-04
58                                    -3.4841937646673538e-04
59                                    -5.0057255352527197e-04
60                                     2.6238942853584746e-04
61                                    -5.1018650074266536e-04
62                                    -6.5275453181212750e-04
63                                     1.0954382310235967e-03
64                                    -4.1902588383235795e-04
65                                    -8.3861886139166564e-04
66                                    -8.7000536091383363e-05
67                                    -1.0320945946179494e-04
68                                     1.0504610435870150e-04
69                                    -9.2687913272082589e-04
70                                     2.3251266415291738e-04
71                                     9.1380064100227143e-04
72                                    -1.9106676754818974e-03
73                                    -2.3265774718228549e-04
74                                     2.9724884585371758e-03
75                                    -1.1901268873479240e-03
76                                    -7.6974061339506183e-04
77                                    -5.8577144602632580e-04
78                                     9.3296350157479058e-05
79                                     5.6274100116044529e-04
80                                     7.7431589662946276e-05
81                                     1.3402288730234094e-03
82                                     1.7169964846274061e-03
83                                    -3.2643387013712999e-04
84                                    -3.1069949120768325e-04
85                                     3.2044059770187233e-04
86                                     6.8722869063536640e-05
87                                     7.0542207818025116e-04
88                                    -4.0914558629745468e-04
89                                    -1.5408204383365876e-06
90                                     4.2407665253679783e-04
91                                     1.6255481368863955e-04
92                                    -1.9008330316181224e-04
93                                     3.6973648658967216e-04
94                                     1.5037161620695683e-04
95                                    -1.6434979790155707e-03
96                                     2.1611169162233379e-04
97                                    -2.9638819624108748e-04
98                                     3.6217758711654113e-05
99                                    -3.2042577549113577e-04
100                                   -5.1651207066594207e-04
101                                    5.2172561007862717e-04
$End
$Geometry
   &GeometryIndex 42
   &ListStatus       OUT
   &NATOMS [&Type "Integer"] 34
   &NCORELESSECP [&Type "Integer"] 0
   &NGHOSTATOMS [&Type "Integer"] 0
   &CartesianCoordinates [&Type "Coordinates", &Dim(34,4), &Units "Bohr"] 
              H     -1.024691479754   -9.060222166887   -6.877825509203
              H     -2.784559528190   -6.730948943501   -5.242133353112
              C     -0.891982851492   -7.450697987294   -5.593747042232
              N      0.463737176720   -5.415347312282   -6.923316491137
              H     -2.519073796516   -2.705874135168   -7.448479513397
              H     -0.829217717136   -9.525217784128   -2.137011512219
              H      4.276068818775   -6.832652675232   -6.947455352241
              C     -0.574131728437   -3.252366591823   -7.672857006034
              C      3.012206180511   -5.326961667434   -7.447088857426
              H      1.144268992400    0.905859449152  -11.556527062410
              C      0.371649316871   -8.164104274681   -3.113491173886
              N      1.218701983572   -1.779997318125   -8.646027343040
              C      3.485180196892   -3.052167972765   -8.522962765996
              H     -1.049543592010    1.404424598157   -9.037650784134
              H      2.210915841060   -9.046464157456   -3.414550620221
              C      0.857696674409    0.814933717253   -9.519747630415
              H      5.234295038564   -2.199015381919   -9.097393531535
              H      0.610860438053   -6.504181563527   -1.924918656387
              H      2.199409685315    2.028440221043   -8.540146736664
              F      3.923319893809    4.203018849730    0.032733160452
              O     -4.072468276467    0.627341590315   -4.931159318141
              N      0.133096254497    1.228594498432   -3.063051956529
              F     -3.875616405040    3.978907086056   -0.285865763416
              O      4.520116141709    1.154433490240   -4.552662476344
              S     -2.511732346791   -0.121045281041   -2.817504835226
              C      3.953563482395    1.697164728685    0.309944062018
              F      2.492905862164    1.073911661753    2.267367910437
              S      2.872783225190    0.119684345909   -2.642752482801
              C     -3.975089721462    1.474523962049   -0.038586131312
              F      6.319730992395    0.962637609976    0.806215850305
              F     -6.391531430676    0.764072577861    0.127565780797
              O     -2.476855825855   -2.776668913406   -2.202615534430
              F     -2.788556919284    0.812867926998    2.082102801713
              O      3.011428239545   -2.551323471206   -2.133470417314
$End
$SCF_Energy
   &GeometryIndex 42
   &ListStatus       OUT
   &SCF_ENERGY [&Type "Double"]      -2.1718991404998574e+03
$End
$DFT_Energy
   &GeometryIndex 42
   &ListStatus       OUT
   &NALPHAEL [&Type "Integer"] 99
   &NBETAEL [&Type "Integer"] 99
   &NTOTALEL [&Type "Integer"] 198
   &EEXCHANGE [&Type "Double"]      -1.6627042643692431e+02
   &ECORR [&Type "Double"]      -8.6099517132100019e+00
   &ECNL [&Type "Double"]       0.0000000000000000e+00
   &EXC [&Type "Double"]      -1.7488037815013431e+02
   &EEMBED [&Type "Double"]       0.0000000000000000e+00
   &FINALEN [&Type "Double"]      -2.1718991404998574e+03  "No Van der Waals correction"
$End
$VdW_Correction
   &GeometryIndex 42
   &ListStatus       OUT
   &VDW [&Type "Double"]      -8.3649624312136586e-02
$End
$SCF_Nuc_Gradient
   &GeometryIndex 42
   &ListStatus       OUT
   &NATOMS [&Type "Integer"] 34
   &ROOT [&Type "Integer"] 0
   &GRADNORM [&Type "Double"]       4.9064681380040359e-03
   &GRAD [&Type "ArrayOfDoubles", &Dim (102,1)] 
                                                         0

0                                      2.6850189624822926e-05
1                                      6.3595561317686400e-05
2                                     -4.0723226334124507e-05
3                                      3.0689691892571425e-05
4                                     -2.5992300081982556e-05
5                                      1.2833251922715616e-05
6                                      4.0068525423334056e-05
7                                     -4.0261565601241826e-04
8                                     -1.3732330848174878e-04
9                                     -2.6278016353114414e-04
10                                     3.1618201330244067e-04
11                                     1.8600672979145194e-04
12                                    -1.5073132370618803e-05
13                                     7.2327259449295189e-04
14                                    -3.3760677149612464e-04
15                                    -2.0700739783004185e-04
16                                     2.0056277058143335e-04
17                                    -2.9249112326740212e-06
18                                     3.1612861589980223e-05
19                                    -3.7005219419100621e-05
20                                    -1.3150227238255957e-04
21                                     1.1955322266843371e-04
22                                    -5.4526644280360539e-04
23                                    -1.7752482136784709e-04
24                                     6.4740293208825211e-04
25                                     6.1905017911038918e-04
26                                     7.7503772353458567e-05
27                                     4.4412982349091579e-05
28                                     2.4249680169540974e-05
29                                    -9.8969737097664989e-05
30                                    -2.3859912838855232e-04
31                                    -3.2200180144484596e-04
32                                     2.2976922070752637e-04
33                                    -1.0954691060266839e-03
34                                     7.8080632493648938e-05
35                                     3.7978285303437442e-04
36                                    -3.1366964149494303e-04
37                                    -3.0547503563184419e-04
38                                     2.6875561399487824e-04
39                                    -8.4081258948653925e-05
40                                    -2.2248023998389099e-05
41                                    -2.3194918670138565e-04
42                                     6.1577098379478334e-05
43                                     2.5757604932633016e-05
44                                     7.7841528190486509e-05
45                                     1.1498845079362194e-04
46                                    -6.2152787318924332e-04
47                                    -6.9598308370997716e-05
48                                     1.8377585727816226e-04
49                                    -2.7136591473854443e-04
50                                     1.6700623527426961e-04
51                                     3.7312268806770008e-04
52                                     1.5113854339654509e-04
53                                     2.5652701193652760e-04
54                                     3.3206073405905867e-04
55                                     9.4942242035636615e-04
56                                    -1.7311722450691347e-04
57                                     3.9689384507137328e-04
58                                     1.9503697061201697e-04
59                                    -6.8337127088998958e-04
60                                     2.2337047914136599e-04
61                                    -6.6149452085001448e-04
62                                     1.5429583150783355e-04
63                                     6.2426439472779930e-04
64                                     4.1083007775000180e-04
65                                    -7.7745556924646575e-04
66                                     1.4161956873344657e-04
67                                     4.5546911483507202e-06
68                                     3.4569128863314036e-06
69                                    -3.8259556851732990e-04
70                                     8.7831554052275607e-04
71                                     2.9946197964836330e-04
72                                    -1.5106843550811294e-03
73                                    -1.3643567213267455e-03
74                                     1.6934107973880785e-03
75                                    -5.8771724199865177e-04
76                                    -6.0015650190929637e-04
77                                    -3.0418935772992539e-04
78                                     3.9357577315138337e-04
79                                     2.5765118880713422e-04
80                                     3.9614478135469033e-04
81                                     7.9173246055420921e-04
82                                     1.3130530925570261e-04
83                                     8.5168582007769111e-04
84                                     5.4396829039002337e-05
85                                     3.2350966319701080e-04
86                                     5.9680036715953344e-04
87                                    -1.0670129538603579e-04
88                                    -2.0437861953077896e-04
89                                     9.6199603514174337e-05
90                                     4.2729868134344651e-04
91                                     3.7856591034723941e-06
92                                    -2.6944313045697277e-04
93                                     1.8198649573923685e-04
94                                     6.5189890173100729e-04
95                                    -1.8430848082608975e-03
96                                    -1.9359659821341357e-04
97                                    -8.5745477093571165e-05
98                                    -2.8210469897671508e-04
99                                    -2.4327884715935263e-04
100                                   -5.3856987538308809e-04
101                                   -1.8659371816054371e-04
$End
$Geometry
   &GeometryIndex 43
   &ListStatus       OUT
   &NATOMS [&Type "Integer"] 34
   &NCORELESSECP [&Type "Integer"] 0
   &NGHOSTATOMS [&Type "Integer"] 0
   &CartesianCoordinates [&Type "Coordinates", &Dim(34,4), &Units "Bohr"] 
              H     -1.011226711987   -9.061364631229   -6.871779057118
              H     -2.775335793934   -6.735604510180   -5.234911517003
              C     -0.880938747227   -7.448539132002   -5.590749224835
              N      0.465334601154   -5.410528814296   -6.920692316664
              H     -2.516087693536   -2.698139797586   -7.423006653611
              H     -0.787438584422   -9.552954413799   -2.154565179001
              H      4.272991072279   -6.837661246411   -6.969978365663
              C     -0.573902246521   -3.246383023355   -7.666017178845
              C      3.009183091734   -5.330694350692   -7.465763339028
              H      1.124373755422    0.908659701454  -11.559527827219
              C      0.392992185334   -8.165061109871   -3.117583021768
              N      1.216440000853   -1.781171454996   -8.653097653037
              C      3.480041430142   -3.056675196711   -8.547126925347
              H     -1.051596794990    1.407389215087   -9.026253139769
              H      2.246992672876   -9.014369373179   -3.422862680350
              C      0.851926497139    0.817187542229   -9.520918530275
              H      5.221755861135   -2.202974619115   -9.142613356872
              H      0.607018681488   -6.508852503964   -1.918203509015
              H      2.201276750036    2.028090555724   -8.548884591965
              F      3.924739666916    4.172835540694    0.071613692073
              O     -4.065641378669    0.617791630597   -4.936743591688
              N      0.133073163834    1.229927223025   -3.049811427200
              F     -3.957375981958    4.011563727557   -0.377923869676
              O      4.524272928510    1.132671786835   -4.535080798038
              S     -2.514004929286   -0.115350922290   -2.811694479736
              C      3.956350370286    1.665640715809    0.334419333797
              F      2.500628032409    1.026832884896    2.290766243898
              S      2.867321106256    0.103491095232   -2.628573022724
              C     -3.988490084406    1.513023377863   -0.058183768230
              F      6.322152223484    0.929314904649    0.821592881517
              F     -6.384499425392    0.744346062281    0.155601585312
              O     -2.492946969155   -2.763516991591   -2.165795938383
              F     -2.763866839694    0.945796331634    2.067217884805
              O      2.991370905628   -2.569161488563   -2.127940949820
$End
$SCF_Energy
   &GeometryIndex 43
   &ListStatus       OUT
   &SCF_ENERGY [&Type "Double"]      -2.1718993258349560e+03
$End
$DFT_Energy
   &GeometryIndex 43
   &ListStatus       OUT
   &NALPHAEL [&Type "Integer"] 99
   &NBETAEL [&Type "Integer"] 99
   &NTOTALEL [&Type "Integer"] 198
   &EEXCHANGE [&Type "Double"]      -1.6627019667856038e+02
   &ECORR [&Type "Double"]      -8.6098620613823513e+00
   &ECNL [&Type "Double"]       0.0000000000000000e+00
   &EXC [&Type "Double"]      -1.7488005873994274e+02
   &EEMBED [&Type "Double"]       0.0000000000000000e+00
   &FINALEN [&Type "Double"]      -2.1718993258349560e+03  "No Van der Waals correction"
$End
$VdW_Correction
   &GeometryIndex 43
   &ListStatus       OUT
   &VDW [&Type "Double"]      -8.3560870583004973e-02
$End
$SCF_Nuc_Gradient
   &GeometryIndex 43
   &ListStatus       OUT
   &NATOMS [&Type "Integer"] 34
   &ROOT [&Type "Integer"] 0
   &GRADNORM [&Type "Double"]       4.6693285035096814e-03
   &GRAD [&Type "ArrayOfDoubles", &Dim (102,1)] 
                                                         0

0                                      1.2368929118561876e-04
1                                     -3.3062856837948185e-04
2                                      2.7358419154956126e-04
3                                      4.7694982370727335e-05
4                                      3.6843394000493634e-05
5                                     -1.6611616385536071e-04
6                                      2.0950520752537755e-04
7                                      4.5727908583271561e-04
8                                     -1.5497092156686876e-04
9                                     -6.8375545144156585e-04
10                                     4.3827500000404029e-04
11                                     7.9870872084557287e-04
12                                    -2.8698971657747929e-05
13                                     4.7089071473305905e-04
14                                    -1.1244511633733134e-04
15                                    -1.8336223193696211e-04
16                                     1.7027645204516217e-04
17                                    -1.6801789503147202e-04
18                                     2.5460988610587210e-05
19                                     8.0789862568764192e-06
20                                     1.8948055108214401e-05
21                                    -2.4562977329112279e-05
22                                     2.4545301012589456e-04
23                                    -7.1237635700061031e-04
24                                     2.3112440295326026e-04
25                                    -4.5937507290427781e-05
26                                     4.7380262590802913e-05
27                                    -1.8117809389473633e-05
28                                    -7.4191460636330656e-05
29                                    -9.1390830393695000e-05
30                                    -1.0009200220267161e-04
31                                    -1.0445946570543825e-03
32                                    -2.4759700276887064e-04
33                                    -1.5414064416449484e-04
34                                    -1.2255931178097867e-03
35                                     5.5341289390922060e-04
36                                    -1.9612521526057858e-04
37                                     3.5088738400738950e-05
38                                     1.4565320372791901e-04
39                                    -3.3791894972406977e-05
40                                    -1.4268900704522691e-05
41                                    -3.0600313591963579e-04
42                                     1.5371491921950531e-04
43                                     1.0513890800717407e-04
44                                     2.5156458007866492e-04
45                                    -1.2216820970447229e-04
46                                    -9.6484938153059557e-05
47                                    -3.0895648796373798e-06
48                                    -7.3687336596850450e-05
49                                     4.1823818111658140e-05
50                                    -3.4386282948772884e-05
51                                     3.5711494729594173e-04
52                                     4.6519700905239825e-04
53                                     9.6651947137801897e-05
54                                     2.9714364018110229e-04
55                                     9.3400129496407081e-04
56                                    -2.0461568749918779e-04
57                                     5.2926117476394014e-04
58                                     1.5583206304992103e-04
59                                    -7.8999198508088869e-04
60                                     2.7083175171521701e-04
61                                    -5.9331088124459086e-04
62                                     8.6967450981251249e-04
63                                    -7.9769818357896790e-06
64                                     8.0757015947457989e-04
65                                    -5.8235831640876534e-04
66                                     2.5051329786105869e-04
67                                    -2.5555256475240373e-05
68                                    -8.7225177664355252e-05
69                                     3.1913435711689031e-04
70                                     9.6945397574932368e-04
71                                    -3.0081757202210513e-04
72                                    -6.1241301908932649e-04
73                                    -1.4978312503026031e-03
74                                     1.2675564757008706e-05
75                                     5.9303594032000806e-05
76                                    -1.5475090150952886e-04
77                                     1.9228300347638727e-04
78                                     3.5741708598399646e-04
79                                    -2.6553598054049332e-05
80                                     5.2237610668207091e-04
81                                    -1.3795735855962055e-04
82                                    -9.8091584792307784e-04
83                                     1.3207798468324733e-03
84                                     3.1541872491522294e-04
85                                     1.4504205870000120e-05
86                                     8.5886215675214095e-04
87                                    -6.3467810112577405e-04
88                                    -4.2731179764679550e-05
89                                     1.7908384044100500e-04
90                                     6.8490142021870870e-05
91                                    -1.5174379522163439e-04
92                                    -1.1938368592653154e-04
93                                    -2.4826695972785928e-04
94                                     8.2465488600330650e-04
95                                    -1.3585356969353368e-03
96                                    -2.3486944745268468e-04
97                                     2.0416690307925589e-04
98                                    -4.2318512256434015e-04
99                                    -1.2115388033213936e-04
100                                   -7.9436735610838305e-05
101                                   -2.7913237958440695e-04
$End
$Geometry
   &GeometryIndex 44
   &ListStatus       OUT
   &NATOMS [&Type "Integer"] 34
   &NCORELESSECP [&Type "Integer"] 0
   &NGHOSTATOMS [&Type "Integer"] 0
   &CartesianCoordinates [&Type "Coordinates", &Dim(34,4), &Units "Bohr"] 
              H     -0.980679405051   -9.063562181910   -6.868434882488
              H     -2.758763614950   -6.750002064353   -5.230889092472
              C     -0.859330266289   -7.451241960595   -5.585625704756
              N      0.477332348453   -5.405917688952   -6.912677227455
              H     -2.509722009181   -2.695653777529   -7.388058949337
              H     -0.741304822553   -9.590679327850   -2.171751100237
              H      4.283794054318   -6.832370185419   -6.993259593901
              C     -0.569693283495   -3.242695731428   -7.651228274595
              C      3.015509794724   -5.326576996251   -7.480956766410
              H      1.066733209271    0.910554677361  -11.555282123967
              C      0.414604818627   -8.166548578545   -3.111649280140
              N      1.213147630540   -1.775719832921   -8.649071043645
              C      3.477712539955   -3.050332322081   -8.563541848984
              H     -1.056775563299    1.415684789080   -8.978875411738
              H      2.288361288517   -8.971690801221   -3.414321750536
              C      0.835596772361    0.822475835417   -9.511502488919
              H      5.211240715140   -2.191902244293   -9.176169081695
              H      0.585973371791   -6.517545677202   -1.895403152991
              H      2.203895720456    2.034163081903   -8.568870482027
              F      3.918469329792    4.105496578279    0.155390318154
              O     -4.054923064819    0.569427839666   -4.943986067255
              N      0.128682389194    1.230322830278   -3.028928705646
              F     -4.052585718729    4.067290239776   -0.521713796113
              O      4.516243109040    1.153488623931   -4.531048866978
              S     -2.516836807183   -0.117157599916   -2.791689547501
              C      3.967498278429    1.593529305839    0.354839546915
              F      2.529262281981    0.896119252558    2.303812329506
              S      2.863382859159    0.095456617126   -2.636995819689
              C     -4.016624032974    1.583920346203   -0.097569386632
              F      6.341567167405    0.859108196532    0.804350437904
              F     -6.392482536893    0.765252495261    0.162827017464
              O     -2.500248755391   -2.750099659971   -2.086523161652
              F     -2.768827187254    1.138413721923    2.043773222974
              O      2.986672204645   -2.585449084959   -2.184039556638
$End
$SCF_Energy
   &GeometryIndex 44
   &ListStatus       OUT
   &SCF_ENERGY [&Type "Double"]      -2.1718994282090102e+03
$End
$DFT_Energy
   &GeometryIndex 44
   &ListStatus       OUT
   &NALPHAEL [&Type "Integer"] 99
   &NBETAEL [&Type "Integer"] 99
   &NTOTALEL [&Type "Integer"] 198
   &EEXCHANGE [&Type "Double"]      -1.6626978796981277e+02
   &ECORR [&Type "Double"]      -8.6097935034501685e+00
   &ECNL [&Type "Double"]       0.0000000000000000e+00
   &EXC [&Type "Double"]      -1.7487958147326293e+02
   &EEMBED [&Type "Double"]       0.0000000000000000e+00
   &FINALEN [&Type "Double"]      -2.1718994282090102e+03  "No Van der Waals correction"
$End
$VdW_Correction
   &GeometryIndex 44
   &ListStatus       OUT
   &VDW [&Type "Double"]      -8.3550356475526388e-02
$End
$SCF_Nuc_Gradient
   &GeometryIndex 44
   &ListStatus       OUT
   &NATOMS [&Type "Integer"] 34
   &ROOT [&Type "Integer"] 0
   &GRADNORM [&Type "Double"]       4.9942363418453688e-03
   &GRAD [&Type "ArrayOfDoubles", &Dim (102,1)] 
                                                         0

0                                      8.9664937865510663e-05
1                                     -4.0160977933312303e-04
2                                      2.9742385679737415e-04
3                                     -1.1403253843217387e-05
4                                      2.4565463546573352e-05
5                                     -1.3527463641657689e-04
6                                      3.1588570490782841e-04
7                                      6.5858185835902631e-04
8                                     -3.5371491620504736e-04
9                                     -5.1865293086397757e-04
10                                     4.8670070430265056e-04
11                                     1.4234990748046711e-03
12                                    -3.2003778585282250e-05
13                                     3.6178733313467493e-04
14                                     4.8417420036958592e-05
15                                    -1.5904720358794755e-04
16                                     6.1464331840066500e-05
17                                    -2.0453828963011567e-04
18                                    -5.7787545006127150e-06
19                                     4.6981436071180660e-05
20                                     1.0345897389053144e-04
21                                    -2.4612768419771114e-04
22                                     6.6859305233430040e-04
23                                    -1.3061697304364017e-03
24                                    -9.9802851657358749e-05
25                                    -4.9562612248080229e-04
26                                    -6.0223093096747199e-05
27                                    -3.9710021620072145e-05
28                                    -1.8184011371262000e-04
29                                    -4.6452691285697734e-05
30                                     8.8367817557461620e-05
31                                    -1.2522089302098374e-03
32                                    -1.6170022905261094e-04
33                                     2.4998182491238648e-04
34                                    -1.3199481018931480e-03
35                                     4.3291570928859907e-04
36                                     2.6072563050233422e-05
37                                     1.4246616711736937e-04
38                                     1.7213155501991095e-04
39                                    -1.2558231794385089e-05
40                                     2.3736598636470152e-05
41                                    -2.4346905233568750e-04
42                                     1.0664690191283799e-04
43                                     1.2998817643014582e-04
44                                     2.4932981928204798e-04
45                                    -2.0224840738515375e-05
46                                    -3.7407440127194824e-05
47                                     2.8876503389250324e-04
48                                    -2.0823837124114841e-04
49                                     2.8061314207153409e-04
50                                    -1.6109862233650019e-04
51                                     2.3354363669541786e-04
52                                     5.9464307459944354e-04
53                                     9.2622796889596515e-05
54                                     7.6634042762230292e-05
55                                     9.4040674084915066e-04
56                                    -3.5817515190289528e-04
57                                     4.4039420988389177e-04
58                                    -1.1035770091327723e-04
59                                    -7.6786125107230346e-04
60                                     9.7034939202794712e-05
61                                    -3.0059685593783469e-04
62                                     7.8153523164214977e-04
63                                    -2.8620044709290774e-04
64                                     8.2766859942512427e-04
65                                    -4.7920996544340011e-04
66                                     3.1674535783388774e-05
67                                     2.3088891224148922e-04
68                                    -1.3277574086362209e-04
69                                     5.5959194514260124e-04
70                                     7.6239142834355622e-04
71                                    -3.8560239712320810e-04
72                                    -1.5874998122056283e-05
73                                    -1.5905399523446634e-03
74                                     1.1881693087967271e-04
75                                     2.8032224460943639e-04
76                                     1.2958762179243744e-04
77                                     6.8854835354016652e-04
78                                     3.9254243774708431e-04
79                                    -2.3690695839989617e-05
80                                     3.3676881855901342e-04
81                                    -6.4896898361770788e-04
82                                    -1.2962178524217050e-03
83                                     1.0475546683908765e-03
84                                     6.1872055122272340e-04
85                                    -1.7217581601981780e-04
86                                     3.3932345220656634e-04
87                                    -4.8096021741955708e-04
88                                    -9.9842273994940611e-05
89                                     5.9971901620069212e-05
90                                    -3.0157685945941815e-04
91                                    -1.2614676868924479e-04
92                                     7.0806093821734750e-05
93                                    -3.2856927638823198e-04
94                                     4.8340719572553814e-04
95                                    -1.2111901947379905e-03
96                                    -2.8131559381455729e-04
97                                     2.3802535672903108e-04
98                                    -2.7955019814424054e-04
99                                     8.9936009315168958e-05
100                                    3.1571122325502188e-04
101                                   -2.6488352356754397e-04
$End
$Geometry
   &GeometryIndex 45
   &ListStatus       OUT
   &NATOMS [&Type "Integer"] 34
   &NCORELESSECP [&Type "Integer"] 0
   &NGHOSTATOMS [&Type "Integer"] 0
   &CartesianCoordinates [&Type "Coordinates", &Dim(34,4), &Units "Bohr"] 
              H     -0.951840751815   -9.075219219860   -6.869084472809
              H     -2.738342768210   -6.771933765696   -5.228518596762
              C     -0.835016272028   -7.462852590139   -5.586071068241
              N      0.490434248149   -5.413182135161   -6.916763321176
              H     -2.504423828805   -2.708658253849   -7.355927101955
              H     -0.681745763803   -9.618220089659   -2.181403426926
              H      4.294826762738   -6.839185526534   -7.040504504782
              C     -0.565842792774   -3.249767862793   -7.641143579301
              C      3.021318760773   -5.333178358315   -7.514114691200
              H      1.039049641370    0.935577196769  -11.533158213761
              C      0.445960181370   -8.165290280888   -3.111860392316
              N      1.205552661070   -1.780210607795   -8.655602969686
              C      3.471625908711   -3.054100722705   -8.597794180426
              H     -1.074220357322    1.408975571652   -8.940924204471
              H      2.335116548887   -8.932473441853   -3.416505578863
              C      0.816486913626    0.825127953483   -9.489810498473
              H      5.195009529643   -2.189519907246   -9.230317101577
              H      0.581053441681   -6.518573758915   -1.888527449559
              H      2.183870137282    2.027320307863   -8.537481013006
              F      3.889014204847    4.062916270289    0.217906363274
              O     -4.053741131737    0.543107301683   -4.941484218250
              N      0.133124258524    1.223943685624   -3.040322102235
              F     -4.058924927163    4.129416703156   -0.602700895826
              O      4.525293668453    1.131583041421   -4.529419069668
              S     -2.517413329423   -0.106417904912   -2.775682177072
              C      3.948656309145    1.548634283948    0.370589735003
              F      2.497052182034    0.812891825789    2.295347415550
              S      2.861908794659    0.077784490182   -2.643535596944
              C     -4.019769933162    1.655813470084   -0.122978680760
              F      6.324397992700    0.817084516076    0.820952962187
              F     -6.396659306334    0.842394421191    0.153737955538
              O     -2.511760084263   -2.723082677324   -2.007669613742
              F     -2.776540638798    1.258962747800    2.032284330181
              O      2.973372555713   -2.604107967628   -2.196584333423
$End
$SCF_Energy
   &GeometryIndex 45
   &ListStatus       OUT
   &SCF_ENERGY [&Type "Double"]      -2.1718995529663257e+03
$End
$DFT_Energy
   &GeometryIndex 45
   &ListStatus       OUT
   &NALPHAEL [&Type "Integer"] 99
   &NBETAEL [&Type "Integer"] 99
   &NTOTALEL [&Type "Integer"] 198
   &EEXCHANGE [&Type "Double"]      -1.6626919949364819e+02
   &ECORR [&Type "Double"]      -8.6097011333045188e+00
   &ECNL [&Type "Double"]       0.0000000000000000e+00
   &EXC [&Type "Double"]      -1.7487890062695271e+02
   &EEMBED [&Type "Double"]       0.0000000000000000e+00
   &FINALEN [&Type "Double"]      -2.1718995529663257e+03  "No Van der Waals correction"
$End
$VdW_Correction
   &GeometryIndex 45
   &ListStatus       OUT
   &VDW [&Type "Double"]      -8.3533089593806828e-02
$End
$SCF_Nuc_Gradient
   &GeometryIndex 45
   &ListStatus       OUT
   &NATOMS [&Type "Integer"] 34
   &ROOT [&Type "Integer"] 0
   &GRADNORM [&Type "Double"]       4.7565732492432190e-03
   &GRAD [&Type "ArrayOfDoubles", &Dim (102,1)] 
                                                         0

0                                     -2.8057221490381326e-05
1                                     -2.5147528284455434e-04
2                                      1.2718947089024324e-04
3                                     -1.0104046559580859e-04
4                                     -4.5680514025113472e-05
5                                      7.2098899363964852e-07
6                                      4.1212263424461604e-04
7                                      5.8707047911923244e-04
8                                     -6.3481918061866066e-04
9                                     -9.6658393353495076e-05
10                                     3.3779281506646219e-04
11                                     1.7613264895533082e-03
12                                    -4.4764904997968147e-05
13                                     7.9237179637495214e-05
14                                     8.7273814350540685e-05
15                                    -4.9433047524874429e-05
16                                    -4.8228488435414496e-05
17                                    -1.6519307229900804e-04
18                                    -3.0421567081689860e-05
19                                     4.8636311868521798e-05
20                                     2.1493865602351114e-04
21                                    -4.2832316633656387e-04
22                                     9.4500483241622378e-04
23                                    -1.4736316538975780e-03
24                                    -4.8791504416719617e-04
25                                    -7.3390314276333690e-04
26                                    -1.5492755073471393e-04
27                                    -6.6905004327339618e-05
28                                    -2.3554272033227304e-04
29                                     6.3768663351448929e-06
30                                     3.0145125308553983e-04
31                                    -8.0591450688955769e-04
32                                     9.2423318619763717e-05
33                                     8.1646016220018706e-04
34                                    -1.1306903742941965e-03
35                                     8.2593213744354410e-05
36                                     4.1160377243945612e-04
37                                     2.8591047720905038e-05
38                                     3.5111282644689767e-05
39                                     1.2219271534219533e-05
40                                     1.5192313514864053e-04
41                                    -1.0430731823733025e-04
42                                     5.5282890881469537e-06
43                                     2.2369480036685263e-05
44                                     8.8375138908712569e-05
45                                     1.2830523080302296e-04
46                                     1.2365094733441523e-04
47                                     4.8541107690386331e-04
48                                    -3.6170551244238403e-04
49                                     5.3891841449558997e-04
50                                    -2.5388187978944710e-04
51                                     3.4631518043247433e-06
52                                     5.9150809368307966e-04
53                                     3.9945865953350257e-05
54                                    -3.9030279472571094e-04
55                                     4.1079466579364843e-04
56                                    -3.6707609818385778e-04
57                                     3.3795750390470166e-04
58                                    -2.3892149971704857e-04
59                                    -1.0713231573391581e-04
60                                    -1.0142063426699099e-05
61                                    -1.0830416503723739e-05
62                                     8.7291648985315939e-04
63                                    -3.3181599588630567e-04
64                                     4.7064784426228967e-04
65                                    -1.7981494306124057e-04
66                                    -2.2224743442654689e-04
67                                     3.8812849228819779e-04
68                                    -1.8461104116045818e-04
69                                     5.0321486607624033e-04
70                                     1.9194382277581967e-04
71                                    -3.6934963363155493e-04
72                                     6.8828362123488779e-04
73                                    -2.6608355710834586e-04
74                                    -5.3582327735134105e-04
75                                     1.6664717537243079e-04
76                                     5.0674647818105961e-04
77                                     1.0332884010939847e-03
78                                    -7.5763767415776284e-05
79                                     1.8192090200601363e-04
80                                    -2.0824175494399411e-05
81                                    -7.7569019336280742e-04
82                                    -1.5033661982904317e-03
83                                    -1.4396215099914123e-04
84                                     8.2328454248284388e-04
85                                    -3.0822049049306077e-04
86                                    -4.8151224973171092e-04
87                                    -4.3597833609299030e-05
88                                    -1.9413162920552118e-04
89                                    -1.9235708425682785e-04
90                                    -7.2242107776704367e-04
91                                    -1.1803188093829908e-04
92                                     3.2242607292790049e-04
93                                    -3.6893898644071955e-04
94                                    -3.5430145766252030e-04
95                                    -2.3812695023898989e-04
96                                    -1.0307393915912066e-04
97                                    -4.3295397738708774e-05
98                                     3.0707919120542826e-04
99                                     1.2867695169273968e-04
100                                    6.8373262866899820e-04
101                                    4.9954238945659757e-05
$End
$Geometry
   &GeometryIndex 46
   &ListStatus       OUT
   &NATOMS [&Type "Integer"] 34
   &NCORELESSECP [&Type "Integer"] 0
   &NGHOSTATOMS [&Type "Integer"] 0
   &CartesianCoordinates [&Type "Coordinates", &Dim(34,4), &Units "Bohr"] 
              H     -0.927984273586   -9.091773399100   -6.870774184411
              H     -2.726185484963   -6.797004592180   -5.233787013137
              C     -0.818687600611   -7.478558344788   -5.588827166731
              N      0.499513510560   -5.425589776615   -6.922397626916
              H     -2.505374276464   -2.730618628484   -7.333554333716
              H     -0.647493215831   -9.641661971391   -2.188515388143
              H      4.305643176372   -6.842678543968   -7.071342578637
              C     -0.565736284189   -3.261317388383   -7.631389716834
              C      3.025847065702   -5.338522738100   -7.534036485920
              H      1.010206970489    0.945722154321  -11.517416459063
              C      0.460957187609   -8.167956231603   -3.109915667512
              N      1.195913598315   -1.783655220988   -8.652502225948
              C      3.464939478074   -3.055944345271   -8.613281661564
              H     -1.081833950784    1.409227770669   -8.904876428110
              H      2.361827484561   -8.906844700929   -3.411034680629
              C      0.803228796316    0.825207637511   -9.473072615729
              H      5.182094181194   -2.185182172814   -9.254634905982
              H      0.565605338077   -6.525861120287   -1.879038442953
              H      2.180491130894    2.020210482026   -8.524278194291
              F      3.796241880034    4.004103359173    0.327930155617
              O     -4.045784976448    0.493044406566   -4.938541703567
              N      0.133566587063    1.227113824987   -3.035657425285
              F     -4.075824607430    4.188562609100   -0.706354427057
              O      4.521231477636    1.190282761334   -4.522725904719
              S     -2.513495488046   -0.102391978127   -2.752402847519
              C      3.937003691806    1.490086723338    0.390266930404
              F      2.525693056441    0.642753275860    2.299344759566
              S      2.865643217549    0.089843450811   -2.659091634279
              C     -4.025457125086    1.730464561347   -0.154366301263
              F      6.339190839289    0.815584869370    0.791989891704
              F     -6.398591982247    0.915174805903    0.143969848233
              O     -2.502893778627   -2.699524199985   -1.919288226090
              F     -2.781968280023    1.403767910807    2.013176825566
              O      2.989355472093   -2.600506534371   -2.268644456566
$End
$SCF_Energy
   &GeometryIndex 46
   &ListStatus       OUT
   &SCF_ENERGY [&Type "Double"]      -2.1718996959921146e+03
$End
$DFT_Energy
   &GeometryIndex 46
   &ListStatus       OUT
   &NALPHAEL [&Type "Integer"] 99
   &NBETAEL [&Type "Integer"] 99
   &NTOTALEL [&Type "Integer"] 198
   &EEXCHANGE [&Type "Double"]      -1.6627005658134101e+02
   &ECORR [&Type "Double"]      -8.6096210156702462e+00
   &ECNL [&Type "Double"]       0.0000000000000000e+00
   &EXC [&Type "Double"]      -1.7487967759701127e+02
   &EEMBED [&Type "Double"]       0.0000000000000000e+00
   &FINALEN [&Type "Double"]      -2.1718996959921146e+03  "No Van der Waals correction"
$End
$VdW_Correction
   &GeometryIndex 46
   &ListStatus       OUT
   &VDW [&Type "Double"]      -8.3485359058283887e-02
$End
$SCF_Nuc_Gradient
   &GeometryIndex 46
   &ListStatus       OUT
   &NATOMS [&Type "Integer"] 34
   &ROOT [&Type "Integer"] 0
   &GRADNORM [&Type "Double"]       4.1935976572808715e-03
   &GRAD [&Type "ArrayOfDoubles", &Dim (102,1)] 
                                                         0

0                                     -1.2550920747094775e-04
1                                     -1.1345533481449399e-05
2                                     -1.9887556695477593e-05
3                                     -9.4135394779981674e-05
4                                     -1.4784910388729311e-04
5                                      1.8735788210506865e-04
6                                      3.0649403021811711e-04
7                                      2.8752380192456108e-04
8                                     -8.9926987785184098e-04
9                                      5.7664530301674080e-04
10                                    -1.1342608892433992e-05
11                                     1.5568265985143742e-03
12                                    -1.1754819544221307e-04
13                                    -2.1926595374292118e-04
14                                     4.6623148339537679e-05
15                                     1.8278298104926205e-05
16                                    -7.8413542108690670e-05
17                                    -8.0979717538010032e-05
18                                    -3.1840936276394949e-05
19                                     6.3979651732520848e-05
20                                     2.5553404546273251e-04
21                                    -5.1159896362165669e-04
22                                     8.8463261762344522e-04
23                                    -1.1957248829769854e-03
24                                    -6.5773948166084756e-04
25                                    -3.8715448615923853e-04
26                                    -2.0734590079645593e-04
27                                    -4.5761664421849202e-05
28                                    -1.5808062521790317e-04
29                                     1.3344864389114308e-05
30                                     3.2573641104341813e-04
31                                    -7.1343963126806360e-05
32                                     4.3159752231849979e-04
33                                     3.8917961275548515e-04
34                                    -2.9369120104413837e-04
35                                    -2.3966101012171809e-04
36                                     6.1104225641202270e-04
37                                    -6.3926539223480711e-04
38                                     1.8249054307518942e-04
39                                    -1.2310325078757067e-06
40                                     1.6160311019518953e-04
41                                    -7.8156166949810979e-06
42                                    -7.7787221404918006e-05
43                                    -6.4577867902121389e-05
44                                    -7.4989457439101487e-05
45                                     1.4612328380150894e-04
46                                    -1.3023771131031800e-04
47                                     2.0341559570355612e-04
48                                    -3.9537457526439557e-04
49                                     6.0561458185556805e-04
50                                    -2.7726979554969222e-04
51                                    -1.6764701255045714e-04
52                                     1.7274711348502780e-04
53                                     3.9531495890907098e-05
54                                    -1.8777808531336704e-04
55                                     4.4913051531843273e-04
56                                    -1.5751178843299851e-04
57                                    -2.3356447804568151e-05
58                                    -5.7782184248922341e-04
59                                    -6.8449903099786734e-05
60                                    -1.3232607921961903e-04
61                                     2.6279963032768694e-04
62                                     4.0469944041232608e-04
63                                     5.3388261082871493e-05
64                                    -1.5071861935705977e-04
65                                    -2.5211222826476698e-06
66                                    -2.6956288220558559e-04
67                                     3.7487196063129558e-04
68                                    -1.3117445841649700e-04
69                                    -1.2137576861137589e-04
70                                    -1.2656467112309722e-04
71                                    -3.2299941409741351e-05
72                                     8.3418671763618377e-04
73                                     3.9363328005841136e-04
74                                    -1.1353178695089339e-04
75                                    -7.8314164777146256e-05
76                                     6.4046359833226651e-04
77                                     1.0453495864872764e-03
78                                    -4.6095075874885705e-05
79                                     2.7037873206238461e-04
80                                    -5.9309737368812288e-05
81                                    -3.0598174491446029e-04
82                                    -7.3776607799813654e-04
83                                    -5.2941632044177511e-04
84                                     6.4691628315617644e-04
85                                    -3.5758045060893529e-04
86                                    -7.4088568226762797e-04
87                                     2.9251631846327619e-04
88                                    -4.2343262169618201e-04
89                                    -5.1686719857595154e-04
90                                    -6.2063566726122676e-04
91                                     3.6220100689543511e-06
92                                     2.6992532958981102e-04
93                                    -8.7504467371888120e-05
94                                    -8.1803526797341597e-04
95                                     1.1323644356217577e-04
96                                    -2.4293264997596320e-04
97                                    -2.7347656578129154e-05
98                                     3.7802354327604037e-04
99                                     1.4152995524233450e-04
100                                    8.6083460924929467e-04
101                                    2.2695569680038913e-04
$End
$Geometry
   &GeometryIndex 47
   &ListStatus       OUT
   &NATOMS [&Type "Integer"] 34
   &NCORELESSECP [&Type "Integer"] 0
   &NGHOSTATOMS [&Type "Integer"] 0
   &CartesianCoordinates [&Type "Coordinates", &Dim(34,4), &Units "Bohr"] 
              H     -0.919525091338   -9.114247976491   -6.872973131591
              H     -2.723025079346   -6.818504350882   -5.244018686781
              C     -0.813980348106   -7.497642271077   -5.595551176169
              N      0.500907412932   -5.445722514371   -6.936399540403
              H     -2.507820515334   -2.752198812100   -7.323537655293
              H     -0.630983671887   -9.651893583103   -2.188934024715
              H      4.308621227636   -6.858106965776   -7.107385476205
              C     -0.567403408844   -3.277867193467   -7.625800473292
              C      3.025715576476   -5.351739394143   -7.554304356927
              H      1.000576441018    0.962502811138  -11.489947057463
              C      0.466336288212   -8.171833834660   -3.113824532805
              N      1.187690992445   -1.791837139493   -8.646620695485
              C      3.459050542764   -3.062391049012   -8.619998037291
              H     -1.092850037362    1.400044785334   -8.872469872706
              H      2.372301148123   -8.898584073339   -3.413030906406
              C      0.792268142105    0.822778436089   -9.447012439119
              H      5.175348724852   -2.188774996127   -9.260112926148
              H      0.558590704482   -6.528780724979   -1.884972572699
              H      2.169765572832    2.007396815569   -8.484823665964
              F      3.706059302573    3.978335027684    0.404485796410
              O     -4.042136699822    0.459348442542   -4.936564320900
              N      0.139008830869    1.230051080144   -3.050091161698
              F     -4.052474421716    4.228133591531   -0.759847332010
              O      4.530644847789    1.249139692942   -4.517747561745
              S     -2.504898921744   -0.098070418163   -2.742428512115
              C      3.909794251805    1.466967813508    0.401318372908
              F      2.512695420361    0.535263424787    2.281710136593
              S      2.877047922666    0.109958814348   -2.677540760312
              C     -4.008727862561    1.779080572200   -0.171842359873
              F      6.327240505546    0.846135826563    0.799056803337
              F     -6.381669587394    0.973275770288    0.141348529832
              O     -2.484616414760   -2.680037531924   -1.863972671601
              F     -2.759938795633    1.481351398795    1.996980855410
              O      3.017269816101   -2.585972758618   -2.328218878255
$End
$SCF_Energy
   &GeometryIndex 47
   &ListStatus       OUT
   &SCF_ENERGY [&Type "Double"]      -2.1718997474630187e+03
$End
$DFT_Energy
   &GeometryIndex 47
   &ListStatus       OUT
   &NALPHAEL [&Type "Integer"] 99
   &NBETAEL [&Type "Integer"] 99
   &NTOTALEL [&Type "Integer"] 198
   &EEXCHANGE [&Type "Double"]      -1.6627099231666082e+02
   &ECORR [&Type "Double"]      -8.6096796548244807e+00
   &ECNL [&Type "Double"]       0.0000000000000000e+00
   &EXC [&Type "Double"]      -1.7488067197148530e+02
   &EEMBED [&Type "Double"]       0.0000000000000000e+00
   &FINALEN [&Type "Double"]      -2.1718997474630187e+03  "No Van der Waals correction"
$End
$VdW_Correction
   &GeometryIndex 47
   &ListStatus       OUT
   &VDW [&Type "Double"]      -8.3507076601324448e-02
$End
$SCF_Nuc_Gradient
   &GeometryIndex 47
   &ListStatus       OUT
   &NATOMS [&Type "Integer"] 34
   &ROOT [&Type "Integer"] 0
   &GRADNORM [&Type "Double"]       3.3206509026293828e-03
   &GRAD [&Type "ArrayOfDoubles", &Dim (102,1)] 
                                                         0

0                                     -1.4261312519766103e-04
1                                      1.6053916931949019e-04
2                                     -1.1795395253430541e-04
3                                     -2.2721160805927454e-05
4                                     -1.3809983952756816e-04
5                                      2.7173614956719355e-04
6                                      6.9773411323470480e-05
7                                     -5.2378446915772245e-05
8                                     -6.2871161244876933e-04
9                                      7.1492084783209009e-04
10                                     1.3084642619842768e-05
11                                     9.2406767934104239e-04
12                                    -1.7095658518079260e-04
13                                    -2.5297475733808417e-04
14                                    -1.4453396696522194e-04
15                                     8.6223123988649064e-05
16                                    -9.7315790288349246e-05
17                                     8.7201489377131125e-06
18                                    -1.6982669383908133e-05
19                                     4.3019987395670478e-05
20                                     1.7015064542728886e-04
21                                    -1.7900856693936484e-04
22                                     3.1322659294324984e-04
23                                    -4.2933605419548382e-04
24                                    -5.3796740870929588e-04
25                                    -6.5420213805483796e-06
26                                    -2.8471480085900253e-04
27                                    -2.7971595626802986e-05
28                                    -2.6334920879011320e-05
29                                     1.2801285531605089e-08
30                                     1.2093044838537223e-04
31                                     6.1241453800818003e-04
32                                     4.7649874450060581e-04
33                                    -9.3753235907318225e-05
34                                     2.1721773782568121e-04
35                                    -5.5128980849745990e-04
36                                     7.0886988854097777e-04
37                                    -7.9388677358950555e-04
38                                     4.2866827073805014e-04
39                                    -1.4423824742371139e-06
40                                     9.9138033641234247e-05
41                                     8.2083031837286435e-05
42                                    -8.4947763820397704e-05
43                                    -1.2937167456852916e-04
44                                    -1.6852857496254051e-04
45                                    -1.5704644481144732e-05
46                                    -2.5507121032990535e-04
47                                    -7.0730254584329064e-05
48                                    -2.8506015122517492e-04
49                                     4.6610351394131555e-04
50                                    -1.9113200827186594e-04
51                                    -2.4597123844091393e-04
52                                    -2.7710025077218314e-04
53                                    -7.5739886502571019e-05
54                                    -1.7397787795248032e-05
55                                     2.3764126464512203e-04
56                                     9.4717399780369638e-05
57                                     1.1278579628044502e-04
58                                    -2.1628297277870301e-04
59                                     2.7348528255566676e-04
60                                    -2.2021286462528544e-04
61                                     4.3170446537621476e-04
62                                    -1.7802734511507268e-04
63                                     1.2960400464256429e-04
64                                    -6.5155576676817484e-04
65                                     4.1809281669782927e-04
66                                    -8.9329494641729457e-05
67                                     1.2794137502969427e-04
68                                    -3.4269587689955694e-05
69                                    -4.8882330609317792e-04
70                                    -3.8613054081199083e-04
71                                     1.7724016404280230e-04
72                                     3.9168757892800443e-04
73                                     6.2726955918115945e-04
74                                     1.9772376105035849e-04
75                                    -6.2335019596717473e-04
76                                     2.6607571664173657e-04
77                                     2.6917376525792402e-04
78                                    -9.6541544146844238e-05
79                                     2.1021714410193737e-04
80                                    -1.7640199314422622e-04
81                                     5.1449753707497742e-04
82                                     3.2566896336419515e-05
83                                    -7.4627533752348596e-04
84                                     5.0697401512006524e-05
85                                    -1.3022639773976885e-04
86                                    -5.3249291160671619e-04
87                                     3.0263820822973297e-04
88                                    -1.9870395765764215e-04
89                                    -3.8490708280779912e-04
90                                    -1.4745071490668282e-04
91                                     2.6899399362373400e-05
92                                     3.7554487468845210e-05
93                                     2.5983755208129936e-04
94                                    -7.4593926788535381e-04
95                                     3.8870280641542521e-04
96                                    -6.8991354146452633e-05
97                                    -4.5508953621042902e-05
98                                     2.5721294683950235e-04
99                                     1.1473202400844387e-04
100                                    5.1836351615175413e-04
101                                    2.3920428311401121e-04
$End
$Geometry
   &GeometryIndex 48
   &ListStatus       OUT
   &NATOMS [&Type "Integer"] 34
   &NCORELESSECP [&Type "Integer"] 0
   &NGHOSTATOMS [&Type "Integer"] 0
   &CartesianCoordinates [&Type "Coordinates", &Dim(34,4), &Units "Bohr"] 
              H     -0.924977690098   -9.125120849713   -6.861849827195
              H     -2.719494987651   -6.820978895209   -5.233941994105
              C     -0.812951724969   -7.504279422964   -5.590432566045
              N      0.498220857411   -5.457705768814   -6.945024831208
              H     -2.506027944995   -2.755719191728   -7.309209735684
              H     -0.608559535176   -9.652735290552   -2.181262466038
              H      4.302691643038   -6.878559257093   -7.141383271223
              C     -0.567587799171   -3.284246587617   -7.620369943128
              C      3.021112419397   -5.366559344190   -7.572929522211
              H      1.018310030905    0.966054331945  -11.482894140989
              C      0.478834098820   -8.170365358227   -3.114067866613
              N      1.185411017662   -1.799527686797   -8.647067154207
              C      3.453365223630   -3.076687626211   -8.635645881941
              H     -1.086540658241    1.398219321718   -8.873900781572
              H      2.386598189080   -8.890001970101   -3.419765781760
              C      0.799808601186    0.818804541860   -9.441575333886
              H      5.171137410872   -2.210285492245   -9.281741115083
              H      0.570624073633   -6.526434766962   -1.886767452229
              H      2.178059423178    1.993831820497   -8.468409573296
              F      3.629177896295    3.951276048452    0.465727734562
              O     -4.045135797589    0.451158324744   -4.938484416244
              N      0.135354524382    1.245424665745   -3.061179299555
              F     -4.062203850665    4.249971744610   -0.778461755570
              O      4.531058546778    1.299663159347   -4.502731484409
              S     -2.506255756743   -0.083452799974   -2.741363243199
              C      3.888931609066    1.444809510840    0.415035092311
              F      2.518716816074    0.447266818233    2.282087478788
              S      2.873628915899    0.128949532675   -2.686327368174
              C     -4.004278608008    1.805291702445   -0.175565338104
              F      6.319937201959    0.869646153341    0.797226615858
              F     -6.369627022505    0.989054236670    0.158321684188
              O     -2.480618903545   -2.656285649631   -1.839177844417
              F     -2.737213411081    1.527488603478    1.984904676988
              O      3.017378006911   -2.572405842834   -2.376843586089
$End
$SCF_Energy
   &GeometryIndex 48
   &ListStatus       OUT
   &SCF_ENERGY [&Type "Double"]      -2.1718998263381800e+03
$End
$DFT_Energy
   &GeometryIndex 48
   &ListStatus       OUT
   &NALPHAEL [&Type "Integer"] 99
   &NBETAEL [&Type "Integer"] 99
   &NTOTALEL [&Type "Integer"] 197
   &EEXCHANGE [&Type "Double"]      -1.6627199716963898e+02
   &ECORR [&Type "Double"]      -8.6096923140247483e+00
   &ECNL [&Type "Double"]       0.0000000000000000e+00
   &EXC [&Type "Double"]      -1.7488168948366373e+02
   &EEMBED [&Type "Double"]       0.0000000000000000e+00
   &FINALEN [&Type "Double"]      -2.1718998263381800e+03  "No Van der Waals correction"
$End
$VdW_Correction
   &GeometryIndex 48
   &ListStatus       OUT
   &VDW [&Type "Double"]      -8.3467556362435968e-02
$End
$SCF_Nuc_Gradient
   &GeometryIndex 48
   &ListStatus       OUT
   &NATOMS [&Type "Integer"] 34
   &ROOT [&Type "Integer"] 0
   &GRADNORM [&Type "Double"]       2.9383122060890102e-03
   &GRAD [&Type "ArrayOfDoubles", &Dim (102,1)] 
                                                         0

0                                     -8.5946847152037695e-05
1                                      1.6008729661887156e-04
2                                     -1.1045516338893668e-04
3                                      5.0824223363055143e-05
4                                     -5.1509666354448980e-05
5                                      2.1707535011117329e-04
6                                     -2.2028343947148865e-05
7                                     -2.4303562557783862e-04
8                                     -9.0294109093537467e-05
9                                      5.5342147339719483e-04
10                                    -1.1799322521660605e-04
11                                     4.0460253160219672e-04
12                                    -2.3471997234286723e-04
13                                    -2.8793815443579202e-04
14                                    -2.0763799722168033e-04
15                                     1.2364751959570430e-04
16                                    -4.5027343288817079e-05
17                                     7.1093311782247093e-05
18                                     1.0792551701360731e-05
19                                     2.7622350720152289e-05
20                                     6.4962415390119876e-05
21                                    -3.4148071822920345e-05
22                                     1.6831900325997573e-04
23                                    -9.7583699736121521e-05
24                                    -1.1927423047045083e-04
25                                     4.6770398712378536e-04
26                                    -1.5567734539830708e-04
27                                    -4.0172666621977882e-06
28                                     1.3472360862797073e-04
29                                    -2.1942433752752954e-06
30                                    -3.5780107977438635e-05
31                                     7.0812513538290149e-04
32                                     9.7476446947325490e-05
33                                    -5.3555090751806513e-04
34                                     3.4743288344984968e-04
35                                    -3.5756185179124794e-04
36                                     4.0020070585425338e-04
37                                    -8.9416799755883541e-04
38                                     3.4206440470337107e-04
39                                    -1.0284209848498982e-05
40                                    -2.2271314946017973e-05
41                                     4.3884226279433669e-05
42                                    -2.4801301189675273e-05
43                                    -1.0547283705683586e-04
44                                    -1.6070222346462396e-04
45                                     6.0821975535872534e-05
46                                    -1.2483851940998589e-04
47                                    -3.0787048419825269e-04
48                                    -1.5348479306359630e-04
49                                     2.2174735639501897e-04
50                                    -8.3053410139546924e-05
51                                    -2.6261895688952340e-04
52                                    -4.5175369513558716e-04
53                                    -8.8601179518019157e-05
54                                     1.5317042899637423e-04
55                                     4.2123012670119975e-05
56                                     1.4517951369630300e-04
57                                    -5.6945735200208958e-05
58                                     2.5513650727282400e-05
59                                     2.0851468642374936e-04
60                                     3.1090942292888446e-04
61                                     1.6968326577757042e-05
62                                     2.2120498763150698e-04
63                                     2.7858470858811105e-04
64                                    -8.9128427186518921e-04
65                                     4.3337500994523881e-04
66                                     1.3243857015435984e-04
67                                    -1.1938870149141856e-04
68                                     4.2580016066898208e-05
69                                    -6.2952627954837581e-04
70                                    -2.2787555324618736e-04
71                                     2.3244243832160061e-04
72                                    -3.3878966015175177e-05
73                                     9.1049276783164435e-04
74                                    -6.5201055126300200e-04
75                                    -5.1361461058165025e-04
76                                     3.8355355366018196e-06
77                                    -2.4497535313108831e-04
78                                    -1.8575582774266186e-05
79                                     1.4434552928824229e-04
80                                     2.1158187710978993e-05
81                                     5.0110941377929513e-04
82                                     4.5612901987707177e-04
83                                    -3.8512402306348226e-04
84                                    -4.7744959986477375e-04
85                                    -1.5494472124885639e-04
86                                     5.5675569594043628e-05
87                                     2.8609272548490994e-04
88                                    -1.9031497086635651e-04
89                                    -1.9838966900414395e-04
90                                     2.0877538932950745e-04
91                                    -2.3246499432111323e-05
92                                    -7.9724185641026624e-05
93                                     2.4555085767361700e-04
94                                     1.5250218561912998e-05
95                                     4.5914654002274236e-04
96                                    -5.0429069684582162e-05
97                                     6.7047228741179410e-09
98                                    -1.6444527195125236e-05
99                                    -1.3265144799583933e-05
100                                    1.0063672715626693e-04
101                                    1.7786437424358037e-04
$End
$Geometry
   &GeometryIndex 49
   &ListStatus       OUT
   &NATOMS [&Type "Integer"] 34
   &NCORELESSECP [&Type "Integer"] 0
   &NGHOSTATOMS [&Type "Integer"] 0
   &CartesianCoordinates [&Type "Coordinates", &Dim(34,4), &Units "Bohr"] 
              H     -0.913614192593   -9.143333711698   -6.857043507013
              H     -2.720251339039   -6.835228888802   -5.247464875311
              C     -0.810600662901   -7.514640468237   -5.594736138969
              N      0.495626535606   -5.470096963969   -6.958347387672
              H     -2.504604055014   -2.757375847519   -7.299903816674
              H     -0.597429206124   -9.650805633772   -2.177891887262
              H      4.297830969370   -6.896379649061   -7.179333914087
              C     -0.567762837139   -3.290145203040   -7.614769164927
              C      3.017372946274   -5.378457686116   -7.593244582841
              H      1.008775810732    0.970875854383  -11.466503215836
              C      0.481456512406   -8.164802922130   -3.114784205111
              N      1.183659779926   -1.802266747108   -8.638451790794
              C      3.449190239002   -3.082154376036   -8.643295979765
              H     -1.090042762845    1.394496620812   -8.851231113509
              H      2.394875348723   -8.871857577484   -3.414251904802
              C      0.795274662260    0.818231545881   -9.425033900345
              H      5.168815828084   -2.219523462333   -9.289662776453
              H      0.562640144194   -6.515638147159   -1.892412137509
              H      2.175018240634    1.990713845831   -8.451874237998
              F      3.584342377429    3.932103730632    0.506637717995
              O     -4.044056343030    0.425283468007   -4.940410286825
              N      0.134706627091    1.250393979392   -3.067162981498
              F     -4.068512202957    4.266307011648   -0.823605041537
              O      4.538779547802    1.334705526899   -4.487825438312
              S     -2.503053961832   -0.086027548883   -2.738099264880
              C      3.874613866368    1.428783385876    0.427910377923
              F      2.512585734665    0.391468517154    2.279618417964
              S      2.876275299814    0.139705130156   -2.691027107525
              C     -3.993432921215    1.830445798475   -0.188158589751
              F      6.310575090602    0.881058021322    0.813200153565
              F     -6.351699302280    1.006866786483    0.174034986341
              O     -2.469453994789   -2.650107183726   -1.814552084051
              F     -2.707903262596    1.588020307799    1.965362550245
              O      3.026884299114   -2.565058797942   -2.410757164253
$End
$SCF_Energy
   &GeometryIndex 49
   &ListStatus       OUT
   &SCF_ENERGY [&Type "Double"]      -2.1718998291743242e+03
$End
$DFT_Energy
   &GeometryIndex 49
   &ListStatus       OUT
   &NALPHAEL [&Type "Integer"] 99
   &NBETAEL [&Type "Integer"] 99
   &NTOTALEL [&Type "Integer"] 197
   &EEXCHANGE [&Type "Double"]      -1.6627131550503358e+02
   &ECORR [&Type "Double"]      -8.6096793498799755e+00
   &ECNL [&Type "Double"]       0.0000000000000000e+00
   &EXC [&Type "Double"]      -1.7488099485491355e+02
   &EEMBED [&Type "Double"]       0.0000000000000000e+00
   &FINALEN [&Type "Double"]      -2.1718998291743242e+03  "No Van der Waals correction"
$End
$VdW_Correction
   &GeometryIndex 49
   &ListStatus       OUT
   &VDW [&Type "Double"]      -8.3490255017677373e-02
$End
$SCF_Nuc_Gradient
   &GeometryIndex 49
   &ListStatus       OUT
   &NATOMS [&Type "Integer"] 34
   &ROOT [&Type "Integer"] 0
   &GRADNORM [&Type "Double"]       2.0659862730475816e-03
   &GRAD [&Type "ArrayOfDoubles", &Dim (102,1)] 
                                                         0

0                                      8.5311926906663643e-06
1                                      4.0123128196040136e-05
2                                     -2.7739507552373976e-05
3                                      7.2534998322548727e-05
4                                      9.8631372315402532e-05
5                                      6.8385694646677653e-05
6                                     -2.1118415312239985e-04
7                                     -1.3470933678260896e-04
8                                      3.7136135223770489e-04
9                                      2.3149345957193534e-04
10                                    -3.5501327496523238e-05
11                                    -8.2123929924099448e-05
12                                    -2.6387991454912552e-04
13                                    -8.3573182972224158e-05
14                                    -4.0415530708804923e-04
15                                     1.4648669594086172e-04
16                                    -5.4007085717566738e-05
17                                     7.7403525128375006e-05
18                                     2.5175966443496955e-05
19                                     1.4168275094844640e-05
20                                    -4.1277798360030149e-05
21                                     2.2712765636229149e-04
22                                     2.6263431348975963e-05
23                                     2.7653052767918559e-04
24                                     1.2595806897547357e-04
25                                     3.3633322704573754e-04
26                                     9.1243508958047115e-06
27                                    -1.5772069786815918e-05
28                                     1.4700880105028222e-04
29                                    -1.2251855070116724e-05
30                                    -8.9376535584970856e-05
31                                     2.7783339700863160e-04
32                                    -3.4648614460310034e-04
33                                    -6.2604038004630477e-04
34                                     6.6093300646163922e-05
35                                    -7.0265749516400244e-05
36                                     7.9785139333418686e-05
37                                    -2.5593443343628619e-04
38                                     1.2197632616767207e-04
39                                    -2.6397485446416624e-06
40                                    -7.4765123238278164e-05
41                                     5.3207145908909514e-05
42                                     1.8825915256759362e-05
43                                    -4.0392383961612710e-05
44                                    -2.9525336502765620e-05
45                                     8.4990842109745716e-05
46                                    -2.9048410250330503e-05
47                                    -2.7218448005790485e-04
48                                     1.6896877317595926e-06
49                                    -2.7307043878613269e-05
50                                     1.2245163330412701e-05
51                                    -1.8828270252981786e-04
52                                    -2.2697213950018114e-04
53                                     2.6581081169207987e-05
54                                     5.8154939234417169e-05
55                                    -9.8107366521729689e-05
56                                     1.1252037022967121e-04
57                                     5.2150213923945338e-05
58                                     3.2746637376074306e-04
59                                     1.6956518817204738e-04
60                                     2.4292270474945976e-04
61                                     4.1716058116481047e-06
62                                    -2.7261002212786156e-04
63                                    -1.7255761429213912e-04
64                                    -5.2146885435871981e-04
65                                     6.2706267270727645e-04
66                                     1.0678166986563369e-04
67                                    -4.2558405228265705e-05
68                                     6.5886605944046051e-05
69                                    -1.2907972480297181e-04
70                                    -1.2418308113881782e-05
71                                     3.2645910497453023e-05
72                                    -3.5711062853567566e-04
73                                    -1.8994205188721525e-05
74                                    -2.3252879470078702e-04
75                                    -3.0240164109366502e-04
76                                    -2.4043719234609351e-04
77                                    -5.3748897361347026e-04
78                                     6.8882994484736892e-05
79                                    -2.6314271781846532e-06
80                                     2.6830859171350641e-05
81                                     1.9689847905438734e-04
82                                     3.2196208648160862e-04
83                                    -4.2313565562487887e-05
84                                    -3.2187507176385799e-04
85                                     5.3003755452377121e-05
86                                     2.1975626631338951e-04
87                                     6.7713320649864794e-05
88                                     3.7561323450369111e-05
89                                     1.1539220921646942e-04
90                                     4.0693735661784247e-04
91                                     2.0994711282806833e-06
92                                    -1.7921374889170311e-04
93                                     3.8665509603225644e-04
94                                     3.7491260871569398e-04
95                                     1.8262042822073110e-04
96                                     1.4640328632103961e-05
97                                    -3.1848583737312947e-05
98                                    -1.0867620866533700e-04
99                                     5.5863454808284529e-05
100                                   -1.9695733791935677e-04
101                                    8.9745777417736539e-05
$End
$Geometry
   &GeometryIndex 50
   &ListStatus       OUT
   &NATOMS [&Type "Integer"] 34
   &NCORELESSECP [&Type "Integer"] 0
   &NGHOSTATOMS [&Type "Integer"] 0
   &CartesianCoordinates [&Type "Coordinates", &Dim(34,4), &Units "Bohr"] 
              H     -0.909101205409   -9.146636686766   -6.848510667759
              H     -2.714852643154   -6.835579851978   -5.242441594797
              C     -0.805203473037   -7.515221409469   -5.589588080462
              N      0.498096827773   -5.473147708843   -6.959806008274
              H     -2.493570538161   -2.746901005058   -7.276621593904
              H     -0.580776073038   -9.651859819812   -2.174003629245
              H      4.293297885967   -6.914225977911   -7.210446884914
              C     -0.561113725395   -3.287980431760   -7.605447121117
              C      3.016504265385   -5.389275418926   -7.609635997429
              H      1.016026264468    0.969565164326  -11.462386090992
              C      0.491321571077   -8.161245558692   -3.111219049169
              N      1.189718284178   -1.804439209136   -8.636182130619
              C      3.450139440462   -3.091530783469   -8.657053415154
              H     -1.082044039528    1.394375418014   -8.847449798298
              H      2.408112870209   -8.858478902303   -3.411483385799
              C      0.803083027441    0.817314854957   -9.420846628114
              H      5.170632675275   -2.236984426053   -9.312006744406
              H      0.567036945313   -6.511102539108   -1.889323062135
              H      2.183740931315    1.988508114795   -8.448226348423
              F      3.563458973396    3.910187239915    0.532839386624
              O     -4.054182860166    0.420180421044   -4.937243847903
              N      0.126262631079    1.259866188433   -3.076936832536
              F     -4.095116718765    4.277248926993   -0.841055534931
              O      4.535142948183    1.360743327914   -4.481405970443
              S     -2.510242046077   -0.078423473026   -2.735025658595
              C      3.862862144569    1.408473923594    0.433384058385
              F      2.503020753379    0.349974454790    2.274851112404
              S      2.867866193392    0.147859535734   -2.700426053188
              C     -3.996464988726    1.846775698947   -0.188536607272
              F      6.299651425220    0.865781601437    0.816504657018
              F     -6.346253196797    1.008800471040    0.198527094358
              O     -2.475477639591   -2.636977264795   -1.797124878178
              F     -2.692420743386    1.629771069433    1.956528518717
              O      3.017726648886   -2.559857228524   -2.447271504928
$End
$SCF_Energy
   &GeometryIndex 50
   &ListStatus       OUT
   &SCF_ENERGY [&Type "Double"]      -2.1718998484673602e+03
$End
$DFT_Energy
   &GeometryIndex 50
   &ListStatus       OUT
   &NALPHAEL [&Type "Integer"] 99
   &NBETAEL [&Type "Integer"] 99
   &NTOTALEL [&Type "Integer"] 197
   &EEXCHANGE [&Type "Double"]      -1.6627079638886397e+02
   &ECORR [&Type "Double"]      -8.6096432736502777e+00
   &ECNL [&Type "Double"]       0.0000000000000000e+00
   &EXC [&Type "Double"]      -1.7488043966251425e+02
   &EEMBED [&Type "Double"]       0.0000000000000000e+00
   &FINALEN [&Type "Double"]      -2.1718998484673602e+03  "No Van der Waals correction"
$End
$VdW_Correction
   &GeometryIndex 50
   &ListStatus       OUT
   &VDW [&Type "Double"]      -8.3489728122029094e-02
$End
$SCF_Nuc_Gradient
   &GeometryIndex 50
   &ListStatus       OUT
   &NATOMS [&Type "Integer"] 34
   &ROOT [&Type "Integer"] 0
   &GRADNORM [&Type "Double"]       2.1101210978480894e-03
   &GRAD [&Type "ArrayOfDoubles", &Dim (102,1)] 
                                                         0

0                                      3.9622190106195984e-05
1                                     -2.0136117998004188e-05
2                                     -8.7120334152368528e-06
3                                      6.4897766922561440e-05
4                                      1.6850847608306657e-04
5                                     -3.3927933324906512e-05
6                                     -1.8952524987388142e-04
7                                     -8.5437805319041327e-05
8                                      6.7120806694554586e-04
9                                      1.6198640468294973e-05
10                                     2.1635677467796155e-05
11                                    -4.7366954167252229e-05
12                                    -2.6286350045184870e-04
13                                    -7.3178912414345598e-06
14                                    -3.1961657870992199e-04
15                                     1.3466389444090343e-04
16                                    -5.6407309975969877e-05
17                                     4.2052697311584231e-05
18                                     2.1271534083183719e-05
19                                    -5.6790180725241335e-06
20                                    -1.1277885579628194e-04
21                                     2.2808937810156471e-04
22                                     9.2710168133527254e-05
23                                     1.4163306165051667e-04
24                                     3.0679170789454924e-04
25                                     1.1978295206915845e-04
26                                     9.0630212010105182e-05
27                                    -1.7777189950256983e-05
28                                     1.1402553287085879e-04
29                                    -8.4532089777988872e-07
30                                    -6.5829316670939358e-05
31                                    -4.7744878235179630e-05
32                                    -5.1576026422023302e-04
33                                    -4.2730413435518311e-04
34                                    -2.3353324592775837e-04
35                                     5.2509205967790629e-05
36                                    -1.9348379520418846e-04
37                                     2.6647046408618397e-04
38                                    -1.5422091162883844e-05
39                                    -5.1079808755793987e-06
40                                    -8.1948564403890034e-05
41                                     1.3445193279872092e-05
42                                     3.9223052363729360e-05
43                                     3.9763574038759186e-05
44                                     4.0917167937273152e-05
45                                     1.0418573065574654e-04
46                                     1.3872685926683698e-04
47                                    -1.4217637849504687e-04
48                                     1.0092109955822659e-04
49                                    -1.7968971749127149e-04
50                                     8.6513248734890191e-05
51                                    -1.4955972761630017e-04
52                                    -1.0626156106649520e-04
53                                     7.4517798856893469e-06
54                                    -1.1488833561695833e-05
55                                    -1.7741690139025379e-04
56                                     4.0884923611539392e-05
57                                    -1.7013174775752649e-06
58                                     4.1157145385489757e-04
59                                     5.9696856354225086e-05
60                                     5.9954270388626330e-04
61                                    -1.6153790614516217e-04
62                                     8.3865466051658011e-05
63                                    -1.9349463826815903e-04
64                                    -3.4856114030332175e-04
65                                     4.1215536181576917e-04
66                                     4.5197472670909650e-05
67                                    -7.6864890126537855e-05
68                                     8.9217035344063556e-05
69                                     1.6910091047783737e-04
70                                     1.5706848618118885e-04
71                                    -1.0377012140433406e-04
72                                    -4.4816603485261022e-04
73                                    -4.6476823655189348e-05
74                                    -7.1412629715171538e-04
75                                     1.0116883392532333e-04
76                                    -3.2333008601399815e-04
77                                    -3.3987404920257647e-04
78                                     8.5599492335886040e-05
79                                    -1.1225276811549501e-05
80                                     4.9448722041517401e-05
81                                    -2.6542879096482647e-04
82                                     1.9484426191694604e-04
83                                     3.3669694276539097e-06
84                                    -1.1983489952936688e-04
85                                     1.4755729123488992e-05
86                                     2.2973440616289031e-04
87                                    -5.1408349621917537e-05
88                                     9.8066271858779364e-05
89                                     2.2254772875319323e-04
90                                     1.5442022558481705e-04
91                                    -3.0431546180612057e-05
92                                    -6.1724780763244835e-05
93                                     1.1368075723465097e-04
94                                     5.5858398230390627e-04
95                                     2.2450747032257135e-04
96                                     2.9591375981130597e-05
97                                    -5.8469594704381456e-05
98                                    -9.6475461574985211e-05
99                                     4.8806996935071151e-05
100                                   -3.3804359189143485e-04
101                                   -4.9208474435000205e-05
$End
$Geometry
   &GeometryIndex 51
   &ListStatus       OUT
   &NATOMS [&Type "Integer"] 34
   &NCORELESSECP [&Type "Integer"] 0
   &NGHOSTATOMS [&Type "Integer"] 0
   &CartesianCoordinates [&Type "Coordinates", &Dim(34,4), &Units "Bohr"] 
              H     -0.886608494148   -9.156412190982   -6.845557789293
              H     -2.709617734043   -6.850094216097   -5.254400834134
              C     -0.794716271606   -7.519774909787   -5.592410137225
              N      0.502150895641   -5.476970154161   -6.966296614772
              H     -2.482918349854   -2.739269616215   -7.255513479571
              H     -0.569351393204   -9.645622488586   -2.169914160611
              H      4.291085341688   -6.928573671414   -7.244315601694
              C     -0.554381152651   -3.286381383108   -7.597602303240
              C      3.016861910728   -5.398007939161   -7.630241819122
              H      1.016882361359    0.968951913944  -11.458270686677
              C      0.498383558924   -8.152147513647   -3.107445989397
              N      1.194910125645   -1.804721129789   -8.634142265341
              C      3.450723358580   -3.097899844313   -8.673933623757
              H     -1.079559142965    1.393368792431   -8.842693542549
              H      2.419961010453   -8.838938054088   -3.400291065165
              C      0.805894042331    0.817789527916   -9.416434285228
              H      5.170055582307   -2.248233174768   -9.338462690517
              H      0.562553139033   -6.498176684035   -1.889210482493
              H      2.185701341347    1.990807313474   -8.445199200513
              F      3.551553885541    3.891340042301    0.548743410850
              O     -4.067188715676    0.410272312141   -4.926760952398
              N      0.119627081247    1.263107966917   -3.086186221394
              F     -4.111967231490    4.289788379321   -0.864686143368
              O      4.534373026713    1.366348045724   -4.472293111598
              S     -2.516147413469   -0.075848267623   -2.726666041615
              C      3.851753025623    1.390635053731    0.440916789538
              F      2.488561020662    0.324374149306    2.275551696163
              S      2.859814536900    0.146562333133   -2.702560071964
              C     -3.995937059496    1.866139814549   -0.188584258088
              F      6.287380991878    0.845856843412    0.824756128950
              F     -6.340145658534    1.021745558692    0.222755138089
              O     -2.480057758025   -2.629251892502   -1.774904087447
              F     -2.677398974348    1.677120757218    1.950234364387
              O      3.004651928645   -2.562326958196   -2.463050360289
$End
$SCF_Energy
   &GeometryIndex 51
   &ListStatus       OUT
   &SCF_ENERGY [&Type "Double"]      -2.1718998860649076e+03
$End
$DFT_Energy
   &GeometryIndex 51
   &ListStatus       OUT
   &NALPHAEL [&Type "Integer"] 99
   &NBETAEL [&Type "Integer"] 99
   &NTOTALEL [&Type "Integer"] 197
   &EEXCHANGE [&Type "Double"]      -1.6626965878705425e+02
   &ECORR [&Type "Double"]      -8.6095484781922949e+00
   &ECNL [&Type "Double"]       0.0000000000000000e+00
   &EXC [&Type "Double"]      -1.7487920726524655e+02
   &EEMBED [&Type "Double"]       0.0000000000000000e+00
   &FINALEN [&Type "Double"]      -2.1718998860649076e+03  "No Van der Waals correction"
$End
$VdW_Correction
   &GeometryIndex 51
   &ListStatus       OUT
   &VDW [&Type "Double"]      -8.3472769768454719e-02
$End
$SCF_Nuc_Gradient
   &GeometryIndex 51
   &ListStatus       OUT
   &NATOMS [&Type "Integer"] 34
   &ROOT [&Type "Integer"] 0
   &GRADNORM [&Type "Double"]       1.9852272064536315e-03
   &GRAD [&Type "ArrayOfDoubles", &Dim (102,1)] 
                                                         0

0                                      2.8383677797005902e-05
1                                     -6.6275485749694996e-05
2                                      1.9727140879249871e-05
3                                      3.2048046393867713e-05
4                                      1.3398771323053227e-04
5                                     -8.9496318360290927e-05
6                                     -1.5135942843799016e-04
7                                      9.0319177658200814e-05
8                                      4.5064426613791037e-04
9                                     -1.4186863710580200e-04
10                                    -5.3558469408354625e-06
11                                    -1.3074690034363401e-04
12                                    -1.8896636641951847e-04
13                                     4.2550252671434696e-05
14                                    -3.0759038196052219e-04
15                                     9.8687003286232478e-05
16                                    -1.8005243871549448e-05
17                                     2.1696295056689019e-05
18                                     1.5309489947101795e-05
19                                     2.1461885972295924e-06
20                                    -1.0457607642535421e-04
21                                     1.2155318508597079e-04
22                                     5.5169838299451435e-05
23                                     1.7349730488384549e-04
24                                     2.5817511688874806e-04
25                                    -1.2075280699799795e-04
26                                     2.5319660388279167e-04
27                                    -3.2057011305944294e-05
28                                     1.7468349488024976e-05
29                                    -7.7315123999666113e-06
30                                     1.0062773222363139e-04
31                                    -3.3416229179882451e-04
32                                    -4.5439572098641967e-04
33                                    -4.8936915012804533e-06
34                                    -3.9416002314349163e-04
35                                     1.4369362819311587e-04
36                                    -3.8461512496862360e-04
37                                     5.8623772451487505e-04
38                                    -2.6355304753050701e-04
39                                    -9.6748977184979434e-06
40                                    -3.6327983926963403e-05
41                                    -2.7949171990115929e-05
42                                     3.2622255922709620e-05
43                                     8.9147255915744683e-05
44                                     7.8960379249089913e-05
45                                     5.8420108714650996e-05
46                                     2.6932650318860218e-04
47                                    -2.4998124721989715e-05
48                                     1.5233475780621064e-04
49                                    -2.3432815661332540e-04
50                                     9.6689449012948847e-05
51                                    -7.9783657304146813e-05
52                                     6.5265258258728753e-05
53                                     1.4774432687045258e-04
54                                    -8.5520830368557288e-05
55                                    -1.5193811224745168e-04
56                                     3.6257186600135993e-06
57                                    -5.4097486593608635e-05
58                                     1.2425468089860559e-04
59                                    -1.1427925428499422e-04
60                                     5.1665374763704142e-04
61                                    -1.6661323154591734e-04
62                                     1.7469696772848264e-04
63                                    -2.2212019799823382e-04
64                                     2.2069899711596452e-05
65                                     1.8167771363049312e-04
66                                    -9.3750424326497633e-05
67                                     6.7743915308782210e-05
68                                     5.1757681495859242e-05
69                                     3.7144268551936310e-04
70                                     2.1566378098381023e-04
71                                    -1.3208792026386806e-04
72                                    -1.3937617171973921e-04
73                                    -1.3360032697110058e-04
74                                    -6.1054455046713474e-04
75                                     4.9558242438803302e-04
76                                    -8.6158300357866424e-06
77                                     3.7952101488658574e-05
78                                    -1.7543771822448040e-05
79                                    -2.7693284576052468e-05
80                                     8.5072984395445639e-05
81                                    -5.2029368681652532e-04
82                                    -2.2561280461950994e-04
83                                    -3.9647713620388769e-05
84                                     2.1904247339329941e-04
85                                    -1.0466851496793161e-04
86                                     1.1025286782273547e-04
87                                    -1.2338995958083299e-04
88                                     9.5857126904345946e-05
89                                     1.8632470254645317e-04
90                                    -1.6425234769135155e-04
91                                     9.3946226430996482e-06
92                                     4.7483346884723276e-05
93                                    -1.0211434499089777e-04
94                                     3.3824645415747590e-04
95                                     1.4676728991702692e-04
96                                     3.4381431308239119e-05
97                                    -9.1511737605735888e-05
98                                    -3.5800669132113327e-05
99                                    -1.9586078687860303e-05
100                                   -1.0522704275250927e-04
101                                   -6.8063410085698189e-05
$End
$Geometry
   &GeometryIndex 52
   &ListStatus       OUT
   &NATOMS [&Type "Integer"] 34
   &NCORELESSECP [&Type "Integer"] 0
   &NGHOSTATOMS [&Type "Integer"] 0
   &CartesianCoordinates [&Type "Coordinates", &Dim(34,4), &Units "Bohr"] 
              H     -0.826978316642   -9.179525501516   -6.834838705729
              H     -2.690622906025   -6.885709320941   -5.278569211852
              C     -0.763557518140   -7.532087632331   -5.594199835488
              N      0.519181742724   -5.487393227478   -6.976405739964
              H     -2.454383870172   -2.729869969032   -7.192136376466
              H     -0.538225091973   -9.640163199730   -2.160886262951
              H      4.293355332172   -6.958976379627   -7.326280214443
              C     -0.535194245181   -3.285852898357   -7.572987454926
              C      3.022556728542   -5.417615545969   -7.680034831281
              H      0.993931910948    0.966560294385  -11.447733000705
              C      0.515341952948   -8.132646483336   -3.091996919066
              N      1.205300017190   -1.806466417856   -8.627544699417
              C      3.452244715840   -3.111375752518   -8.714677508900
              H     -1.071764993284    1.392944404799   -8.809041385978
              H      2.451163307026   -8.786729209247   -3.364048296524
              C      0.807371864243    0.817626257013   -9.403330809929
              H      5.164824234528   -2.268892826836   -9.405822376601
              H      0.541303129715   -6.473318494444   -1.879318928613
              H      2.197838652626    1.991306863903   -8.448691434417
              F      3.498252116741    3.801945394048    0.654851953210
              O     -4.094473038893    0.353899145042   -4.897002527323
              N      0.099537589096    1.278255679582   -3.102853956491
              F     -4.175357633305    4.333519641068   -0.976139587613
              O      4.521415340949    1.441443112038   -4.449732024788
              S     -2.527655310994   -0.070312339352   -2.694014406039
              C      3.822347071442    1.309829675625    0.463412922609
              F      2.466284749684    0.168389983366    2.257728577305
              S      2.843262760906    0.164573166735   -2.724783151637
              C     -4.001338117720    1.941148377178   -0.206508669010
              F      6.261848751356    0.774243617106    0.830226032086
              F     -6.323874472415    1.072795439192    0.278024397960
              O     -2.475915612840   -2.598567608910   -1.678815165273
              F     -2.645674520186    1.862124215758    1.916040732919
              O      2.994536494835   -2.549543743622   -2.566961426144
$End
$SCF_Energy
   &GeometryIndex 52
   &ListStatus       OUT
   &SCF_ENERGY [&Type "Double"]      -2.1718999409258818e+03
$End
$DFT_Energy
   &GeometryIndex 52
   &ListStatus       OUT
   &NALPHAEL [&Type "Integer"] 98
   &NBETAEL [&Type "Integer"] 98
   &NTOTALEL [&Type "Integer"] 197
   &EEXCHANGE [&Type "Double"]      -1.6626805628656703e+02
   &ECORR [&Type "Double"]      -8.6093617535935572e+00
   &ECNL [&Type "Double"]       0.0000000000000000e+00
   &EXC [&Type "Double"]      -1.7487741804016059e+02
   &EEMBED [&Type "Double"]       0.0000000000000000e+00
   &FINALEN [&Type "Double"]      -2.1718999409258818e+03  "No Van der Waals correction"
$End
$VdW_Correction
   &GeometryIndex 52
   &ListStatus       OUT
   &VDW [&Type "Double"]      -8.3439977125278425e-02
$End
$SCF_Nuc_Gradient
   &GeometryIndex 52
   &ListStatus       OUT
   &NATOMS [&Type "Integer"] 34
   &ROOT [&Type "Integer"] 0
   &GRADNORM [&Type "Double"]       3.2674847812507539e-03
   &GRAD [&Type "ArrayOfDoubles", &Dim (102,1)] 
                                                         0

0                                     -2.9129979398591008e-05
1                                     -7.4715759004584381e-05
2                                      1.3120749993003611e-05
3                                     -2.3133896006194421e-05
4                                      7.0392683709383230e-05
5                                     -6.5614138056800664e-05
6                                     -2.4764759421820604e-05
7                                      3.2212109030924779e-04
8                                      1.3372468920017089e-04
9                                     -4.5301420412632853e-05
10                                    -1.4012540944033369e-04
11                                    -1.6348538345622998e-04
12                                    -1.1867399735382422e-04
13                                     1.3053000559822003e-05
14                                    -1.4440490026770836e-04
15                                     3.8384232823263087e-05
16                                    -1.1132994134438468e-05
17                                    -5.1174283474314519e-05
18                                    -4.5106336732381180e-06
19                                     1.5130114176808984e-05
20                                    -6.8040027316466911e-05
21                                    -5.5785061814722647e-05
22                                     2.8179906153259424e-04
23                                     9.6017646433112225e-05
24                                     9.8478965466469726e-05
25                                    -5.7090567119540137e-04
26                                     4.0235240679638989e-04
27                                    -5.1956040631000872e-05
28                                    -1.0051111484664713e-04
29                                    -2.1427151176200976e-05
30                                     2.0686133264024784e-04
31                                    -5.8213857330969947e-04
32                                    -6.0297269594417058e-05
33                                     5.6085584824903945e-04
34                                    -4.8719371320521399e-04
35                                     3.1316481769831650e-04
36                                    -5.3089262030044104e-04
37                                     9.7622730853540174e-04
38                                    -4.5179179979716599e-04
39                                    -3.9176800781470789e-05
40                                     1.8439184472585080e-05
41                                    -7.6426825760630979e-05
42                                    -4.8510093444975588e-07
43                                     1.3893490491851540e-04
44                                     7.9976993585407358e-05
45                                    -1.4274236718668249e-04
46                                     5.2702330381787857e-04
47                                     5.5977103382594609e-05
48                                     2.0225540244767082e-04
49                                    -2.5877811265342943e-04
50                                     1.0945684696672675e-04
51                                     7.1103472358245712e-06
52                                     1.3528951325542105e-04
53                                     2.2098138266325729e-04
54                                    -1.1365685402606185e-04
55                                    -1.9656856491899466e-04
56                                    -1.0703779908680100e-05
57                                    -9.5046042125589147e-05
58                                    -1.3343002052579322e-05
59                                    -2.0717432359143584e-04
60                                     3.6107056227485668e-04
61                                     2.5377209657187483e-05
62                                     4.8620631184492780e-05
63                                    -2.5043241454624551e-04
64                                     6.0229480832366122e-04
65                                    -3.6274220938542490e-04
66                                    -3.1479079793459916e-04
67                                     2.1653413566125046e-04
68                                    -7.3873327932211241e-06
69                                     5.0408323338502203e-04
70                                     2.4870580127517306e-04
71                                    -2.6438777029391680e-04
72                                     2.6219552853778277e-04
73                                    -5.9071075494201986e-04
74                                     8.8737605954319898e-05
75                                     1.0149501008366799e-03
76                                     1.1468520417983602e-04
77                                     7.1278194417090379e-04
78                                     3.3811181863990791e-05
79                                    -7.8784364221762271e-05
80                                    -2.3457163623147315e-05
81                                    -7.6925583761279503e-04
82                                    -1.0539433514894225e-03
83                                     8.8957187413724048e-05
84                                     8.2236107930538926e-04
85                                    -1.1342133829742029e-04
86                                    -2.1892541650996022e-04
87                                    -2.6595950645325050e-04
88                                     1.3086848323366762e-04
89                                     4.5803616869136143e-05
90                                    -6.2299946013250063e-04
91                                     1.3850487185343430e-05
92                                     1.5671161978121628e-04
93                                    -4.3672500017644372e-04
94                                    -4.2656775594673846e-05
95                                    -9.0919654970766928e-05
96                                    -1.4972652537462161e-04
97                                    -3.2084434240864119e-05
98                                     5.5155806836904020e-05
99                                    -2.7272700560177637e-05
100                                    4.9628767130949214e-04
101                                   -3.3318163781411586e-04
$End
$Geometry
   &GeometryIndex 53
   &ListStatus       OUT
   &NATOMS [&Type "Integer"] 34
   &NCORELESSECP [&Type "Integer"] 0
   &NGHOSTATOMS [&Type "Integer"] 0
   &CartesianCoordinates [&Type "Coordinates", &Dim(34,4), &Units "Bohr"] 
              H     -0.795190253213   -9.194600813301   -6.842559663402
              H     -2.687447801045   -6.911833060235   -5.307032144923
              C     -0.752730919799   -7.543082102447   -5.606747016643
              N      0.524789079006   -5.494070590686   -6.986465530022
              H     -2.447072221954   -2.733730210658   -7.177706777799
              H     -0.539565468877   -9.633077297682   -2.161780093173
              H      4.295905973166   -6.967647694962   -7.356073643606
              C     -0.529950860562   -3.289451351823   -7.569386899766
              C      3.025354676006   -5.423580982434   -7.699641083243
              H      1.000413202012    0.972097311211  -11.438519570428
              C      0.513001123553   -8.124895967942   -3.093206280141
              N      1.207216556314   -1.807622797130   -8.626976541588
              C      3.453250283014   -3.113659899404   -8.726301629767
              H     -1.076996136291    1.386454088322   -8.807154485676
              H      2.453309931915   -8.771346328026   -3.351680278517
              C      0.805978367192    0.817650528719   -9.395311418847
              H      5.162651878066   -2.269406586469   -9.423077258845
              H      0.524329955021   -6.460745614573   -1.887888997712
              H      2.188642815428    1.994032240546   -8.431823598465
              F      3.475553391775    3.800452559560    0.650651415242
              O     -4.110737688754    0.340431190375   -4.878729622238
              N      0.097723075600    1.265670180640   -3.119665811812
              F     -4.155110056456    4.347296939787   -0.986774850399
              O      4.524366483433    1.430284752901   -4.445284851979
              S     -2.531122372853   -0.072306755468   -2.682410802914
              C      3.802383873858    1.308673522073    0.465006623327
              F      2.438034972448    0.169079196429    2.254006735586
              S      2.840995748303    0.156213092024   -2.724289772430
              C     -3.986912624596    1.959779985878   -0.201167403082
              F      6.240728303565    0.775614084798    0.844520691850
              F     -6.309743333698    1.102748438540    0.299743158931
              O     -2.477532872909   -2.593263330705   -1.649355992691
              F     -2.621915548461    1.890647134635    1.915796781755
              O      2.994281285532   -2.557245146758   -2.557783678063
$End
$SCF_Energy
   &GeometryIndex 53
   &ListStatus       OUT
   &SCF_ENERGY [&Type "Double"]      -2.1718999616606702e+03
$End
$DFT_Energy
   &GeometryIndex 53
   &ListStatus       OUT
   &NALPHAEL [&Type "Integer"] 98
   &NBETAEL [&Type "Integer"] 98
   &NTOTALEL [&Type "Integer"] 197
   &EEXCHANGE [&Type "Double"]      -1.6626826665669049e+02
   &ECORR [&Type "Double"]      -8.6093917494196059e+00
   &ECNL [&Type "Double"]       0.0000000000000000e+00
   &EXC [&Type "Double"]      -1.7487765840611010e+02
   &EEMBED [&Type "Double"]       0.0000000000000000e+00
   &FINALEN [&Type "Double"]      -2.1718999616606702e+03  "No Van der Waals correction"
$End
$VdW_Correction
   &GeometryIndex 53
   &ListStatus       OUT
   &VDW [&Type "Double"]      -8.3440758515402461e-02
$End
$SCF_Nuc_Gradient
   &GeometryIndex 53
   &ListStatus       OUT
   &NATOMS [&Type "Integer"] 34
   &ROOT [&Type "Integer"] 0
   &GRADNORM [&Type "Double"]       2.5517770069717551e-03
   &GRAD [&Type "ArrayOfDoubles", &Dim (102,1)] 
                                                         0

0                                     -5.6903413871133186e-05
1                                     -3.6538268042868305e-05
2                                      1.2482799398999544e-05
3                                     -2.8602368493141350e-05
4                                     -7.4703371502199412e-06
5                                      3.3106363679716311e-06
6                                      3.3015391808124961e-05
7                                      2.8937678963858460e-04
8                                     -8.7461298011570765e-05
9                                     -9.1538723014129852e-06
10                                    -1.3947052087123768e-04
11                                    -1.8922582858840742e-04
12                                    -3.7946395624322005e-05
13                                    -3.7458983625081321e-05
14                                    -1.1438973996815566e-04
15                                     3.4284063034212275e-06
16                                    -6.2627693784567118e-06
17                                    -4.9881773695234499e-05
18                                     1.0210600619869892e-05
19                                     9.2410595798897432e-06
20                                    -3.2276185882883224e-05
21                                    -1.1791522142212685e-04
22                                     3.4699238130014853e-05
23                                     2.9052021971228206e-04
24                                    -6.3595891209106137e-05
25                                    -4.6712178589847220e-04
26                                     2.0146465107616536e-04
27                                    -3.0612068768014894e-05
28                                    -1.6261164410831877e-04
29                                    -9.7744076532346735e-06
30                                     1.8386178059784722e-04
31                                    -2.0988638777331200e-04
32                                     1.1169846097025538e-04
33                                     6.7279329107134897e-04
34                                    -2.3458095617426289e-04
35                                     5.6969912988827365e-06
36                                    -3.8162097568356090e-04
37                                     7.5133200624177832e-04
38                                    -2.8532167499052685e-04
39                                    -1.2480725544689042e-05
40                                     3.9162199924683283e-05
41                                    -4.9967965570087147e-05
42                                    -1.1525569907744337e-05
43                                     9.8317349345504457e-05
44                                     8.2489941561382507e-06
45                                    -2.0893776923685842e-04
46                                     3.1881048196031811e-04
47                                     5.3512659388835551e-05
48                                     1.5480032346759653e-04
49                                    -2.0217490342465394e-04
50                                     8.9838877573023002e-05
51                                     4.1854384026125484e-05
52                                    -5.6398472141061529e-06
53                                     1.5406432111740587e-04
54                                    -9.1277853510901563e-05
55                                    -2.4695124576201710e-05
56                                     5.9314627219878013e-05
57                                    -5.6716727589854743e-05
58                                    -2.1006270963763729e-04
59                                    -2.1370543309616463e-04
60                                     1.0259289517572379e-04
61                                     1.0567946004422235e-04
62                                    -3.0130472802092356e-05
63                                    -3.4825873909139111e-05
64                                     5.0317559316112592e-04
65                                    -3.3020172660806757e-04
66                                    -2.1272071246476384e-04
67                                     1.3740881693380391e-04
68                                    -3.2723780768031951e-05
69                                     3.3811711630377106e-04
70                                     1.0364318895192404e-04
71                                    -5.8813249881439766e-05
72                                     2.9661362091038673e-04
73                                    -3.6589145650051114e-04
74                                     2.7990610852125786e-04
75                                     7.6633063864877532e-04
76                                     2.7750405574526738e-04
77                                     6.2439328985938736e-04
78                                    -1.2092460112306247e-04
79                                    -4.4956556562919525e-05
80                                    -8.1825241000532678e-05
81                                    -4.5456900131420064e-04
82                                    -8.3401779746392068e-04
83                                    -1.1421935117769677e-04
84                                     6.1979585804579351e-04
85                                    -1.0857850356690846e-04
86                                    -1.8825912314171522e-04
87                                    -2.4697069633128343e-04
88                                     1.0781205422472767e-04
89                                    -3.2837782508551849e-05
90                                    -5.3630993879316691e-04
91                                    -3.8925428884062363e-06
92                                     1.5185214717698681e-04
93                                    -4.2977592440997161e-04
94                                    -1.1579976079884036e-04
95                                    -5.7969195141532870e-05
96                                    -4.7872006676719092e-05
97                                    -7.4703180094417426e-05
98                                     6.6649400479679155e-05
99                                    -3.2156737585962991e-05
100                                    5.1565176879092567e-04
101                                   -1.5396994961134822e-04
$End
$Geometry
   &GeometryIndex 54
   &ListStatus       OUT
   &NATOMS [&Type "Integer"] 34
   &NCORELESSECP [&Type "Integer"] 0
   &NGHOSTATOMS [&Type "Integer"] 0
   &CartesianCoordinates [&Type "Coordinates", &Dim(34,4), &Units "Bohr"] 
              H     -0.732231902811   -9.222716206693   -6.851734409686
              H     -2.679439960702   -6.960208112616   -5.359004127956
              C     -0.730797778149   -7.563221230519   -5.626317533295
              N      0.536718256223   -5.506341803699   -7.002911912396
              H     -2.436480720310   -2.746713772557   -7.150107013001
              H     -0.541238941443   -9.622838491367   -2.161815293826
              H      4.305120761688   -6.976935058957   -7.404559832493
              C     -0.521898371260   -3.297427221516   -7.562091764932
              C      3.032422460313   -5.430786630730   -7.731737991426
              H      0.989160321690    0.978221693099  -11.426641377848
              C      0.506791063164   -8.109708123758   -3.090704897635
              N      1.206766445981   -1.809555100051   -8.624920846949
              C      3.452685723762   -3.115335955338   -8.747731076993
              H     -1.083927777349    1.379733696565   -8.789773095188
              H      2.457456000202   -8.736126120753   -3.320073758846
              C      0.799003304236    0.816967146545   -9.383569179482
              H      5.154085475960   -2.265032207714   -9.456643315986
              H      0.484006621409   -6.437242578070   -1.897560700115
              H      2.180210002579    1.995264246022   -8.419571466355
              F      3.419870463950    3.762227337034    0.697522997322
              O     -4.130746938903    0.289381965942   -4.846385560746
              N      0.092054836027    1.252595485516   -3.137173156211
              F     -4.151274210397    4.376459756893   -1.054339962541
              O      4.522616716839    1.452405903305   -4.429468501101
              S     -2.532964999452   -0.078222434240   -2.653875085535
              C      3.772497557917    1.276961317754    0.477555631485
              F      2.413342214684    0.098623912455    2.245206052243
              S      2.838183433063    0.155422201014   -2.728434767929
              C     -3.968175134368    2.010948080352   -0.208377264373
              F      6.215356157142    0.763323507518    0.859527937951
              F     -6.281162672226    1.159602685485    0.339960122532
              O     -2.465388368803   -2.576959133783   -1.570167454978
              F     -2.579320970966    2.001716986549    1.894292303111
              O      3.003583746048   -2.558927023951   -2.583443988303
$End
$SCF_Energy
   &GeometryIndex 54
   &ListStatus       OUT
   &SCF_ENERGY [&Type "Double"]      -2.1719000045229004e+03
$End
$DFT_Energy
   &GeometryIndex 54
   &ListStatus       OUT
   &NALPHAEL [&Type "Integer"] 98
   &NBETAEL [&Type "Integer"] 98
   &NTOTALEL [&Type "Integer"] 197
   &EEXCHANGE [&Type "Double"]      -1.6626824915046717e+02
   &ECORR [&Type "Double"]      -8.6093773290020650e+00
   &ECNL [&Type "Double"]       0.0000000000000000e+00
   &EXC [&Type "Double"]      -1.7487762647946923e+02
   &EEMBED [&Type "Double"]       0.0000000000000000e+00
   &FINALEN [&Type "Double"]      -2.1719000045229004e+03  "No Van der Waals correction"
$End
$VdW_Correction
   &GeometryIndex 54
   &ListStatus       OUT
   &VDW [&Type "Double"]      -8.3420484984102358e-02
$End
$SCF_Nuc_Gradient
   &GeometryIndex 54
   &ListStatus       OUT
   &NATOMS [&Type "Integer"] 34
   &ROOT [&Type "Integer"] 0
   &GRADNORM [&Type "Double"]       1.8964584056430577e-03
   &GRAD [&Type "ArrayOfDoubles", &Dim (102,1)] 
                                                         0

0                                     -8.0069365271017313e-05
1                                      7.3665713114789977e-06
2                                     -3.3350312829694140e-06
3                                     -2.6093060569581938e-05
4                                     -7.1624027626823739e-05
5                                      1.1418137757090649e-04
6                                      4.6146209737495114e-05
7                                      2.2082803969840706e-04
8                                     -2.5845379377244238e-04
9                                      1.3474724129310806e-04
10                                    -2.9108561667631760e-04
11                                    -3.7615429055884442e-04
12                                    -2.0052021185462676e-05
13                                    -2.1169114296308578e-04
14                                    -2.7471229498254868e-05
15                                    -1.8917923842440287e-05
16                                    -1.6338349246636241e-05
17                                    -4.5196568859623421e-05
18                                     2.9980416685559952e-05
19                                     1.0742268405000699e-05
20                                     4.7679070918557609e-05
21                                    -5.4449356581581787e-05
22                                     1.2807147453326034e-04
23                                     4.1653442549188444e-04
24                                    -1.5855223312097322e-04
25                                    -1.7712591830297553e-04
26                                     7.2099748980147815e-05
27                                     7.5359692303864079e-06
28                                    -1.3763917846240301e-04
29                                     1.7313320973544322e-06
30                                     2.5471654534401506e-05
31                                     1.1887721545706352e-04
32                                     2.3299069573300135e-04
33                                     4.6338697737288541e-04
34                                     1.0440443095641183e-04
35                                    -8.6659461218115130e-05
36                                    -1.3519038844862774e-04
37                                     2.0075520747139114e-04
38                                    -1.1310071697119561e-04
39                                     7.2732573363765152e-06
40                                     2.2114598984199207e-05
41                                    -3.7521076889784899e-06
42                                    -5.8494639739725685e-06
43                                     2.7649112985320135e-06
44                                    -8.6839536814063700e-05
45                                    -1.8624773486230432e-04
46                                     6.5062918833638794e-05
47                                    -5.8857116369158066e-05
48                                     3.4331599315651218e-05
49                                    -6.3499791291166119e-05
50                                     2.3432933062672578e-05
51                                     8.3401302173551246e-05
52                                    -7.3882004689856950e-05
53                                     1.5315665884646501e-04
54                                    -5.0874094179170770e-05
55                                     1.1242351963784702e-04
56                                     8.6528917205910827e-05
57                                    -2.7002253903278539e-05
58                                    -2.5929936643998008e-04
59                                    -8.9744946005339277e-05
60                                    -2.6830788214962653e-04
61                                     2.9552680689146071e-04
62                                    -3.9893475076313578e-04
63                                     8.5826367979395871e-05
64                                     3.8253521294792647e-04
65                                    -1.8938453643461972e-04
66                                    -3.9848900425149686e-05
67                                     8.1326550055271785e-05
68                                    -5.0090083307655076e-05
69                                    -9.2174357836760645e-05
70                                    -1.3365043347443595e-04
71                                     1.6617284121372977e-04
72                                     1.3606149246598448e-04
73                                    -4.7265962822540253e-04
74                                     7.8428773010083552e-04
75                                     3.0187816086468811e-04
76                                     2.9619626886141087e-04
77                                     2.5659966883193053e-04
78                                    -1.3278583265013966e-04
79                                    -7.0167181911412468e-05
80                                    -6.2612822549434899e-05
81                                     2.2995257248246970e-04
82                                    -3.6285415130789256e-04
83                                    -1.9005683782372107e-04
84                                     2.3388681645612752e-04
85                                    -9.0496407934154144e-06
86                                    -8.7593034506089351e-05
87                                    -1.5803108608708483e-04
88                                     4.3001799523996465e-05
89                                    -9.6829512780637061e-05
90                                    -1.5408951483258937e-04
91                                    -2.9264560456487843e-05
92                                     2.0423650215761757e-06
93                                    -1.8271494112064371e-04
94                                    -1.4764878511042134e-04
95                                    -1.9116492279011577e-04
96                                    -1.6815279581083864e-05
97                                     1.1045341443409462e-05
98                                     3.8938895110529614e-05
99                                    -1.1814360513305588e-05
100                                    4.2443665671276776e-04
101                                    1.9854626446619977e-05
$End
$Geometry
   &GeometryIndex 55
   &ListStatus       OUT
   &NATOMS [&Type "Integer"] 34
   &NCORELESSECP [&Type "Integer"] 0
   &NGHOSTATOMS [&Type "Integer"] 0
   &CartesianCoordinates [&Type "Coordinates", &Dim(34,4), &Units "Bohr"] 
              H     -0.629370700643   -9.262162802122   -6.859121556671
              H     -2.661945970958   -7.031754172772   -5.438429110015
              C     -0.693416994796   -7.591312321435   -5.651405700830
              N      0.558949333243   -5.522886142323   -7.024388014758
              H     -2.413374861367   -2.762333112823   -7.097943432944
              H     -0.544865795733   -9.606670539455   -2.159321852339
              H      4.319856242759   -6.992979553365   -7.487338905169
              C     -0.505220974536   -3.307661566792   -7.547549636611
              C      3.045258373410   -5.441869491331   -7.783669462062
              H      0.966286216112    0.985986110376  -11.409619117882
              C      0.495169824562   -8.083917131888   -3.081791916086
              N      1.208878007486   -1.811946548133   -8.621167617303
              C      3.453405085155   -3.117638476843   -8.783670217198
              H     -1.091927755059    1.369969033280   -8.758826409244
              H      2.462413078327   -8.673895923450   -3.261273904015
              C      0.789225752740    0.815919028157   -9.366011412722
              H      5.142144728579   -2.260085209515   -9.514104695533
              H      0.414743695534   -6.399319834265   -1.909128459701
              H      2.170691033213    1.998233235427   -8.407286274335
              F      3.337425102445    3.687671296485    0.781158770189
              O     -4.161348050402    0.200242883018   -4.793437968829
              N      0.078767694583    1.235118525359   -3.165833590060
              F     -4.161732548263    4.418070427202   -1.166436544035
              O      4.515041244685    1.502466564649   -4.402961117378
              S     -2.537185230992   -0.086235284922   -2.607161792913
              C      3.727042801311    1.214347278780    0.496631879341
              F      2.376231490913   -0.029522449955    2.225079787484
              S      2.830253991606    0.158580935573   -2.740696281876
              C     -3.943662013870    2.092778432905   -0.223787290640
              F      6.175952225318    0.726697817937    0.880613315578
              F     -6.236635354440    1.247317740582    0.405879698341
              O     -2.444159106917   -2.543162673464   -1.435707089796
              F     -2.513745977053    2.184866784675    1.849490446355
              O      3.017738228784   -2.557354143815   -2.645854817824
$End
$SCF_Energy
   &GeometryIndex 55
   &ListStatus       OUT
   &SCF_ENERGY [&Type "Double"]      -2.1719000106263602e+03
$End
$DFT_Energy
   &GeometryIndex 55
   &ListStatus       OUT
   &NALPHAEL [&Type "Integer"] 99
   &NBETAEL [&Type "Integer"] 99
   &NTOTALEL [&Type "Integer"] 197
   &EEXCHANGE [&Type "Double"]      -1.6626902099790863e+02
   &ECORR [&Type "Double"]      -8.6093971982786233e+00
   &ECNL [&Type "Double"]       0.0000000000000000e+00
   &EXC [&Type "Double"]      -1.7487841819618725e+02
   &EEMBED [&Type "Double"]       0.0000000000000000e+00
   &FINALEN [&Type "Double"]      -2.1719000106263602e+03  "No Van der Waals correction"
$End
$VdW_Correction
   &GeometryIndex 55
   &ListStatus       OUT
   &VDW [&Type "Double"]      -8.3409692694470114e-02
$End
$SCF_Nuc_Gradient
   &GeometryIndex 55
   &ListStatus       OUT
   &NATOMS [&Type "Integer"] 34
   &ROOT [&Type "Integer"] 0
   &GRADNORM [&Type "Double"]       2.4024828353304477e-03
   &GRAD [&Type "ArrayOfDoubles", &Dim (102,1)] 
                                                         0

0                                     -6.6732316391480192e-05
1                                      4.7357187759777819e-05
2                                     -3.6579062060657086e-05
3                                     -2.5974012706458938e-05
4                                     -8.2954476232605101e-05
5                                      1.8739346567184234e-04
6                                      1.0910654374297890e-04
7                                      1.5792828038484110e-04
8                                     -1.5365552827820150e-04
9                                      2.6231663413003176e-04
10                                    -3.4523093245869552e-04
11                                    -4.4131410616751743e-04
12                                     4.9107379006513296e-05
13                                    -4.3744795953471610e-04
14                                     2.0300542030252111e-04
15                                    -2.8074850898840431e-05
16                                    -4.5872107056782463e-05
17                                    -5.5880542131944710e-05
18                                     2.2371816711247439e-05
19                                     4.4436596582930754e-06
20                                     8.4266413166028675e-05
21                                     1.3850377540133851e-04
22                                     4.6944000630608218e-04
23                                     2.6239999735147915e-04
24                                    -1.9398153793656614e-04
25                                    -3.8957639967932001e-05
26                                    -1.3113138198261182e-04
27                                     5.6088123028943948e-05
28                                    -7.1207798874185768e-05
29                                     7.7847739948788686e-08
30                                    -2.8654023067080023e-04
31                                     3.2246657813624416e-04
32                                     3.2898106268976213e-04
33                                     3.9297132051370476e-06
34                                     3.5723496649361919e-04
35                                    -2.6336415773479949e-05
36                                     1.5295023918360240e-04
37                                    -2.8729759174593583e-04
38                                     1.4287448455753415e-04
39                                     1.5227346506774264e-05
40                                     4.9146929329141331e-06
41                                     4.6113684956522460e-05
42                                    -8.0953883830614526e-06
43                                    -8.2223567633071815e-05
44                                    -1.3676831869308993e-04
45                                    -4.3630796833369484e-05
46                                    -2.3265217816179767e-04
47                                    -4.8408717939448995e-05
48                                    -6.5482570178715394e-05
49                                     1.1197724440324686e-04
50                                    -5.0518123222292877e-05
51                                     1.6082546265341370e-04
52                                    -1.5807196380038246e-04
53                                     3.0555841303542275e-05
54                                    -1.1053137018116055e-04
55                                     2.4501540317010961e-04
56                                     5.2282984204510274e-06
57                                    -2.2091185177805506e-05
58                                    -2.1367014816370267e-04
59                                     1.7349199507823987e-04
60                                    -5.0584225905467295e-04
61                                     3.7843680930284979e-04
62                                    -7.6452107884811271e-04
63                                     2.2238344966277798e-04
64                                     8.4280034672701287e-05
65                                    -2.1837126888353542e-04
66                                     1.4496728733343761e-04
67                                    -9.4930589793762454e-05
68                                    -2.2413221596892519e-05
69                                    -3.5926751666714996e-04
70                                    -2.3548142056456500e-04
71                                     2.4234505841735920e-04
72                                     4.0393039861384705e-05
73                                    -3.6976228386978449e-04
74                                     1.2632826926166352e-03
75                                    -3.3965811704066845e-04
76                                     1.5913937827606583e-04
77                                    -3.4377149607561774e-04
78                                     1.5552974490656846e-05
79                                    -1.1354340728927936e-04
80                                    -8.4579563150249948e-05
81                                     2.5834516771061633e-04
82                                     1.4760215215695038e-04
83                                     5.9045157065340526e-06
84                                    -1.4685521552738889e-04
85                                     9.9387973300960053e-05
86                                    -5.6840630055940422e-05
87                                     7.4909252402277637e-05
88                                     3.4533450312054792e-06
89                                    -3.1631440939323963e-05
90                                     2.6134894198837078e-04
91                                    -4.3778918480397166e-05
92                                    -1.0241201574374970e-04
93                                     6.9904558092196561e-05
94                                    -1.0338223737960117e-04
95                                    -3.3447088433322114e-04
96                                     1.9194825337159882e-05
97                                     2.0185222985289603e-04
98                                    -9.9213638706241447e-06
99                                     1.2533081017283149e-04
100                                    1.6153528565021613e-04
101                                    7.3604364426469587e-05
$End
$Geometry
   &GeometryIndex 56
   &ListStatus       OUT
   &NATOMS [&Type "Integer"] 34
   &NCORELESSECP [&Type "Integer"] 0
   &NGHOSTATOMS [&Type "Integer"] 0
   &CartesianCoordinates [&Type "Coordinates", &Dim(34,4), &Units "Bohr"] 
              H     -0.664747732135   -9.245137346250   -6.860449082173
              H     -2.671901135619   -7.006429093203   -5.413496190732
              C     -0.709650398181   -7.580204295128   -5.643563750772
              N      0.548594149635   -5.511932817213   -7.012350927398
              H     -2.430561789705   -2.758772082774   -7.133785298349
              H     -0.550040477272   -9.608430854281   -2.158714363359
              H      4.318456083195   -6.973222911115   -7.431180700657
              C     -0.517461274720   -3.303796275503   -7.561231482839
              C      3.042007604110   -5.428128894025   -7.748967285362
              H      0.970671141538    0.980404382809  -11.424843570479
              C      0.495098079275   -8.092120962807   -3.085787127062
              N      1.203870175211   -1.809454847331   -8.625504631295
              C      3.453399049560   -3.109481362863   -8.758786809500
              H     -1.090720522450    1.376379310401   -8.778157040743
              H      2.455698205467   -8.698894519634   -3.281246549949
              C      0.790077307338    0.816092857272   -9.381022855381
              H      5.147378973400   -2.250097427575   -9.474530685153
              H      0.436537907030   -6.409536785933   -1.908417171429
              H      2.173212434368    1.997969298799   -8.424368178395
              F      3.398633068419    3.729957017049    0.728906708737
              O     -4.147693782256    0.237221298535   -4.816252956549
              N      0.086099043201    1.235126859358   -3.148922152121
              F     -4.141139281956    4.398464486912   -1.103640223586
              O      4.517007902958    1.466173892234   -4.421623008607
              S     -2.535273232155   -0.087254471248   -2.627373853534
              C      3.753696780906    1.246660735339    0.484280981744
              F      2.390945355643    0.051160640506    2.237130446005
              S      2.835165211731    0.149932334809   -2.733371709502
              C     -3.953872576075    2.049975576301   -0.213507495146
              F      6.196900905053    0.731968370641    0.870800545983
              F     -6.261462814891    1.209264741203    0.367173648112
              O     -2.454461739977   -2.563576015240   -1.495984790149
              F     -2.550054468863    2.080748900664    1.879295935340
              O      3.012474663958   -2.565471024970   -2.605578667177
$End
$SCF_Energy
   &GeometryIndex 56
   &ListStatus       OUT
   &SCF_ENERGY [&Type "Double"]      -2.1719000195209624e+03
$End
$DFT_Energy
   &GeometryIndex 56
   &ListStatus       OUT
   &NALPHAEL [&Type "Integer"] 98
   &NBETAEL [&Type "Integer"] 98
   &NTOTALEL [&Type "Integer"] 197
   &EEXCHANGE [&Type "Double"]      -1.6626924845437014e+02
   &ECORR [&Type "Double"]      -8.6094124559404968e+00
   &ECNL [&Type "Double"]       0.0000000000000000e+00
   &EXC [&Type "Double"]      -1.7487866091031063e+02
   &EEMBED [&Type "Double"]       0.0000000000000000e+00
   &FINALEN [&Type "Double"]      -2.1719000195209624e+03  "No Van der Waals correction"
$End
$VdW_Correction
   &GeometryIndex 56
   &ListStatus       OUT
   &VDW [&Type "Double"]      -8.3420169475509759e-02
$End
$SCF_Nuc_Gradient
   &GeometryIndex 56
   &ListStatus       OUT
   &NATOMS [&Type "Integer"] 34
   &ROOT [&Type "Integer"] 0
   &GRADNORM [&Type "Double"]       1.7058057282163279e-03
   &GRAD [&Type "ArrayOfDoubles", &Dim (102,1)] 
                                                         0

0                                     -2.6134065225796258e-05
1                                      3.7529518431889120e-05
2                                     -2.9947814315131605e-05
3                                      1.9199068682168585e-05
4                                     -3.1972115117927247e-05
5                                      1.1260816238944926e-04
6                                     -2.7212821624190975e-05
7                                     -3.8822593228736955e-05
8                                     -8.4524575952031611e-05
9                                      1.3202907943964115e-04
10                                    -1.4131585948803926e-04
11                                    -1.4896372647504874e-04
12                                     3.0931170369646876e-05
13                                    -3.0504660255104010e-04
14                                     1.3022599969387399e-04
15                                     1.0618776794035778e-05
16                                    -1.3084691799281067e-05
17                                    -2.0349816966594436e-05
18                                     1.4691425064161656e-05
19                                     2.5249644172581354e-05
20                                     4.1634915080419888e-05
21                                     2.7545859515060167e-05
22                                     3.4316556549332175e-04
23                                     8.5220351922560972e-05
24                                    -7.2488706823664595e-05
25                                     2.1022366856777996e-04
26                                    -1.5119882958367949e-04
27                                     5.9588468649455356e-05
28                                     1.7951072688940362e-06
29                                    -4.2940139186598003e-06
30                                    -9.4202896219072740e-05
31                                     2.3453727357819650e-04
32                                     8.7894087338086235e-05
33                                    -8.9372896990952758e-05
34                                     1.2819726385901453e-04
35                                     2.6328031701647325e-05
36                                     1.4900048849868230e-04
37                                    -3.9444969592386525e-04
38                                     1.8247765037156249e-04
39                                     1.5967426371832349e-05
40                                    -2.5663296759209642e-06
41                                     3.5572318501257694e-05
42                                    -4.6838901392176613e-06
43                                    -9.7949327290618171e-05
44                                    -9.3200262796881359e-05
45                                     7.2403075848655012e-05
46                                    -2.6578629155223771e-04
47                                    -6.5863596498870469e-05
48                                    -7.2867104953494577e-05
49                                     1.1096174292782313e-04
50                                    -4.7454121325021803e-05
51                                     7.6377939365749117e-05
52                                    -2.0294397638204176e-05
53                                     4.3947886787298884e-05
54                                    -9.6128822537261405e-05
55                                     2.2089629018497148e-04
56                                    -5.4395666208753579e-05
57                                     1.2922175326834928e-05
58                                    -1.3820289593180490e-05
59                                     2.4317918990109100e-04
60                                    -4.5698884515807392e-04
61                                     2.4867690287774802e-04
62                                    -4.7202463602713518e-04
63                                     8.4806963320182942e-05
64                                    -1.2439006113265649e-04
65                                     1.7100412166598522e-05
66                                     1.1010698023959306e-04
67                                    -9.0448417832955652e-05
68                                     1.2680207642834507e-05
69                                    -2.2815324875113951e-04
70                                    -9.9596479183811093e-05
71                                     6.1174401371655307e-05
72                                     1.0861709280202830e-04
73                                    -2.2831697957695352e-04
74                                     7.2548179303395799e-04
75                                    -3.6461621945970552e-04
76                                     1.6286257286446393e-05
77                                    -4.1842210216583298e-04
78                                    -2.8256128990794549e-05
79                                     2.3620963020859476e-05
80                                     7.0577188097942223e-06
81                                     2.5674549763518573e-04
82                                     2.1782651976232081e-04
83                                     6.4306909466904649e-05
84                                    -2.2046489221948240e-04
85                                     2.0272397272828868e-04
86                                    -6.0977611690146705e-05
87                                     1.2705495089149199e-04
88                                    -4.7920750558511083e-05
89                                     3.2545464629607501e-05
90                                     3.1734420138723740e-04
91                                    -2.9195300538131796e-05
92                                    -9.4923935474472421e-05
93                                     8.0776201379511442e-05
94                                     4.4178724781962497e-05
95                                    -2.6082713131297952e-04
96                                    -3.9453700962366334e-06
97                                     1.7830651851289889e-05
98                                     2.9498751987377947e-05
99                                     7.8789055142081121e-05
100                                   -1.3872386414054416e-04
101                                    6.8433560996210979e-05
$End
$Geometry
   &GeometryIndex 57
   &ListStatus       OUT
   &NATOMS [&Type "Integer"] 34
   &NCORELESSECP [&Type "Integer"] 0
   &NGHOSTATOMS [&Type "Integer"] 0
   &CartesianCoordinates [&Type "Coordinates", &Dim(34,4), &Units "Bohr"] 
              H     -0.663574404409   -9.246047782232   -6.861762812257
              H     -2.674411490824   -7.008064317442   -5.418797236169
              C     -0.711434327875   -7.580670197386   -5.645567963916
              N      0.546958706038   -5.511874037891   -7.013344986589
              H     -2.431850853459   -2.757600893329   -7.136799646336
              H     -0.553266809800   -9.608252330703   -2.159903522717
              H      4.317102498505   -6.973358637674   -7.429842091695
              C     -0.518496355538   -3.303633789821   -7.562519196600
              C      3.041190216885   -5.427777120155   -7.747420632927
              H      0.969966238245    0.981794929784  -11.422332203868
              C      0.491189682461   -8.091230339352   -3.086552845897
              N      1.204028768085   -1.808644395993   -8.623996765805
              C      3.453540604858   -3.108526669060   -8.755996988157
              H     -1.089366739263    1.378480652748   -8.774502828444
              H      2.452822445109   -8.695246269914   -3.279209929664
              C      0.790834410502    0.817328168823   -9.378406739345
              H      5.148672214864   -2.249377315201   -9.469179173423
              H      0.430148626271   -6.408288115469   -1.909862562567
              H      2.175113214572    1.998717357800   -8.422765480971
              F      3.404687586875    3.733470476431    0.721908420796
              O     -4.143073835931    0.233788247601   -4.818092045815
              N      0.087221641563    1.235309310701   -3.144358067407
              F     -4.152204376297    4.393664209037   -1.107489567398
              O      4.517856181979    1.461463504091   -4.423317835077
              S     -2.533790589125   -0.089778530741   -2.627062573774
              C      3.760228122428    1.249689708332    0.483045053067
              F      2.399776221315    0.057309753079    2.239809694337
              S      2.836315932620    0.148366478519   -2.731974903788
              C     -3.956974396794    2.046597961119   -0.214827690088
              F      6.203741791490    0.736386667730    0.867152933941
              F     -6.262223353830    1.200511977714    0.368900777839
              O     -2.453973017349   -2.565962548324   -1.495078692825
              F     -2.551191417408    2.083949225333    1.876488444551
              O      3.011319678978   -2.566936622418   -2.601410632490
$End
$SCF_Energy
   &GeometryIndex 57
   &ListStatus       OUT
   &SCF_ENERGY [&Type "Double"]      -2.1719000255856604e+03
$End
$DFT_Energy
   &GeometryIndex 57
   &ListStatus       OUT
   &NALPHAEL [&Type "Integer"] 98
   &NBETAEL [&Type "Integer"] 98
   &NTOTALEL [&Type "Integer"] 197
   &EEXCHANGE [&Type "Double"]      -1.6626910040896320e+02
   &ECORR [&Type "Double"]      -8.6094073801468696e+00
   &ECNL [&Type "Double"]       0.0000000000000000e+00
   &EXC [&Type "Double"]      -1.7487850778911007e+02
   &EEMBED [&Type "Double"]       0.0000000000000000e+00
   &FINALEN [&Type "Double"]      -2.1719000255856604e+03  "No Van der Waals correction"
$End
$VdW_Correction
   &GeometryIndex 57
   &ListStatus       OUT
   &VDW [&Type "Double"]      -8.3419783814583412e-02
$End
$SCF_Nuc_Gradient
   &GeometryIndex 57
   &ListStatus       OUT
   &NATOMS [&Type "Integer"] 34
   &ROOT [&Type "Integer"] 0
   &GRADNORM [&Type "Double"]       1.1787891502828161e-03
   &GRAD [&Type "ArrayOfDoubles", &Dim (102,1)] 
                                                         0

0                                     -1.1467230176928763e-05
1                                      1.7518984133602089e-05
2                                     -8.1416188010552393e-06
3                                      1.8150414646284085e-05
4                                      6.2804637141616881e-07
5                                      5.5791228248967817e-05
6                                     -3.6743327591376440e-05
7                                     -6.7287303726886599e-06
8                                     -2.3259670271495725e-05
9                                      1.7973824303869207e-05
10                                    -8.1687198193097776e-05
11                                    -1.3728996878720201e-04
12                                    -1.8513017975702040e-05
13                                    -2.3401893193260997e-04
14                                     1.1938145520457716e-04
15                                     1.1464720245435434e-05
16                                    -1.1653552497215003e-05
17                                    -1.0181342713813657e-05
18                                     1.3365443214646833e-05
19                                     1.2522325058605954e-05
20                                     2.4093893982723991e-05
21                                     1.0748118509992799e-04
22                                     2.6011305460638123e-04
23                                     6.2217284363029479e-05
24                                    -4.8761609984737664e-05
25                                     1.1183581551935107e-04
26                                    -7.4738549016099484e-05
27                                     4.9946749365557819e-05
28                                    -1.3265559943784200e-05
29                                     9.5704092152315567e-06
30                                    -6.8433354570778676e-05
31                                     1.3683765284509082e-04
32                                     1.8265694504401853e-05
33                                    -8.4949230920332297e-05
34                                     7.7788726988686774e-05
35                                     3.8055294598035583e-05
36                                     1.0311377469744698e-04
37                                    -2.2728437635261001e-04
38                                     9.5807896226249301e-05
39                                     1.8623489532215709e-05
40                                     1.8606306103507997e-05
41                                     1.2169723854683900e-05
42                                    -1.3214445553078047e-05
43                                    -4.7971692588494319e-05
44                                    -3.7553085660006064e-05
45                                     7.8833892078673459e-05
46                                    -2.7981941683447725e-04
47                                     8.6982073489380585e-06
48                                    -6.2381879170736454e-05
49                                     7.0478501879606137e-05
50                                    -3.1677907266880467e-05
51                                     1.1298783756441815e-04
52                                    -1.5441131356375148e-05
53                                     1.8864244703986621e-05
54                                    -9.4420633064501436e-05
55                                     2.5905693819915088e-04
56                                    -6.7126790412500026e-05
57                                    -9.4870991821788264e-06
58                                    -2.9681187232732942e-05
59                                     1.1493914926732213e-04
60                                    -3.0265080404648370e-04
61                                     2.2830769072004764e-04
62                                    -3.4332870043746189e-04
63                                     1.3771561766440753e-05
64                                    -2.6076950061099113e-05
65                                     2.3802447832607654e-05
66                                     4.8339429673863871e-05
67                                    -4.1826109855758187e-05
68                                     1.5559367671502677e-05
69                                    -1.1303706758980514e-04
70                                    -5.8213017790464949e-05
71                                     3.9722298696143188e-05
72                                     8.8430506859769886e-05
73                                    -2.7259026594161906e-04
74                                     5.0488019928601746e-04
75                                    -1.7777437697450577e-04
76                                     9.8672805359106830e-06
77                                    -1.9737103841369064e-04
78                                    -2.3259636837663633e-05
79                                    -2.2245069859289091e-05
80                                    -2.0385534957201301e-05
81                                     1.6731465218969288e-04
82                                     1.2096249545216764e-04
83                                     1.0522634894760685e-05
84                                    -1.0467340514511148e-04
85                                     1.5125060708034987e-04
86                                    -4.7040952421778526e-05
87                                     6.8250278950687804e-05
88                                    -1.8999908021594125e-05
89                                     1.0323429026508346e-05
90                                     1.5395878634633098e-04
91                                    -2.1912285647837648e-05
92                                    -7.0919713713049615e-05
93                                     2.9686160847074497e-05
94                                    -4.3182174553901831e-05
95                                    -1.9496477314490113e-04
96                                     1.7363709060302934e-05
97                                     4.4049462809350737e-05
98                                     2.4825099333991574e-06
99                                     5.0710690633927469e-05
100                                   -6.7226310574375336e-05
101                                    7.8832248245924719e-05
$End
$Geometry
   &GeometryIndex 58
   &ListStatus       OUT
   &NATOMS [&Type "Integer"] 34
   &NCORELESSECP [&Type "Integer"] 0
   &NGHOSTATOMS [&Type "Integer"] 0
   &CartesianCoordinates [&Type "Coordinates", &Dim(34,4), &Units "Bohr"] 
              H     -0.628442853670   -9.258827523687   -6.870409498625
              H     -2.676914468629   -7.035292283117   -5.459538230028
              C     -0.706018746797   -7.590679868479   -5.659586773865
              N      0.548942880626   -5.514738959711   -7.020296498071
              H     -2.433548269070   -2.762280609029   -7.142617862620
              H     -0.571173439391   -9.601134891215   -2.161717780196
              H      4.322282268172   -6.969191584331   -7.433148435205
              C     -0.519568599529   -3.307636178343   -7.568027087975
              C      3.045010631692   -5.424244188580   -7.748374522797
              H      0.959675149869    0.987400448229  -11.415616095796
              C      0.473075864699   -8.082640146982   -3.086139154334
              N      1.202681441754   -1.807029956189   -8.621784439028
              C      3.454957964080   -3.102024493824   -8.751864579436
              H     -1.092018817870    1.380360184965   -8.762169508469
              H      2.440875746532   -8.673287037704   -3.254370005464
              C      0.786657821479    0.819719204664   -9.371356654862
              H      5.150539398033   -2.238512551989   -9.458596198391
              H      0.389895779010   -6.393812951071   -1.919013734019
              H      2.173248551132    2.000377653709   -8.418827090539
              F      3.421270399568    3.735449803531    0.711439210665
              O     -4.138718992718    0.204540758756   -4.808960876337
              N      0.087923719845    1.228476482692   -3.139318012034
              F     -4.163148069765    4.391570723038   -1.126262390075
              O      4.517459855597    1.453761752634   -4.427507049536
              S     -2.530586283380   -0.099646482659   -2.615247916183
              C      3.770861394398    1.249741412639    0.480593180872
              F      2.409337049430    0.065786443681    2.242070040100
              S      2.838413577736    0.142818698195   -2.731410501996
              C     -3.957522997017    2.051308699787   -0.217311976903
              F      6.213271441048    0.732554252337    0.863279317105
              F     -6.259624780935    1.203183781313    0.377825702918
              O     -2.447741357143   -2.566263195013   -1.462964689607
              F     -2.546941531275    2.108092353719    1.870311657258
              O      3.012471088227   -2.572341036231   -2.598151838005
$End
$SCF_Energy
   &GeometryIndex 58
   &ListStatus       OUT
   &SCF_ENERGY [&Type "Double"]      -2.1719000512633675e+03
$End
$DFT_Energy
   &GeometryIndex 58
   &ListStatus       OUT
   &NALPHAEL [&Type "Integer"] 98
   &NBETAEL [&Type "Integer"] 98
   &NTOTALEL [&Type "Integer"] 197
   &EEXCHANGE [&Type "Double"]      -1.6626877098255932e+02
   &ECORR [&Type "Double"]      -8.6093697955847190e+00
   &ECNL [&Type "Double"]       0.0000000000000000e+00
   &EXC [&Type "Double"]      -1.7487814077814403e+02
   &EEMBED [&Type "Double"]       0.0000000000000000e+00
   &FINALEN [&Type "Double"]      -2.1719000512633675e+03  "No Van der Waals correction"
$End
$VdW_Correction
   &GeometryIndex 58
   &ListStatus       OUT
   &VDW [&Type "Double"]      -8.3406764386921545e-02
$End
$SCF_Nuc_Gradient
   &GeometryIndex 58
   &ListStatus       OUT
   &NATOMS [&Type "Integer"] 34
   &ROOT [&Type "Integer"] 0
   &GRADNORM [&Type "Double"]       9.5568926880623217e-04
   &GRAD [&Type "ArrayOfDoubles", &Dim (102,1)] 
                                                         0

0                                      2.9952294201815444e-05
1                                      3.4264050371990429e-06
2                                      4.9882457263117352e-06
3                                      2.1721884290420990e-05
4                                      6.5594858736583994e-05
5                                     -6.4918970018253835e-05
6                                     -6.4444813509458021e-05
7                                     -4.7775569178775193e-05
8                                      1.8156263494666092e-04
9                                     -2.0110826158109552e-04
10                                     9.5882855656870269e-05
11                                    -6.1969044613668922e-05
12                                    -7.4568448377304586e-05
13                                    -6.0808246776213049e-05
14                                     1.1552213178614434e-04
15                                     2.7157645036746114e-05
16                                     8.3550992696357351e-06
17                                     4.6000363128809174e-05
18                                    -1.0070610415024994e-05
19                                     9.4518072979443701e-08
20                                    -2.4637707713624779e-05
21                                     2.4564588155809308e-04
22                                     9.1330836729741627e-05
23                                    -1.2326661111375370e-04
24                                     6.1978071868931672e-05
25                                    -4.3680387242187035e-05
26                                     7.7062621216206217e-05
27                                     2.9793265938179644e-05
28                                     1.8981843722933045e-05
29                                     1.3003998093674696e-05
30                                    -6.9374302507474450e-05
31                                    -1.3404377325072769e-04
32                                    -1.6349425053224786e-04
33                                    -1.9415328422684938e-04
34                                     2.5503428271955730e-05
35                                     8.7190965909492157e-05
36                                     7.0387815656158814e-05
37                                     1.4078267910826170e-05
38                                    -4.2184001175782360e-05
39                                     8.9356679638941117e-08
40                                     7.5592409605140798e-05
41                                    -3.5717798258345923e-05
42                                    -2.0552734770473702e-05
43                                     4.3311932605219483e-06
44                                     7.5533352039559853e-05
45                                     1.8980957126920293e-04
46                                    -3.3571840067133513e-04
47                                     1.9301717925536942e-04
48                                    -3.6067671135897594e-05
49                                     3.5094182396430695e-05
50                                    -6.5393395043411573e-06
51                                     1.7317721968519890e-04
52                                     6.9792130037105160e-05
53                                    -2.8280776176045630e-05
54                                    -1.4347171453601981e-04
55                                     2.5146437996574622e-04
56                                    -1.4558192084984656e-04
57                                     1.7952303552615234e-06
58                                     5.3231594581093500e-05
59                                     3.7813827033217340e-05
60                                     8.7768741180938026e-05
61                                     1.1648326315544938e-04
62                                     4.9728930057890697e-05
63                                    -1.0712015329336026e-04
64                                     1.4069624927864899e-05
65                                     4.9303271273268279e-05
66                                    -6.0425883772981248e-05
67                                     5.7599323781964973e-05
68                                     3.1894369228083197e-05
69                                     5.5539135599080858e-05
70                                     1.5528500260736378e-05
71                                    -3.6347127536695556e-05
72                                    -1.1094630650216458e-04
73                                    -2.8189555039384584e-04
74                                    -1.3293224647850654e-04
75                                     1.0422634598798025e-04
76                                    -8.2313345320730869e-05
77                                     6.0199431331203757e-05
78                                    -3.1369663813007875e-05
79                                    -5.7622906054766165e-05
80                                    -4.8829493772328814e-05
81                                     4.7473134914113868e-05
82                                    -1.6570918955030600e-05
83                                    -9.3653411809405118e-05
84                                     2.5851443693922227e-05
85                                     5.0219909438986576e-05
86                                     8.3595533413444167e-06
87                                    -1.6819271335177799e-05
88                                     5.4764282324933078e-05
89                                     2.2778416511562427e-05
90                                    -5.9311621913471502e-05
91                                     2.5495588280646797e-05
92                                    -2.5844027908991651e-05
93                                    -2.4802270634239829e-05
94                                    -1.0556456610699705e-04
95                                    -6.7312479833409045e-05
96                                     6.5879696854009850e-05
97                                     3.6380156409051428e-05
98                                    -1.8918200251794026e-05
99                                    -1.3639743162756346e-05
100                                   -1.7300974879119746e-05
101                                    6.6468122066967728e-05
$End
$Geometry
   &GeometryIndex 59
   &ListStatus       OUT
   &NATOMS [&Type "Integer"] 34
   &NCORELESSECP [&Type "Integer"] 0
   &NGHOSTATOMS [&Type "Integer"] 0
   &CartesianCoordinates [&Type "Coordinates", &Dim(34,4), &Units "Bohr"] 
              H     -0.551599276303   -9.285602340551   -6.883206201298
              H     -2.672489087744   -7.091885040668   -5.537373864258
              C     -0.687046221943   -7.611227043769   -5.686291628175
              N      0.559534493559   -5.523518724947   -7.036699424959
              H     -2.428470383008   -2.774597109102   -7.135078407991
              H     -0.597740147742   -9.587600780412   -2.166912252959
              H      4.335092129151   -6.967746622429   -7.462827891753
              C     -0.515566651015   -3.316336973427   -7.571840873749
              C      3.054756050585   -5.422884121134   -7.766694000677
              H      0.941061229879    0.997436380529  -11.402759387837
              C      0.444014651854   -8.063054533614   -3.084207252628
              N      1.201525718021   -1.806159002257   -8.619746939439
              C      3.457221037523   -3.094288796944   -8.759050694804
              H     -1.099609903523    1.377974531372   -8.739999642645
              H      2.423806090482   -8.624191382931   -3.205113472991
              C      0.777475080703    0.822185931793   -9.358270809062
              H      5.149626203336   -2.222933368836   -9.463768803770
              H      0.313069167565   -6.364803103973   -1.934784713389
              H      2.165664856583    2.002428317636   -8.408159131287
              F      3.425010843280    3.723114020666    0.714367340409
              O     -4.141567650822    0.140610897806   -4.778615960391
              N      0.085205701155    1.212994975041   -3.138942964338
              F     -4.169542228088    4.400157805310   -1.176835492422
              O      4.514102592495    1.451915421189   -4.426572407371
              S     -2.527355940314   -0.115844192569   -2.583560527995
              C      3.772546553242    1.236916635565    0.482427960311
              F      2.408736483709    0.053415985912    2.242156182188
              S      2.838632632188    0.134297603385   -2.731748971949
              C     -3.950767098336    2.078776406345   -0.222923551960
              F      6.214083999943    0.717522337215    0.865601394679
              F     -6.247406821467    1.236237923101    0.401644574738
              O     -2.433001285804   -2.557549336441   -1.380707921559
              F     -2.529104902813    2.180736257627    1.855442996236
              O      3.016984899407   -2.580940240753   -2.604017548387
$End
$SCF_Energy
   &GeometryIndex 59
   &ListStatus       OUT
   &SCF_ENERGY [&Type "Double"]      -2.1719001018597000e+03
$End
$DFT_Energy
   &GeometryIndex 59
   &ListStatus       OUT
   &NALPHAEL [&Type "Integer"] 99
   &NBETAEL [&Type "Integer"] 99
   &NTOTALEL [&Type "Integer"] 197
   &EEXCHANGE [&Type "Double"]      -1.6626847126283923e+02
   &ECORR [&Type "Double"]      -8.6093142147956172e+00
   &ECNL [&Type "Double"]       0.0000000000000000e+00
   &EXC [&Type "Double"]      -1.7487778547763486e+02
   &EEMBED [&Type "Double"]       0.0000000000000000e+00
   &FINALEN [&Type "Double"]      -2.1719001018597000e+03  "No Van der Waals correction"
$End
$VdW_Correction
   &GeometryIndex 59
   &ListStatus       OUT
   &VDW [&Type "Double"]      -8.3368202611814740e-02
$End
$SCF_Nuc_Gradient
   &GeometryIndex 59
   &ListStatus       OUT
   &NATOMS [&Type "Integer"] 34
   &ROOT [&Type "Integer"] 0
   &GRADNORM [&Type "Double"]       1.6574548556758761e-03
   &GRAD [&Type "ArrayOfDoubles", &Dim (102,1)] 
                                                         0

0                                      7.5653432133141948e-05
1                                      1.0078264384844049e-05
2                                     -7.1961828354144552e-06
3                                      7.4346160209015633e-06
4                                      7.6446045784842043e-05
5                                     -1.6667959756617307e-04
6                                     -6.4003230873792283e-05
7                                     -6.0276496857632027e-05
8                                      3.4470174937920733e-04
9                                     -2.4060554440132054e-04
10                                     1.7626794509770227e-04
11                                     3.1551366235296752e-05
12                                    -8.4670216309840063e-05
13                                     4.6534646011751890e-05
14                                     1.7438072967694562e-04
15                                     1.9276534373460774e-05
16                                     3.9204172769286005e-05
17                                     7.9601791877700889e-05
18                                    -2.5403180367450373e-05
19                                    -2.8625420929045964e-05
20                                    -5.1515824108921970e-05
21                                     3.1110380287785455e-04
22                                     6.1151409029961551e-05
23                                    -3.5934455845289953e-04
24                                     1.4890946597434507e-04
25                                    -1.7210143164179958e-04
26                                     1.3386123948886698e-04
27                                     6.3794853853091360e-06
28                                     5.0211117760667195e-05
29                                     8.8400615569084184e-06
30                                    -1.6604997720561648e-04
31                                    -3.1944593331537205e-04
32                                    -3.4035162047094114e-04
33                                    -3.5008995111869036e-04
34                                     5.8906273084358141e-06
35                                     1.1661358481548229e-04
36                                     5.1932412488908675e-05
37                                     1.4311185580405394e-04
38                                    -1.1359231823089566e-04
39                                     1.6598512201926319e-06
40                                     1.3314233496009020e-04
41                                    -8.8503964557902493e-05
42                                    -4.5398597070533953e-06
43                                     2.5230640995070608e-05
44                                     1.6493366043254798e-04
45                                     2.6885193764555892e-04
46                                    -4.2502533334739731e-04
47                                     3.4748930202744242e-04
48                                    -2.2842629825964300e-05
49                                     2.5451413569577142e-05
50                                     1.6592692149389188e-05
51                                     2.4634786583366958e-04
52                                     1.8880229805384730e-04
53                                    -1.6914986436994406e-05
54                                    -1.9079122619597433e-04
55                                     2.3336246608801625e-04
56                                    -2.0085527495122824e-04
57                                    -2.5810100460120500e-05
58                                     1.0521807220797985e-04
59                                     3.3918339347606408e-05
60                                     3.7480649368396013e-04
61                                     8.1421051181022885e-05
62                                     1.9535481560029044e-04
63                                    -1.9095849172753778e-04
64                                     1.8953112339625822e-05
65                                     5.3773046993429996e-05
66                                    -1.3076566781535653e-04
67                                     1.1744336510205455e-04
68                                     1.6746572035736262e-05
69                                     1.4995283068497400e-04
70                                     6.3705926069856922e-05
71                                    -9.5127948854800692e-05
72                                    -3.1431244808493436e-04
73                                    -2.1466407060144466e-04
74                                    -4.7590556304084874e-04
75                                     3.1193904683050888e-04
76                                    -1.5734318847861195e-04
77                                     2.1217728209979581e-04
78                                    -3.6956391267328748e-05
79                                    -5.3451480294175457e-05
80                                    -8.0646602646061716e-05
81                                    -8.6796947329659258e-05
82                                    -3.9934553906634251e-05
83                                    -1.5881044661769650e-04
84                                     1.5711301534114541e-04
85                                     1.3004131236615812e-05
86                                     2.6361780508257771e-05
87                                    -7.0729442049499713e-05
88                                     9.0976581110395471e-05
89                                     2.6882233886117712e-05
90                                    -1.7354796125168548e-04
91                                     6.4415559369909725e-05
92                                     2.1218015207713492e-05
93                                     2.0590806529503791e-05
94                                    -2.6939454284152786e-04
95                                     8.9455298331625466e-05
96                                     8.8284356206946857e-05
97                                     6.7005554501356479e-06
98                                    -1.7756614723529740e-05
99                                    -6.1362685672000650e-05
100                                   -3.6461123142428331e-05
101                                    7.8747907773783765e-05
$End
$Geometry
   &GeometryIndex 60
   &ListStatus       OUT
   &NATOMS [&Type "Integer"] 34
   &NCORELESSECP [&Type "Integer"] 0
   &NGHOSTATOMS [&Type "Integer"] 0
   &CartesianCoordinates [&Type "Coordinates", &Dim(34,4), &Units "Bohr"] 
              H     -0.525950968669   -9.295316746664   -6.887125469426
              H     -2.668778478525   -7.111048041169   -5.562168892787
              C     -0.679084107475   -7.618633100531   -5.695634133803
              N      0.564768121781   -5.527982624744   -7.043453576328
              H     -2.423720899932   -2.778949823765   -7.127867131626
              H     -0.603213108516   -9.585273971914   -2.171027827488
              H      4.339682034389   -6.970339754603   -7.479070405229
              C     -0.512271837801   -3.320080158526   -7.571990409327
              C      3.058473440633   -5.425104963444   -7.777649192105
              H      0.938050122032    1.001724912676  -11.397704484301
              C      0.436011390643   -8.056597789870   -3.084399497642
              N      1.202492548214   -1.807487449836   -8.620624890625
              C      3.458327673179   -3.094527737042   -8.766352888629
              H     -1.101354593742    1.375029166406   -8.732867363001
              H      2.420094754516   -8.605406750530   -3.190278318189
              C      0.775801945938    0.822250828018   -9.353475352640
              H      5.149325352801   -2.221757040815   -9.472852098946
              H      0.286508154545   -6.356389910361   -1.940535422792
              H      2.163994230133    2.000483077144   -8.400853499575
              F      3.425174675914    3.718157304403    0.717304547872
              O     -4.145025383389    0.117816516369   -4.763679650761
              N      0.083086478679    1.209234443443   -3.139342484767
              F     -4.169874855156    4.406345754232   -1.192868980495
              O      4.511225572135    1.454512143091   -4.425773151899
              S     -2.527092349663   -0.118500661738   -2.569028133937
              C      3.770484155997    1.231887648142    0.483252601014
              F      2.404276648754    0.048465862925    2.241101288329
              S      2.837384541056    0.133023649618   -2.732446102145
              C     -3.949957114313    2.091645260025   -0.223216923853
              F      6.211243394830    0.709640328123    0.867465155985
              F     -6.245815907941    1.252410360336    0.408352603317
              O     -2.427693845934   -2.549292569681   -1.344870181372
              F     -2.527502010235    2.207907361752    1.853786610939
              O      3.017813040859   -2.582286805732   -2.609176635243
$End
$SCF_Energy
   &GeometryIndex 60
   &ListStatus       OUT
   &SCF_ENERGY [&Type "Double"]      -2.1719001456147448e+03
$End
$DFT_Energy
   &GeometryIndex 60
   &ListStatus       OUT
   &NALPHAEL [&Type "Integer"] 99
   &NBETAEL [&Type "Integer"] 99
   &NTOTALEL [&Type "Integer"] 197
   &EEXCHANGE [&Type "Double"]      -1.6626862849150734e+02
   &ECORR [&Type "Double"]      -8.6092926256771030e+00
   &ECNL [&Type "Double"]       0.0000000000000000e+00
   &EXC [&Type "Double"]      -1.7487792111718446e+02
   &EEMBED [&Type "Double"]       0.0000000000000000e+00
   &FINALEN [&Type "Double"]      -2.1719001456147448e+03  "No Van der Waals correction"
$End
$VdW_Correction
   &GeometryIndex 60
   &ListStatus       OUT
   &VDW [&Type "Double"]      -8.3329510558428882e-02
$End
$SCF_Nuc_Gradient
   &GeometryIndex 60
   &ListStatus       OUT
   &NATOMS [&Type "Integer"] 34
   &ROOT [&Type "Integer"] 0
   &GRADNORM [&Type "Double"]       1.4084078080192266e-03
   &GRAD [&Type "ArrayOfDoubles", &Dim (102,1)] 
                                                         0

0                                      6.4770265109306488e-05
1                                      7.8191016478212916e-06
2                                     -1.3415161869895220e-05
3                                     -7.0955662142824227e-06
4                                      4.9161964323515828e-05
5                                     -1.4093339211702222e-04
6                                     -1.0734047623986442e-05
7                                     -2.0619864177017638e-05
8                                      3.1603492743255412e-04
9                                     -1.0198629855428382e-04
10                                     1.4163154936219780e-04
11                                     5.4067523726969435e-05
12                                    -4.1318017952013397e-05
13                                     4.2417204206252057e-05
14                                     1.9986271993379517e-04
15                                    -4.7758609279524578e-06
16                                     3.2412705124024166e-05
17                                     5.0894323660330421e-05
18                                    -2.5374873174527357e-05
19                                    -2.2837828696525841e-05
20                                    -3.8456802803329970e-05
21                                     1.5631818970907041e-04
22                                    -1.0701874724225457e-05
23                                    -3.5185145184522815e-04
24                                     1.0829301136440483e-04
25                                    -1.3848075544901917e-04
26                                     1.0210062285530286e-04
27                                    -3.0583278363850025e-06
28                                     3.7353132435188202e-05
29                                    -4.1225679227041567e-06
30                                    -1.9934297320353678e-04
31                                    -2.0457540541513725e-04
32                                    -2.6664735596222677e-04
33                                    -2.2884131946989024e-04
34                                     1.9150826628566708e-05
35                                     7.8629149292151757e-05
36                                     2.3766607601408141e-05
37                                     1.0924378051256622e-04
38                                    -1.0731915114838009e-04
39                                    -2.8615605407178446e-06
40                                     1.2163053944687363e-04
41                                    -9.0347639415441772e-05
42                                    -1.9643541721847679e-06
43                                     1.4932452810048624e-05
44                                     1.4083139556663469e-04
45                                     1.9576945489901271e-04
46                                    -3.3321299860292197e-04
47                                     2.8995247466911955e-04
48                                     5.5966478375579776e-06
49                                     1.7669765939545834e-05
50                                     2.3851004119404551e-05
51                                     2.4107477446535901e-04
52                                     1.3452077009015739e-04
53                                    -8.7770914247525811e-05
54                                    -1.5396103629267133e-04
55                                     1.6194021805725212e-04
56                                    -1.4074739341937703e-04
57                                    -4.0504591661633116e-05
58                                     8.0831009521886710e-05
59                                     6.9806260958149569e-05
60                                     3.7868219592820940e-04
61                                     6.8718200329324908e-05
62                                     2.0143218264712104e-04
63                                    -9.8097935813448549e-05
64                                    -3.7327772317519159e-05
65                                     1.9076250573762943e-05
66                                    -9.0303839066392666e-05
67                                     5.3906257518554490e-05
68                                     2.3574305799550777e-06
69                                     1.0354581822380471e-04
70                                     4.7585747707995507e-05
71                                    -8.8492590687661021e-05
72                                    -2.9652898700597424e-04
73                                     3.2740711965184577e-06
74                                    -4.9196403905948927e-04
75                                     3.1270527893724476e-04
76                                    -1.1423642450071603e-04
77                                     1.7526129740003116e-04
78                                    -3.1675851582840808e-05
79                                    -3.2366762559188356e-05
80                                    -8.2646159738630764e-05
81                                    -1.0516138481639348e-04
82                                    -4.9991931152709723e-05
83                                    -1.4063111451892429e-04
84                                     1.1618456477532901e-04
85                                    -2.3791323071814530e-05
86                                     4.7465715065073133e-05
87                                    -8.5222965530096229e-05
88                                     7.8707637155200905e-05
89                                     2.3673776626167986e-05
90                                    -1.4543238697584115e-04
91                                     5.2922387756518252e-05
92                                     4.6818596631248433e-05
93                                    -5.0438113161840881e-06
94                                    -2.4272693459997940e-04
95                                     1.7686152653270670e-04
96                                     3.6253041502815053e-05
97                                    -2.2650865550494920e-05
98                                    -2.7844031983192963e-05
99                                    -6.3673862846246043e-05
100                                   -2.2308557340200430e-05
101                                    5.4212566771193876e-05
$End
$Geometry
   &GeometryIndex 61
   &ListStatus       OUT
   &NATOMS [&Type "Integer"] 34
   &NCORELESSECP [&Type "Integer"] 0
   &NGHOSTATOMS [&Type "Integer"] 0
   &CartesianCoordinates [&Type "Coordinates", &Dim(34,4), &Units "Bohr"] 
              H     -0.507585314665   -9.304144723712   -6.891179966428
              H     -2.665311069128   -7.126540229839   -5.580694620352
              C     -0.672690062892   -7.625277355573   -5.704447790954
              N      0.569008077101   -5.532919818103   -7.050772890471
              H     -2.419467223031   -2.783192449677   -7.121466158875
              H     -0.604095023275   -9.586839617577   -2.177737412340
              H      4.343057540506   -6.973781698999   -7.495508802982
              C     -0.509348883245   -3.323647517973   -7.571878652262
              C      3.060942436275   -5.428344837641   -7.789521488991
              H      0.936007573593    1.006498279064  -11.392389160842
              C      0.430679070244   -8.052045026426   -3.085972347248
              N      1.203639549523   -1.809121871654   -8.621535332508
              C      3.459022337013   -3.095821285592   -8.773820354425
              H     -1.101977570793    1.372146807970   -8.724656165350
              H      2.418837275991   -8.587931760871   -3.181293511811
              C      0.774962979242    0.822612332320   -9.348535421960
              H      5.148940177552   -2.222513618007   -9.482328544951
              H      0.263052421436   -6.351526402881   -1.945421404538
              H      2.164139845111    1.996997352675   -8.392158326865
              F      3.432347769798    3.717084359406    0.716879093702
              O     -4.147836388866    0.095323261923   -4.748418450721
              N      0.080874411801    1.207672951192   -3.135779980905
              F     -4.168556934860    4.411824331698   -1.208427558981
              O      4.507490976950    1.457544312980   -4.425096003558
              S     -2.526353684016   -0.121101759325   -2.553490933584
              C      3.768710631178    1.229647552249    0.483752280034
              F      2.396116885606    0.052218623193    2.240691865688
              S      2.836097713725    0.132935888082   -2.732068283990
              C     -3.950634698795    2.103487359015   -0.223707385350
              F      6.207248395248    0.698350426750    0.871092782683
              F     -6.246960139160    1.267775604469    0.409848706086
              O     -2.420868515072   -2.541904753381   -1.310850859948
              F     -2.531379091298    2.232449334115    1.854673433020
              O      3.018771346941   -2.582355334133   -2.612850641503
$End
$SCF_Energy
   &GeometryIndex 61
   &ListStatus       OUT
   &SCF_ENERGY [&Type "Double"]      -2.1719001997552518e+03
$End
$DFT_Energy
   &GeometryIndex 61
   &ListStatus       OUT
   &NALPHAEL [&Type "Integer"] 99
   &NBETAEL [&Type "Integer"] 99
   &NTOTALEL [&Type "Integer"] 197
   &EEXCHANGE [&Type "Double"]      -1.6626881548238345e+02
   &ECORR [&Type "Double"]      -8.6092693917010727e+00
   &ECNL [&Type "Double"]       0.0000000000000000e+00
   &EXC [&Type "Double"]      -1.7487808487408452e+02
   &EEMBED [&Type "Double"]       0.0000000000000000e+00
   &FINALEN [&Type "Double"]      -2.1719001997552518e+03  "No Van der Waals correction"
$End
$VdW_Correction
   &GeometryIndex 61
   &ListStatus       OUT
   &VDW [&Type "Double"]      -8.3280175693833725e-02
$End
$SCF_Nuc_Gradient
   &GeometryIndex 61
   &ListStatus       OUT
   &NATOMS [&Type "Integer"] 34
   &ROOT [&Type "Integer"] 0
   &GRADNORM [&Type "Double"]       7.0409706563261587e-04
   &GRAD [&Type "ArrayOfDoubles", &Dim (102,1)] 
                                                         0

0                                      1.9065259777323318e-05
1                                     -7.4271472768616675e-06
2                                     -1.9154672544360873e-05
3                                     -7.7760240523583324e-06
4                                     -5.5738582042524909e-06
5                                     -3.8949956539222758e-05
6                                      2.8454465248003991e-05
7                                      3.0686579800047638e-05
8                                      1.0799476347200798e-04
9                                      1.6120870179994404e-04
10                                    -1.5253369917339610e-05
11                                     4.3596370213311308e-05
12                                     2.4767899612615496e-05
13                                     3.4028638035560332e-06
14                                     1.8151826249845210e-04
15                                    -3.6862001383392018e-05
16                                     1.2200914446869326e-05
17                                    -1.6891907714700061e-05
18                                    -1.0286029338335556e-05
19                                    -1.1154851544376010e-05
20                                    -1.0256334127753397e-06
21                                    -1.2479191998507333e-04
22                                    -2.8182107964166980e-05
23                                    -2.1649556438367232e-04
24                                    -9.6701171246882378e-07
25                                     7.4822333971519273e-06
26                                    -2.5744943897116138e-05
27                                    -8.8543489489261579e-06
28                                     5.1527956484928583e-06
29                                    -9.6006001935600160e-06
30                                    -2.0476528196570684e-04
31                                    -2.0236262808009161e-05
32                                    -1.5951907994568582e-05
33                                     4.3780867944579263e-05
34                                     2.7159675721477594e-06
35                                     2.6895276932996370e-05
36                                    -3.5395054221898370e-05
37                                     2.4154730055472862e-05
38                                    -2.8734227606852514e-05
39                                     4.9408807046569247e-06
40                                     6.2650172578955499e-05
41                                    -6.8220812617481030e-05
42                                     1.2592474389089281e-05
43                                    -2.1169314542643369e-05
44                                     6.0623698018027160e-05
45                                     8.0295703541481342e-06
46                                    -9.4325091170986697e-05
47                                     5.5501189794781788e-05
48                                     2.6022665527147826e-05
49                                    -1.0141741645111613e-05
50                                     2.7389585567555441e-05
51                                     1.9154172532523037e-04
52                                     9.3755150685270738e-05
53                                    -1.4824931409403164e-04
54                                    -5.0166758779751630e-05
55                                     4.8092088727635929e-05
56                                    -5.2326138777480935e-07
57                                    -3.3959298263198934e-05
58                                     4.0715393664347843e-05
59                                     1.2543536190284116e-04
60                                     1.5421523079181543e-04
61                                     4.7528471441991155e-05
62                                    -3.6571691375553161e-05
63                                    -2.6428660730349121e-05
64                                    -1.8030568774807243e-05
65                                     6.8051669740512577e-05
66                                    -9.7312444631361683e-06
67                                    -4.9568451741921482e-05
68                                    -2.0782491677862058e-05
69                                    -3.3529830590905974e-06
70                                    -2.0020485499983032e-05
71                                    -2.8279227026750675e-05
72                                    -1.4799483165504890e-04
73                                     1.3860302409954284e-04
74                                    -6.9702483923933523e-05
75                                     1.6760969139802129e-04
76                                    -1.6670935704649059e-05
77                                     1.3941792106647588e-05
78                                    -3.3566440333171466e-05
79                                    -2.6562057849066623e-06
80                                    -5.0187894100578445e-05
81                                    -2.0998414416231737e-05
82                                    -7.0661484251569040e-05
83                                    -1.0826607472602667e-04
84                                     5.8637995656446451e-05
85                                     4.1531555173279777e-06
86                                     1.5214235584704028e-05
87                                    -7.1037933456141733e-05
88                                     4.2511496231523171e-05
89                                     1.6558118218823470e-05
90                                    -1.4326886513371662e-05
91                                     1.1822541680514553e-05
92                                     2.3226064332998453e-05
93                                    -4.1279335125012778e-06
94                                    -1.3910952096712892e-04
95                                     1.3782411591484189e-04
96                                    -2.4719416936741512e-05
97                                    -4.6034989232574680e-05
98                                    -1.7027381305212419e-05
99                                    -3.0758965367590207e-05
100                                    5.8881578840486171e-07
101                                    1.6589550604066694e-05
$End
$Geometry
   &GeometryIndex 62
   &ListStatus       OUT
   &NATOMS [&Type "Integer"] 34
   &NCORELESSECP [&Type "Integer"] 0
   &NGHOSTATOMS [&Type "Integer"] 0
   &CartesianCoordinates [&Type "Coordinates", &Dim(34,4), &Units "Bohr"] 
              H     -0.517339092798   -9.302079871916   -6.892222502542
              H     -2.665898685445   -7.121209063877   -5.571831086830
              C     -0.674843957075   -7.624155664097   -5.703205942354
              N      0.567730789765   -5.532785513447   -7.049798492534
              H     -2.419637955898   -2.781794394614   -7.122284214098
              H     -0.597897452419   -9.593473469764   -2.181377400100
              H      4.341471646970   -6.974938076917   -7.493448583910
              C     -0.509485596576   -3.323030260752   -7.571189447914
              C      3.059664098653   -5.429465532969   -7.788498497666
              H      0.940425027977    1.007870587975  -11.390855890542
              C      0.434798802365   -8.056317396098   -3.087982452359
              N      1.204452995411   -1.809580552278   -8.621338318477
              C      3.459012831894   -3.097481651706   -8.773207692778
              H     -1.100194591380    1.371852796543   -8.724222876538
              H      2.422683520950   -8.591977141318   -3.189514226875
              C      0.777207104081    0.823006351051   -9.347330387936
              H      5.149571073541   -2.225636214103   -9.482007655433
              H      0.268729238622   -6.358144745927   -1.944001370380
              H      2.166164479019    1.995329687822   -8.387904397338
              F      3.440873795255    3.722767427168    0.709010677964
              O     -4.148444144473    0.100469182514   -4.749816116080
              N      0.080439770923    1.210091420330   -3.133661808359
              F     -4.168512567095    4.411970467596   -1.202901979130
              O      4.506368705018    1.455563315104   -4.426601627618
              S     -2.527416198374   -0.118857431357   -2.554716265309
              C      3.770118397125    1.233989335708    0.481502124519
              F      2.394760933443    0.064390744512    2.241593606628
              S      2.835098378156    0.133535365067   -2.731569076159
              C     -3.953855857771    2.101494340828   -0.222635902016
              F      6.207416940539    0.696541368482    0.869559732046
              F     -6.251545247367    1.265220656777    0.404840583986
              O     -2.423158536909   -2.541539796640   -1.315943035672
              F     -2.538489360812    2.225601285639    1.858665137544
              O      3.016613530421   -2.581668839599   -2.610174907217
$End
$SCF_Energy
   &GeometryIndex 62
   &ListStatus       OUT
   &SCF_ENERGY [&Type "Double"]      -2.1719002115457538e+03
$End
$DFT_Energy
   &GeometryIndex 62
   &ListStatus       OUT
   &NALPHAEL [&Type "Integer"] 99
   &NBETAEL [&Type "Integer"] 99
   &NTOTALEL [&Type "Integer"] 197
   &EEXCHANGE [&Type "Double"]      -1.6626902939059812e+02
   &ECORR [&Type "Double"]      -8.6092789810886359e+00
   &ECNL [&Type "Double"]       0.0000000000000000e+00
   &EXC [&Type "Double"]      -1.7487830837168676e+02
   &EEMBED [&Type "Double"]       0.0000000000000000e+00
   &FINALEN [&Type "Double"]      -2.1719002115457538e+03  "No Van der Waals correction"
$End
$VdW_Correction
   &GeometryIndex 62
   &ListStatus       OUT
   &VDW [&Type "Double"]      -8.3270028267213858e-02
$End
$SCF_Nuc_Gradient
   &GeometryIndex 62
   &ListStatus       OUT
   &NATOMS [&Type "Integer"] 34
   &ROOT [&Type "Integer"] 0
   &GRADNORM [&Type "Double"]       6.4761950571093254e-04
   &GRAD [&Type "ArrayOfDoubles", &Dim (102,1)] 
                                                         0

0                                     -1.4764453427310031e-05
1                                     -3.1400151192517711e-06
2                                     -2.5903460898202280e-06
3                                     -2.0408283935013927e-06
4                                     -2.3685103861831314e-05
5                                      2.6886663499765817e-05
6                                      5.4942785219010137e-05
7                                      4.4829738622331403e-05
8                                     -4.0945425190411222e-05
9                                      1.9612704832377634e-04
10                                    -5.6395185118268687e-05
11                                     3.5285086928640852e-05
12                                     4.4073180817227886e-05
13                                    -5.1974725751510742e-06
14                                     1.4103896381575248e-04
15                                    -5.1297361148283649e-05
16                                    -2.5886101216177071e-06
17                                    -5.4911373237084837e-05
18                                     1.9381765260229056e-06
19                                     8.5666531459693829e-06
20                                     1.2137175803044603e-05
21                                    -2.0999475160871084e-04
22                                    -7.2567902637560994e-05
23                                    -1.0516262119424427e-04
24                                    -4.7974762297203766e-05
25                                     7.6252056366368781e-05
26                                    -5.5012420310664861e-05
27                                    -1.8717969471841039e-06
28                                    -2.1520931331547172e-05
29                                    -7.8034665237092238e-06
30                                    -1.3318067067429745e-04
31                                     5.5889929268080176e-05
32                                     1.4982197734841884e-04
33                                     1.7142561399683537e-04
34                                    -4.4816328141072947e-06
35                                     3.0593496574415902e-06
36                                    -6.6387991332794716e-05
37                                    -1.6462492918603577e-05
38                                     1.2844122447147610e-06
39                                    -1.7291010129261153e-06
40                                     1.0231575995500730e-05
41                                    -2.8693022493066211e-05
42                                     3.7939478665927062e-06
43                                    -3.5440837828956684e-05
44                                     8.4565227153666524e-06
45                                    -4.5797277407572806e-05
46                                     4.4783015129345322e-05
47                                    -6.3696992187103549e-05
48                                     3.3455868226672791e-05
49                                    -2.6256682275113685e-05
50                                     1.8312960725672123e-05
51                                     1.4398773610685076e-04
52                                     5.3275877056446763e-05
53                                    -2.0335500390500361e-04
54                                    -5.3526018346516935e-06
55                                     4.8392206580677444e-06
56                                     6.9417703914650963e-05
57                                    -1.9477098722658903e-05
58                                     1.2610875846807978e-05
59                                     1.0335743424241123e-04
60                                     4.6986740705023955e-05
61                                     5.5138474929529446e-06
62                                    -4.0930167812480711e-05
63                                     4.5801019728064496e-05
64                                    -6.9980291635407532e-06
65                                     9.0553642032101256e-05
66                                     3.6010906142389804e-05
67                                    -7.9322185304320225e-05
68                                    -1.2829939637276633e-05
69                                    -4.8235003610119787e-05
70                                    -5.0764235516309597e-05
71                                     2.8681791893470088e-05
72                                    -5.3724079389444457e-05
73                                     1.5998432870567569e-04
74                                     3.0624563803191562e-05
75                                     5.9476830410534753e-05
76                                     3.6121390637078310e-05
77                                    -8.1388404152865634e-05
78                                    -3.4896331787354073e-05
79                                     1.7092007345842486e-06
80                                    -8.0535263239367438e-06
81                                     1.7782455657047724e-05
82                                    -6.8076769106917290e-05
83                                    -8.6298768439616036e-05
84                                    -5.2779118889234589e-06
85                                    -1.0855265646356194e-05
86                                     6.8446324500426314e-06
87                                    -3.2334796474575711e-05
88                                     1.3475669396176282e-05
89                                     5.7948393301851531e-06
90                                     2.4045156222562980e-05
91                                    -1.7164035326616700e-05
92                                     1.3195189164302845e-05
93                                    -5.4639915569826975e-05
94                                    -1.8261164140553898e-05
95                                     7.3018364301458138e-05
96                                    -4.5886194341399067e-05
97                                    -3.0851549100437137e-05
98                                    -2.0081998762522257e-05
99                                    -4.9845301378428908e-06
100                                    2.1946728167410168e-05
101                                   -6.0178235937249913e-06
$End
$Geometry
   &GeometryIndex 63
   &ListStatus       OUT
   &NATOMS [&Type "Integer"] 34
   &NCORELESSECP [&Type "Integer"] 0
   &NGHOSTATOMS [&Type "Integer"] 0
   &CartesianCoordinates [&Type "Coordinates", &Dim(34,4), &Units "Bohr"] 
              H     -0.515854434429   -9.303179904053   -6.894685726088
              H     -2.665832199197   -7.123550754209   -5.574406604064
              C     -0.674513200260   -7.625632070088   -5.705362421260
              N      0.567787912022   -5.533425232289   -7.050830678258
              H     -2.420047287588   -2.782994427378   -7.122884013757
              H     -0.596303674303   -9.598546569771   -2.185438408191
              H      4.342098592310   -6.974566090450   -7.494440902271
              C     -0.509398348669   -3.323249303613   -7.570772701709
              C      3.059946223486   -5.429251388931   -7.788884799625
              H      0.939381034439    1.010638193902  -11.387217517431
              C      0.433916939573   -8.058102923370   -3.089244938163
              N      1.204341061517   -1.809000245093   -8.619776343729
              C      3.459103615854   -3.096531413866   -8.772030653895
              H     -1.100449710551    1.371823248968   -8.719127309610
              H      2.423057973399   -8.589065922248   -3.189761235753
              C      0.776785820760    0.824223096894   -9.343834752630
              H      5.149504641329   -2.224146451522   -9.480483475863
              H      0.262644981600   -6.361208753254   -1.943861487737
              H      2.165965131533    1.995560243881   -8.383567163670
              F      3.448882097181    3.725533608183    0.702942347884
              O     -4.148776531140    0.094544413874   -4.748232694393
              N      0.079579526715    1.209052784153   -3.131916536603
              F     -4.169075666429    4.412235344611   -1.208969672196
              O      4.505243443281    1.454043717921   -4.427112893496
              S     -2.527716489891   -0.121302919322   -2.552539744144
              C      3.771508780560    1.235492590494    0.480187603783
              F      2.393586343158    0.072562823100    2.242714722741
              S      2.834582348517    0.132667180156   -2.730962335992
              C     -3.954191110562    2.103497880182   -0.224536607093
              F      6.207684425028    0.692483274389    0.868963522652
              F     -6.251840245329    1.268065779681    0.404155491170
              O     -2.422301519455   -2.542510764993   -1.311419274000
              F     -2.538960317712    2.231830547765    1.856654181367
              O      3.016542658992   -2.582430877970   -2.608387269456
$End
$SCF_Energy
   &GeometryIndex 63
   &ListStatus       OUT
   &SCF_ENERGY [&Type "Double"]      -2.1719002127782032e+03
$End
$DFT_Energy
   &GeometryIndex 63
   &ListStatus       OUT
   &NALPHAEL [&Type "Integer"] 99
   &NBETAEL [&Type "Integer"] 99
   &NTOTALEL [&Type "Integer"] 197
   &EEXCHANGE [&Type "Double"]      -1.6626895075331990e+02
   &ECORR [&Type "Double"]      -8.6092758057180649e+00
   &ECNL [&Type "Double"]       0.0000000000000000e+00
   &EXC [&Type "Double"]      -1.7487822655903796e+02
   &EEMBED [&Type "Double"]       0.0000000000000000e+00
   &FINALEN [&Type "Double"]      -2.1719002127782032e+03  "No Van der Waals correction"
$End
$VdW_Correction
   &GeometryIndex 63
   &ListStatus       OUT
   &VDW [&Type "Double"]      -8.3270198706076159e-02
$End
$SCF_Nuc_Gradient
   &GeometryIndex 63
   &ListStatus       OUT
   &NATOMS [&Type "Integer"] 34
   &ROOT [&Type "Integer"] 0
   &GRADNORM [&Type "Double"]       6.5703148910311801e-04
   &GRAD [&Type "ArrayOfDoubles", &Dim (102,1)] 
                                                         0

0                                     -2.2242024208076958e-05
1                                      2.0077721223088485e-06
2                                      1.4295288807975037e-06
3                                     -2.9640817850451473e-06
4                                     -1.8691481806533405e-05
5                                      5.1111409340786479e-05
6                                      4.6927418138255350e-05
7                                      4.9515209403274210e-05
8                                     -1.3178200542587892e-04
9                                      1.5309015000431608e-04
10                                    -9.2795050599170370e-05
11                                    -1.4920105593924093e-06
12                                     3.8336350117212925e-05
13                                    -1.7583165361489961e-05
14                                     1.0895447658620244e-04
15                                    -5.2692232727455379e-05
16                                    -4.8322672542844280e-06
17                                    -6.7225420617086917e-05
18                                     1.1913317821965475e-05
19                                     1.1149161863427404e-05
20                                     1.5340335174977154e-05
21                                    -1.3382672268383300e-04
22                                     7.6352600821213978e-06
23                                    -6.8878062926568118e-05
24                                    -4.6162045608644231e-05
25                                     4.5881360612301525e-05
26                                    -4.0207755885023413e-05
27                                     7.1358416071781727e-06
28                                    -2.4536707824478199e-05
29                                     1.5687883176962458e-06
30                                    -7.8063919668584086e-05
31                                    -1.6125450212193127e-05
32                                     2.4944699853260421e-04
33                                     1.1134992715501613e-04
34                                    -2.0476147479159268e-05
35                                     2.4709337355266481e-05
36                                    -6.7655523976473120e-05
37                                     6.5103118848802710e-06
38                                     1.3362586124124332e-05
39                                    -2.7350826534711103e-06
40                                    -2.7822101541195854e-05
41                                     4.6720528489585522e-06
42                                    -1.7200842246656300e-06
43                                    -3.6857200166745541e-05
44                                    -8.5308025008358317e-06
45                                    -3.3282790591893964e-05
46                                     1.1191384384469719e-04
47                                    -1.2193508201540498e-04
48                                     2.4044777383019911e-05
49                                    -3.0905254628690870e-05
50                                     4.6181631504910170e-06
51                                     1.0919177566389229e-04
52                                     9.8379294136086148e-05
53                                    -1.8884869007020078e-04
54                                    -2.8164338345959550e-06
55                                    -1.2195368337228341e-05
56                                     8.7555251194026962e-05
57                                     8.9323447651917798e-06
58                                     9.2086418529979674e-06
59                                     6.4066118226395463e-05
60                                    -1.5855457586699817e-05
61                                    -6.3128932459577403e-06
62                                    -1.2970388164307289e-04
63                                    -6.7705526659092574e-08
64                                     7.7460702986253960e-05
65                                     1.2451385745472499e-04
66                                     3.1213727362616739e-05
67                                    -4.1588933673730732e-05
68                                     4.9263850635666850e-06
69                                    -4.1735557834154946e-05
70                                    -5.7263181760552895e-05
71                                     5.8810643432272158e-05
72                                    -6.5463668980365874e-05
73                                    -2.9509682322903519e-05
74                                     1.8327699946033005e-04
75                                    -4.8026132827193313e-05
76                                     5.2183720935294886e-05
77                                    -1.4123060455567549e-04
78                                    -3.3546464340589166e-05
79                                    -1.1746666385703541e-05
80                                     3.1059715386305697e-05
81                                     4.6395533182433391e-05
82                                    -6.2053859724214844e-05
83                                    -5.2797343627966620e-05
84                                     2.2047747484210678e-05
85                                     3.1484322996683245e-05
86                                    -4.1666141260388034e-05
87                                     1.9726276708043056e-05
88                                    -5.0841770864451519e-06
89                                     2.9942942798150129e-06
90                                     4.3248039737764365e-05
91                                    -2.3837232553100551e-05
92                                    -1.6310263202173880e-05
93                                    -3.2063948586270874e-05
94                                     9.5040326680839726e-06
95                                    -1.9650786779762397e-05
96                                    -2.0160081799780460e-05
97                                    -5.5762651863834611e-06
98                                     1.1290615762549194e-05
99                                     2.7526706010555513e-05
100                                    3.2959469099091976e-05
101                                   -1.3448698484755384e-05
$End
$Geometry
   &GeometryIndex 64
   &ListStatus       OUT
   &NATOMS [&Type "Integer"] 34
   &NCORELESSECP [&Type "Integer"] 0
   &NGHOSTATOMS [&Type "Integer"] 0
   &CartesianCoordinates [&Type "Coordinates", &Dim(34,4), &Units "Bohr"] 
              H     -0.514485442200   -9.303759780355   -6.896345323422
              H     -2.665538018998   -7.125378852687   -5.575472053111
              C     -0.674025372566   -7.626695836521   -5.706481391948
              N      0.567605621652   -5.533741691905   -7.051300989551
              H     -2.420015282650   -2.783339675706   -7.122270524587
              H     -0.592066145083   -9.603597312049   -2.188674116607
              H      4.341824627278   -6.975251850179   -7.496555069340
              C     -0.509144874591   -3.323108996877   -7.569869145407
              C      3.059840503105   -5.429551680400   -7.789692764815
              H      0.939353548304    1.013133389927  -11.383936240068
              C      0.434689213109   -8.059659111400   -3.090426339842
              N      1.204333183010   -1.808691807853   -8.618582378702
              C      3.459053989185   -3.096343428659   -8.771745167260
              H     -1.099879494795    1.372123166244   -8.714845630415
              H      2.425174455192   -8.585339534722   -3.190844698364
              C      0.777151285111    0.825099472485   -9.340693213843
              H      5.149043804060   -2.223569429799   -9.480636027180
              H      0.258630606344   -6.364428227942   -1.943056330929
              H      2.166564467388    1.995530479098   -8.379848808408
              F      3.454338590490    3.725852349657    0.699458519562
              O     -4.150040507787    0.090595401816   -4.746837798630
              N      0.078608125681    1.208384645412   -3.132159253774
              F     -4.173289898118    4.413287736023   -1.215193450318
              O      4.504414563998    1.452747587822   -4.426964492367
              S     -2.528554274194   -0.122065039460   -2.551219299285
              C      3.772250514604    1.234961819154    0.479639672519
              F      2.393021075264    0.076442101432    2.243944533613
              S      2.833590785811    0.131671149418   -2.730634466430
              C     -3.955385462289    2.106507615258   -0.226449447380
              F      6.207683025795    0.687831949268    0.868197210743
              F     -6.251872977020    1.270343891881    0.405636164865
              O     -2.422449523416   -2.541485927629   -1.306775714691
              F     -2.538562501550    2.240518351118    1.853312786749
              O      3.015020605614   -2.583464206138   -2.607749042852
$End
$SCF_Energy
   &GeometryIndex 64
   &ListStatus       OUT
   &SCF_ENERGY [&Type "Double"]      -2.1719002146139278e+03
$End
$DFT_Energy
   &GeometryIndex 64
   &ListStatus       OUT
   &NALPHAEL [&Type "Integer"] 99
   &NBETAEL [&Type "Integer"] 99
   &NTOTALEL [&Type "Integer"] 197
   &EEXCHANGE [&Type "Double"]      -1.6626878467896194e+02
   &ECORR [&Type "Double"]      -8.6092667415314672e+00
   &ECNL [&Type "Double"]       0.0000000000000000e+00
   &EXC [&Type "Double"]      -1.7487805142049339e+02
   &EEMBED [&Type "Double"]       0.0000000000000000e+00
   &FINALEN [&Type "Double"]      -2.1719002146139278e+03  "No Van der Waals correction"
$End
$VdW_Correction
   &GeometryIndex 64
   &ListStatus       OUT
   &VDW [&Type "Double"]      -8.3269606111517736e-02
$End
$SCF_Nuc_Gradient
   &GeometryIndex 64
   &ListStatus       OUT
   &NATOMS [&Type "Integer"] 34
   &ROOT [&Type "Integer"] 0
   &GRADNORM [&Type "Double"]       5.7969872427213035e-04
   &GRAD [&Type "ArrayOfDoubles", &Dim (102,1)] 
                                                         0

0                                     -1.2790316192458004e-05
1                                      6.6900773998679330e-06
2                                      2.2055035061446793e-06
3                                     -8.9684296575298639e-07
4                                     -3.2698694354682534e-06
5                                      4.7887029700210970e-05
6                                      3.2148669906417737e-05
7                                      4.7618602798688708e-05
8                                     -1.4157012152055809e-04
9                                      3.0358746854461383e-05
10                                    -7.4155018598726086e-05
11                                    -5.3445554931280670e-06
12                                     2.3697886961160375e-05
13                                    -3.3588367275003139e-05
14                                     8.9107447207449619e-05
15                                    -4.9867346591764283e-05
16                                     3.7924210919415557e-06
17                                    -6.3088506166583680e-05
18                                     1.4541986511101834e-05
19                                     1.2039659722351548e-05
20                                     7.6834546113187241e-06
21                                    -1.0016308200161417e-05
22                                     7.4135894626972676e-05
23                                    -6.2043834785859703e-05
24                                    -6.7346304952059510e-06
25                                    -1.7004346308802099e-06
26                                    -2.5746580884887169e-05
27                                     1.8462151907417540e-05
28                                    -1.4522625365435970e-05
29                                     1.0682522257776661e-05
30                                    -1.4442888486621008e-05
31                                    -8.8201614460557297e-05
32                                     2.4074336712574806e-04
33                                     7.0372639767220940e-06
34                                    -4.2051879234200618e-05
35                                     3.7016123684896485e-05
36                                    -3.3953269260811325e-05
37                                     1.7500324837424475e-05
38                                     2.4294161145910209e-05
39                                    -7.3663045315752740e-06
40                                    -5.2646736878297906e-05
41                                     3.0316316937346877e-05
42                                    -9.2110769161768413e-06
43                                    -2.8073587736765493e-05
44                                    -7.7746928924377588e-06
45                                     1.6813719264984449e-05
46                                     1.2255052053453466e-04
47                                    -1.1997077673844836e-04
48                                     2.7418151379854372e-06
49                                    -2.0333696679558644e-05
50                                    -6.2202724978588364e-06
51                                     8.0377080478567786e-05
52                                     1.2586128318650691e-04
53                                    -1.6604490685054318e-04
54                                    -2.0291041156306200e-05
55                                    -2.1771730149028334e-05
56                                     7.4339841389645112e-05
57                                     1.8035494806507846e-05
58                                     6.3119570919423218e-06
59                                     1.8094128782786267e-05
60                                    -1.5805325952550353e-05
61                                    -8.2466746048198702e-06
62                                    -7.7566806687967560e-05
63                                    -4.8077338294250788e-06
64                                     1.1663037404144316e-04
65                                     1.0197952722675041e-04
66                                     9.8781132347042222e-06
67                                     3.7939774362727441e-05
68                                     4.3497719490609432e-06
69                                    -2.7558303714869670e-05
70                                    -2.9332862096220769e-05
71                                     4.9555507564413848e-05
72                                    -8.5140320833336502e-05
73                                    -1.2770110220414188e-04
74                                     8.5255268829825814e-05
75                                    -9.0130636307451939e-05
76                                     3.5273788604954504e-05
77                                    -1.4039111251826220e-04
78                                    -1.1409534307671443e-05
79                                    -1.4819653644859709e-05
80                                     5.9412384389168071e-05
81                                     6.1353290901372537e-05
82                                    -4.2176412878125458e-05
83                                     2.3184444695734108e-06
84                                     2.1452436676186459e-05
85                                    -8.9950742036687403e-06
86                                    -1.6766621853681052e-06
87                                     4.8696486480093171e-05
88                                    -2.3446393838472135e-05
89                                     1.2807934248390551e-06
90                                     2.0978177955710553e-05
91                                    -1.7128523871187684e-05
92                                    -2.6896116550254034e-05
93                                    -2.4649622929912365e-05
94                                     8.2854765505180339e-06
95                                    -2.7515037911374218e-05
96                                    -9.0134364684468782e-06
97                                     2.0689380259536483e-05
98                                    -1.7634057771775957e-06
99                                     2.7511591511548972e-05
100                                    1.6842741442979481e-05
101                                   -1.2908220417925942e-05
$End
$Geometry
   &GeometryIndex 65
   &ListStatus       OUT
   &NATOMS [&Type "Integer"] 34
   &NCORELESSECP [&Type "Integer"] 0
   &NGHOSTATOMS [&Type "Integer"] 0
   &CartesianCoordinates [&Type "Coordinates", &Dim(34,4), &Units "Bohr"] 
              H     -0.513071823630   -9.304091275834   -6.897597731861
              H     -2.665318603645   -7.127155335764   -5.575953795005
              C     -0.673613773244   -7.627663517873   -5.706945765118
              N      0.567132447446   -5.533785706897   -7.051424349020
              H     -2.420461000764   -2.783630670802   -7.121934469858
              H     -0.586176612354   -9.609219088107   -2.191414888968
              H      4.341373198117   -6.975403834370   -7.497665095378
              C     -0.509326646493   -3.322901226735   -7.569037286635
              C      3.059576661813   -5.429355144247   -7.789736092900
              H      0.937423678791    1.014433524254  -11.382191166934
              C      0.436057145985   -8.061280689008   -3.091458513928
              N      1.203844838999   -1.808268745925   -8.617540235900
              C      3.458712539591   -3.095895756480   -8.771315378968
              H     -1.099158068476    1.373358120797   -8.711076417893
              H      2.428051489983   -8.580958993133   -3.192215491415
              C      0.777038653290    0.825680939748   -9.338849545882
              H      5.148216022469   -2.222414471867   -9.480514335404
              H      0.255144086332   -6.368290808878   -1.941355342634
              H      2.167690486982    1.995696860153   -8.379319239690
              F      3.457469920683    3.724470564321    0.698654527928
              O     -4.151157843265    0.086767256649   -4.745546975747
              N      0.077954521102    1.207341569664   -3.133441348030
              F     -4.176448385204    4.414925428929   -1.221733473260
              O      4.504269118221    1.452880042392   -4.426115735518
              S     -2.529034203132   -0.122552813994   -2.550177460938
              C      3.771790325301    1.233002518390    0.480037066460
              F      2.390969932206    0.076919460802    2.244449767466
              S      2.832999250800    0.130970582772   -2.730695094524
              C     -3.955698712721    2.110193341309   -0.228669218150
              F      6.206491247124    0.682551042357    0.869018985302
              F     -6.251086778568    1.273828292855    0.407326279856
              O     -2.422283666916   -2.539831400058   -1.301612229585
              F     -2.536854527081    2.249479030328    1.849460421035
              O      3.014367895997   -2.584240380012   -2.608480660382
$End
$SCF_Energy
   &GeometryIndex 65
   &ListStatus       OUT
   &SCF_ENERGY [&Type "Double"]      -2.1719002140616967e+03
$End
$DFT_Energy
   &GeometryIndex 65
   &ListStatus       OUT
   &NALPHAEL [&Type "Integer"] 99
   &NBETAEL [&Type "Integer"] 99
   &NTOTALEL [&Type "Integer"] 197
   &EEXCHANGE [&Type "Double"]      -1.6626860240200466e+02
   &ECORR [&Type "Double"]      -8.6092544353462088e+00
   &ECNL [&Type "Double"]       0.0000000000000000e+00
   &EXC [&Type "Double"]      -1.7487785683735086e+02
   &EEMBED [&Type "Double"]       0.0000000000000000e+00
   &FINALEN [&Type "Double"]      -2.1719002140616967e+03  "No Van der Waals correction"
$End
$VdW_Correction
   &GeometryIndex 65
   &ListStatus       OUT
   &VDW [&Type "Double"]      -8.3271436281346006e-02
$End
$SCF_Nuc_Gradient
   &GeometryIndex 65
   &ListStatus       OUT
   &NATOMS [&Type "Integer"] 34
   &ROOT [&Type "Integer"] 0
   &GRADNORM [&Type "Double"]       5.5956187349905800e-04
   &GRAD [&Type "ArrayOfDoubles", &Dim (102,1)] 
                                                         0

0                                      6.0508526265237034e-06
1                                      1.0107272667619904e-05
2                                     -4.8082504063295950e-06
3                                      8.0479880472106302e-06
4                                      1.7333647126083207e-05
5                                      2.2831404081057743e-05
6                                     -3.2868952345860292e-06
7                                      2.5346278639350184e-05
8                                     -7.4202157957628523e-05
9                                     -1.1295923381294398e-04
10                                    -3.2549682772831101e-05
11                                    -4.5967410438066403e-05
12                                     1.3182729208971455e-05
13                                    -4.4756167915042944e-05
14                                     6.7782269121435812e-05
15                                    -3.3761602034304561e-05
16                                     1.5822228843193065e-05
17                                    -3.1553641618109474e-05
18                                     1.1117918168462859e-05
19                                     1.0273618188089140e-05
20                                    -3.8557319889109820e-06
21                                     1.1890456419050288e-04
22                                     9.7090686746684890e-05
23                                    -4.1371989701558670e-05
24                                     2.9820755372805818e-05
25                                    -3.5848739731850210e-05
26                                     2.6328158039016711e-05
27                                     2.6223973965538994e-05
28                                     1.5200511892857899e-05
29                                     1.1031497880120700e-05
30                                     2.3035462488354280e-05
31                                    -1.4325104882193483e-04
32                                     1.5925615265724447e-04
33                                    -1.1657879133642433e-04
34                                    -3.4475851036386285e-05
35                                     6.1743123837866565e-05
36                                     2.9900020220102741e-05
37                                     9.6888482092466477e-06
38                                     8.2566291133290282e-06
39                                    -9.0396471029152714e-06
40                                    -5.1537267908352558e-05
41                                     3.6690503820865916e-05
42                                    -1.4931777473137231e-05
43                                    -2.0874654005485771e-05
44                                     7.3235439450015059e-06
45                                     5.2222603006911970e-05
46                                     6.6876949924171009e-05
47                                    -1.0094156951289540e-04
48                                    -1.1929058615856025e-05
49                                     8.2907171207041719e-06
50                                    -2.0211664291419629e-05
51                                     6.1534125222376113e-05
52                                     1.2056134450991185e-04
53                                    -1.3296777459081977e-04
54                                    -2.1737316989511868e-05
55                                    -3.8705202386191129e-06
56                                     5.5030611026282705e-05
57                                     3.3706332806589245e-05
58                                     1.5216469973433622e-05
59                                    -2.5568955547727867e-05
60                                    -2.3718328563127056e-06
61                                     8.0162301368986999e-06
62                                    -2.9303847329353871e-05
63                                    -3.0412514801127569e-05
64                                     1.0656519926491304e-04
65                                     8.9037270428832249e-05
66                                    -1.9916399135636031e-05
67                                     6.7683502500526238e-05
68                                     1.7548961319169276e-05
69                                     1.1316307587716512e-05
70                                     2.1059147047725046e-05
71                                     1.4396067924193900e-05
72                                    -7.5029540878568390e-05
73                                    -2.0849341627418583e-04
74                                    -3.9537532997180325e-05
75                                    -1.4806769669296199e-04
76                                    -8.5979132598765218e-06
77                                    -6.7777210795177956e-05
78                                     2.8888395987913817e-05
79                                    -8.8965231019033642e-06
80                                     4.9568588935511304e-05
81                                     4.7565931914211879e-05
82                                    -2.8152252189744820e-05
83                                     2.3442554048194730e-05
84                                     1.0901835764354217e-05
85                                     2.2445582883431903e-05
86                                    -2.1722300314455656e-05
87                                     6.7158713766279909e-05
88                                    -3.2963903017990681e-05
89                                     7.1776417038399432e-07
90                                    -1.6203063388231520e-05
91                                    -8.4730959459405897e-06
92                                    -2.2391847842001544e-05
93                                    -1.0282369945609215e-05
94                                     2.3052970341552736e-06
95                                    -6.6927480170397846e-06
96                                     2.3107031125013666e-05
97                                     1.9459085380112151e-05
98                                     1.9245742223950035e-05
99                                     2.3822181404530018e-05
100                                    3.3984485783289387e-06
101                                   -1.3562197322507241e-06
$End
$Geometry
   &GeometryIndex 66
   &ListStatus       OUT
   &NATOMS [&Type "Integer"] 34
   &NCORELESSECP [&Type "Integer"] 0
   &NGHOSTATOMS [&Type "Integer"] 0
   &CartesianCoordinates [&Type "Coordinates", &Dim(34,4), &Units "Bohr"] 
              H     -0.504698750795   -9.306481178743   -6.899865229481
              H     -2.664207234030   -7.133991241107   -5.582844605345
              C     -0.671157826521   -7.630285479378   -5.709661061106
              N      0.567757505253   -5.534396839679   -7.052970411068
              H     -2.420575474285   -2.785109408112   -7.120430291970
              H     -0.579368465460   -9.615976503884   -2.196141391686
              H      4.341957322350   -6.975279574580   -7.502404487942
              C     -0.509249636180   -3.323340338147   -7.568204734976
              C      3.060066260867   -5.428851240939   -7.792111563736
              H      0.931274022247    1.015807139798  -11.379914592170
              C      0.435712954123   -8.061340592115   -3.092836474259
              N      1.202961415998   -1.807577953788   -8.616368299601
              C      3.458310628519   -3.094512142330   -8.771927703927
              H     -1.099201980286    1.374923634689   -8.704441980368
              H      2.430759840266   -8.569656158037   -3.190320750681
              C      0.775362610659    0.826381027838   -9.336246212566
              H      5.146815470959   -2.219287831785   -9.481341416393
              H      0.243926880495   -6.371354292736   -1.939956106132
              H      2.168352784019    1.996261368146   -8.379992406791
              F      3.459954217699    3.720970503640    0.699009626817
              O     -4.152572142193    0.076364621509   -4.740484653241
              N      0.077527393834    1.204016795944   -3.135566585994
              F     -4.179372876285    4.417864374254   -1.235520210641
              O      4.504637898627    1.451684735318   -4.424197535104
              S     -2.528810524660   -0.124239872886   -2.545543438848
              C      3.770194765717    1.228882955648    0.481629275448
              F      2.386210011095    0.075587513789    2.245047999803
              S      2.832633585912    0.128575546660   -2.730277051579
              C     -3.954622721392    2.117884611759   -0.232216539533
              F      6.203671633327    0.674395932086    0.872498436299
              F     -6.248286601533    1.282449275854    0.411194135923
              O     -2.420324751373   -2.536141769771   -1.286693544992
              F     -2.532677130281    2.268067312336    1.843037141018
              O      3.013921729046   -2.586736215515   -2.609007626655
$End
$SCF_Energy
   &GeometryIndex 66
   &ListStatus       OUT
   &SCF_ENERGY [&Type "Double"]      -2.1719002153283059e+03
$End
$DFT_Energy
   &GeometryIndex 66
   &ListStatus       OUT
   &NALPHAEL [&Type "Integer"] 99
   &NBETAEL [&Type "Integer"] 99
   &NTOTALEL [&Type "Integer"] 197
   &EEXCHANGE [&Type "Double"]      -1.6626859446934307e+02
   &ECORR [&Type "Double"]      -8.6092499261425761e+00
   &ECNL [&Type "Double"]       0.0000000000000000e+00
   &EXC [&Type "Double"]      -1.7487784439548565e+02
   &EEMBED [&Type "Double"]       0.0000000000000000e+00
   &FINALEN [&Type "Double"]      -2.1719002153283059e+03  "No Van der Waals correction"
$End
$VdW_Correction
   &GeometryIndex 66
   &ListStatus       OUT
   &VDW [&Type "Double"]      -8.3271754717271496e-02
$End
$SCF_Nuc_Gradient
   &GeometryIndex 66
   &ListStatus       OUT
   &NATOMS [&Type "Integer"] 34
   &ROOT [&Type "Integer"] 0
   &GRADNORM [&Type "Double"]       6.2678686557075195e-04
   &GRAD [&Type "ArrayOfDoubles", &Dim (102,1)] 
                                                         0

0                                      2.7237027811924039e-05
1                                      6.9471870646209410e-06
2                                     -1.2595062392650735e-05
3                                      6.3425852834531060e-06
4                                      3.2871529079277206e-05
5                                     -1.1870136038982793e-05
6                                     -3.2816420178147232e-05
7                                     -3.0405325893078858e-06
8                                      3.5878068135909713e-05
9                                     -2.0672472739393516e-04
10                                     1.8727279434166411e-05
11                                    -6.1071302612458744e-05
12                                    -3.5303744658488068e-06
13                                    -5.3496983523214359e-05
14                                     4.5022134478787945e-05
15                                    -1.5858825895179174e-05
16                                     2.0744614292134145e-05
17                                     9.1011660460632582e-06
18                                     4.6189047725742061e-06
19                                    -3.1969112224139451e-06
20                                    -1.5619108024705203e-05
21                                     2.2002174990476409e-04
22                                     1.1885305658817027e-04
23                                    -1.8742344180939369e-05
24                                     6.0162963580842610e-05
25                                    -5.3334426181841921e-05
26                                     3.9108327479058999e-05
27                                     2.6344234240581119e-05
28                                     4.1910920286891001e-05
29                                     1.2570911994885803e-05
30                                     2.3400276719365981e-05
31                                    -1.5054456046593762e-04
32                                     5.8189142751324807e-06
33                                    -2.1430975449929397e-04
34                                     4.9623792017228219e-07
35                                     4.6668116045180119e-05
36                                     1.0087319789271743e-04
37                                    -2.9396289787611551e-05
38                                     1.8651100718192204e-05
39                                    -1.5889021915682644e-06
40                                    -3.0125660208955851e-05
41                                     2.3057536223322628e-05
42                                    -1.2560879524836643e-05
43                                    -9.8149890536344819e-06
44                                     3.1159058573852153e-05
45                                     6.8921294887599148e-05
46                                    -3.2094808066859826e-05
47                                    -4.3119596813721156e-05
48                                    -3.5911393820003967e-05
49                                     4.5356469272020417e-05
50                                    -2.5697597779969494e-05
51                                     5.7446446078249919e-05
52                                     9.4129004448273434e-05
53                                    -8.4527097845912835e-05
54                                    -2.6907854212832039e-05
55                                     1.7965117124207897e-05
56                                     2.3373020928960098e-05
57                                     3.9356496802440272e-05
58                                    -8.3474522838966614e-06
59                                    -6.5671416503432223e-05
60                                     1.3324763331934442e-05
61                                     2.8886832755065095e-05
62                                     1.0420144871903236e-05
63                                    -4.6086978005064824e-05
64                                     4.0672910856548450e-05
65                                     7.8126697413291590e-05
66                                    -4.5323419313764157e-05
67                                     8.1433683848830540e-05
68                                     1.3602095159548355e-05
69                                     5.2244332142570293e-05
70                                     7.1818853020461093e-05
71                                    -2.5516852201645790e-05
72                                    -3.1121109856618867e-05
73                                    -1.4918552146520048e-04
74                                    -1.9110711699749094e-04
75                                    -1.5621807667568627e-04
76                                    -2.7264605866932079e-05
77                                     2.7031951557593414e-05
78                                     6.0717073344845884e-05
79                                     5.4987581578069822e-06
80                                     2.6196343593465343e-05
81                                    -2.0817266038974935e-05
82                                     1.8104926039541613e-05
83                                     4.7905955822616364e-05
84                                     2.8401216420198550e-06
85                                     1.0564812550073466e-05
86                                    -1.9456932055100795e-06
87                                     5.5329034092277407e-05
88                                    -4.0314908466586308e-05
89                                    -2.3903714275602672e-06
90                                    -2.7985812904807172e-05
91                                     1.5832972572765724e-05
92                                    -1.7775326960983717e-05
93                                     1.9420020012601846e-05
94                                    -5.9597817347989412e-05
95                                     6.6943471151797995e-05
96                                     3.1534622818324420e-05
97                                     7.0895958284022953e-06
98                                     4.1864129567970032e-06
99                                     7.6266332853860974e-06
100                                   -2.8149281777967161e-05
101                                    1.2827602321177287e-05
$End
$Geometry
   &GeometryIndex 67
   &ListStatus       OUT
   &NATOMS [&Type "Integer"] 34
   &NCORELESSECP [&Type "Integer"] 0
   &NGHOSTATOMS [&Type "Integer"] 0
   &CartesianCoordinates [&Type "Coordinates", &Dim(34,4), &Units "Bohr"] 
              H     -0.497505075338   -9.308545492112   -6.901767004469
              H     -2.663326366716   -7.140021214759   -5.589144826497
              C     -0.669071892918   -7.632439347268   -5.712151221929
              N      0.568381197811   -5.534864096537   -7.054318308354
              H     -2.421257411829   -2.786777263311   -7.120346391946
              H     -0.574071454815   -9.621624324087   -2.200501466019
              H      4.342913100625   -6.974143874720   -7.504717332443
              C     -0.509614907108   -3.324010036659   -7.568127598663
              C      3.060616188171   -5.427885570798   -7.793455921888
              H      0.924164511930    1.015651108761  -11.379259120434
              C      0.434843562794   -8.061060246015   -3.093937485815
              N      1.202040798426   -1.806991998498   -8.615642957317
              C      3.457901099908   -3.093006643171   -8.772176036580
              H     -1.099522458572    1.376513122803   -8.699181908186
              H      2.432470513244   -8.559660464922   -3.188451360011
              C      0.773273714450    0.826734103611   -9.335111305948
              H      5.145903473559   -2.216280888532   -9.480953657236
              H      0.233587101558   -6.373917868822   -1.938509765212
              H      2.168967710661    1.996735838057   -8.382888763866
              F      3.460067849383    3.718018383010    0.700214564089
              O     -4.153177993410    0.068075323931   -4.735811021856
              N      0.078006349884    1.200874714579   -3.137772686934
              F     -4.179375954807    4.420283308819   -1.245974712983
              O      4.505802491319    1.450435044261   -4.422703547366
              S     -2.527859412431   -0.125450120319   -2.541346200644
              C      3.768422575187    1.225630215196    0.483204605555
              F      2.381383760963    0.073502501232    2.244780784896
              S      2.833181804499    0.126432002330   -2.730091397925
              C     -3.952734082094    2.124020727633   -0.234669637203
              F      6.200905742596    0.669057192487    0.876633867901
              F     -6.245498190412    1.289958310995    0.413772022793
              O     -2.418354973646   -2.532834492802   -1.274022534725
              F     -2.529128457495    2.282053326824    1.838858801869
              O      3.014547900360   -2.588902565461   -2.609500766131
$End
$SCF_Energy
   &GeometryIndex 67
   &ListStatus       OUT
   &SCF_ENERGY [&Type "Double"]      -2.1719002161536555e+03
$End
$DFT_Energy
   &GeometryIndex 67
   &ListStatus       OUT
   &NALPHAEL [&Type "Integer"] 99
   &NBETAEL [&Type "Integer"] 99
   &NTOTALEL [&Type "Integer"] 197
   &EEXCHANGE [&Type "Double"]      -1.6626858004699682e+02
   &ECORR [&Type "Double"]      -8.6092475696859481e+00
   &ECNL [&Type "Double"]       0.0000000000000000e+00
   &EXC [&Type "Double"]      -1.7487782761668277e+02
   &EEMBED [&Type "Double"]       0.0000000000000000e+00
   &FINALEN [&Type "Double"]      -2.1719002161536555e+03  "No Van der Waals correction"
$End
$VdW_Correction
   &GeometryIndex 67
   &ListStatus       OUT
   &VDW [&Type "Double"]      -8.3272344265540074e-02
$End
$SCF_Nuc_Gradient
   &GeometryIndex 67
   &ListStatus       OUT
   &NATOMS [&Type "Integer"] 34
   &ROOT [&Type "Integer"] 0
   &GRADNORM [&Type "Double"]       6.0244605048683452e-04
   &GRAD [&Type "ArrayOfDoubles", &Dim (102,1)] 
                                                         0

0                                      2.6927257333001636e-05
1                                      8.4045754191464095e-06
2                                     -1.5594985968411801e-05
3                                      1.0332671174839714e-05
4                                      2.7836595965891053e-05
5                                     -3.1412172741936834e-05
6                                     -3.9747421405167405e-05
7                                     -2.2953807989126163e-05
8                                      1.0348095498102089e-04
9                                     -1.9255113080363789e-04
10                                     3.9776881803232911e-05
11                                    -8.5397994403935140e-05
12                                    -1.7337840833658857e-05
13                                    -5.2569166578440851e-05
14                                     1.9064924319703302e-05
15                                     2.2315058804955878e-06
16                                     2.3460750420506438e-05
17                                     3.4677966635310309e-05
18                                    -7.6839279422313833e-06
19                                    -4.8964422976749411e-06
20                                    -1.8463483978967826e-05
21                                     1.8834450321839058e-04
22                                     6.8094579091432239e-05
23                                     3.4513742207295528e-05
24                                     5.4750346655918491e-05
25                                    -1.6758282456091900e-05
26                                     4.7313383056172068e-05
27                                     1.7672434383258356e-05
28                                     4.7204195061739673e-05
29                                     6.5101510940135388e-06
30                                    -9.5891057031484428e-06
31                                    -1.0000870527598839e-04
32                                    -1.0285688304680074e-04
33                                    -1.7074027902010125e-04
34                                     4.9064382761559999e-05
35                                     2.1169171713429635e-05
36                                     1.2720613634109590e-04
37                                    -8.8032475386162767e-05
38                                     6.8336357070680753e-06
39                                    -4.0712141816112712e-06
40                                     5.6610094188586091e-06
41                                    -1.4003441492424495e-06
42                                    -1.0555598365408203e-05
43                                    -5.2207904441478603e-06
44                                     3.9615496417536207e-05
45                                     5.1442372508700603e-05
46                                    -1.0204811065052041e-04
47                                     6.1230426363079182e-06
48                                    -4.3223872316117129e-05
49                                     6.5724783931492281e-05
50                                    -2.1944796738851413e-05
51                                     6.2561845101422042e-05
52                                     4.6332236888768641e-05
53                                    -4.2155373776095462e-05
54                                    -1.1619082303349071e-05
55                                     3.8399494892260577e-05
56                                     1.1611548903167623e-05
57                                     3.6189207550683944e-05
58                                    -4.1188914978174118e-06
59                                    -7.3719498304612718e-05
60                                     1.5778097526120138e-05
61                                     4.3537790838064916e-05
62                                     1.1444803027726991e-05
63                                    -3.8433965734172362e-05
64                                    -9.1325119017104939e-06
65                                     4.8416682715116122e-05
66                                    -4.2690046280470517e-05
67                                     3.4396231315791947e-05
68                                     1.2523435897637825e-05
69                                     5.5584550875009686e-05
70                                     8.8858741144115516e-05
71                                    -3.9516810821871307e-05
72                                     2.3979093425330333e-06
73                                    -1.1426413938647739e-04
74                                    -1.8820134472316563e-04
75                                    -1.2461519801565402e-04
76                                    -5.3871171165051357e-05
77                                     1.3002306054046842e-04
78                                     6.3525958867521881e-05
79                                     2.4216805204424485e-05
80                                    -1.4883431867174224e-05
81                                    -1.9190638259558579e-05
82                                     7.3626081767141915e-06
83                                     2.6207254782611988e-05
84                                    -9.0657103470892508e-06
85                                     4.2592848704420261e-05
86                                    -3.1244796159124455e-05
87                                     2.5910262429928999e-05
88                                    -3.3010541232093848e-05
89                                    -1.2113907520927558e-05
90                                    -3.9730828205464253e-05
91                                     1.6589680380443839e-05
92                                     2.3803340666178618e-06
93                                     2.0122120265158097e-05
94                                    -4.7554237053271109e-05
95                                     9.5093953127428632e-05
96                                     3.2428511119397818e-05
97                                    -1.2655847727506553e-05
98                                     1.0358939343702023e-05
99                                    -1.2559835644583572e-05
100                                   -1.0419052704213616e-05
101                                    1.1543321651178926e-05
$End
$Geometry
   &GeometryIndex 68
   &ListStatus       OUT
   &NATOMS [&Type "Integer"] 34
   &NCORELESSECP [&Type "Integer"] 0
   &NGHOSTATOMS [&Type "Integer"] 0
   &CartesianCoordinates [&Type "Coordinates", &Dim(34,4), &Units "Bohr"] 
              H     -0.492954066487   -9.309447596050   -6.903766735237
              H     -2.663161394163   -7.144100148133   -5.593783403709
              C     -0.668020016033   -7.633646130371   -5.714199316248
              N      0.568610044407   -5.534503158172   -7.054664151354
              H     -2.423491825883   -2.788718530397   -7.123410689300
              H     -0.570631703194   -9.627342015624   -2.205263740091
              H      4.344375117175   -6.970832248870   -7.502136479743
              C     -0.511016440528   -3.324570926714   -7.569244354190
              C      3.061107510252   -5.425615969370   -7.792168355189
              H      0.916539902955    1.014313921874  -11.380309933611
              C      0.433400912050   -8.061475007483   -3.095034315177
              N      1.200601871707   -1.806137686945   -8.615347398641
              C      3.457423193189   -3.090446150548   -8.770289436934
              H     -1.100681127696    1.378125273739   -8.696033972957
              H      2.432995625833   -8.552606591188   -3.187539102543
              C      0.770451210137    0.827029772284   -9.335611495906
              H      5.145623368360   -2.212182692459   -9.476721529488
              H      0.224768275310   -6.377354868276   -1.936615656679
              H      2.168697601842    1.997484802025   -8.387679117108
              F      3.458021498079    3.717481623188    0.699050012026
              O     -4.152452122775    0.064351551707   -4.733377460396
              N      0.079949587925    1.197277156779   -3.139868193366
              F     -4.175278422293    4.421705604120   -1.251090782865
              O      4.508284462607    1.445025643666   -4.422159928719
              S     -2.526219379535   -0.126148378545   -2.539354314592
              C      3.767661096404    1.225079967575    0.484017476053
              F      2.379436021954    0.073695841084    2.245165090094
              S      2.834607029922    0.123052353652   -2.729142724355
              C     -3.949853319141    2.127007894573   -0.235995868444
              F      6.199887017838    0.669760972398    0.879713726214
              F     -6.242951413780    1.294960928547    0.413724170721
              O     -2.417573919431   -2.531134642489   -1.267472966287
              F     -2.526442276185    2.287665465847    1.837385667898
              O      3.015168894917   -2.592197315688   -2.605845011356
$End
$SCF_Energy
   &GeometryIndex 68
   &ListStatus       OUT
   &SCF_ENERGY [&Type "Double"]      -2.1719002113218726e+03
$End
$DFT_Energy
   &GeometryIndex 68
   &ListStatus       OUT
   &NALPHAEL [&Type "Integer"] 99
   &NBETAEL [&Type "Integer"] 99
   &NTOTALEL [&Type "Integer"] 197
   &EEXCHANGE [&Type "Double"]      -1.6626884701240562e+02
   &ECORR [&Type "Double"]      -8.6092623691373120e+00
   &ECNL [&Type "Double"]       0.0000000000000000e+00
   &EXC [&Type "Double"]      -1.7487810938154291e+02
   &EEMBED [&Type "Double"]       0.0000000000000000e+00
   &FINALEN [&Type "Double"]      -2.1719002113218726e+03  "No Van der Waals correction"
$End
$VdW_Correction
   &GeometryIndex 68
   &ListStatus       OUT
   &VDW [&Type "Double"]      -8.3278523461252044e-02
$End
$SCF_Nuc_Gradient
   &GeometryIndex 68
   &ListStatus       OUT
   &NATOMS [&Type "Integer"] 34
   &ROOT [&Type "Integer"] 0
   &GRADNORM [&Type "Double"]       5.5593907422055492e-04
   &GRAD [&Type "ArrayOfDoubles", &Dim (102,1)] 
                                                         0

0                                      1.2400187032642063e-05
1                                     -6.8551118884152551e-07
2                                     -1.4965232711827703e-05
3                                      2.8669864264585510e-06
4                                      9.9756001012002438e-06
5                                     -3.5017443657130165e-05
6                                     -1.1176670804372013e-05
7                                     -2.8156508577078555e-05
8                                      1.2686846404289659e-04
9                                     -8.2484078621342799e-05
10                                     4.4239088077130395e-05
11                                    -6.9672189496841619e-05
12                                    -2.5826177450782861e-05
13                                    -4.4089648832956740e-05
14                                    -1.5328313808279925e-05
15                                     1.3436497350166610e-05
16                                     1.2776897809957388e-05
17                                     4.6813039527068834e-05
18                                    -1.0852253623044872e-05
19                                    -1.0070560216735025e-05
20                                    -1.3910572438713409e-05
21                                     6.8716384576145151e-05
22                                     1.7500442555738738e-05
23                                     8.7791240172684082e-05
24                                     1.2208304511956980e-05
25                                     3.4331310992230524e-05
26                                     1.0057262979288467e-05
27                                     2.9941482887624327e-06
28                                     3.2727614837736035e-05
29                                    -1.6394920903939347e-06
30                                    -6.0840258887934900e-05
31                                    -1.8116449642662392e-06
32                                    -1.7242939866632390e-04
33                                    -5.3200194828684211e-05
34                                     8.1581008701731017e-05
35                                    -3.3722758888105053e-05
36                                     9.0812524076944179e-05
37                                    -1.2438824984610519e-04
38                                     1.7544761883175886e-05
39                                     3.6032017733667043e-06
40                                     3.6261974866148849e-05
41                                    -3.2925961044510954e-05
42                                    -2.4495408583735667e-06
43                                    -9.6254246981924974e-06
44                                     3.3915537555215432e-05
45                                     2.0539285498400069e-05
46                                    -1.3345842974384070e-04
47                                     5.7124203679285654e-05
48                                    -3.0131457524396055e-05
49                                     6.8777011404522193e-05
50                                    -8.5139564026393000e-06
51                                     7.2069162780814128e-05
52                                    -6.4417213919698568e-06
53                                    -4.9901876268965140e-06
54                                    -1.5161001780394923e-06
55                                     4.4390486738543622e-05
56                                     3.0587091387340726e-06
57                                     2.1282890132565818e-05
58                                    -2.8725260320106027e-05
59                                    -6.6874968570003468e-05
60                                     3.3298197782860584e-05
61                                     2.3151548846734454e-05
62                                     4.8269450021731775e-05
63                                    -5.7255792453598381e-06
64                                    -1.0946895523622491e-04
65                                     4.2673791171538022e-05
66                                    -1.8802389479190273e-05
67                                    -2.8194551009996793e-06
68                                    -7.5502236395880162e-06
69                                     2.5570499037896877e-05
70                                     5.2409591758145746e-05
71                                    -7.7104757671975221e-06
72                                     7.7355936566173011e-05
73                                     7.1331230819954294e-05
74                                    -2.2029594901305793e-04
75                                    -4.6364230320797284e-05
76                                    -3.1473407338479531e-05
77                                     1.5476663494765064e-04
78                                     3.6435445040783332e-05
79                                     2.5318344733876730e-05
80                                    -2.5804957400649142e-05
81                                    -5.9319491940157398e-05
82                                     8.0888447440821687e-05
83                                    -1.8319522170420766e-05
84                                    -2.3366745958430801e-05
85                                    -9.9575973376841986e-06
86                                     9.5819362737337155e-07
87                                    -1.4325545239890491e-05
88                                    -2.3046875475052353e-05
89                                    -1.7976307189526697e-05
90                                    -2.1922516746930576e-05
91                                     1.5631138347127482e-05
92                                     1.1834369751925755e-05
93                                    -2.8388716033101585e-06
94                                    -4.9363752933295757e-05
95                                     1.2475595368580117e-04
96                                     3.9302577363731217e-06
97                                    -2.1351852702456570e-05
98                                    -1.1779123975985684e-05
99                                    -2.6377822587582422e-05
100                                   -1.6356863359767715e-05
101                                    1.2995402204044396e-05
$End
$Geometry
   &GeometryIndex 69
   &ListStatus       OUT
   &NATOMS [&Type "Integer"] 34
   &NCORELESSECP [&Type "Integer"] 0
   &NGHOSTATOMS [&Type "Integer"] 0
   &CartesianCoordinates [&Type "Coordinates", &Dim(34,4), &Units "Bohr"] 
              H     -0.485439053952   -9.311094100131   -6.906087671384
              H     -2.662471417214   -7.149515048616   -5.602034740390
              C     -0.666081815634   -7.635293423338   -5.717394940154
              N      0.570108021281   -5.534455758164   -7.055428745999
              H     -2.424733692446   -2.791289197878   -7.125568351686
              H     -0.571380910549   -9.631694830281   -2.210249428070
              H      4.347552842617   -6.966843880735   -7.499773560404
              C     -0.511497403015   -3.325431138939   -7.570364166147
              C      3.062867908577   -5.423045131511   -7.791105912870
              H      0.908326405648    1.013526941800  -11.380522027255
              C      0.429342741184   -8.061040603817   -3.095347451853
              N      1.199701031994   -1.805130624712   -8.614778027415
              C      3.457616826996   -3.087337442244   -8.768593535457
              H     -1.102552656180    1.378718516586   -8.691675173973
              H      2.430970008470   -8.544760248594   -3.182944558429
              C      0.767164783390    0.827597692225   -9.335332211303
              H      5.146010698401   -2.207705240406   -9.472818804664
              H      0.211819628863   -6.378939286596   -1.935744322258
              H      2.167424909371    1.998760175298   -8.391299423517
              F      3.455228417442    3.716770913372    0.697681087864
              O     -4.151997923169    0.057879466245   -4.729854267337
              N      0.081312048857    1.193066640525   -3.141737821017
              F     -4.170108414278    4.422886387972   -1.257073232883
              O      4.509933763045    1.440227137723   -4.422667746223
              S     -2.524789867428   -0.128347511979   -2.536068698712
              C      3.767102381280    1.224503543403    0.483803722097
              F      2.378398138738    0.072812440298    2.244542061803
              S      2.835990870951    0.119632077704   -2.728994799416
              C     -3.946244575226    2.130250115069   -0.237089608919
              F      6.199402512307    0.671451278399    0.881437580717
              F     -6.239779267445    1.300921245609    0.414537506607
              O     -2.416292204071   -2.530427463930   -1.259041884785
              F     -2.522774232496    2.294380492867    1.835953979213
              O      3.016752309431   -2.595475417487   -2.603435117256
$End
$SCF_Energy
   &GeometryIndex 69
   &ListStatus       OUT
   &SCF_ENERGY [&Type "Double"]      -2.1719002024075148e+03
$End
$DFT_Energy
   &GeometryIndex 69
   &ListStatus       OUT
   &NALPHAEL [&Type "Integer"] 99
   &NBETAEL [&Type "Integer"] 99
   &NTOTALEL [&Type "Integer"] 197
   &EEXCHANGE [&Type "Double"]      -1.6626893118450607e+02
   &ECORR [&Type "Double"]      -8.6092712792149477e+00
   &ECNL [&Type "Double"]       0.0000000000000000e+00
   &EXC [&Type "Double"]      -1.7487820246372101e+02
   &EEMBED [&Type "Double"]       0.0000000000000000e+00
   &FINALEN [&Type "Double"]      -2.1719002024075148e+03  "No Van der Waals correction"
$End
$VdW_Correction
   &GeometryIndex 69
   &ListStatus       OUT
   &VDW [&Type "Double"]      -8.3288414394549037e-02
$End
$SCF_Nuc_Gradient
   &GeometryIndex 69
   &ListStatus       OUT
   &NATOMS [&Type "Integer"] 34
   &ROOT [&Type "Integer"] 0
   &GRADNORM [&Type "Double"]       4.3670729309871993e-04
   &GRAD [&Type "ArrayOfDoubles", &Dim (102,1)] 
                                                         0

0                                     -7.8086976536134722e-06
1                                     -5.8689114545984467e-07
2                                     -7.1355690387103765e-06
3                                     -1.3451000488162723e-06
4                                     -5.5053806279278805e-06
5                                     -2.5901578663112268e-05
6                                      1.6019316875733047e-05
7                                     -1.6177945800444071e-05
8                                      8.8072102353467518e-05
9                                      4.6639461664117754e-05
10                                     3.5897373423243728e-06
11                                    -6.1911512792472978e-05
12                                    -4.4383326521402200e-05
13                                    -3.5126863162510125e-05
14                                    -2.5018733149084760e-05
15                                     1.7324554424338889e-05
16                                    -4.8510952788960449e-06
17                                     2.5488706329609978e-05
18                                    -1.1117246835973260e-05
19                                    -8.1324347426248167e-06
20                                    -2.1049530397505845e-06
21                                    -2.5757352893424068e-05
22                                     8.6810399254656778e-06
23                                     9.7775856945436085e-05
24                                    -1.3727368820146135e-05
25                                     4.6313673137968192e-05
26                                     7.5659210396553100e-06
27                                    -7.3502004757503014e-06
28                                     4.2217523091893361e-06
29                                    -6.3981060492990238e-06
30                                    -1.1511485316794551e-04
31                                     5.5870068316287921e-05
32                                    -1.2255650814700647e-04
33                                     5.2992788645336505e-05
34                                     8.3017873688584487e-05
35                                    -5.1769921068624269e-05
36                                     2.6151648910954783e-05
37                                    -9.0586744738538338e-05
38                                    -7.5792194638296673e-06
39                                     1.1540429473710923e-06
40                                     4.9403983221701919e-05
41                                    -4.4040494424767151e-05
42                                     1.8296840041398532e-06
43                                    -7.1922336214308435e-06
44                                     2.3073004251899371e-05
45                                    -2.7183657247669551e-07
46                                    -1.0647078663464024e-04
47                                     7.9198650087914865e-05
48                                    -1.3720571326231168e-05
49                                     4.1466180421029231e-05
50                                     5.5811049700094095e-06
51                                     8.5176785095970181e-05
52                                    -3.1184319183530373e-05
53                                    -4.6561860875121708e-06
54                                     1.5970616106530944e-06
55                                     4.3474090407696897e-05
56                                     2.8770619323742475e-06
57                                     1.2440218062230446e-05
58                                    -1.9945439749591287e-05
59                                    -3.8926152330094610e-05
60                                     4.5543707256734400e-05
61                                     8.0390819089913579e-06
62                                    -5.1736752383346740e-06
63                                    -5.1350499143780481e-06
64                                    -1.1001250447678634e-04
65                                     1.0736058948523919e-05
66                                     5.2237662018644881e-06
67                                    -3.1958198374704150e-05
68                                    -1.3572346158383097e-05
69                                    -1.1149888058670232e-05
70                                     1.0068415302322276e-06
71                                     2.9317427400754603e-05
72                                     6.2742374295515768e-05
73                                     7.5252710673490153e-05
74                                    -4.9493050116228288e-05
75                                     1.2583577829988757e-05
76                                    -1.9360461971533460e-05
77                                     1.1758491251301351e-04
78                                    -2.8835945922456307e-06
79                                     1.3012938040207755e-05
80                                    -2.5399010212645567e-05
81                                    -2.3147830920111634e-05
82                                     1.0252317661138544e-04
83                                    -5.9582576506511664e-05
84                                    -3.7574155324349157e-06
85                                    -1.0563051212567065e-05
86                                    -1.3793912251591767e-05
87                                    -3.9443494084634434e-05
88                                    -6.6682792040084760e-06
89                                    -1.3356617785599545e-05
90                                    -4.5363300942291573e-06
91                                     1.3364210011690414e-06
92                                     1.3391747762062089e-05
93                                    -2.3767054106713092e-05
94                                    -5.9568839720358646e-06
95                                     7.7474117939457798e-05
96                                    -1.1337217909412889e-05
97                                    -1.7461616537286367e-05
98                                     1.9687433433501766e-07
99                                    -2.1664580996602623e-05
100                                   -9.4684340349315832e-06
101                                    3.6553219897109135e-08
$End
$Geometry
   &GeometryIndex 70
   &ListStatus       OUT
   &NATOMS [&Type "Integer"] 34
   &NCORELESSECP [&Type "Integer"] 0
   &NGHOSTATOMS [&Type "Integer"] 0
   &CartesianCoordinates [&Type "Coordinates", &Dim(34,4), &Units "Bohr"] 
              H     -0.485836506141   -9.310473702251   -6.906667423875
              H     -2.663005453564   -7.149274701145   -5.602242399559
              C     -0.666583620531   -7.634890810156   -5.717689527205
              N      0.569810112820   -5.533743867051   -7.054758067428
              H     -2.426181661462   -2.791750745923   -7.128741269620
              H     -0.571919059622   -9.633611585536   -2.212181535058
              H      4.348360848411   -6.964467614248   -7.495099560206
              C     -0.512376094989   -3.325362951886   -7.571527260801
              C      3.063039385462   -5.421602901927   -7.788544551979
              H      0.906468264340    1.012791947755  -11.381625408553
              C      0.428233044424   -8.061503988188   -3.095317224427
              N      1.199290675567   -1.804731366073   -8.614841894246
              C      3.457721958834   -3.085988703190   -8.766253582029
              H     -1.102909631166    1.379003749184   -8.691533962684
              H      2.430186441018   -8.543938830101   -3.182692608044
              C      0.766412210466    0.827825661437   -9.336289214299
              H      5.146816090422   -2.206347430342   -9.468761022325
              H      0.208942932734   -6.380357849969   -1.934579824896
              H      2.167343692457    1.998960644115   -8.393319217523
              F      3.453048578716    3.718161946291    0.695605437724
              O     -4.151623104886    0.060373377534   -4.730888964014
              N      0.082423372796    1.192214806515   -3.142491763790
              F     -4.167767239212    4.422347313036   -1.254383456767
              O      4.511031443651    1.435970010564   -4.423846040924
              S     -2.524325115941   -0.128293941113   -2.537394395975
              C      3.767985130313    1.226170311824    0.482887696272
              F      2.381285254100    0.073817312810    2.244960843101
              S      2.836672373578    0.117908221353   -2.728623459744
              C     -3.945073941887    2.128691251477   -0.236450886803
              F      6.201060520960    0.676335446762    0.880057502074
              F     -6.239003078955    1.299491187584    0.413916975181
              O     -2.417156368996   -2.531588326225   -1.262669204537
              F     -2.522058238582    2.290519292405    1.837071472315
              O      3.016569600602   -2.597094449586   -2.600156490833
$End
$SCF_Energy
   &GeometryIndex 70
   &ListStatus       OUT
   &SCF_ENERGY [&Type "Double"]      -2.1719001954760824e+03
$End
$DFT_Energy
   &GeometryIndex 70
   &ListStatus       OUT
   &NALPHAEL [&Type "Integer"] 99
   &NBETAEL [&Type "Integer"] 99
   &NTOTALEL [&Type "Integer"] 197
   &EEXCHANGE [&Type "Double"]      -1.6626892115413773e+02
   &ECORR [&Type "Double"]      -8.6092731058959426e+00
   &ECNL [&Type "Double"]       0.0000000000000000e+00
   &EXC [&Type "Double"]      -1.7487819426003367e+02
   &EEMBED [&Type "Double"]       0.0000000000000000e+00
   &FINALEN [&Type "Double"]      -2.1719001954760824e+03  "No Van der Waals correction"
$End
$VdW_Correction
   &GeometryIndex 70
   &ListStatus       OUT
   &VDW [&Type "Double"]      -8.3295891592169088e-02
$End
$SCF_Nuc_Gradient
   &GeometryIndex 70
   &ListStatus       OUT
   &NATOMS [&Type "Integer"] 34
   &ROOT [&Type "Integer"] 0
   &GRADNORM [&Type "Double"]       3.5055407802454580e-04
   &GRAD [&Type "ArrayOfDoubles", &Dim (102,1)] 
                                                         0

0                                     -1.8346862322552587e-05
1                                     -3.7969229152723383e-06
2                                     -1.1039390094974566e-06
3                                     -1.9905043332768546e-06
4                                     -1.4455713380490121e-05
5                                     -1.0332377621092431e-05
6                                      2.9963863787355050e-05
7                                     -9.8247510004097205e-07
8                                      8.8531504412459050e-06
9                                      8.0602486488647040e-05
10                                    -1.0419363831198902e-05
11                                    -2.5509592978312234e-05
12                                    -3.9228546952457810e-05
13                                    -2.9960494902919743e-05
14                                    -3.7316433331290033e-05
15                                     1.1160472796117871e-05
16                                    -5.9607283708351666e-06
17                                     1.8870717431729300e-06
18                                    -4.7348702509886209e-06
19                                    -1.3386524913006070e-06
20                                     3.9172882878441007e-06
21                                    -7.9450990289026135e-05
22                                     1.0914514088397609e-05
23                                     9.2449280287152519e-05
24                                    -3.0533169663934934e-05
25                                     4.3997769973047607e-05
26                                    -1.7959994946402727e-05
27                                    -6.4748480097659433e-06
28                                    -1.0869022713307086e-05
29                                    -5.1887455899679580e-06
30                                    -9.1990686508062330e-05
31                                     6.2297563267234074e-05
32                                    -5.9429412803166382e-05
33                                     1.0381036543022880e-04
34                                     2.7210614116979226e-05
35                                    -4.5641589340443545e-05
36                                    -2.2989109878857050e-05
37                                    -3.3112810260735315e-05
38                                     1.0038505097731409e-06
39                                    -5.0205066542963195e-07
40                                     3.2340911541049733e-05
41                                    -3.3204686346606505e-05
42                                     5.0711519193613608e-06
43                                    -1.3305369038034420e-05
44                                     5.9611747507720865e-06
45                                     1.3019217948509465e-08
46                                    -3.8916482207169978e-05
47                                     5.1111509380518186e-05
48                                     2.6424527298507527e-06
49                                     1.2265504919797832e-05
50                                     1.3453526657408732e-05
51                                     7.1330547669279376e-05
52                                    -1.4044500705051588e-05
53                                     1.1360683139838290e-05
54                                     3.1087917407024435e-07
55                                     2.2572055435571281e-05
56                                     4.6793895970426158e-06
57                                     1.1760084135947757e-06
58                                    -1.4561093204079611e-05
59                                    -1.6695546137861228e-05
60                                     2.7337324399828722e-05
61                                    -1.5184430480208455e-05
62                                     5.1934939808151448e-06
63                                     1.3304905238518266e-05
64                                    -8.2178496289053715e-05
65                                    -1.3398353220075987e-05
66                                     1.9272557765744047e-05
67                                    -3.4308035787355973e-05
68                                    -1.1822316699924840e-05
69                                    -2.6732390314865295e-05
70                                    -2.1701131495410753e-05
71                                     3.0407731040515973e-05
72                                     8.3456878859772265e-05
73                                     6.8466202586492386e-05
74                                     3.8027374754945331e-06
75                                     4.2223020984742676e-05
76                                    -9.5105669297018691e-06
77                                     4.8375415828139090e-05
78                                    -1.8863555562825818e-05
79                                     2.1098263990326771e-06
80                                    -1.2872098728300418e-06
81                                    -7.9203938686545072e-06
82                                     1.0004719868694778e-04
83                                    -2.6239893410953674e-05
84                                    -1.2178733247034113e-05
85                                    -1.7261447921620987e-05
86                                    -1.1603553693853574e-05
87                                    -3.9528553227918817e-05
88                                    -3.2287318706344936e-06
89                                    -2.9053590203317881e-06
90                                     2.0454237060762992e-06
91                                    -1.2147399417655746e-05
92                                     1.3290742851779225e-05
93                                    -5.1525232475646554e-05
94                                     2.6023815948905682e-05
95                                     3.4423125226806794e-05
96                                    -2.4062687998066545e-05
97                                    -3.5567022856793085e-06
98                                    -2.7775358457660104e-07
99                                    -1.6668207513406696e-05
100                                   -1.7445386453485145e-05
101                                   -1.0253418695366570e-05
$End
$Geometry
   &GeometryIndex 71
   &ListStatus       OUT
   &NATOMS [&Type "Integer"] 34
   &NCORELESSECP [&Type "Integer"] 0
   &NGHOSTATOMS [&Type "Integer"] 0
   &CartesianCoordinates [&Type "Coordinates", &Dim(34,4), &Units "Bohr"] 
              H     -0.487049288687   -9.309322097032   -6.906827371527
              H     -2.663479577505   -7.147598315713   -5.601665184784
              C     -0.667269708099   -7.634010927754   -5.717398587960
              N      0.569926105517   -5.532894120417   -7.053644743519
              H     -2.426308733847   -2.791216093138   -7.130332102466
              H     -0.573344253199   -9.635651943850   -2.213878073634
              H      4.349277279247   -6.962839105838   -7.491084504365
              C     -0.512329535575   -3.324887846295   -7.572185720312
              C      3.063549498742   -5.420618684482   -7.786144730219
              H      0.906332799283    1.012407684704  -11.382593068836
              C      0.426783023417   -8.062243237950   -3.094719903125
              N      1.199641053640   -1.804366569286   -8.614982716465
              C      3.458301390927   -3.085244661674   -8.764632513683
              H     -1.102587779737    1.378950720546   -8.691781852580
              H      2.428967672623   -8.543688890964   -3.181687189316
              C      0.766603678496    0.828112889755   -9.337212271353
              H      5.148070526174   -2.206330417238   -9.466419613190
              H      0.205927814773   -6.381906090875   -1.933181063647
              H      2.167695625043    1.999278864989   -8.394626600257
              F      3.449941979226    3.719917522890    0.693123035570
              O     -4.151895619660    0.063867848924   -4.732650649924
              N      0.082620316498    1.191769289410   -3.143132575748
              F     -4.165880428218    4.421523731239   -1.249645437552
              O      4.511187172617    1.432354451528   -4.425530728311
              S     -2.524811004191   -0.128287079810   -2.539382310079
              C      3.768646616353    1.228327019018    0.481277809724
              F      2.385095587293    0.074574214970    2.245094571113
              S      2.836586713514    0.116663122457   -2.728648552153
              C     -3.944174248262    2.126284647271   -0.235069174777
              F      6.202902830119    0.682569575449    0.877090972006
              F     -6.238390716768    1.297127615491    0.414252670347
              O     -2.418810038039   -2.533436671857   -1.268184831145
              F     -2.520820963494    2.284582333802    1.838509554220
              O      3.015977027515   -2.598210062533   -2.597176833534
$End
$SCF_Energy
   &GeometryIndex 71
   &ListStatus       OUT
   &SCF_ENERGY [&Type "Double"]      -2.1719001875498311e+03
$End
$DFT_Energy
   &GeometryIndex 71
   &ListStatus       OUT
   &NALPHAEL [&Type "Integer"] 99
   &NBETAEL [&Type "Integer"] 99
   &NTOTALEL [&Type "Integer"] 197
   &EEXCHANGE [&Type "Double"]      -1.6626887204240174e+02
   &ECORR [&Type "Double"]      -8.6092731100770159e+00
   &ECNL [&Type "Double"]       0.0000000000000000e+00
   &EXC [&Type "Double"]      -1.7487814515247877e+02
   &EEMBED [&Type "Double"]       0.0000000000000000e+00
   &FINALEN [&Type "Double"]      -2.1719001875498311e+03  "No Van der Waals correction"
$End
$VdW_Correction
   &GeometryIndex 71
   &ListStatus       OUT
   &VDW [&Type "Double"]      -8.3304309988758624e-02
$End
$SCF_Nuc_Gradient
   &GeometryIndex 71
   &ListStatus       OUT
   &NATOMS [&Type "Integer"] 34
   &ROOT [&Type "Integer"] 0
   &GRADNORM [&Type "Double"]       2.8079867963842271e-04
   &GRAD [&Type "ArrayOfDoubles", &Dim (102,1)] 
                                                         0

0                                     -1.7180315711682811e-05
1                                     -6.5838174597709909e-06
2                                      7.2474526458116140e-06
3                                     -8.5090047716174233e-07
4                                     -7.5726293687766733e-06
5                                      6.0634770741845728e-06
6                                      2.2998028538771809e-05
7                                      1.6850034897250565e-05
8                                     -5.4038532972873476e-05
9                                      7.3851125381451527e-05
10                                    -3.0830236621676166e-05
11                                    -1.1105908728770153e-06
12                                    -2.7352065855246188e-05
13                                    -2.0077937498093335e-05
14                                    -2.5764730108790435e-05
15                                    -6.3237198695553776e-07
16                                    -1.8003278012462820e-05
17                                    -2.6434389632692956e-05
18                                     6.2284534012579940e-06
19                                     5.7442131305707189e-06
20                                     7.3573902570379934e-06
21                                    -6.2761735708655175e-05
22                                     3.8866123759872390e-05
23                                     3.7074979074003950e-05
24                                    -1.7045922383357448e-05
25                                    -3.9335576155208329e-06
26                                    -1.0576385941860056e-05
27                                     2.9445242070678945e-06
28                                    -2.1923691359330977e-05
29                                    -3.6659935290228596e-07
30                                    -5.8530523585564875e-05
31                                     4.1211828838867530e-05
32                                     4.8516919475646847e-05
33                                     7.2199718741040864e-05
34                                    -2.5700401329153966e-05
35                                    -5.1326625252201552e-06
36                                    -6.5414755313561446e-05
37                                     6.1828150744305810e-05
38                                    -1.6169101964266797e-05
39                                     1.2616228686757047e-07
40                                     2.7106909889912378e-06
41                                    -7.4642049261094967e-06
42                                     2.6568493672607385e-06
43                                    -1.0136512726764690e-05
44                                    -4.2547285885492780e-06
45                                     4.3176001586174573e-06
46                                     3.8674220348339228e-05
47                                     4.8887249784780595e-06
48                                     2.8005440503686696e-05
49                                    -2.5411441428133119e-05
50                                     1.3832375039879441e-05
51                                     5.6852909877381369e-05
52                                    -5.0644501884133941e-06
53                                    -1.7425970221834897e-05
54                                    -6.7937897592629248e-06
55                                     8.0842836662486928e-06
56                                     6.5791427652089896e-06
57                                     1.1324405496532242e-06
58                                    -1.3589382057921373e-05
59                                    -4.2410033647202749e-06
60                                     4.5915962497616869e-05
61                                    -3.8500958456613027e-05
62                                     1.8374726376946260e-05
63                                     1.0997183693677026e-05
64                                    -2.7139144674948046e-05
65                                    -2.7504407617409687e-05
66                                     1.9513248003283357e-05
67                                    -1.7978240780813781e-05
68                                    -5.2205918804337781e-06
69                                    -1.1697496487605985e-05
70                                    -2.5136137439735196e-05
71                                     1.8788322034779537e-05
72                                     2.3038250173294805e-05
73                                     2.4925606545628254e-05
74                                     2.3145431572557662e-05
75                                     3.8562071799516651e-05
76                                     1.3736955257782901e-05
77                                    -4.1486100331056264e-05
78                                    -3.1760616624021409e-05
79                                    -2.3426255045394528e-05
80                                     2.6770342386267520e-05
81                                    -1.3002854811691722e-05
82                                     6.6681928905007459e-05
83                                     2.1508016710317102e-05
84                                    -7.0414467885637766e-06
85                                    -2.2647574562759121e-05
86                                     1.1469722898713175e-05
87                                    -2.1650279951823670e-05
88                                    -1.3019844800690739e-06
89                                     1.1622102160546710e-05
90                                     9.4587629665410233e-06
91                                    -1.7658848820906181e-05
92                                    -1.7205825897509408e-06
93                                    -6.1206378516672280e-05
94                                     4.8273078300686834e-05
95                                    -6.2419237543132056e-06
96                                    -1.8115687478198472e-05
97                                     1.2326346928936971e-05
98                                     8.1722504763348525e-07
99                                     2.2384236560563098e-06
100                                   -1.7296971702385200e-05
101                                   -8.9038391225936681e-06
$End
$Geometry
   &GeometryIndex 72
   &ListStatus       OUT
   &NATOMS [&Type "Integer"] 34
   &NCORELESSECP [&Type "Integer"] 0
   &NGHOSTATOMS [&Type "Integer"] 0
   &CartesianCoordinates [&Type "Coordinates", &Dim(34,4), &Units "Bohr"] 
              H     -0.487651788661   -9.308712585563   -6.906267070752
              H     -2.664075588060   -7.146727854501   -5.601109127762
              C     -0.667936253147   -7.633381937298   -5.716873333423
              N      0.569559334753   -5.532465516827   -7.053073187798
              H     -2.426196511046   -2.790345255546   -7.131121329587
              H     -0.573710241781   -9.635638338062   -2.213829177809
              H      4.349010386595   -6.962857841015   -7.489267128402
              C     -0.512261932230   -3.324502754769   -7.572582261007
              C      3.063439386927   -5.420634428709   -7.784978378111
              H      0.907228967087    1.012251029781  -11.383147859136
              C      0.426072591968   -8.061681660493   -3.094056207001
              N      1.200105450804   -1.804416267187   -8.615145058999
              C      3.458702024212   -3.085506621980   -8.763864355223
              H     -1.101356373569    1.379196609874   -8.691874389504
              H      2.428464519876   -8.542180344397   -3.180800129464
              C      0.767606868316    0.828112231383   -9.337771007846
              H      5.148794469358   -2.207194083160   -9.465566504111
              H      0.203961255382   -6.381542569418   -1.932328570370
              H      2.169064045157    1.998914298710   -8.395329930617
              F      3.447726374665    3.720448503110    0.692625191400
              O     -4.152643596177    0.066455292224   -4.733690128661
              N      0.082332214514    1.192175441721   -3.143427722582
              F     -4.165756288842    4.420634001239   -1.246011780099
              O      4.510718993071    1.431744129618   -4.426698620715
              S     -2.525274630447   -0.128283723990   -2.540849813408
              C      3.768972396220    1.229201802632    0.480325299492
              F      2.387771795441    0.073861657603    2.244928012795
              S      2.836272851046    0.116636566735   -2.729117194258
              C     -3.944059893839    2.124270956035   -0.233955488785
              F      6.204085883583    0.685979461035    0.874679461219
              F     -6.238244119763    1.294751602948    0.415000819272
              O     -2.419286520460   -2.534999590618   -1.272527612854
              F     -2.520123096826    2.280200211629    1.839430377516
              O      3.015569841614   -2.598203707008   -2.596796084886
$End
$SCF_Energy
   &GeometryIndex 72
   &ListStatus       OUT
   &SCF_ENERGY [&Type "Double"]      -2.1719001812930437e+03
$End
$DFT_Energy
   &GeometryIndex 72
   &ListStatus       OUT
   &NALPHAEL [&Type "Integer"] 99
   &NBETAEL [&Type "Integer"] 99
   &NTOTALEL [&Type "Integer"] 197
   &EEXCHANGE [&Type "Double"]      -1.6626871044446480e+02
   &ECORR [&Type "Double"]      -8.6092706144365341e+00
   &ECNL [&Type "Double"]       0.0000000000000000e+00
   &EXC [&Type "Double"]      -1.7487798105890133e+02
   &EEMBED [&Type "Double"]       0.0000000000000000e+00
   &FINALEN [&Type "Double"]      -2.1719001812930437e+03  "No Van der Waals correction"
$End
$VdW_Correction
   &GeometryIndex 72
   &ListStatus       OUT
   &VDW [&Type "Double"]      -8.3310855671752948e-02
$End
$SCF_Nuc_Gradient
   &GeometryIndex 72
   &ListStatus       OUT
   &NATOMS [&Type "Integer"] 34
   &ROOT [&Type "Integer"] 0
   &GRADNORM [&Type "Double"]       2.6935095858115620e-04
   &GRAD [&Type "ArrayOfDoubles", &Dim (102,1)] 
                                                         0

0                                     -6.6287515855124185e-06
1                                     -6.3639210369503818e-06
2                                      5.9342607816453841e-06
3                                      2.2199557050961438e-07
4                                     -1.7137659963362140e-07
5                                      8.3628514454970465e-06
6                                      5.4203473800334967e-07
7                                      1.5621881027481389e-05
8                                     -7.6462973789097333e-05
9                                      2.9130635494006851e-05
10                                    -2.4230581775225302e-05
11                                     2.3772957854217847e-05
12                                    -2.3225782913444126e-05
13                                    -1.1673222425033492e-05
14                                    -1.5056318947000158e-05
15                                    -8.8545455279864793e-06
16                                    -1.1544577528638245e-05
17                                    -3.4824520634663125e-05
18                                     1.0878229584121435e-05
19                                     9.5560470528277541e-06
20                                     5.2116857000468475e-06
21                                    -2.0397379923764447e-05
22                                     5.0510563348985654e-05
23                                    -1.2449949566714635e-05
24                                     2.3380002157208368e-06
25                                    -1.5920037004360510e-05
26                                    -1.2113752582646603e-05
27                                     1.1364751871320231e-05
28                                    -1.7181627434591923e-05
29                                     6.0214612471187756e-06
30                                    -6.5900694214554578e-06
31                                     5.3425096861003767e-06
32                                     6.4018519781938732e-05
33                                     3.4053466009991915e-05
34                                    -6.7091817758518912e-05
35                                     3.1215971218863381e-05
36                                    -6.3767917224344384e-05
37                                     9.6638327224021769e-05
38                                    -1.0578102183272931e-05
39                                     3.6804737002515964e-07
40                                    -1.4904448426562855e-05
41                                     1.1612203253394404e-05
42                                     8.9131584271595621e-07
43                                    -8.1706807675760440e-06
44                                    -7.1421255075834050e-06
45                                     1.2113671002582718e-05
46                                     6.4746286474005182e-05
47                                    -2.9137181805702697e-05
48                                     2.4858073290306981e-05
49                                    -4.2508732987361908e-05
50                                     1.3780757904729990e-05
51                                     3.3828403530750117e-05
52                                     2.4983801211020396e-05
53                                    -4.5219201091906136e-06
54                                    -1.0061574321457156e-05
55                                    -1.6879980555689622e-06
56                                     6.2741415889217000e-06
57                                    -7.7448945617307474e-06
58                                     6.9949287686554840e-06
59                                     4.5534087369791809e-06
60                                     1.1846759769812421e-05
61                                    -2.5765350719943181e-05
62                                     2.8658142429138778e-06
63                                     1.3014683020643944e-05
64                                     2.1251371763203464e-05
65                                    -3.2991874199805871e-05
66                                     9.4651376848151059e-06
67                                    -2.7130488650106699e-06
68                                     4.8838132830353320e-06
69                                    -7.9722295753259509e-06
70                                    -1.7957336101603882e-05
71                                    -5.2777825082506169e-07
72                                     2.3715206303197289e-05
73                                    -4.3409148859613333e-05
74                                     5.4351096539367871e-05
75                                     1.8934725699214228e-05
76                                    -1.7514844994355461e-05
77                                    -4.5738696765607045e-05
78                                    -1.8513378743978404e-05
79                                    -1.5286366995048706e-05
80                                     2.2125199362732495e-05
81                                     1.2358228678732708e-06
82                                     5.5882705693496848e-05
83                                     3.1762858470882338e-05
84                                    -1.8156850215167442e-05
85                                     9.0964061245091266e-06
86                                    -6.7403749874905827e-06
87                                    -5.5078820115350702e-06
88                                    -2.2196188110557014e-06
89                                     1.4812303055750098e-05
90                                     5.7349013979357544e-06
91                                    -1.6521168985275669e-05
92                                    -4.3270756918956099e-06
93                                    -4.8518359659124530e-05
94                                     3.0253120114009935e-05
95                                    -2.4188409600556238e-05
96                                    -4.0240998780416426e-06
97                                     1.1173954159546251e-05
98                                     7.7650762566050524e-06
99                                     5.4278640187616078e-06
100                                   -3.9215977453932460e-05
101                                   -2.5233186430606569e-06
$End
$Geometry
   &GeometryIndex 73
   &ListStatus       OUT
   &NATOMS [&Type "Integer"] 34
   &NCORELESSECP [&Type "Integer"] 0
   &NGHOSTATOMS [&Type "Integer"] 0
   &CartesianCoordinates [&Type "Coordinates", &Dim(34,4), &Units "Bohr"] 
              H     -0.488095545137   -9.308303945455   -6.905432862966
              H     -2.664327513669   -7.145919167065   -5.600292564551
              C     -0.668288759999   -7.632909065356   -5.716121022581
              N      0.569445649212   -5.532330866325   -7.052758014347
              H     -2.424979556349   -2.788791446456   -7.130040006501
              H     -0.572493901024   -9.636379996631   -2.213761671276
              H      4.348236200008   -6.964329191096   -7.490158832416
              C     -0.511572047859   -3.324058310829   -7.572370223987
              C      3.063228158078   -5.421545592873   -7.785384282119
              H      0.908374457908    1.012128425597  -11.383698307026
              C      0.425901039563   -8.061202668710   -3.093385631567
              N      1.200943391881   -1.804735554728   -8.615631844808
              C      3.459102894098   -3.086724337608   -8.764806221029
              H     -1.099368103496    1.379627662297   -8.691759720378
              H      2.428789417592   -8.539501497305   -3.179927502179
              C      0.769188185476    0.827916624815   -9.338302386052
              H      5.149181115047   -2.209165571335   -9.467523574461
              H      0.201727010653   -6.381665179185   -1.931228287472
              H      2.171312221127    1.998174680684   -8.396190317884
              F      3.446497447551    3.720466973193    0.693324534896
              O     -4.153735165853    0.068099081439   -4.734065205742
              N      0.081409647122    1.193104137074   -3.143411086707
              F     -4.166799348820    4.420190406144   -1.243294485794
              O      4.509744512023    1.433107806558   -4.426955322917
              S     -2.526127089843   -0.127902894491   -2.541563789999
              C      3.768680428364    1.229442286281    0.480060914421
              F      2.388794340577    0.072861930265    2.244795837409
              S      2.835477299803    0.117482553518   -2.729512008042
              C     -3.944580887603    2.123148481833   -0.232846314270
              F      6.204248495402    0.687161811120    0.873234093628
              F     -6.238551735401    1.293217167464    0.416304838823
              O     -2.419594316148   -2.535472210638   -1.274782667244
              F     -2.519857563885    2.277707813486    1.840098700571
              O      3.014972439345   -2.597341629942   -2.597685056909
$End
$SCF_Energy
   &GeometryIndex 73
   &ListStatus       OUT
   &SCF_ENERGY [&Type "Double"]      -2.1719001835155868e+03
$End
$DFT_Energy
   &GeometryIndex 73
   &ListStatus       OUT
   &NALPHAEL [&Type "Integer"] 99
   &NBETAEL [&Type "Integer"] 99
   &NTOTALEL [&Type "Integer"] 197
   &EEXCHANGE [&Type "Double"]      -1.6626865467983652e+02
   &ECORR [&Type "Double"]      -8.6092654943901614e+00
   &ECNL [&Type "Double"]       0.0000000000000000e+00
   &EXC [&Type "Double"]      -1.7487792017422669e+02
   &EEMBED [&Type "Double"]       0.0000000000000000e+00
   &FINALEN [&Type "Double"]      -2.1719001835155868e+03  "No Van der Waals correction"
$End
$VdW_Correction
   &GeometryIndex 73
   &ListStatus       OUT
   &VDW [&Type "Double"]      -8.3308829619811814e-02
$End
$SCF_Nuc_Gradient
   &GeometryIndex 73
   &ListStatus       OUT
   &NATOMS [&Type "Integer"] 34
   &ROOT [&Type "Integer"] 0
   &GRADNORM [&Type "Double"]       2.3296221270192801e-04
   &GRAD [&Type "ArrayOfDoubles", &Dim (102,1)] 
                                                         0

0                                      4.9492637613102880e-06
1                                     -4.0111507057516427e-06
2                                      7.6224799643448415e-06
3                                      5.1307662679578314e-06
4                                      8.2615585085960008e-06
5                                      6.9794728930292621e-06
6                                     -1.9936804359438343e-05
7                                      1.4800146556005755e-05
8                                     -5.7124838065983341e-05
9                                     -1.9432404045924973e-05
10                                    -2.2122540329905238e-06
11                                     2.2844426273357921e-05
12                                    -5.2708481437790944e-07
13                                    -9.0421584138244970e-07
14                                    -4.8615658032880038e-06
15                                    -1.0299639888161627e-05
16                                    -7.1629337302925311e-06
17                                    -2.9226434170401272e-05
18                                     1.1963928015307213e-05
19                                     1.1153734282981498e-05
20                                    -4.2265541644673221e-07
21                                     2.2173008218606682e-05
22                                     2.7892238302712480e-05
23                                    -4.4533458259780195e-05
24                                     1.4961652231387790e-05
25                                    -3.4565046324611104e-05
26                                     3.8430164468646055e-06
27                                     1.7685451924943571e-05
28                                    -6.6199075635445248e-06
29                                     5.6314329051065926e-06
30                                     2.3104243833386995e-05
31                                    -2.1309954875953002e-05
32                                     5.7040644564465559e-05
33                                    -2.7196423007526740e-05
34                                    -5.2559624786202574e-05
35                                     5.2269312538461010e-05
36                                    -3.2382657816229510e-05
37                                     8.4266155755310934e-05
38                                    -1.2227786543458907e-05
39                                     2.5095747781533895e-06
40                                    -2.0472750274114215e-05
41                                     2.1202468340947300e-05
42                                    -5.2542425095503109e-06
43                                    -4.1587133871312520e-07
44                                    -1.6029103853377157e-06
45                                     6.8676198603364810e-06
46                                     6.8031580388434876e-05
47                                    -4.7331879503871924e-05
48                                     2.5821631097988629e-05
49                                    -3.5337409845986878e-05
50                                     6.0844674611842953e-06
51                                     1.6076968085074195e-05
52                                     1.9184193292498541e-05
53                                    -1.5395588396124871e-05
54                                    -8.6037706308050854e-06
55                                    -7.0785016950403179e-06
56                                     5.7100798197123881e-06
57                                     4.6638124521006241e-07
58                                    -5.9874374125357122e-07
59                                     2.3968000013238622e-06
60                                     1.0432884604616444e-05
61                                    -1.8158226510810865e-05
62                                     1.4482035697149787e-05
63                                     2.6453359360505829e-06
64                                     3.9366984009081563e-05
65                                    -2.5085941520716637e-05
66                                    -7.6842089768922039e-06
67                                     1.9649895018847285e-05
68                                    -1.2404283877692768e-06
69                                     8.6560951368386263e-06
70                                     3.3132719667039456e-06
71                                    -1.6861939877710341e-05
72                                    -1.3480690884332125e-05
73                                    -5.0156813354573782e-05
74                                     4.0471025398725047e-06
75                                    -8.5908975788681619e-06
76                                    -9.2524322230710943e-06
77                                    -3.0103343599374721e-05
78                                    -5.1843243300264685e-06
79                                    -1.3009599699687069e-05
80                                     1.3119132858757654e-05
81                                     1.8962725717580620e-06
82                                     1.0036722762424288e-05
83                                     4.5175244512932200e-05
84                                    -8.5498854716092865e-06
85                                    -1.0796488144421135e-05
86                                     2.9518773441941648e-05
87                                     6.3020949555570027e-06
88                                    -4.1471380802654556e-06
89                                     1.5781230636516264e-05
90                                     2.9998740110892541e-06
91                                    -8.8709737308678704e-07
92                                    -1.3237369768354101e-05
93                                    -2.5046467115248314e-05
94                                     1.2373166016710346e-05
95                                    -1.1322611468300714e-05
96                                     1.9384520147935902e-06
97                                     8.2405432876818396e-06
98                                    -6.8192024396118711e-06
99                                     5.5880098776203702e-06
100                                   -2.6914005440470401e-05
101                                    3.6498314624298228e-06
$End
$Geometry
   &GeometryIndex 74
   &ListStatus       OUT
   &NATOMS [&Type "Integer"] 34
   &NCORELESSECP [&Type "Integer"] 0
   &NGHOSTATOMS [&Type "Integer"] 0
   &CartesianCoordinates [&Type "Coordinates", &Dim(34,4), &Units "Bohr"] 
              H     -0.488649792659   -9.308129656680   -6.904598206414
              H     -2.664892661086   -7.145510999193   -5.599722425679
              C     -0.668881943644   -7.632621589909   -5.715437703691
              N      0.569026528950   -5.532369551370   -7.052587282629
              H     -2.424171141831   -2.787377048718   -7.129356028647
              H     -0.571505048847   -9.636505493282   -2.213219832491
              H      4.347038286176   -6.966060759481   -7.491001689517
              C     -0.511197636339   -3.323765524882   -7.572216813074
              C      3.062717605331   -5.422614631666   -7.785770972407
              H      0.909642155888    1.011817478421  -11.384073072562
              C      0.425545550255   -8.060458247513   -3.092833065710
              N      1.201652592423   -1.805198702334   -8.616024309743
              C      3.459333889764   -3.088106624743   -8.765547974160
              H     -1.097314129825    1.380205396778   -8.691745094069
              H      2.428859956940   -8.536944408885   -3.179288208467
              C      0.770835491754    0.827542429443   -9.338655368132
              H      5.149366944631   -2.211052504898   -9.468989144207
              H      0.199714368834   -6.381379098872   -1.930326743234
              H      2.173638310733    1.997276126073   -8.396843790093
              F      3.444125489508    3.720870795110    0.694079767867
              O     -4.154486598876    0.070202814653   -4.734551993410
              N      0.080858679848    1.193933296771   -3.143456656377
              F     -4.166387885307    4.419637308100   -1.239770376533
              O      4.509074977233    1.434933430992   -4.427210048031
              S     -2.526561205593   -0.127522334199   -2.542450771880
              C      3.768289709213    1.230195127247    0.479828446438
              F      2.389963561142    0.071857613712    2.244537939014
              S      2.835089330965    0.118600356552   -2.729990108901
              C     -3.944787282917    2.121550567967   -0.231656423780
              F      6.204450622028    0.689736618349    0.871905893744
              F     -6.239010243497    1.291656673073    0.416705834981
              O     -2.419573670430   -2.536189049494   -1.277599597031
              F     -2.520003367581    2.273532788411    1.841462343478
              O      3.015081372555   -2.596183879797   -2.598666816131
$End
$SCF_Energy
   &GeometryIndex 74
   &ListStatus       OUT
   &SCF_ENERGY [&Type "Double"]      -2.1719001842364141e+03
$End
$DFT_Energy
   &GeometryIndex 74
   &ListStatus       OUT
   &NALPHAEL [&Type "Integer"] 99
   &NBETAEL [&Type "Integer"] 99
   &NTOTALEL [&Type "Integer"] 197
   &EEXCHANGE [&Type "Double"]      -1.6626862878010130e+02
   &ECORR [&Type "Double"]      -8.6092664513665831e+00
   &ECNL [&Type "Double"]       0.0000000000000000e+00
   &EXC [&Type "Double"]      -1.7487789523146787e+02
   &EEMBED [&Type "Double"]       0.0000000000000000e+00
   &FINALEN [&Type "Double"]      -2.1719001842364141e+03  "No Van der Waals correction"
$End
$VdW_Correction
   &GeometryIndex 74
   &ListStatus       OUT
   &VDW [&Type "Double"]      -8.3308247890997139e-02
$End
$SCF_Nuc_Gradient
   &GeometryIndex 74
   &ListStatus       OUT
   &NATOMS [&Type "Integer"] 34
   &ROOT [&Type "Integer"] 0
   &GRADNORM [&Type "Double"]       1.9071403260477850e-04
   &GRAD [&Type "ArrayOfDoubles", &Dim (102,1)] 
                                                         0

0                                      1.1392484662964969e-05
1                                     -9.1799219986699043e-07
2                                      3.9282679546309707e-06
3                                      7.2502367566840142e-06
4                                      1.0440250524434980e-05
5                                      2.1928294044806784e-06
6                                     -2.1862412138536069e-05
7                                      9.1107862357098918e-06
8                                     -2.5609146899426005e-05
9                                     -4.0295634414103804e-05
10                                     2.1974575166477939e-05
11                                     1.4065546087460579e-05
12                                     1.0238905405302035e-05
13                                     1.6165360607230117e-05
14                                     2.6467671229019052e-07
15                                    -8.4116952289020608e-06
16                                     6.3481109244256650e-07
17                                    -1.1601797348465004e-05
18                                     9.8456874354779789e-06
19                                     9.8888675838237905e-06
20                                    -4.8906931839794165e-06
21                                     3.8103576835035735e-05
22                                    -2.5929154061316712e-05
23                                    -4.9661489644914347e-05
24                                     1.0358007832278471e-06
25                                    -2.1925274519898896e-05
26                                     1.3822533835030140e-05
27                                     1.7012053328329876e-05
28                                     1.8132762707318006e-06
29                                     5.6087765342716089e-06
30                                     3.1920053923994995e-05
31                                    -2.6218923549450402e-05
32                                     9.3906065194021560e-06
33                                    -4.4296435888274352e-05
34                                    -1.7702129496643959e-05
35                                     4.4554089651226148e-05
36                                     4.4147703120583914e-06
37                                     4.3438014991306617e-05
38                                    -6.2392013192025253e-06
39                                     5.4685411066124345e-06
40                                    -1.3548558579823400e-05
41                                     2.0532477874563027e-05
42                                    -4.7342900419133915e-06
43                                     1.3754650091679643e-06
44                                     1.0090242542832098e-06
45                                     1.3512148190871279e-06
46                                     3.7098193173941418e-05
47                                    -4.4190568049516654e-05
48                                     1.6322282190589510e-05
49                                    -1.8899258571195010e-05
50                                     1.7758409551343890e-06
51                                    -4.4259624726317170e-07
52                                     1.0591215320349123e-05
53                                    -4.9108110893175683e-06
54                                    -2.2987723637402091e-06
55                                    -2.5334649830371925e-06
56                                     1.0819652724758377e-05
57                                    -4.2890959913374771e-06
58                                    -1.3493903681660591e-06
59                                     4.6175288166000472e-07
60                                     7.9563530016313333e-06
61                                    -8.5422879457751344e-06
62                                     3.0392273985935248e-05
63                                     8.3848479032720691e-06
64                                     2.7660228141213050e-05
65                                    -4.7375822809087031e-06
66                                    -7.8593116578859479e-06
67                                    -1.0559213859062666e-05
68                                     1.2683075536756849e-05
69                                     1.1064930035942222e-05
70                                     1.2511013651433922e-05
71                                    -1.7658279373222729e-05
72                                    -3.1978847587141312e-05
73                                    -1.6539096592549374e-06
74                                    -5.9657425498210737e-05
75                                    -8.4140002594851326e-06
76                                    -7.4668172380110143e-06
77                                     6.3121884852634924e-06
78                                     8.2113100677294604e-07
79                                    -6.1222851091835562e-06
80                                     2.7093647095854934e-06
81                                    -3.3457675838594048e-06
82                                    -7.0104196157605436e-06
83                                     1.8012101441255979e-05
84                                    -1.4602425370449645e-05
85                                     3.7638935338438206e-05
86                                    -2.0549273086506448e-05
87                                     4.1340624154506678e-06
88                                    -5.7431139511288087e-06
89                                     5.9392586813089565e-06
90                                    -9.8462458501535899e-06
91                                    -3.4135245893796018e-08
92                                     1.0390429957263247e-06
93                                    -5.7412762243143345e-07
94                                    -4.0922082063910015e-05
95                                     2.3524698059995686e-05
96                                     1.2038433601868626e-05
97                                    -4.0639538884598703e-06
98                                     8.8487938076919903e-06
99                                     4.4963088961375020e-06
100                                   -1.9198601414749383e-05
101                                    1.1819383654056159e-05
$End
$Geometry
   &GeometryIndex 75
   &ListStatus       OUT
   &NATOMS [&Type "Integer"] 34
   &NCORELESSECP [&Type "Integer"] 0
   &NGHOSTATOMS [&Type "Integer"] 0
   &CartesianCoordinates [&Type "Coordinates", &Dim(34,4), &Units "Bohr"] 
              H     -0.490126154208   -9.307680400013   -6.903532520722
              H     -2.665363606066   -7.144413622941   -5.598117414546
              C     -0.669511309534   -7.632070562473   -5.714363487811
              N      0.568654040180   -5.532292405984   -7.052209859434
              H     -2.423543568367   -2.786009398916   -7.128712395036
              H     -0.570843811395   -9.636075328395   -2.212131085513
              H      4.345910298454   -6.967539195052   -7.491522569861
              C     -0.510929435568   -3.323368947700   -7.571937021218
              C      3.062200979907   -5.423533916714   -7.786066723842
              H      0.910654628616    1.010974405543  -11.385026136133
              C      0.425675831104   -8.059916022066   -3.092159049825
              N      1.202220453311   -1.805627789989   -8.616534616645
              C      3.459407634568   -3.089386308210   -8.766370962460
              H     -1.095732669198    1.380674538210   -8.692645046878
              H      2.429031283376   -8.536158193638   -3.179212556398
              C      0.772144132131    0.827061348480   -9.339547042335
              H      5.149375842131   -2.212788996185   -9.470508913637
              H      0.199918509271   -6.381040446166   -1.929383409288
              H      2.175478913200    1.996543055755   -8.398194778386
              F      3.442723549965    3.721188971307    0.695357392717
              O     -4.154671467933    0.072990792091   -4.735472602162
              N      0.080573724186    1.195227234726   -3.143294806335
              F     -4.165869950813    4.418993817694   -1.235932925188
              O      4.508753203415    1.437175546012   -4.427083764249
              S     -2.526734411864   -0.126833410710   -2.543553891421
              C      3.767928690984    1.230753270319    0.479921808502
              F      2.390252502564    0.071043948069    2.244195269279
              S      2.834920818351    0.120032138366   -2.730356259838
              C     -3.945079240858    2.119648315712   -0.230451084236
              F      6.204357361430    0.691178034325    0.871488648693
              F     -6.239680358368    1.289582494174    0.416337344050
              O     -2.419632380506   -2.536825023895   -1.281231281165
              F     -2.520802442934    2.268784651953    1.843184201522
              O      3.015221226207   -2.594733877955   -2.600002751680
$End
$SCF_Energy
   &GeometryIndex 75
   &ListStatus       OUT
   &SCF_ENERGY [&Type "Double"]      -2.1719001861331831e+03
$End
$DFT_Energy
   &GeometryIndex 75
   &ListStatus       OUT
   &NALPHAEL [&Type "Integer"] 99
   &NBETAEL [&Type "Integer"] 99
   &NTOTALEL [&Type "Integer"] 197
   &EEXCHANGE [&Type "Double"]      -1.6626867209561107e+02
   &ECORR [&Type "Double"]      -8.6092682436731494e+00
   &ECNL [&Type "Double"]       0.0000000000000000e+00
   &EXC [&Type "Double"]      -1.7487794033928421e+02
   &EEMBED [&Type "Double"]       0.0000000000000000e+00
   &FINALEN [&Type "Double"]      -2.1719001861331831e+03  "No Van der Waals correction"
$End
$VdW_Correction
   &GeometryIndex 75
   &ListStatus       OUT
   &VDW [&Type "Double"]      -8.3306391802326282e-02
$End
$SCF_Nuc_Gradient
   &GeometryIndex 75
   &ListStatus       OUT
   &NATOMS [&Type "Integer"] 34
   &ROOT [&Type "Integer"] 0
   &GRADNORM [&Type "Double"]       1.5217787308762775e-04
   &GRAD [&Type "ArrayOfDoubles", &Dim (102,1)] 
                                                         0

0                                      9.2775806292758056e-06
1                                     -1.6550592706054967e-06
2                                     -6.5099403159241120e-06
3                                      1.8296753063196114e-06
4                                      7.3750372032027611e-06
5                                     -4.7942516022934922e-07
6                                     -2.0512810002266957e-05
7                                     -1.3069523801401660e-05
8                                      1.3880677861760615e-05
9                                     -3.0965445132195846e-05
10                                     1.2478346973016086e-05
11                                     8.1215080039859222e-06
12                                     1.8812301602000314e-05
13                                     2.2578903433483066e-05
14                                     4.3677734168356963e-07
15                                    -4.6825841819586600e-06
16                                     6.2633240235920873e-06
17                                     8.0463480044146163e-07
18                                     7.6857970601196257e-06
19                                     2.1296324564656910e-06
20                                    -4.4450802600300154e-06
21                                     1.9380659670414913e-05
22                                     3.3764321603207970e-07
23                                    -5.2492689987408692e-05
24                                     2.1657896576848801e-05
25                                     3.5855549316704538e-06
26                                     2.1845093969297125e-06
27                                     1.0701858335838282e-05
28                                     5.7122331050575570e-06
29                                     7.0380592347984994e-06
30                                     2.1248753215654531e-05
31                                    -1.4033757556769803e-05
32                                    -1.4371257737261223e-05
33                                    -1.9508814203365865e-05
34                                     2.0986335755313057e-07
35                                     2.1964681584836498e-05
36                                     4.2138556921450521e-06
37                                     1.1482748352803496e-05
38                                     1.6905493504248970e-06
39                                     6.7464965877728211e-06
40                                    -1.0889848112982659e-06
41                                     8.5873574283759635e-06
42                                    -2.1119145063031031e-06
43                                     7.8247481303389543e-07
44                                    -2.1901797030068199e-08
45                                    -3.1300855941511843e-06
46                                     4.7430368929970990e-07
47                                    -2.3747707303088672e-05
48                                     4.9663426873736150e-07
49                                    -7.2988955967245861e-06
50                                     3.5321189650328044e-06
51                                    -6.7571782377956469e-06
52                                    -4.3858220501735712e-06
53                                     2.4631902303257069e-06
54                                    -2.1215854427159009e-06
55                                    -2.9224916965053804e-06
56                                     7.8340196679876906e-06
57                                    -2.5921802904171898e-06
58                                    -6.0839845272830928e-08
59                                     5.7574837591736761e-06
60                                    -1.3859122444087602e-05
61                                     2.1534152355347225e-06
62                                     5.0755933028168165e-06
63                                     3.2469091362698904e-06
64                                     2.4499042560438555e-05
65                                    -1.8464350125396711e-06
66                                    -1.1052793804706973e-05
67                                     7.2599562090935876e-06
68                                    -3.1896054850100164e-07
69                                     2.2861501466520107e-05
70                                     2.6888292823962212e-05
71                                    -2.2207856845035678e-05
72                                     8.4411733629122243e-06
73                                    -2.1052074606314752e-05
74                                    -4.0635600880301048e-06
75                                    -1.8461721149415355e-05
76                                    -7.3190617070062469e-06
77                                     3.3550506435525707e-05
78                                     7.6227930758676621e-06
79                                     3.9696692669677347e-06
80                                    -1.5208045251596802e-05
81                                    -2.9200111922672578e-05
82                                    -7.5174712072328953e-05
83                                     2.0763802916601293e-05
84                                     6.1603308949831348e-07
85                                     2.6193306763844237e-06
86                                     7.1731342629610673e-06
87                                     3.6868324828631671e-06
88                                    -1.8224164828745115e-06
89                                    -4.2547301517398273e-07
90                                    -8.5713931960995637e-06
91                                     7.7704807864009684e-06
92                                    -1.6193840703532247e-06
93                                     5.8967912481069917e-07
94                                    -1.4587193738091475e-05
95                                     1.2964440643248309e-06
96                                     2.7323246671040469e-06
97                                    -9.8390882766266619e-06
98                                    -9.6573252321707770e-06
99                                     1.6790017130577373e-06
100                                    2.5739684985259803e-05
101                                    5.2599911717146619e-06
$End
$Geometry
   &GeometryIndex 76
   &ListStatus       OUT
   &NATOMS [&Type "Integer"] 34
   &NCORELESSECP [&Type "Integer"] 0
   &NGHOSTATOMS [&Type "Integer"] 0
   &CartesianCoordinates [&Type "Coordinates", &Dim(34,4), &Units "Bohr"] 
              H     -0.488174042246   -9.308362422029   -6.903952139925
              H     -2.665113260199   -7.145949265930   -5.600295458248
              C     -0.668936160202   -7.632638134823   -5.715171499620
              N      0.569048787541   -5.532580486913   -7.052661068875
              H     -2.423460352687   -2.786528227400   -7.128261526818
              H     -0.571245098824   -9.636113117412   -2.212583849482
              H      4.346217577180   -6.967570732297   -7.492677850367
              C     -0.510820538202   -3.323644300622   -7.571775357073
              C      3.062451013899   -5.423538537106   -7.786812612535
              H      0.909639499976    1.011251807849  -11.384455671983
              C      0.424852890928   -8.059485523439   -3.092272544811
              N      1.202110872572   -1.805618323487   -8.616415453051
              C      3.459373680943   -3.089192756800   -8.766740896231
              H     -1.096070870092    1.380645283045   -8.691655415562
              H      2.428527865403   -8.534631235412   -3.178132613709
              C      0.771705024466    0.827127511242   -9.338937519784
              H      5.149127266857   -2.212166470181   -9.470894137110
              H      0.197700070124   -6.380601126208   -1.929801768239
              H      2.175189640640    1.996630777782   -8.397827137753
              F      3.443595660783    3.721148183209    0.695070913846
              O     -4.154387490767    0.070947502480   -4.734489151450
              N      0.080716685547    1.194667050158   -3.143139107834
              F     -4.165760234840    4.419144468210   -1.237874650650
              O      4.508886376105    1.436980090290   -4.426914399402
              S     -2.526399625670   -0.127309348253   -2.542436172225
              C      3.768009631119    1.230568886845    0.480046167056
              F      2.389557212641    0.071602412024    2.244225406500
              S      2.835156799857    0.119765681250   -2.730218291214
              C     -3.944916174326    2.120478820233   -0.230843530464
              F      6.204161376612    0.690234476560    0.872176087013
              F     -6.239490974656    1.290636227514    0.416297131556
              O     -2.419018545047   -2.536416421185   -1.278518350257
              F     -2.520875774163    2.271088808634    1.842834735076
              O      3.015524024469   -2.595012842091   -2.599962557852
$End
$SCF_Energy
   &GeometryIndex 76
   &ListStatus       OUT
   &SCF_ENERGY [&Type "Double"]      -2.1719001874423175e+03
$End
$DFT_Energy
   &GeometryIndex 76
   &ListStatus       OUT
   &NALPHAEL [&Type "Integer"] 99
   &NBETAEL [&Type "Integer"] 99
   &NTOTALEL [&Type "Integer"] 197
   &EEXCHANGE [&Type "Double"]      -1.6626872799737453e+02
   &ECORR [&Type "Double"]      -8.6092721496696925e+00
   &ECNL [&Type "Double"]       0.0000000000000000e+00
   &EXC [&Type "Double"]      -1.7487800014704422e+02
   &EEMBED [&Type "Double"]       0.0000000000000000e+00
   &FINALEN [&Type "Double"]      -2.1719001874423175e+03  "No Van der Waals correction"
$End
$VdW_Correction
   &GeometryIndex 76
   &ListStatus       OUT
   &VDW [&Type "Double"]      -8.3305076023973690e-02
$End
$SCF_Nuc_Gradient
   &GeometryIndex 76
   &ListStatus       OUT
   &NATOMS [&Type "Integer"] 34
   &ROOT [&Type "Integer"] 0
   &GRADNORM [&Type "Double"]       8.4670476938525444e-05
   &GRAD [&Type "ArrayOfDoubles", &Dim (102,1)] 
                                                         0

0                                      2.7493328633981101e-06
1                                      1.2868554855327563e-06
2                                     -6.1834969904001058e-06
3                                     -4.0942177426117610e-07
4                                      3.1086731795831879e-06
5                                     -3.0989868256350861e-06
6                                     -6.1185344793698859e-06
7                                     -1.1459336896009475e-05
8                                      1.4574261228583740e-05
9                                     -1.7945640085059722e-08
10                                     4.3936713095549251e-06
11                                     8.4946035523864039e-06
12                                     9.6177199728764151e-06
13                                     2.2808540210722539e-05
14                                    -4.7135134981224347e-07
15                                    -2.6306580924034817e-06
16                                     3.5677121407173829e-07
17                                     1.7001296158669632e-06
18                                     2.3811542745610925e-06
19                                     1.1170303507168633e-07
20                                    -2.4493131408273583e-06
21                                    -2.4920932197025625e-06
22                                    -1.5209185796651037e-06
23                                    -3.2240489300217751e-05
24                                     1.5942447468608734e-05
25                                     9.3639667750194944e-06
26                                    -2.9375467695616497e-06
27                                     4.6745670762831509e-06
28                                     3.2033141394195719e-06
29                                     3.2079510916549481e-06
30                                    -1.6318300779319395e-06
31                                     3.3874163537311007e-06
32                                    -2.3145812986249958e-05
33                                     1.6316574800046696e-06
34                                     8.0882994737130343e-06
35                                    -1.6401080193545470e-06
36                                     2.3851387406514934e-06
37                                    -8.5773863716387400e-06
38                                     6.4930125597967292e-06
39                                     5.5503305839976758e-06
40                                     6.8020054433959309e-06
41                                    -2.2615380557838849e-07
42                                     4.1682212265081731e-07
43                                     1.3997727849254793e-06
44                                     5.4146797725390661e-07
45                                    -2.4760173268347993e-06
46                                    -8.9046955753999124e-06
47                                    -1.1179195597427194e-06
48                                    -7.3032538308592798e-07
49                                     2.7643235622348827e-06
50                                     3.1400084758159696e-06
51                                     1.2177910171384809e-06
52                                    -6.1126106364051136e-06
53                                     2.6012672198760800e-06
54                                    -1.6615638779304831e-06
55                                     1.5944566272851901e-07
56                                     7.7940918238039725e-06
57                                    -2.1808562174832624e-06
58                                    -2.5970761677873710e-06
59                                     6.5689318453285295e-06
60                                    -4.7126668941688266e-06
61                                    -2.6716324831518867e-06
62                                    -2.1884221322321373e-06
63                                    -2.6430933303903809e-07
64                                     8.1677543279923270e-06
65                                    -2.0262253138669806e-06
66                                    -6.0337653536926550e-06
67                                     3.8474065512938971e-06
68                                    -5.9144639995845072e-06
69                                     5.8044377568289285e-06
70                                     7.9903948982662509e-06
71                                    -3.5396560686962175e-06
72                                     2.5690977322953557e-06
73                                    -2.3029193021995020e-06
74                                     9.6506462964468520e-06
75                                    -1.1334001557054829e-05
76                                    -2.0951744720207333e-06
77                                     2.4352664095783627e-05
78                                     1.8820733978242021e-06
79                                     3.7418307682335339e-06
80                                    -1.0824242829221564e-05
81                                    -1.1354778189337500e-05
82                                    -3.5808676770526793e-05
83                                     4.4372098252365433e-06
84                                     5.9693685416223330e-06
85                                    -1.1161455494762551e-05
86                                     9.2786818189499742e-06
87                                    -2.1481982392934640e-07
88                                    -1.5572854182507867e-06
89                                     1.1092880234861435e-06
90                                    -1.8130808431826573e-06
91                                     5.7734742584247822e-06
92                                    -1.5655970895533944e-06
93                                     3.2020641062106836e-07
94                                    -9.0955039047657671e-06
95                                     3.1840057411747225e-06
96                                    -4.7386568393370521e-06
97                                    -7.2011991813537846e-06
98                                    -9.7476904930005048e-06
99                                    -2.2968501804110364e-06
100                                    1.4310263749928165e-05
101                                    2.1892510976423418e-06
$End
$Geometry
   &GeometryIndex 77
   &ListStatus       OUT
   &NATOMS [&Type "Integer"] 34
   &NCORELESSECP [&Type "Integer"] 0
   &NGHOSTATOMS [&Type "Integer"] 0
   &CartesianCoordinates [&Type "Coordinates", &Dim(34,4), &Units "Bohr"] 
              H     -0.488646256812   -9.308217767170   -6.903924515114
              H     -2.665188040276   -7.145692980394   -5.599907420966
              C     -0.669072150654   -7.632549092660   -5.715025950774
              N      0.568963138900   -5.532542443228   -7.052456788944
              H     -2.423690296554   -2.786641562291   -7.128510228632
              H     -0.571422424931   -9.636129846240   -2.212497618304
              H      4.346124172914   -6.967476132194   -7.492186139162
              C     -0.510952500758   -3.323673463780   -7.571684947945
              C      3.062353737081   -5.423494544283   -7.786517517061
              H      0.909627139188    1.011236030952  -11.384429927820
              C      0.424889487040   -8.059674488595   -3.092242510821
              N      1.202005632916   -1.805656006321   -8.616381567368
              C      3.459288457148   -3.089199117515   -8.766573355812
              H     -1.096197354838    1.380614468531   -8.691741510509
              H      2.428441061535   -8.535301493546   -3.178364827081
              C      0.771632696507    0.827115790674   -9.338905592034
              H      5.149059201537   -2.212119079409   -9.470656887661
              H      0.198233619719   -6.380769714720   -1.929708331324
              H      2.175091143172    1.996602218243   -8.397726672318
              F      3.443888591082    3.721494630000    0.694835757122
              O     -4.154049542254    0.071782006752   -4.735001581454
              N      0.080955734025    1.194867633252   -3.143060046100
              F     -4.165443571750    4.419047593505   -1.237123923938
              O      4.509125688066    1.436968985481   -4.426983038843
              S     -2.526260156554   -0.127085252520   -2.542873789541
              C      3.768277953165    1.230895657937    0.479928208546
              F      2.389778588419    0.072047842229    2.244205881609
              S      2.835374871061    0.119924125150   -2.730221709253
              C     -3.945007387458    2.120048324063   -0.230808988071
              F      6.204403296063    0.690542282494    0.872123145686
              F     -6.239766230984    1.290092139390    0.415549406971
              O     -2.419134557167   -2.536535202316   -1.279600288298
              F     -2.521447717192    2.269908789352    1.843270016670
              O      3.015646794383   -2.594871615087   -2.599867032937
$End
$SCF_Energy
   &GeometryIndex 77
   &ListStatus       OUT
   &SCF_ENERGY [&Type "Double"]      -2.1719001871723408e+03
$End
$DFT_Energy
   &GeometryIndex 77
   &ListStatus       OUT
   &NALPHAEL [&Type "Integer"] 99
   &NBETAEL [&Type "Integer"] 99
   &NTOTALEL [&Type "Integer"] 197
   &EEXCHANGE [&Type "Double"]      -1.6626874019118591e+02
   &ECORR [&Type "Double"]      -8.6092736010583213e+00
   &ECNL [&Type "Double"]       0.0000000000000000e+00
   &EXC [&Type "Double"]      -1.7487801379224425e+02
   &EEMBED [&Type "Double"]       0.0000000000000000e+00
   &FINALEN [&Type "Double"]      -2.1719001871723408e+03  "No Van der Waals correction"
$End
$Mulliken_Population_Analysis
   &GeometryIndex 77
   &ListStatus       OUT
   &NATOMS [&Type "Integer"] 34
   &ATNO [&Type "ArrayOfIntegers", &Dim (34,1)] 
                                                         0

0                                                        1
1                                                        1
2                                                        6
3                                                        7
4                                                        1
5                                                        1
6                                                        1
7                                                        6
8                                                        6
9                                                        1
10                                                       6
11                                                       7
12                                                       6
13                                                       1
14                                                       1
15                                                       6
16                                                       1
17                                                       1
18                                                       1
19                                                       9
20                                                       8
21                                                       7
22                                                       9
23                                                       8
24                                                      16
25                                                       6
26                                                       9
27                                                      16
28                                                       6
29                                                       9
30                                                       9
31                                                       8
32                                                       9
33                                                       8
   &ATOMICCHARGES [&Type "ArrayOfDoubles", &Dim (34,1)] 
                                                         0

0                                      1.2638985580797246e-01
1                                      1.3207433986769679e-01
2                                     -1.3331322628809605e-01
3                                      1.9591406811818146e-02
4                                      2.3938771990327146e-01
5                                      1.1769190796755669e-01
6                                      1.6389140495491772e-01
7                                     -2.6203575311563476e-02
8                                     -4.5571516043237281e-02
9                                      1.3991833891112548e-01
10                                    -3.2715605126726377e-01
11                                    -2.3128225349694276e-02
12                                    -7.0355961528431266e-02
13                                     1.7299160027907723e-01
14                                     1.0281962413310164e-01
15                                    -2.8592006439569495e-01
16                                     1.6667809336327388e-01
17                                     1.9254341668660580e-01
18                                     1.8956534973352301e-01
19                                    -1.5939929974564393e-01
20                                    -5.1427654973362635e-01
21                                    -4.5931536594484879e-01
22                                    -1.5576022444566107e-01
23                                    -4.9448875794922209e-01
24                                     7.9621895182247293e-01
25                                     4.4999668157125861e-01
26                                    -1.5882668675406286e-01
27                                     8.1209999574835123e-01
28                                     4.4945894680741638e-01
29                                    -1.6051280435759807e-01
30                                    -1.5833678831866216e-01
31                                    -4.6240334999289878e-01
32                                    -1.5728983343109526e-01
33                                    -4.7905935351220741e-01
$End
$Loewdin_Population_Analysis
   &GeometryIndex 77
   &ListStatus       OUT
   &NATOMS [&Type "Integer"] 34
   &ATNO [&Type "ArrayOfIntegers", &Dim (34,1)] 
                                                         0

0                                                        1
1                                                        1
2                                                        6
3                                                        7
4                                                        1
5                                                        1
6                                                        1
7                                                        6
8                                                        6
9                                                        1
10                                                       6
11                                                       7
12                                                       6
13                                                       1
14                                                       1
15                                                       6
16                                                       1
17                                                       1
18                                                       1
19                                                       9
20                                                       8
21                                                       7
22                                                       9
23                                                       8
24                                                      16
25                                                       6
26                                                       9
27                                                      16
28                                                       6
29                                                       9
30                                                       9
31                                                       8
32                                                       9
33                                                       8
   &ATOMICCHARGES [&Type "ArrayOfDoubles", &Dim (34,1)] 
                                                         0

0                                      1.3735804400286544e-01
1                                      1.4748683001287211e-01
2                                     -2.3452178574961824e-01
3                                      2.8462829260631572e-01
4                                      1.5482458961921264e-01
5                                      1.2794739296967750e-01
6                                      1.4889546814450738e-01
7                                     -1.6895488276515014e-01
8                                     -1.5447568127532918e-01
9                                      1.2225094501249101e-01
10                                    -2.8907145067530404e-01
11                                     2.6320019236566417e-01
12                                    -1.5432680271365484e-01
13                                     1.3778082625909971e-01
14                                     1.2055441178163839e-01
15                                    -2.3473344341933622e-01
16                                     1.5129923759121477e-01
17                                     1.3430605557175868e-01
18                                     1.3533346423133263e-01
19                                     2.0349227848619655e-01
20                                    -3.0213378573744620e-01
21                                    -4.1630189030988074e-01
22                                     2.0544964103256014e-01
23                                    -2.8262282737017053e-01
24                                     5.5806403409085448e-01
25                                    -8.0604213465027641e-01
26                                     2.0430934791595945e-01
27                                     5.5803691500733343e-01
28                                    -8.0392300229662261e-01
29                                     1.9850410946446395e-01
30                                     2.0101896336064762e-01
31                                    -2.7942018724042228e-01
32                                     2.0613990023107753e-01
33                                    -2.7435306555467065e-01
$End
$Mayer_Population_Analysis
   &GeometryIndex 77
   &ListStatus       OUT
   &NATOMS [&Type "Integer"] 34 "Total number of atoms"
   &BONDTHRESH [&Type "Double"]       1.0000000000000001e-01  "The threshold for printing"
   &NBONDORDERSPRINT [&Type "Integer"] 33 "The number of bond orders larger than threshold"
   &BONDORDERS [&Type "ArrayOfDoubles", &Dim (33,1)] "The bond orders"
                                                         0

0                                      9.6083751156399810e-01
1                                      9.5612733341173228e-01
2                                      8.7309103873097293e-01
3                                      9.7828754880346314e-01
4                                      1.3644180861372339e+00
5                                      1.1566847307100874e+00
6                                      8.9584635542901114e-01
7                                      9.6114514585529132e-01
8                                      9.4943622205508960e-01
9                                      1.3588862390417418e+00
10                                     1.6634747625535873e+00
11                                     9.5038315569692267e-01
12                                     9.6789043896594218e-01
13                                     9.5055511404328386e-01
14                                     1.1603361040922371e+00
15                                     8.7280998661610976e-01
16                                     9.5033941941898892e-01
17                                     9.5629257876053042e-01
18                                     9.4815204087714811e-01
19                                     1.1328303396295973e+00
20                                     1.7336392624828376e+00
21                                     1.2605400590478011e+00
22                                     1.2387997701272133e+00
23                                     1.1449518335640736e+00
24                                     1.8014272177592887e+00
25                                     8.3905262293425986e-01
26                                     1.8209665863630646e+00
27                                     1.1325742594580863e+00
28                                     8.4662076218253601e-01
29                                     1.1379524270017050e+00
30                                     1.7798344873922216e+00
31                                     1.1394837644141669e+00
32                                     1.1316268161146861e+00
   &COMPONENTS [&Type "ArrayOfIntegers", &Dim (33,4)] "The indices and atomic numbers of the bonding atoms"
                                                         0                           1                           2                           3

0                                                        0                           1                           2                           6
1                                                        1                           1                           2                           6
2                                                        2                           6                           3                           7
3                                                        2                           6                          10                           6
4                                                        3                           7                           7                           6
5                                                        3                           7                           8                           6
6                                                        4                           1                           7                           6
7                                                        5                           1                          10                           6
8                                                        6                           1                           8                           6
9                                                        7                           6                          11                           7
10                                                       8                           6                          12                           6
11                                                       9                           1                          15                           6
12                                                      10                           6                          14                           1
13                                                      10                           6                          17                           1
14                                                      11                           7                          12                           6
15                                                      11                           7                          15                           6
16                                                      12                           6                          16                           1
17                                                      13                           1                          15                           6
18                                                      15                           6                          18                           1
19                                                      19                           9                          25                           6
20                                                      20                           8                          24                          16
21                                                      21                           7                          24                          16
22                                                      21                           7                          27                          16
23                                                      22                           9                          28                           6
24                                                      23                           8                          27                          16
25                                                      24                          16                          28                           6
26                                                      24                          16                          31                           8
27                                                      25                           6                          26                           9
28                                                      25                           6                          27                          16
29                                                      25                           6                          29                           9
30                                                      27                          16                          33                           8
31                                                      28                           6                          30                           9
32                                                      28                           6                          32                           9
   &ATNO [&Type "ArrayOfIntegers", &Dim (34,1)] "Atomic number of the elements"
                                                         0

0                                                        1
1                                                        1
2                                                        6
3                                                        7
4                                                        1
5                                                        1
6                                                        1
7                                                        6
8                                                        6
9                                                        1
10                                                       6
11                                                       7
12                                                       6
13                                                       1
14                                                       1
15                                                       6
16                                                       1
17                                                       1
18                                                       1
19                                                       9
20                                                       8
21                                                       7
22                                                       9
23                                                       8
24                                                      16
25                                                       6
26                                                       9
27                                                      16
28                                                       6
29                                                       9
30                                                       9
31                                                       8
32                                                       9
33                                                       8
   &NA [&Type "ArrayOfDoubles", &Dim (34,1)] "Mulliken gross atomic population"
                                                         0

0                                      8.7361014419202720e-01
1                                      8.6792566013230354e-01
2                                      6.1333132262880978e+00
3                                      6.9804085931881765e+00
4                                      7.6061228009672788e-01
5                                      8.8230809203244309e-01
6                                      8.3610859504508173e-01
7                                      6.0262035753115635e+00
8                                      6.0455715160432399e+00
9                                      8.6008166108887429e-01
10                                     6.3271560512672611e+00
11                                     7.0231282253496952e+00
12                                     6.0703559615284357e+00
13                                     8.2700839972092333e-01
14                                     8.9718037586689781e-01
15                                     6.2859200643956976e+00
16                                     8.3332190663672578e-01
17                                     8.0745658331339332e-01
18                                     8.1043465026647732e-01
19                                     9.1593992997456457e+00
20                                     8.5142765497336264e+00
21                                     7.4593153659448452e+00
22                                     9.1557602244456557e+00
23                                     8.4944887579492203e+00
24                                     1.5203781048177527e+01
25                                     5.5500033184287387e+00
26                                     9.1588266867540664e+00
27                                     1.5187900004251659e+01
28                                     5.5505410531925836e+00
29                                     9.1605128043576016e+00
30                                     9.1583367883186586e+00
31                                     8.4624033499929023e+00
32                                     9.1572898334310935e+00
33                                     8.4790593535122127e+00
   &ZA [&Type "ArrayOfDoubles", &Dim (34,1)] "Total nuclear charge"
                                                         0

0                                      1.0000000000000000e+00
1                                      1.0000000000000000e+00
2                                      6.0000000000000000e+00
3                                      7.0000000000000000e+00
4                                      1.0000000000000000e+00
5                                      1.0000000000000000e+00
6                                      1.0000000000000000e+00
7                                      6.0000000000000000e+00
8                                      6.0000000000000000e+00
9                                      1.0000000000000000e+00
10                                     6.0000000000000000e+00
11                                     7.0000000000000000e+00
12                                     6.0000000000000000e+00
13                                     1.0000000000000000e+00
14                                     1.0000000000000000e+00
15                                     6.0000000000000000e+00
16                                     1.0000000000000000e+00
17                                     1.0000000000000000e+00
18                                     1.0000000000000000e+00
19                                     9.0000000000000000e+00
20                                     8.0000000000000000e+00
21                                     7.0000000000000000e+00
22                                     9.0000000000000000e+00
23                                     8.0000000000000000e+00
24                                     1.6000000000000000e+01
25                                     6.0000000000000000e+00
26                                     9.0000000000000000e+00
27                                     1.6000000000000000e+01
28                                     6.0000000000000000e+00
29                                     9.0000000000000000e+00
30                                     9.0000000000000000e+00
31                                     8.0000000000000000e+00
32                                     9.0000000000000000e+00
33                                     8.0000000000000000e+00
   &QA [&Type "ArrayOfDoubles", &Dim (34,1)] "Mulliken gross atomic charge"
                                                         0

0                                      1.2638985580797280e-01
1                                      1.3207433986769646e-01
2                                     -1.3331322628809783e-01
3                                      1.9591406811823475e-02
4                                      2.3938771990327212e-01
5                                      1.1769190796755691e-01
6                                      1.6389140495491827e-01
7                                     -2.6203575311563476e-02
8                                     -4.5571516043239946e-02
9                                      1.3991833891112571e-01
10                                    -3.2715605126726111e-01
11                                    -2.3128225349695164e-02
12                                    -7.0355961528435706e-02
13                                     1.7299160027907667e-01
14                                     1.0281962413310219e-01
15                                    -2.8592006439569762e-01
16                                     1.6667809336327422e-01
17                                     1.9254341668660668e-01
18                                     1.8956534973352268e-01
19                                    -1.5939929974564571e-01
20                                    -5.1427654973362635e-01
21                                    -4.5931536594484523e-01
22                                    -1.5576022444565574e-01
23                                    -4.9448875794922031e-01
24                                     7.9621895182247293e-01
25                                     4.4999668157126127e-01
26                                    -1.5882668675406642e-01
27                                     8.1209999574834058e-01
28                                     4.4945894680741638e-01
29                                    -1.6051280435760162e-01
30                                    -1.5833678831865861e-01
31                                    -4.6240334999290233e-01
32                                    -1.5728983343109348e-01
33                                    -4.7905935351221274e-01
   &VA [&Type "ArrayOfDoubles", &Dim (34,1)] "Mayer's total valence"
                                                         0

0                                      9.5222051430561505e-01
1                                      9.6655699204600820e-01
2                                      3.8382842683573557e+00
3                                      3.4316583345853178e+00
4                                      9.8795247232371908e-01
5                                      9.6712396840991977e-01
6                                      9.7252332920325291e-01
7                                      3.9072167136701048e+00
8                                      3.8939260557508217e+00
9                                      9.5199876317724641e-01
10                                     3.8350925659736212e+00
11                                     3.4431057083805761e+00
12                                     3.9455606214870547e+00
13                                     9.8354047475419226e-01
14                                     9.7477214632290177e-01
15                                     3.7489557502940181e+00
16                                     9.7988282646823910e-01
17                                     9.9127665773095974e-01
18                                     9.7908474712445492e-01
19                                     1.1519513170953464e+00
20                                     1.9489371182162694e+00
21                                     2.7048889758592845e+00
22                                     1.1579373620335611e+00
23                                     1.9951486610456717e+00
24                                     5.8137494981051150e+00
25                                     4.4604306921760024e+00
26                                     1.1545071939214029e+00
27                                     5.8135136428510403e+00
28                                     4.4486089426628546e+00
29                                     1.1516988479236567e+00
30                                     1.1535276652750344e+00
31                                     2.0077533900943445e+00
32                                     1.1532096127139468e+00
33                                     1.9840157982666060e+00
   &BVA [&Type "ArrayOfDoubles", &Dim (34,1)] "Mayer's bonded valence"
                                                         0

0                                      9.5222051430558308e-01
1                                      9.6655699204599377e-01
2                                      3.8382842683572052e+00
3                                      3.4316583345854008e+00
4                                      9.8795247232372629e-01
5                                      9.6712396840993464e-01
6                                      9.7252332920328122e-01
7                                      3.9072167136701359e+00
8                                      3.8939260557509576e+00
9                                      9.5199876317727616e-01
10                                     3.8350925659736035e+00
11                                     3.4431057083806333e+00
12                                     3.9455606214869698e+00
13                                     9.8354047475418782e-01
14                                     9.7477214632291309e-01
15                                     3.7489557502940123e+00
16                                     9.7988282646823877e-01
17                                     9.9127665773096307e-01
18                                     9.7908474712444660e-01
19                                     1.1519513170953353e+00
20                                     1.9489371182163246e+00
21                                     2.7048889758593200e+00
22                                     1.1579373620336391e+00
23                                     1.9951486610456790e+00
24                                     5.8137494981051283e+00
25                                     4.4604306921759713e+00
26                                     1.1545071939213329e+00
27                                     5.8135136428509391e+00
28                                     4.4486089426628919e+00
29                                     1.1516988479236261e+00
30                                     1.1535276652751296e+00
31                                     2.0077533900943791e+00
32                                     1.1532096127139759e+00
33                                     1.9840157982665634e+00
   &FA [&Type "ArrayOfDoubles", &Dim (34,1)] "Mayer's free valence"
                                                         0

0                                      0.0000000000000000e+00
1                                      0.0000000000000000e+00
2                                      0.0000000000000000e+00
3                                      0.0000000000000000e+00
4                                      0.0000000000000000e+00
5                                      0.0000000000000000e+00
6                                      0.0000000000000000e+00
7                                      0.0000000000000000e+00
8                                      0.0000000000000000e+00
9                                      0.0000000000000000e+00
10                                     0.0000000000000000e+00
11                                     0.0000000000000000e+00
12                                     0.0000000000000000e+00
13                                     0.0000000000000000e+00
14                                     0.0000000000000000e+00
15                                     0.0000000000000000e+00
16                                     0.0000000000000000e+00
17                                     0.0000000000000000e+00
18                                     0.0000000000000000e+00
19                                     0.0000000000000000e+00
20                                     0.0000000000000000e+00
21                                     0.0000000000000000e+00
22                                     0.0000000000000000e+00
23                                     0.0000000000000000e+00
24                                     0.0000000000000000e+00
25                                     0.0000000000000000e+00
26                                     0.0000000000000000e+00
27                                     0.0000000000000000e+00
28                                     0.0000000000000000e+00
29                                     0.0000000000000000e+00
30                                     0.0000000000000000e+00
31                                     0.0000000000000000e+00
32                                     0.0000000000000000e+00
33                                     0.0000000000000000e+00
$End
$VdW_Correction
   &GeometryIndex 77
   &ListStatus       OUT
   &VDW [&Type "Double"]      -8.3305381077680415e-02
$End
$SCF_Dipole_Moment
   &GeometryIndex 77
   &ListStatus       OUT
   &METHOD [&Type "String"] "SCF"
   &LEVEL [&Type "String"] "Relaxed density"
   &MULT [&Type "Integer"] 1
   &STATE [&Type "Integer"] -1
   &IRREP [&Type "Integer"] 0
   &NATOMS [&Type "Integer"] 34
   &DODIPOLEATOM [&Type "Boolean"] false
   &DIPOLEELECCONTRIB [&Type "ArrayOfDoubles", &Dim (3,1)] "Electronic contribution"
                                                         0

0                                     -3.1795903566446935e+00
1                                      2.6381276929220363e+01
2                                      2.7969795606838478e+01
   &DIPOLENUCCONTRIB [&Type "ArrayOfDoubles", &Dim (3,1)] "Nuclear contribution"
                                                         0

0                                      3.6297431081154343e+00
1                                     -2.8745961520232477e+01
2                                     -3.1100859396051124e+01
   &DIPOLETOTAL [&Type "ArrayOfDoubles", &Dim (3,1)] "Total"
                                                         0

0                                      4.5015275147074085e-01
1                                     -2.3646845910121144e+00
2                                     -3.1310637892126465e+00
   &DIPOLEMAGNITUDE [&Type "Double", &Units "a.u."]       3.9494216243325382e+00
$End
