
 *******************************************************************************
 **                 BAND EVALUATION OF ENERGIES AND FORCES                    **
 *******************************************************************************
 **                                                                           **
 **                                                                           **
 ** Replica Env Nr. :    1              Replica Band Nr. :    9               **
 ** Band  Step  Nr. :    0                                                    **
 *******************************************************************************

 Number of electrons:                                                        674
 Number of occupied orbitals:                                                366
 Number of molecular orbitals:                                               437

 Number of orbital functions:                                               1844
 Number of independent orbital functions:                                   1844

 Parameters for the always stable predictor-corrector (ASPC) method:

  ASPC order: 0

  B(1) =   1.000000

 *** WARNING in fm/cp_fm_elpa.F:521 :: Setting real_kernel for ELPA failed ***


 Extrapolation method: ASPC


 SCF WAVEFUNCTION OPTIMIZATION

  Step     Update method      Time    Convergence         Total energy    Change
  ------------------------------------------------------------------------------

 *** WARNING in fm/cp_fm_elpa.F:521 :: Setting real_kernel for ELPA failed ***

     1 Broy./Diag. 0.15E+00    8.4     0.00029396     -1625.7608456454 -1.63E+03

 *** WARNING in fm/cp_fm_elpa.F:521 :: Setting real_kernel for ELPA failed ***

     2 Broy./Diag. 0.15E+00   12.2     0.00026909     -1625.7664159492 -5.57E-03

 *** WARNING in fm/cp_fm_elpa.F:521 :: Setting real_kernel for ELPA failed ***

     3 Broy./Diag. 0.15E+00   12.4     0.00014814     -1625.7639134695  2.50E-03

 *** WARNING in fm/cp_fm_elpa.F:521 :: Setting real_kernel for ELPA failed ***

     4 Broy./Diag. 0.15E+00   12.5     0.00005910     -1625.7621875082  1.73E-03

 *** WARNING in fm/cp_fm_elpa.F:521 :: Setting real_kernel for ELPA failed ***

     5 Broy./Diag. 0.15E+00   12.4     0.00002500     -1625.7609575384  1.23E-03

  *** SCF run converged in     5 steps ***


  Electronic density on regular grids:       -673.9999999303        0.0000000697
  Core density on regular grids:              673.9999999671       -0.0000000329
  Total charge density on r-space grids:        0.0000000368
  Total charge density g-space grids:           0.0000000368

  Overlap energy of the core charge distribution:               0.00053095058775
  Self energy of the core charge distribution:              -3774.19779000501012
  Core Hamiltonian energy:                                   1084.74619034932994
  Hartree energy:                                            1417.01612079063466
  Exchange-correlation energy:                               -353.09505297875529
  Dispersion energy:                                           -0.22499236743286
  Electronic entropic energy:                                  -0.00596545773239
  Fermi energy:                                                -0.00697619531430

  Total energy:                                             -1625.76095753843424

 !-----------------------------------------------------------------------------!
                     Mulliken Population Analysis

 #  Atom  Element  Kind  Atomic population                           Net charge
       1     Ti       1         10.948968                              1.051032
       2     Ti       1         10.964124                              1.035876
       3     Ti       1         10.929091                              1.070909
       4     Ti       1         10.936566                              1.063434
       5     Ti       1         10.982115                              1.017885
       6     Ti       1         10.965169                              1.034831
       7     Ti       1         10.942693                              1.057307
       8     Ti       1         10.950608                              1.049392
       9     H        2          0.933159                              0.066841
      10     H        2          0.925189                              0.074811
      11     H        2          0.936309                              0.063691
      12     H        2          0.925033                              0.074967
      13     H        2          0.932003                              0.067997
      14     H        2          0.934395                              0.065605
      15     H        2          0.926277                              0.073723
      16     H        2          0.930816                              0.069184
      17     H        2          0.928399                              0.071601
      18     H        2          0.927210                              0.072790
      19     H        2          0.929509                              0.070491
      20     H        2          0.924948                              0.075052
      21     H        2          0.827487                              0.172513
      22     H        2          0.827815                              0.172185
      23     H        2          0.923951                              0.076049
      24     H        2          0.927562                              0.072438
      25     H        2          0.932372                              0.067628
      26     H        2          0.922767                              0.077233
      27     H        2          0.922006                              0.077994
      28     H        2          0.927898                              0.072102
      29     H        2          0.889086                              0.110914
      30     H        2          0.900221                              0.099779
      31     H        2          0.835971                              0.164029
      32     H        2          0.837307                              0.162693
      33     H        2          0.879492                              0.120508
      34     H        2          0.887335                              0.112665
      35     H        2          0.891341                              0.108659
      36     H        2          0.887827                              0.112173
      37     H        2          0.880553                              0.119447
      38     H        2          0.887979                              0.112021
      39     H        2          0.940439                              0.059561
      40     H        2          0.923054                              0.076946
      41     H        2          0.944244                              0.055756
      42     H        2          0.908515                              0.091485
      43     C        3          3.771768                              0.228232
      44     C        3          3.769669                              0.230331
      45     C        3          3.773896                              0.226104
      46     C        3          3.768161                              0.231839
      47     C        3          4.057262                             -0.057262
      48     C        3          4.026063                             -0.026063
      49     C        3          4.056150                             -0.056150
      50     C        3          4.028806                             -0.028806
      51     C        3          3.981622                              0.018378
      52     C        3          4.031969                             -0.031969
      53     C        3          3.977110                              0.022890
      54     C        3          4.034641                             -0.034641
      55     C        3          4.042087                             -0.042087
      56     C        3          4.012253                             -0.012253
      57     C        3          4.005735                             -0.005735
      58     C        3          4.041458                             -0.041458
      59     C        3          4.032121                             -0.032121
      60     C        3          4.046502                             -0.046502
      61     C        3          4.041636                             -0.041636
      62     C        3          4.036156                             -0.036156
      63     C        3          4.025078                             -0.025078
      64     C        3          4.065938                             -0.065938
      65     C        3          4.048312                             -0.048312
      66     C        3          4.026241                             -0.026241
      67     C        3          3.776404                              0.223596
      68     C        3          3.776968                              0.223032
      69     C        3          3.786078                              0.213922
      70     C        3          3.800224                              0.199776
      71     C        3          3.809802                              0.190198
      72     C        3          3.787984                              0.212016
      73     C        3          4.009920                             -0.009920
      74     C        3          4.037138                             -0.037138
      75     C        3          4.042479                             -0.042479
      76     C        3          4.010892                             -0.010892
      77     C        3          4.033084                             -0.033084
      78     C        3          4.024241                             -0.024241
      79     C        3          4.021283                             -0.021283
      80     C        3          4.046306                             -0.046306
      81     C        3          4.048412                             -0.048412
      82     C        3          4.000437                             -0.000437
      83     C        3          4.017619                             -0.017619
      84     C        3          4.036753                             -0.036753
      85     C        3          3.978158                              0.021842
      86     C        3          4.021285                             -0.021285
      87     C        3          4.020389                             -0.020389
      88     C        3          3.997979                              0.002021
      89     N        4          5.012606                             -0.012606
      90     N        4          5.064736                             -0.064736
      91     N        4          5.035078                             -0.035078
      92     N        4          5.035804                             -0.035804
      93     O        5          6.356922                             -0.356922
      94     O        5          6.313433                             -0.313433
      95     O        5          6.321395                             -0.321395
      96     O        5          6.287334                             -0.287334
      97     O        5          6.318904                             -0.318904
      98     O        5          6.328665                             -0.328665
      99     O        5          6.291866                             -0.291866
     100     O        5          6.279645                             -0.279645
     101     O        5          6.457897                             -0.457897
     102     O        5          6.502232                             -0.502232
     103     O        5          6.502200                             -0.502200
     104     O        5          6.456499                             -0.456499
     105     O        5          6.460183                             -0.460183
     106     O        5          6.513440                             -0.513440
     107     O        5          6.507663                             -0.507663
     108     O        5          6.456844                             -0.456844
     109     O        5          6.362876                             -0.362876
     110     O        5          6.355017                             -0.355017
     111     O        5          6.333684                             -0.333684
     112     O        5          6.337865                             -0.337865
     113     O        5          6.406419                             -0.406419
     114     O        5          6.300361                             -0.300361
     115     O        5          6.357231                             -0.357231
     116     O        5          6.353364                             -0.353364
     117     O        5          6.304459                             -0.304459
     118     O        5          6.323343                             -0.323343
     119     O        5          6.302089                             -0.302089
     120     O        5          6.379096                             -0.379096
     121     O        5          6.540646                             -0.540646
     122     O        5          6.535529                             -0.535529
     123     O        5          6.510710                             -0.510710
     124     O        5          6.503964                             -0.503964
     125     N        4          4.869440                              0.130560
     126     N        4          4.833451                              0.166549
     127     C        3          3.910788                              0.089212
     128     C        3          3.978117                              0.021883
     129     C        3          4.168715                             -0.168715
     130     H        2          0.926574                              0.073426
     131     H        2          0.932356                              0.067644
     132     H        2          0.911383                              0.088617
     133     H        2          0.910785                              0.089215
     134     H        2          0.907459                              0.092541
     135     C        3          3.978709                              0.021291
     136     C        3          4.129822                             -0.129822
     137     H        2          0.916100                              0.083900
     138     H        2          0.909857                              0.090143
     139     H        2          0.916853                              0.083147
     140     C        3          4.260537                             -0.260537
     141     H        2          0.916654                              0.083346
     142     H        2          0.929752                              0.070248
     143     H        2          0.907616                              0.092384
     144     C        3          4.104080                             -0.104080
     145     C        3          4.154489                             -0.154489
     146     H        2          0.908101                              0.091899
     147     H        2          0.911489                              0.088511
     148     H        2          0.915208                              0.084792
     149     H        2          0.939679                              0.060321
     150     F        6          6.985092                              0.014908
     151     F        6          6.925413                              0.074587
     152     F        6          7.209909                             -0.209909
     153     F        6          6.990752                              0.009248
     154     O        5          6.453807                             -0.453807
     155     C        3          3.849016                              0.150984
     156     F        6          7.057898                             -0.057898
     157     C        3          3.803254                              0.196746
     158     F        6          7.186432                             -0.186432
     159     S        7          6.395985                             -0.395985
     160     S        7          6.329392                             -0.329392
     161     O        5          5.844473                              0.155527
     162     O        5          5.699633                              0.300367
     163     O        5          6.166189                             -0.166189
     164     N        4          4.982471                              0.017529
 # Total charge                            674.000000                  0.000000

 !-----------------------------------------------------------------------------!

 !-----------------------------------------------------------------------------!
                           Hirshfeld Charges

  #Atom  Element  Kind  Ref Charge     Population                    Net charge
      1       Ti     1      12.000         13.350                        -1.350
      2       Ti     1      12.000         13.377                        -1.377
      3       Ti     1      12.000         13.175                        -1.175
      4       Ti     1      12.000         13.182                        -1.182
      5       Ti     1      12.000         13.427                        -1.427
      6       Ti     1      12.000         13.413                        -1.413
      7       Ti     1      12.000         13.190                        -1.190
      8       Ti     1      12.000         13.233                        -1.233
      9       H      2       1.000          0.547                         0.453
     10       H      2       1.000          0.543                         0.457
     11       H      2       1.000          0.550                         0.450
     12       H      2       1.000          0.539                         0.461
     13       H      2       1.000          0.546                         0.454
     14       H      2       1.000          0.543                         0.457
     15       H      2       1.000          0.541                         0.459
     16       H      2       1.000          0.541                         0.459
     17       H      2       1.000          0.545                         0.455
     18       H      2       1.000          0.544                         0.456
     19       H      2       1.000          0.543                         0.457
     20       H      2       1.000          0.546                         0.454
     21       H      2       1.000          0.418                         0.582
     22       H      2       1.000          0.419                         0.581
     23       H      2       1.000          0.543                         0.457
     24       H      2       1.000          0.543                         0.457
     25       H      2       1.000          0.546                         0.454
     26       H      2       1.000          0.544                         0.456
     27       H      2       1.000          0.537                         0.463
     28       H      2       1.000          0.545                         0.455
     29       H      2       1.000          0.462                         0.538
     30       H      2       1.000          0.489                         0.511
     31       H      2       1.000          0.418                         0.582
     32       H      2       1.000          0.419                         0.581
     33       H      2       1.000          0.481                         0.519
     34       H      2       1.000          0.465                         0.535
     35       H      2       1.000          0.476                         0.524
     36       H      2       1.000          0.463                         0.537
     37       H      2       1.000          0.476                         0.524
     38       H      2       1.000          0.462                         0.538
     39       H      2       1.000          0.545                         0.455
     40       H      2       1.000          0.542                         0.458
     41       H      2       1.000          0.547                         0.453
     42       H      2       1.000          0.545                         0.455
     43       C      3       4.000          3.470                         0.530
     44       C      3       4.000          3.456                         0.544
     45       C      3       4.000          3.473                         0.527
     46       C      3       4.000          3.459                         0.541
     47       C      3       4.000          4.026                        -0.026
     48       C      3       4.000          3.984                         0.016
     49       C      3       4.000          4.026                        -0.026
     50       C      3       4.000          3.987                         0.013
     51       C      3       4.000          3.860                         0.140
     52       C      3       4.000          4.411                        -0.411
     53       C      3       4.000          3.859                         0.141
     54       C      3       4.000          4.413                        -0.413
     55       C      3       4.000          4.407                        -0.407
     56       C      3       4.000          4.381                        -0.381
     57       C      3       4.000          4.372                        -0.372
     58       C      3       4.000          4.416                        -0.416
     59       C      3       4.000          3.998                         0.002
     60       C      3       4.000          4.356                        -0.356
     61       C      3       4.000          4.336                        -0.336
     62       C      3       4.000          3.997                         0.003
     63       C      3       4.000          3.990                         0.010
     64       C      3       4.000          4.039                        -0.039
     65       C      3       4.000          4.026                        -0.026
     66       C      3       4.000          3.993                         0.007
     67       C      3       4.000          3.462                         0.538
     68       C      3       4.000          3.462                         0.538
     69       C      3       4.000          3.482                         0.518
     70       C      3       4.000          3.540                         0.460
     71       C      3       4.000          3.554                         0.446
     72       C      3       4.000          3.484                         0.516
     73       C      3       4.000          4.371                        -0.371
     74       C      3       4.000          4.412                        -0.412
     75       C      3       4.000          4.404                        -0.404
     76       C      3       4.000          4.364                        -0.364
     77       C      3       4.000          4.404                        -0.404
     78       C      3       4.000          4.388                        -0.388
     79       C      3       4.000          4.380                        -0.380
     80       C      3       4.000          4.431                        -0.431
     81       C      3       4.000          4.372                        -0.372
     82       C      3       4.000          4.367                        -0.367
     83       C      3       4.000          4.382                        -0.382
     84       C      3       4.000          4.389                        -0.389
     85       C      3       4.000          3.873                         0.127
     86       C      3       4.000          4.393                        -0.393
     87       C      3       4.000          4.411                        -0.411
     88       C      3       4.000          3.880                         0.120
     89       N      4       5.000          5.900                        -0.900
     90       N      4       5.000          5.947                        -0.947
     91       N      4       5.000          5.915                        -0.915
     92       N      4       5.000          5.907                        -0.907
     93       O      5       6.000          6.169                        -0.169
     94       O      5       6.000          6.114                        -0.114
     95       O      5       6.000          6.166                        -0.166
     96       O      5       6.000          6.127                        -0.127
     97       O      5       6.000          6.119                        -0.119
     98       O      5       6.000          6.121                        -0.121
     99       O      5       6.000          6.105                        -0.105
    100       O      5       6.000          6.107                        -0.107
    101       O      5       6.000          5.708                         0.292
    102       O      5       6.000          5.728                         0.272
    103       O      5       6.000          5.732                         0.268
    104       O      5       6.000          5.700                         0.300
    105       O      5       6.000          5.685                         0.315
    106       O      5       6.000          5.763                         0.237
    107       O      5       6.000          5.755                         0.245
    108       O      5       6.000          5.686                         0.314
    109       O      5       6.000          6.127                        -0.127
    110       O      5       6.000          6.111                        -0.111
    111       O      5       6.000          6.123                        -0.123
    112       O      5       6.000          6.085                        -0.085
    113       O      5       6.000          6.117                        -0.117
    114       O      5       6.000          6.076                        -0.076
    115       O      5       6.000          6.113                        -0.113
    116       O      5       6.000          6.116                        -0.116
    117       O      5       6.000          6.028                        -0.028
    118       O      5       6.000          6.104                        -0.104
    119       O      5       6.000          6.076                        -0.076
    120       O      5       6.000          6.058                        -0.058
    121       O      5       6.000          5.990                         0.010
    122       O      5       6.000          5.990                         0.010
    123       O      5       6.000          6.054                        -0.054
    124       O      5       6.000          6.033                        -0.033
    125       N      4       5.000          5.156                        -0.156
    126       N      4       5.000          5.136                        -0.136
    127       C      3       4.000          4.180                        -0.180
    128       C      3       4.000          4.267                        -0.267
    129       C      3       4.000          4.952                        -0.952
    130       H      2       1.000          0.525                         0.475
    131       H      2       1.000          0.527                         0.473
    132       H      2       1.000          0.543                         0.457
    133       H      2       1.000          0.536                         0.464
    134       H      2       1.000          0.543                         0.457
    135       C      3       4.000          4.284                        -0.284
    136       C      3       4.000          4.780                        -0.780
    137       H      2       1.000          0.556                         0.444
    138       H      2       1.000          0.551                         0.449
    139       H      2       1.000          0.566                         0.434
    140       C      3       4.000          5.283                        -1.283
    141       H      2       1.000          0.556                         0.444
    142       H      2       1.000          0.565                         0.435
    143       H      2       1.000          0.552                         0.448
    144       C      3       4.000          4.558                        -0.558
    145       C      3       4.000          4.779                        -0.779
    146       H      2       1.000          0.546                         0.454
    147       H      2       1.000          0.554                         0.446
    148       H      2       1.000          0.560                         0.440
    149       H      2       1.000          0.528                         0.472
    150       F      6       7.000          7.218                        -0.218
    151       F      6       7.000          7.189                        -0.189
    152       F      6       7.000          7.375                        -0.375
    153       F      6       7.000          7.223                        -0.223
    154       O      5       6.000          6.486                        -0.486
    155       C      3       4.000          3.229                         0.771
    156       F      6       7.000          7.279                        -0.279
    157       C      3       4.000          3.216                         0.784
    158       F      6       7.000          7.348                        -0.348
    159       S      7       6.000          5.513                         0.487
    160       S      7       6.000          5.420                         0.580
    161       O      5       6.000          6.445                        -0.445
    162       O      5       6.000          6.381                        -0.381
    163       O      5       6.000          6.440                        -0.440
    164       N      4       5.000          5.249                        -0.249

  Total Charge                                                            0.050
 !-----------------------------------------------------------------------------!

 ENERGY| Total FORCE_EVAL ( QS ) energy [hartree]          -1625.760845711031152

 *******************************************************************************
 **                 BAND EVALUATION OF ENERGIES AND FORCES                    **
 *******************************************************************************
 **                                                                           **
 **                                                                           **
 ** Replica Env Nr. :    1              Replica Band Nr. :    9               **
 ** Band  Step  Nr. :    1                                                    **
 *******************************************************************************

 Number of electrons:                                                        674
 Number of occupied orbitals:                                                366
 Number of molecular orbitals:                                               437

 Number of orbital functions:                                               1844
 Number of independent orbital functions:                                   1844

 Parameters for the always stable predictor-corrector (ASPC) method:

  ASPC order: 1

  B(1) =   2.500000
  B(2) =  -2.000000
  B(3) =   0.500000

 *** WARNING in fm/cp_fm_elpa.F:521 :: Setting real_kernel for ELPA failed ***


 Extrapolation method: ASPC


 SCF WAVEFUNCTION OPTIMIZATION

  Step     Update method      Time    Convergence         Total energy    Change
  ------------------------------------------------------------------------------

 *** WARNING in fm/cp_fm_elpa.F:521 :: Setting real_kernel for ELPA failed ***

     1 Broy./Diag. 0.15E+00    8.0     0.00059146     -1625.7609790340 -1.63E+03

 *** WARNING in fm/cp_fm_elpa.F:521 :: Setting real_kernel for ELPA failed ***

     2 Broy./Diag. 0.15E+00   11.6     0.00065651     -1625.7626507927 -1.67E-03

 *** WARNING in fm/cp_fm_elpa.F:521 :: Setting real_kernel for ELPA failed ***

     3 Broy./Diag. 0.15E+00   11.8     0.00019777     -1625.7618066199  8.44E-04

 *** WARNING in fm/cp_fm_elpa.F:521 :: Setting real_kernel for ELPA failed ***

     4 Broy./Diag. 0.15E+00   12.1     0.00007168     -1625.7615336074  2.73E-04

 *** WARNING in fm/cp_fm_elpa.F:521 :: Setting real_kernel for ELPA failed ***

     5 Broy./Diag. 0.15E+00   12.2     0.00001624     -1625.7607496528  7.84E-04

  *** SCF run converged in     5 steps ***


  Electronic density on regular grids:       -673.9999999303        0.0000000697
  Core density on regular grids:              673.9999999671       -0.0000000329
  Total charge density on r-space grids:        0.0000000368
  Total charge density g-space grids:           0.0000000368

  Overlap energy of the core charge distribution:               0.00053078203819
  Self energy of the core charge distribution:              -3774.19779000501012
  Core Hamiltonian energy:                                   1084.74601130735414
  Hartree energy:                                            1417.01644097978715
  Exchange-correlation energy:                               -353.09498609644169
  Dispersion energy:                                           -0.22499238828717
  Electronic entropic energy:                                  -0.00596526000807
  Fermi energy:                                                -0.00697690526669

  Total energy:                                             -1625.76074965276325

 !-----------------------------------------------------------------------------!
                     Mulliken Population Analysis

 #  Atom  Element  Kind  Atomic population                           Net charge
       1     Ti       1         10.948969                              1.051031
       2     Ti       1         10.964130                              1.035870
       3     Ti       1         10.929084                              1.070916
       4     Ti       1         10.936565                              1.063435
       5     Ti       1         10.982106                              1.017894
       6     Ti       1         10.965179                              1.034821
       7     Ti       1         10.942690                              1.057310
       8     Ti       1         10.950606                              1.049394
       9     H        2          0.933155                              0.066845
      10     H        2          0.925188                              0.074812
      11     H        2          0.936309                              0.063691
      12     H        2          0.925035                              0.074965
      13     H        2          0.932002                              0.067998
      14     H        2          0.934397                              0.065603
      15     H        2          0.926277                              0.073723
      16     H        2          0.930817                              0.069183
      17     H        2          0.928400                              0.071600
      18     H        2          0.927208                              0.072792
      19     H        2          0.929507                              0.070493
      20     H        2          0.924949                              0.075051
      21     H        2          0.827490                              0.172510
      22     H        2          0.827821                              0.172179
      23     H        2          0.923953                              0.076047
      24     H        2          0.927563                              0.072437
      25     H        2          0.932375                              0.067625
      26     H        2          0.922769                              0.077231
      27     H        2          0.922008                              0.077992
      28     H        2          0.927900                              0.072100
      29     H        2          0.889086                              0.110914
      30     H        2          0.900220                              0.099780
      31     H        2          0.835969                              0.164031
      32     H        2          0.837307                              0.162693
      33     H        2          0.879496                              0.120504
      34     H        2          0.887337                              0.112663
      35     H        2          0.891341                              0.108659
      36     H        2          0.887830                              0.112170
      37     H        2          0.880553                              0.119447
      38     H        2          0.887980                              0.112020
      39     H        2          0.940435                              0.059565
      40     H        2          0.923054                              0.076946
      41     H        2          0.944242                              0.055758
      42     H        2          0.908514                              0.091486
      43     C        3          3.771774                              0.228226
      44     C        3          3.769670                              0.230330
      45     C        3          3.773902                              0.226098
      46     C        3          3.768167                              0.231833
      47     C        3          4.057263                             -0.057263
      48     C        3          4.026063                             -0.026063
      49     C        3          4.056147                             -0.056147
      50     C        3          4.028803                             -0.028803
      51     C        3          3.981619                              0.018381
      52     C        3          4.031973                             -0.031973
      53     C        3          3.977109                              0.022891
      54     C        3          4.034636                             -0.034636
      55     C        3          4.042088                             -0.042088
      56     C        3          4.012249                             -0.012249
      57     C        3          4.005735                             -0.005735
      58     C        3          4.041449                             -0.041449
      59     C        3          4.032123                             -0.032123
      60     C        3          4.046507                             -0.046507
      61     C        3          4.041639                             -0.041639
      62     C        3          4.036157                             -0.036157
      63     C        3          4.025084                             -0.025084
      64     C        3          4.065935                             -0.065935
      65     C        3          4.048311                             -0.048311
      66     C        3          4.026243                             -0.026243
      67     C        3          3.776421                              0.223579
      68     C        3          3.776975                              0.223025
      69     C        3          3.786085                              0.213915
      70     C        3          3.800245                              0.199755
      71     C        3          3.809805                              0.190195
      72     C        3          3.787987                              0.212013
      73     C        3          4.009924                             -0.009924
      74     C        3          4.037137                             -0.037137
      75     C        3          4.042478                             -0.042478
      76     C        3          4.010891                             -0.010891
      77     C        3          4.033082                             -0.033082
      78     C        3          4.024233                             -0.024233
      79     C        3          4.021283                             -0.021283
      80     C        3          4.046301                             -0.046301
      81     C        3          4.048410                             -0.048410
      82     C        3          4.000439                             -0.000439
      83     C        3          4.017618                             -0.017618
      84     C        3          4.036755                             -0.036755
      85     C        3          3.978154                              0.021846
      86     C        3          4.021283                             -0.021283
      87     C        3          4.020376                             -0.020376
      88     C        3          3.997974                              0.002026
      89     N        4          5.012608                             -0.012608
      90     N        4          5.064731                             -0.064731
      91     N        4          5.035065                             -0.035065
      92     N        4          5.035810                             -0.035810
      93     O        5          6.356923                             -0.356923
      94     O        5          6.313442                             -0.313442
      95     O        5          6.321398                             -0.321398
      96     O        5          6.287338                             -0.287338
      97     O        5          6.318907                             -0.318907
      98     O        5          6.328669                             -0.328669
      99     O        5          6.291872                             -0.291872
     100     O        5          6.279650                             -0.279650
     101     O        5          6.457892                             -0.457892
     102     O        5          6.502230                             -0.502230
     103     O        5          6.502196                             -0.502196
     104     O        5          6.456495                             -0.456495
     105     O        5          6.460175                             -0.460175
     106     O        5          6.513439                             -0.513439
     107     O        5          6.507654                             -0.507654
     108     O        5          6.456841                             -0.456841
     109     O        5          6.362872                             -0.362872
     110     O        5          6.355021                             -0.355021
     111     O        5          6.333684                             -0.333684
     112     O        5          6.337869                             -0.337869
     113     O        5          6.406416                             -0.406416
     114     O        5          6.300364                             -0.300364
     115     O        5          6.357230                             -0.357230
     116     O        5          6.353363                             -0.353363
     117     O        5          6.304459                             -0.304459
     118     O        5          6.323344                             -0.323344
     119     O        5          6.302091                             -0.302091
     120     O        5          6.379097                             -0.379097
     121     O        5          6.540640                             -0.540640
     122     O        5          6.535522                             -0.535522
     123     O        5          6.510689                             -0.510689
     124     O        5          6.503950                             -0.503950
     125     N        4          4.869432                              0.130568
     126     N        4          4.833455                              0.166545
     127     C        3          3.910791                              0.089209
     128     C        3          3.978118                              0.021882
     129     C        3          4.168713                             -0.168713
     130     H        2          0.926572                              0.073428
     131     H        2          0.932355                              0.067645
     132     H        2          0.911383                              0.088617
     133     H        2          0.910788                              0.089212
     134     H        2          0.907461                              0.092539
     135     C        3          3.978706                              0.021294
     136     C        3          4.129821                             -0.129821
     137     H        2          0.916096                              0.083904
     138     H        2          0.909857                              0.090143
     139     H        2          0.916852                              0.083148
     140     C        3          4.260536                             -0.260536
     141     H        2          0.916654                              0.083346
     142     H        2          0.929752                              0.070248
     143     H        2          0.907616                              0.092384
     144     C        3          4.104082                             -0.104082
     145     C        3          4.154490                             -0.154490
     146     H        2          0.908100                              0.091900
     147     H        2          0.911488                              0.088512
     148     H        2          0.915206                              0.084794
     149     H        2          0.939680                              0.060320
     150     F        6          6.985093                              0.014907
     151     F        6          6.925419                              0.074581
     152     F        6          7.209894                             -0.209894
     153     F        6          6.990750                              0.009250
     154     O        5          6.453805                             -0.453805
     155     C        3          3.849029                              0.150971
     156     F        6          7.057898                             -0.057898
     157     C        3          3.803257                              0.196743
     158     F        6          7.186425                             -0.186425
     159     S        7          6.395909                             -0.395909
     160     S        7          6.329334                             -0.329334
     161     O        5          5.844532                              0.155468
     162     O        5          5.699704                              0.300296
     163     O        5          6.166176                             -0.166176
     164     N        4          4.982508                              0.017492
 # Total charge                            674.000000                  0.000000

 !-----------------------------------------------------------------------------!

 !-----------------------------------------------------------------------------!
                           Hirshfeld Charges

  #Atom  Element  Kind  Ref Charge     Population                    Net charge
      1       Ti     1      12.000         13.350                        -1.350
      2       Ti     1      12.000         13.377                        -1.377
      3       Ti     1      12.000         13.175                        -1.175
      4       Ti     1      12.000         13.182                        -1.182
      5       Ti     1      12.000         13.427                        -1.427
      6       Ti     1      12.000         13.413                        -1.413
      7       Ti     1      12.000         13.190                        -1.190
      8       Ti     1      12.000         13.233                        -1.233
      9       H      2       1.000          0.547                         0.453
     10       H      2       1.000          0.543                         0.457
     11       H      2       1.000          0.550                         0.450
     12       H      2       1.000          0.539                         0.461
     13       H      2       1.000          0.546                         0.454
     14       H      2       1.000          0.543                         0.457
     15       H      2       1.000          0.541                         0.459
     16       H      2       1.000          0.541                         0.459
     17       H      2       1.000          0.545                         0.455
     18       H      2       1.000          0.544                         0.456
     19       H      2       1.000          0.543                         0.457
     20       H      2       1.000          0.546                         0.454
     21       H      2       1.000          0.419                         0.581
     22       H      2       1.000          0.419                         0.581
     23       H      2       1.000          0.543                         0.457
     24       H      2       1.000          0.543                         0.457
     25       H      2       1.000          0.546                         0.454
     26       H      2       1.000          0.544                         0.456
     27       H      2       1.000          0.537                         0.463
     28       H      2       1.000          0.545                         0.455
     29       H      2       1.000          0.462                         0.538
     30       H      2       1.000          0.489                         0.511
     31       H      2       1.000          0.418                         0.582
     32       H      2       1.000          0.419                         0.581
     33       H      2       1.000          0.481                         0.519
     34       H      2       1.000          0.465                         0.535
     35       H      2       1.000          0.476                         0.524
     36       H      2       1.000          0.463                         0.537
     37       H      2       1.000          0.476                         0.524
     38       H      2       1.000          0.462                         0.538
     39       H      2       1.000          0.545                         0.455
     40       H      2       1.000          0.542                         0.458
     41       H      2       1.000          0.547                         0.453
     42       H      2       1.000          0.545                         0.455
     43       C      3       4.000          3.470                         0.530
     44       C      3       4.000          3.456                         0.544
     45       C      3       4.000          3.473                         0.527
     46       C      3       4.000          3.459                         0.541
     47       C      3       4.000          4.026                        -0.026
     48       C      3       4.000          3.984                         0.016
     49       C      3       4.000          4.026                        -0.026
     50       C      3       4.000          3.987                         0.013
     51       C      3       4.000          3.860                         0.140
     52       C      3       4.000          4.411                        -0.411
     53       C      3       4.000          3.859                         0.141
     54       C      3       4.000          4.413                        -0.413
     55       C      3       4.000          4.407                        -0.407
     56       C      3       4.000          4.381                        -0.381
     57       C      3       4.000          4.372                        -0.372
     58       C      3       4.000          4.416                        -0.416
     59       C      3       4.000          3.998                         0.002
     60       C      3       4.000          4.356                        -0.356
     61       C      3       4.000          4.336                        -0.336
     62       C      3       4.000          3.997                         0.003
     63       C      3       4.000          3.990                         0.010
     64       C      3       4.000          4.039                        -0.039
     65       C      3       4.000          4.026                        -0.026
     66       C      3       4.000          3.993                         0.007
     67       C      3       4.000          3.462                         0.538
     68       C      3       4.000          3.462                         0.538
     69       C      3       4.000          3.482                         0.518
     70       C      3       4.000          3.540                         0.460
     71       C      3       4.000          3.554                         0.446
     72       C      3       4.000          3.484                         0.516
     73       C      3       4.000          4.371                        -0.371
     74       C      3       4.000          4.412                        -0.412
     75       C      3       4.000          4.404                        -0.404
     76       C      3       4.000          4.364                        -0.364
     77       C      3       4.000          4.404                        -0.404
     78       C      3       4.000          4.388                        -0.388
     79       C      3       4.000          4.380                        -0.380
     80       C      3       4.000          4.431                        -0.431
     81       C      3       4.000          4.372                        -0.372
     82       C      3       4.000          4.367                        -0.367
     83       C      3       4.000          4.382                        -0.382
     84       C      3       4.000          4.389                        -0.389
     85       C      3       4.000          3.873                         0.127
     86       C      3       4.000          4.393                        -0.393
     87       C      3       4.000          4.411                        -0.411
     88       C      3       4.000          3.880                         0.120
     89       N      4       5.000          5.900                        -0.900
     90       N      4       5.000          5.947                        -0.947
     91       N      4       5.000          5.915                        -0.915
     92       N      4       5.000          5.907                        -0.907
     93       O      5       6.000          6.169                        -0.169
     94       O      5       6.000          6.114                        -0.114
     95       O      5       6.000          6.166                        -0.166
     96       O      5       6.000          6.127                        -0.127
     97       O      5       6.000          6.119                        -0.119
     98       O      5       6.000          6.121                        -0.121
     99       O      5       6.000          6.105                        -0.105
    100       O      5       6.000          6.107                        -0.107
    101       O      5       6.000          5.708                         0.292
    102       O      5       6.000          5.728                         0.272
    103       O      5       6.000          5.732                         0.268
    104       O      5       6.000          5.700                         0.300
    105       O      5       6.000          5.685                         0.315
    106       O      5       6.000          5.763                         0.237
    107       O      5       6.000          5.755                         0.245
    108       O      5       6.000          5.686                         0.314
    109       O      5       6.000          6.127                        -0.127
    110       O      5       6.000          6.111                        -0.111
    111       O      5       6.000          6.123                        -0.123
    112       O      5       6.000          6.085                        -0.085
    113       O      5       6.000          6.117                        -0.117
    114       O      5       6.000          6.076                        -0.076
    115       O      5       6.000          6.113                        -0.113
    116       O      5       6.000          6.116                        -0.116
    117       O      5       6.000          6.028                        -0.028
    118       O      5       6.000          6.104                        -0.104
    119       O      5       6.000          6.076                        -0.076
    120       O      5       6.000          6.058                        -0.058
    121       O      5       6.000          5.990                         0.010
    122       O      5       6.000          5.990                         0.010
    123       O      5       6.000          6.053                        -0.053
    124       O      5       6.000          6.033                        -0.033
    125       N      4       5.000          5.156                        -0.156
    126       N      4       5.000          5.136                        -0.136
    127       C      3       4.000          4.180                        -0.180
    128       C      3       4.000          4.267                        -0.267
    129       C      3       4.000          4.952                        -0.952
    130       H      2       1.000          0.525                         0.475
    131       H      2       1.000          0.527                         0.473
    132       H      2       1.000          0.543                         0.457
    133       H      2       1.000          0.536                         0.464
    134       H      2       1.000          0.543                         0.457
    135       C      3       4.000          4.284                        -0.284
    136       C      3       4.000          4.780                        -0.780
    137       H      2       1.000          0.556                         0.444
    138       H      2       1.000          0.551                         0.449
    139       H      2       1.000          0.566                         0.434
    140       C      3       4.000          5.283                        -1.283
    141       H      2       1.000          0.556                         0.444
    142       H      2       1.000          0.565                         0.435
    143       H      2       1.000          0.552                         0.448
    144       C      3       4.000          4.558                        -0.558
    145       C      3       4.000          4.779                        -0.779
    146       H      2       1.000          0.546                         0.454
    147       H      2       1.000          0.554                         0.446
    148       H      2       1.000          0.560                         0.440
    149       H      2       1.000          0.528                         0.472
    150       F      6       7.000          7.218                        -0.218
    151       F      6       7.000          7.189                        -0.189
    152       F      6       7.000          7.375                        -0.375
    153       F      6       7.000          7.223                        -0.223
    154       O      5       6.000          6.486                        -0.486
    155       C      3       4.000          3.229                         0.771
    156       F      6       7.000          7.279                        -0.279
    157       C      3       4.000          3.216                         0.784
    158       F      6       7.000          7.348                        -0.348
    159       S      7       6.000          5.513                         0.487
    160       S      7       6.000          5.420                         0.580
    161       O      5       6.000          6.445                        -0.445
    162       O      5       6.000          6.381                        -0.381
    163       O      5       6.000          6.440                        -0.440
    164       N      4       5.000          5.249                        -0.249

  Total Charge                                                            0.050
 !-----------------------------------------------------------------------------!

 ENERGY| Total FORCE_EVAL ( QS ) energy [hartree]          -1625.760979310090079

 *******************************************************************************
 **                 BAND EVALUATION OF ENERGIES AND FORCES                    **
 *******************************************************************************
 **                                                                           **
 **                                                                           **
 ** Replica Env Nr. :    1              Replica Band Nr. :    9               **
 ** Band  Step  Nr. :    0                                                    **
 *******************************************************************************

 Number of electrons:                                                        674
 Number of occupied orbitals:                                                366
 Number of molecular orbitals:                                               437

 Number of orbital functions:                                               1844
 Number of independent orbital functions:                                   1844

 Parameters for the always stable predictor-corrector (ASPC) method:

  ASPC order: 0

  B(1) =   1.000000

 *** WARNING in fm/cp_fm_elpa.F:521 :: Setting real_kernel for ELPA failed ***


 Extrapolation method: ASPC


 SCF WAVEFUNCTION OPTIMIZATION

  Step     Update method      Time    Convergence         Total energy    Change
  ------------------------------------------------------------------------------

 *** WARNING in fm/cp_fm_elpa.F:521 :: Setting real_kernel for ELPA failed ***

     1 Broy./Diag. 0.15E+00    8.3     0.00009651     -1625.7608457230 -1.63E+03

 *** WARNING in fm/cp_fm_elpa.F:521 :: Setting real_kernel for ELPA failed ***

     2 Broy./Diag. 0.15E+00   11.9     0.00006813     -1625.7595204723  1.33E-03

 *** WARNING in fm/cp_fm_elpa.F:521 :: Setting real_kernel for ELPA failed ***

     3 Broy./Diag. 0.15E+00   12.3     0.00002273     -1625.7602988475 -7.78E-04

  *** SCF run converged in     3 steps ***


  Electronic density on regular grids:       -673.9999999303        0.0000000697
  Core density on regular grids:              673.9999999671       -0.0000000329
  Total charge density on r-space grids:        0.0000000368
  Total charge density g-space grids:           0.0000000368

  Overlap energy of the core charge distribution:               0.00053095058775
  Self energy of the core charge distribution:              -3774.19779000501012
  Core Hamiltonian energy:                                   1084.74765949927723
  Hartree energy:                                            1417.01537641012715
  Exchange-correlation energy:                               -353.09511160847222
  Dispersion energy:                                           -0.22499236743286
  Electronic entropic energy:                                  -0.00597006116899
  Fermi energy:                                                -0.00697880121346

  Total energy:                                             -1625.76029884752757

 !-----------------------------------------------------------------------------!
                     Mulliken Population Analysis

 #  Atom  Element  Kind  Atomic population                           Net charge
       1     Ti       1         10.948984                              1.051016
       2     Ti       1         10.964127                              1.035873
       3     Ti       1         10.929129                              1.070871
       4     Ti       1         10.936609                              1.063391
       5     Ti       1         10.982143                              1.017857
       6     Ti       1         10.965191                              1.034809
       7     Ti       1         10.942719                              1.057281
       8     Ti       1         10.950667                              1.049333
       9     H        2          0.933159                              0.066841
      10     H        2          0.925187                              0.074813
      11     H        2          0.936299                              0.063701
      12     H        2          0.925024                              0.074976
      13     H        2          0.931984                              0.068016
      14     H        2          0.934393                              0.065607
      15     H        2          0.926270                              0.073730
      16     H        2          0.930802                              0.069198
      17     H        2          0.928396                              0.071604
      18     H        2          0.927212                              0.072788
      19     H        2          0.929494                              0.070506
      20     H        2          0.924932                              0.075068
      21     H        2          0.827522                              0.172478
      22     H        2          0.827852                              0.172148
      23     H        2          0.923955                              0.076045
      24     H        2          0.927556                              0.072444
      25     H        2          0.932375                              0.067625
      26     H        2          0.922744                              0.077256
      27     H        2          0.921986                              0.078014
      28     H        2          0.927899                              0.072101
      29     H        2          0.889085                              0.110915
      30     H        2          0.900205                              0.099795
      31     H        2          0.835994                              0.164006
      32     H        2          0.837334                              0.162666
      33     H        2          0.879485                              0.120515
      34     H        2          0.887335                              0.112665
      35     H        2          0.891349                              0.108651
      36     H        2          0.887847                              0.112153
      37     H        2          0.880533                              0.119467
      38     H        2          0.887969                              0.112031
      39     H        2          0.940449                              0.059551
      40     H        2          0.923041                              0.076959
      41     H        2          0.944260                              0.055740
      42     H        2          0.908518                              0.091482
      43     C        3          3.771771                              0.228229
      44     C        3          3.769652                              0.230348
      45     C        3          3.773896                              0.226104
      46     C        3          3.768159                              0.231841
      47     C        3          4.057250                             -0.057250
      48     C        3          4.026042                             -0.026042
      49     C        3          4.056138                             -0.056138
      50     C        3          4.028792                             -0.028792
      51     C        3          3.981608                              0.018392
      52     C        3          4.031932                             -0.031932
      53     C        3          3.977087                              0.022913
      54     C        3          4.034631                             -0.034631
      55     C        3          4.042071                             -0.042071
      56     C        3          4.012250                             -0.012250
      57     C        3          4.005700                             -0.005700
      58     C        3          4.041442                             -0.041442
      59     C        3          4.032130                             -0.032130
      60     C        3          4.046511                             -0.046511
      61     C        3          4.041651                             -0.041651
      62     C        3          4.036158                             -0.036158
      63     C        3          4.025059                             -0.025059
      64     C        3          4.065911                             -0.065911
      65     C        3          4.048308                             -0.048308
      66     C        3          4.026233                             -0.026233
      67     C        3          3.776439                              0.223561
      68     C        3          3.776982                              0.223018
      69     C        3          3.786072                              0.213928
      70     C        3          3.800236                              0.199764
      71     C        3          3.809805                              0.190195
      72     C        3          3.787987                              0.212013
      73     C        3          4.009905                             -0.009905
      74     C        3          4.037141                             -0.037141
      75     C        3          4.042464                             -0.042464
      76     C        3          4.010892                             -0.010892
      77     C        3          4.033044                             -0.033044
      78     C        3          4.024209                             -0.024209
      79     C        3          4.021270                             -0.021270
      80     C        3          4.046294                             -0.046294
      81     C        3          4.048419                             -0.048419
      82     C        3          4.000414                             -0.000414
      83     C        3          4.017625                             -0.017625
      84     C        3          4.036733                             -0.036733
      85     C        3          3.978147                              0.021853
      86     C        3          4.021273                             -0.021273
      87     C        3          4.020346                             -0.020346
      88     C        3          3.997948                              0.002052
      89     N        4          5.012574                             -0.012574
      90     N        4          5.064732                             -0.064732
      91     N        4          5.035096                             -0.035096
      92     N        4          5.035780                             -0.035780
      93     O        5          6.356943                             -0.356943
      94     O        5          6.313418                             -0.313418
      95     O        5          6.321386                             -0.321386
      96     O        5          6.287327                             -0.287327
      97     O        5          6.318909                             -0.318909
      98     O        5          6.328674                             -0.328674
      99     O        5          6.291848                             -0.291848
     100     O        5          6.279637                             -0.279637
     101     O        5          6.457940                             -0.457940
     102     O        5          6.502254                             -0.502254
     103     O        5          6.502235                             -0.502235
     104     O        5          6.456530                             -0.456530
     105     O        5          6.460222                             -0.460222
     106     O        5          6.513459                             -0.513459
     107     O        5          6.507700                             -0.507700
     108     O        5          6.456880                             -0.456880
     109     O        5          6.362897                             -0.362897
     110     O        5          6.355014                             -0.355014
     111     O        5          6.333665                             -0.333665
     112     O        5          6.337857                             -0.337857
     113     O        5          6.406423                             -0.406423
     114     O        5          6.300362                             -0.300362
     115     O        5          6.357242                             -0.357242
     116     O        5          6.353374                             -0.353374
     117     O        5          6.304459                             -0.304459
     118     O        5          6.323343                             -0.323343
     119     O        5          6.302069                             -0.302069
     120     O        5          6.379089                             -0.379089
     121     O        5          6.540693                             -0.540693
     122     O        5          6.535567                             -0.535567
     123     O        5          6.510748                             -0.510748
     124     O        5          6.503997                             -0.503997
     125     N        4          4.869452                              0.130548
     126     N        4          4.833452                              0.166548
     127     C        3          3.910809                              0.089191
     128     C        3          3.978096                              0.021904
     129     C        3          4.168700                             -0.168700
     130     H        2          0.926581                              0.073419
     131     H        2          0.932334                              0.067666
     132     H        2          0.911358                              0.088642
     133     H        2          0.910793                              0.089207
     134     H        2          0.907448                              0.092552
     135     C        3          3.978714                              0.021286
     136     C        3          4.129821                             -0.129821
     137     H        2          0.916103                              0.083897
     138     H        2          0.909857                              0.090143
     139     H        2          0.916849                              0.083151
     140     C        3          4.260537                             -0.260537
     141     H        2          0.916659                              0.083341
     142     H        2          0.929745                              0.070255
     143     H        2          0.907614                              0.092386
     144     C        3          4.104096                             -0.104096
     145     C        3          4.154494                             -0.154494
     146     H        2          0.908115                              0.091885
     147     H        2          0.911489                              0.088511
     148     H        2          0.915212                              0.084788
     149     H        2          0.939682                              0.060318
     150     F        6          6.985091                              0.014909
     151     F        6          6.925426                              0.074574
     152     F        6          7.209919                             -0.209919
     153     F        6          6.990746                              0.009254
     154     O        5          6.453753                             -0.453753
     155     C        3          3.849023                              0.150977
     156     F        6          7.057880                             -0.057880
     157     C        3          3.803250                              0.196750
     158     F        6          7.186440                             -0.186440
     159     S        7          6.395946                             -0.395946
     160     S        7          6.329387                             -0.329387
     161     O        5          5.844477                              0.155523
     162     O        5          5.699607                              0.300393
     163     O        5          6.166203                             -0.166203
     164     N        4          4.982455                              0.017545
 # Total charge                            674.000000                  0.000000

 !-----------------------------------------------------------------------------!

 !-----------------------------------------------------------------------------!
                           Hirshfeld Charges

  #Atom  Element  Kind  Ref Charge     Population                    Net charge
      1       Ti     1      12.000         13.350                        -1.350
      2       Ti     1      12.000         13.377                        -1.377
      3       Ti     1      12.000         13.175                        -1.175
      4       Ti     1      12.000         13.182                        -1.182
      5       Ti     1      12.000         13.427                        -1.427
      6       Ti     1      12.000         13.413                        -1.413
      7       Ti     1      12.000         13.190                        -1.190
      8       Ti     1      12.000         13.233                        -1.233
      9       H      2       1.000          0.547                         0.453
     10       H      2       1.000          0.543                         0.457
     11       H      2       1.000          0.550                         0.450
     12       H      2       1.000          0.539                         0.461
     13       H      2       1.000          0.546                         0.454
     14       H      2       1.000          0.543                         0.457
     15       H      2       1.000          0.541                         0.459
     16       H      2       1.000          0.541                         0.459
     17       H      2       1.000          0.545                         0.455
     18       H      2       1.000          0.544                         0.456
     19       H      2       1.000          0.543                         0.457
     20       H      2       1.000          0.546                         0.454
     21       H      2       1.000          0.419                         0.581
     22       H      2       1.000          0.419                         0.581
     23       H      2       1.000          0.543                         0.457
     24       H      2       1.000          0.543                         0.457
     25       H      2       1.000          0.546                         0.454
     26       H      2       1.000          0.544                         0.456
     27       H      2       1.000          0.537                         0.463
     28       H      2       1.000          0.545                         0.455
     29       H      2       1.000          0.462                         0.538
     30       H      2       1.000          0.489                         0.511
     31       H      2       1.000          0.418                         0.582
     32       H      2       1.000          0.419                         0.581
     33       H      2       1.000          0.481                         0.519
     34       H      2       1.000          0.465                         0.535
     35       H      2       1.000          0.476                         0.524
     36       H      2       1.000          0.463                         0.537
     37       H      2       1.000          0.476                         0.524
     38       H      2       1.000          0.462                         0.538
     39       H      2       1.000          0.545                         0.455
     40       H      2       1.000          0.542                         0.458
     41       H      2       1.000          0.547                         0.453
     42       H      2       1.000          0.545                         0.455
     43       C      3       4.000          3.470                         0.530
     44       C      3       4.000          3.456                         0.544
     45       C      3       4.000          3.473                         0.527
     46       C      3       4.000          3.459                         0.541
     47       C      3       4.000          4.026                        -0.026
     48       C      3       4.000          3.984                         0.016
     49       C      3       4.000          4.026                        -0.026
     50       C      3       4.000          3.987                         0.013
     51       C      3       4.000          3.860                         0.140
     52       C      3       4.000          4.411                        -0.411
     53       C      3       4.000          3.859                         0.141
     54       C      3       4.000          4.413                        -0.413
     55       C      3       4.000          4.407                        -0.407
     56       C      3       4.000          4.381                        -0.381
     57       C      3       4.000          4.372                        -0.372
     58       C      3       4.000          4.416                        -0.416
     59       C      3       4.000          3.998                         0.002
     60       C      3       4.000          4.356                        -0.356
     61       C      3       4.000          4.336                        -0.336
     62       C      3       4.000          3.997                         0.003
     63       C      3       4.000          3.990                         0.010
     64       C      3       4.000          4.039                        -0.039
     65       C      3       4.000          4.026                        -0.026
     66       C      3       4.000          3.993                         0.007
     67       C      3       4.000          3.462                         0.538
     68       C      3       4.000          3.462                         0.538
     69       C      3       4.000          3.482                         0.518
     70       C      3       4.000          3.540                         0.460
     71       C      3       4.000          3.554                         0.446
     72       C      3       4.000          3.484                         0.516
     73       C      3       4.000          4.371                        -0.371
     74       C      3       4.000          4.412                        -0.412
     75       C      3       4.000          4.404                        -0.404
     76       C      3       4.000          4.364                        -0.364
     77       C      3       4.000          4.404                        -0.404
     78       C      3       4.000          4.388                        -0.388
     79       C      3       4.000          4.380                        -0.380
     80       C      3       4.000          4.431                        -0.431
     81       C      3       4.000          4.372                        -0.372
     82       C      3       4.000          4.367                        -0.367
     83       C      3       4.000          4.382                        -0.382
     84       C      3       4.000          4.389                        -0.389
     85       C      3       4.000          3.873                         0.127
     86       C      3       4.000          4.393                        -0.393
     87       C      3       4.000          4.411                        -0.411
     88       C      3       4.000          3.880                         0.120
     89       N      4       5.000          5.900                        -0.900
     90       N      4       5.000          5.947                        -0.947
     91       N      4       5.000          5.915                        -0.915
     92       N      4       5.000          5.907                        -0.907
     93       O      5       6.000          6.169                        -0.169
     94       O      5       6.000          6.114                        -0.114
     95       O      5       6.000          6.166                        -0.166
     96       O      5       6.000          6.127                        -0.127
     97       O      5       6.000          6.119                        -0.119
     98       O      5       6.000          6.121                        -0.121
     99       O      5       6.000          6.105                        -0.105
    100       O      5       6.000          6.107                        -0.107
    101       O      5       6.000          5.708                         0.292
    102       O      5       6.000          5.728                         0.272
    103       O      5       6.000          5.732                         0.268
    104       O      5       6.000          5.700                         0.300
    105       O      5       6.000          5.685                         0.315
    106       O      5       6.000          5.763                         0.237
    107       O      5       6.000          5.755                         0.245
    108       O      5       6.000          5.686                         0.314
    109       O      5       6.000          6.127                        -0.127
    110       O      5       6.000          6.111                        -0.111
    111       O      5       6.000          6.123                        -0.123
    112       O      5       6.000          6.085                        -0.085
    113       O      5       6.000          6.117                        -0.117
    114       O      5       6.000          6.076                        -0.076
    115       O      5       6.000          6.113                        -0.113
    116       O      5       6.000          6.116                        -0.116
    117       O      5       6.000          6.028                        -0.028
    118       O      5       6.000          6.104                        -0.104
    119       O      5       6.000          6.076                        -0.076
    120       O      5       6.000          6.058                        -0.058
    121       O      5       6.000          5.990                         0.010
    122       O      5       6.000          5.990                         0.010
    123       O      5       6.000          6.054                        -0.054
    124       O      5       6.000          6.033                        -0.033
    125       N      4       5.000          5.156                        -0.156
    126       N      4       5.000          5.136                        -0.136
    127       C      3       4.000          4.180                        -0.180
    128       C      3       4.000          4.267                        -0.267
    129       C      3       4.000          4.952                        -0.952
    130       H      2       1.000          0.525                         0.475
    131       H      2       1.000          0.527                         0.473
    132       H      2       1.000          0.543                         0.457
    133       H      2       1.000          0.536                         0.464
    134       H      2       1.000          0.543                         0.457
    135       C      3       4.000          4.284                        -0.284
    136       C      3       4.000          4.780                        -0.780
    137       H      2       1.000          0.556                         0.444
    138       H      2       1.000          0.551                         0.449
    139       H      2       1.000          0.566                         0.434
    140       C      3       4.000          5.283                        -1.283
    141       H      2       1.000          0.556                         0.444
    142       H      2       1.000          0.565                         0.435
    143       H      2       1.000          0.552                         0.448
    144       C      3       4.000          4.558                        -0.558
    145       C      3       4.000          4.779                        -0.779
    146       H      2       1.000          0.546                         0.454
    147       H      2       1.000          0.554                         0.446
    148       H      2       1.000          0.560                         0.440
    149       H      2       1.000          0.528                         0.472
    150       F      6       7.000          7.218                        -0.218
    151       F      6       7.000          7.189                        -0.189
    152       F      6       7.000          7.375                        -0.375
    153       F      6       7.000          7.223                        -0.223
    154       O      5       6.000          6.486                        -0.486
    155       C      3       4.000          3.229                         0.771
    156       F      6       7.000          7.279                        -0.279
    157       C      3       4.000          3.216                         0.784
    158       F      6       7.000          7.348                        -0.348
    159       S      7       6.000          5.513                         0.487
    160       S      7       6.000          5.420                         0.580
    161       O      5       6.000          6.445                        -0.445
    162       O      5       6.000          6.381                        -0.381
    163       O      5       6.000          6.440                        -0.440
    164       N      4       5.000          5.249                        -0.249

  Total Charge                                                            0.050
 !-----------------------------------------------------------------------------!

 ENERGY| Total FORCE_EVAL ( QS ) energy [hartree]          -1625.760845715080222

 *******************************************************************************
 **                 BAND EVALUATION OF ENERGIES AND FORCES                    **
 *******************************************************************************
 **                                                                           **
 **                                                                           **
 ** Replica Env Nr. :    1              Replica Band Nr. :    9               **
 ** Band  Step  Nr. :    1                                                    **
 *******************************************************************************

 Number of electrons:                                                        674
 Number of occupied orbitals:                                                366
 Number of molecular orbitals:                                               437

 Number of orbital functions:                                               1844
 Number of independent orbital functions:                                   1844

 Parameters for the always stable predictor-corrector (ASPC) method:

  ASPC order: 1

  B(1) =   2.500000
  B(2) =  -2.000000
  B(3) =   0.500000

 *** WARNING in fm/cp_fm_elpa.F:521 :: Setting real_kernel for ELPA failed ***


 Extrapolation method: ASPC


 SCF WAVEFUNCTION OPTIMIZATION

  Step     Update method      Time    Convergence         Total energy    Change
  ------------------------------------------------------------------------------

 *** WARNING in fm/cp_fm_elpa.F:521 :: Setting real_kernel for ELPA failed ***

     1 Broy./Diag. 0.15E+00    9.0     0.00015597     -1625.7609792239 -1.63E+03

 *** WARNING in fm/cp_fm_elpa.F:521 :: Setting real_kernel for ELPA failed ***

     2 Broy./Diag. 0.15E+00   12.3     0.00012714     -1625.7598006299  1.18E-03

 *** WARNING in fm/cp_fm_elpa.F:521 :: Setting real_kernel for ELPA failed ***

     3 Broy./Diag. 0.15E+00   12.8     0.00005253     -1625.7604661846 -6.66E-04

 *** WARNING in fm/cp_fm_elpa.F:521 :: Setting real_kernel for ELPA failed ***

     4 Broy./Diag. 0.15E+00   12.6     0.00006571     -1625.7608742136 -4.08E-04

 *** WARNING in fm/cp_fm_elpa.F:521 :: Setting real_kernel for ELPA failed ***

     5 Broy./Diag. 0.15E+00   12.9     0.00001885     -1625.7612305904 -3.56E-04

  *** SCF run converged in     5 steps ***


  Electronic density on regular grids:       -673.9999999303        0.0000000697
  Core density on regular grids:              673.9999999671       -0.0000000329
  Total charge density on r-space grids:        0.0000000368
  Total charge density g-space grids:           0.0000000368

  Overlap energy of the core charge distribution:               0.00053078203685
  Self energy of the core charge distribution:              -3774.19779000501012
  Core Hamiltonian energy:                                   1084.74650003662668
  Hartree energy:                                            1417.01551761095357
  Exchange-correlation energy:                               -353.09502669677426
  Dispersion energy:                                           -0.22499238828560
  Electronic entropic energy:                                  -0.00596927103050
  Fermi energy:                                                -0.00697931137165

  Total energy:                                             -1625.76123059039833

 !-----------------------------------------------------------------------------!
                     Mulliken Population Analysis

 #  Atom  Element  Kind  Atomic population                           Net charge
       1     Ti       1         10.948990                              1.051010
       2     Ti       1         10.964142                              1.035858
       3     Ti       1         10.929119                              1.070881
       4     Ti       1         10.936598                              1.063402
       5     Ti       1         10.982138                              1.017862
       6     Ti       1         10.965199                              1.034801
       7     Ti       1         10.942713                              1.057287
       8     Ti       1         10.950652                              1.049348
       9     H        2          0.933161                              0.066839
      10     H        2          0.925188                              0.074812
      11     H        2          0.936301                              0.063699
      12     H        2          0.925018                              0.074982
      13     H        2          0.931983                              0.068017
      14     H        2          0.934390                              0.065610
      15     H        2          0.926269                              0.073731
      16     H        2          0.930797                              0.069203
      17     H        2          0.928393                              0.071607
      18     H        2          0.927213                              0.072787
      19     H        2          0.929496                              0.070504
      20     H        2          0.924934                              0.075066
      21     H        2          0.827518                              0.172482
      22     H        2          0.827849                              0.172151
      23     H        2          0.923950                              0.076050
      24     H        2          0.927553                              0.072447
      25     H        2          0.932369                              0.067631
      26     H        2          0.922741                              0.077259
      27     H        2          0.921982                              0.078018
      28     H        2          0.927895                              0.072105
      29     H        2          0.889083                              0.110917
      30     H        2          0.900203                              0.099797
      31     H        2          0.835996                              0.164004
      32     H        2          0.837333                              0.162667
      33     H        2          0.879483                              0.120517
      34     H        2          0.887333                              0.112667
      35     H        2          0.891346                              0.108654
      36     H        2          0.887842                              0.112158
      37     H        2          0.880529                              0.119471
      38     H        2          0.887969                              0.112031
      39     H        2          0.940449                              0.059551
      40     H        2          0.923044                              0.076956
      41     H        2          0.944258                              0.055742
      42     H        2          0.908519                              0.091481
      43     C        3          3.771769                              0.228231
      44     C        3          3.769664                              0.230336
      45     C        3          3.773895                              0.226105
      46     C        3          3.768163                              0.231837
      47     C        3          4.057251                             -0.057251
      48     C        3          4.026047                             -0.026047
      49     C        3          4.056143                             -0.056143
      50     C        3          4.028796                             -0.028796
      51     C        3          3.981608                              0.018392
      52     C        3          4.031941                             -0.031941
      53     C        3          3.977095                              0.022905
      54     C        3          4.034636                             -0.034636
      55     C        3          4.042074                             -0.042074
      56     C        3          4.012250                             -0.012250
      57     C        3          4.005709                             -0.005709
      58     C        3          4.041449                             -0.041449
      59     C        3          4.032129                             -0.032129
      60     C        3          4.046505                             -0.046505
      61     C        3          4.041643                             -0.041643
      62     C        3          4.036161                             -0.036161
      63     C        3          4.025061                             -0.025061
      64     C        3          4.065924                             -0.065924
      65     C        3          4.048310                             -0.048310
      66     C        3          4.026240                             -0.026240
      67     C        3          3.776429                              0.223571
      68     C        3          3.776979                              0.223021
      69     C        3          3.786077                              0.213923
      70     C        3          3.800228                              0.199772
      71     C        3          3.809809                              0.190191
      72     C        3          3.787988                              0.212012
      73     C        3          4.009911                             -0.009911
      74     C        3          4.037141                             -0.037141
      75     C        3          4.042470                             -0.042470
      76     C        3          4.010893                             -0.010893
      77     C        3          4.033059                             -0.033059
      78     C        3          4.024224                             -0.024224
      79     C        3          4.021276                             -0.021276
      80     C        3          4.046302                             -0.046302
      81     C        3          4.048416                             -0.048416
      82     C        3          4.000422                             -0.000422
      83     C        3          4.017625                             -0.017625
      84     C        3          4.036741                             -0.036741
      85     C        3          3.978153                              0.021847
      86     C        3          4.021276                             -0.021276
      87     C        3          4.020368                             -0.020368
      88     C        3          3.997963                              0.002037
      89     N        4          5.012577                             -0.012577
      90     N        4          5.064732                             -0.064732
      91     N        4          5.035097                             -0.035097
      92     N        4          5.035778                             -0.035778
      93     O        5          6.356933                             -0.356933
      94     O        5          6.313412                             -0.313412
      95     O        5          6.321384                             -0.321384
      96     O        5          6.287324                             -0.287324
      97     O        5          6.318902                             -0.318902
      98     O        5          6.328667                             -0.328667
      99     O        5          6.291845                             -0.291845
     100     O        5          6.279632                             -0.279632
     101     O        5          6.457934                             -0.457934
     102     O        5          6.502249                             -0.502249
     103     O        5          6.502227                             -0.502227
     104     O        5          6.456525                             -0.456525
     105     O        5          6.460219                             -0.460219
     106     O        5          6.513452                             -0.513452
     107     O        5          6.507693                             -0.507693
     108     O        5          6.456874                             -0.456874
     109     O        5          6.362895                             -0.362895
     110     O        5          6.355014                             -0.355014
     111     O        5          6.333663                             -0.333663
     112     O        5          6.337854                             -0.337854
     113     O        5          6.406418                             -0.406418
     114     O        5          6.300360                             -0.300360
     115     O        5          6.357240                             -0.357240
     116     O        5          6.353375                             -0.353375
     117     O        5          6.304454                             -0.304454
     118     O        5          6.323340                             -0.323340
     119     O        5          6.302066                             -0.302066
     120     O        5          6.379085                             -0.379085
     121     O        5          6.540692                             -0.540692
     122     O        5          6.535568                             -0.535568
     123     O        5          6.510749                             -0.510749
     124     O        5          6.503998                             -0.503998
     125     N        4          4.869452                              0.130548
     126     N        4          4.833449                              0.166551
     127     C        3          3.910801                              0.089199
     128     C        3          3.978105                              0.021895
     129     C        3          4.168704                             -0.168704
     130     H        2          0.926582                              0.073418
     131     H        2          0.932338                              0.067662
     132     H        2          0.911362                              0.088638
     133     H        2          0.910788                              0.089212
     134     H        2          0.907447                              0.092553
     135     C        3          3.978712                              0.021288
     136     C        3          4.129820                             -0.129820
     137     H        2          0.916108                              0.083892
     138     H        2          0.909858                              0.090142
     139     H        2          0.916851                              0.083149
     140     C        3          4.260536                             -0.260536
     141     H        2          0.916657                              0.083343
     142     H        2          0.929745                              0.070255
     143     H        2          0.907616                              0.092384
     144     C        3          4.104087                             -0.104087
     145     C        3          4.154491                             -0.154491
     146     H        2          0.908116                              0.091884
     147     H        2          0.911492                              0.088508
     148     H        2          0.915214                              0.084786
     149     H        2          0.939683                              0.060317
     150     F        6          6.985097                              0.014903
     151     F        6          6.925434                              0.074566
     152     F        6          7.209913                             -0.209913
     153     F        6          6.990751                              0.009249
     154     O        5          6.453732                             -0.453732
     155     C        3          3.849026                              0.150974
     156     F        6          7.057880                             -0.057880
     157     C        3          3.803254                              0.196746
     158     F        6          7.186435                             -0.186435
     159     S        7          6.395907                             -0.395907
     160     S        7          6.329326                             -0.329326
     161     O        5          5.844525                              0.155475
     162     O        5          5.699689                              0.300311
     163     O        5          6.166191                             -0.166191
     164     N        4          4.982451                              0.017549
 # Total charge                            674.000000                  0.000000

 !-----------------------------------------------------------------------------!

 !-----------------------------------------------------------------------------!
                           Hirshfeld Charges

  #Atom  Element  Kind  Ref Charge     Population                    Net charge
      1       Ti     1      12.000         13.350                        -1.350
      2       Ti     1      12.000         13.377                        -1.377
      3       Ti     1      12.000         13.175                        -1.175
      4       Ti     1      12.000         13.182                        -1.182
      5       Ti     1      12.000         13.427                        -1.427
      6       Ti     1      12.000         13.413                        -1.413
      7       Ti     1      12.000         13.190                        -1.190
      8       Ti     1      12.000         13.233                        -1.233
      9       H      2       1.000          0.547                         0.453
     10       H      2       1.000          0.543                         0.457
     11       H      2       1.000          0.550                         0.450
     12       H      2       1.000          0.539                         0.461
     13       H      2       1.000          0.546                         0.454
     14       H      2       1.000          0.543                         0.457
     15       H      2       1.000          0.541                         0.459
     16       H      2       1.000          0.541                         0.459
     17       H      2       1.000          0.545                         0.455
     18       H      2       1.000          0.544                         0.456
     19       H      2       1.000          0.543                         0.457
     20       H      2       1.000          0.546                         0.454
     21       H      2       1.000          0.419                         0.581
     22       H      2       1.000          0.419                         0.581
     23       H      2       1.000          0.543                         0.457
     24       H      2       1.000          0.543                         0.457
     25       H      2       1.000          0.546                         0.454
     26       H      2       1.000          0.544                         0.456
     27       H      2       1.000          0.537                         0.463
     28       H      2       1.000          0.545                         0.455
     29       H      2       1.000          0.462                         0.538
     30       H      2       1.000          0.489                         0.511
     31       H      2       1.000          0.418                         0.582
     32       H      2       1.000          0.419                         0.581
     33       H      2       1.000          0.481                         0.519
     34       H      2       1.000          0.465                         0.535
     35       H      2       1.000          0.476                         0.524
     36       H      2       1.000          0.463                         0.537
     37       H      2       1.000          0.476                         0.524
     38       H      2       1.000          0.462                         0.538
     39       H      2       1.000          0.545                         0.455
     40       H      2       1.000          0.542                         0.458
     41       H      2       1.000          0.547                         0.453
     42       H      2       1.000          0.545                         0.455
     43       C      3       4.000          3.470                         0.530
     44       C      3       4.000          3.456                         0.544
     45       C      3       4.000          3.473                         0.527
     46       C      3       4.000          3.459                         0.541
     47       C      3       4.000          4.026                        -0.026
     48       C      3       4.000          3.984                         0.016
     49       C      3       4.000          4.026                        -0.026
     50       C      3       4.000          3.987                         0.013
     51       C      3       4.000          3.860                         0.140
     52       C      3       4.000          4.411                        -0.411
     53       C      3       4.000          3.859                         0.141
     54       C      3       4.000          4.413                        -0.413
     55       C      3       4.000          4.407                        -0.407
     56       C      3       4.000          4.381                        -0.381
     57       C      3       4.000          4.372                        -0.372
     58       C      3       4.000          4.416                        -0.416
     59       C      3       4.000          3.998                         0.002
     60       C      3       4.000          4.356                        -0.356
     61       C      3       4.000          4.336                        -0.336
     62       C      3       4.000          3.997                         0.003
     63       C      3       4.000          3.990                         0.010
     64       C      3       4.000          4.039                        -0.039
     65       C      3       4.000          4.026                        -0.026
     66       C      3       4.000          3.993                         0.007
     67       C      3       4.000          3.462                         0.538
     68       C      3       4.000          3.462                         0.538
     69       C      3       4.000          3.482                         0.518
     70       C      3       4.000          3.540                         0.460
     71       C      3       4.000          3.554                         0.446
     72       C      3       4.000          3.484                         0.516
     73       C      3       4.000          4.371                        -0.371
     74       C      3       4.000          4.412                        -0.412
     75       C      3       4.000          4.404                        -0.404
     76       C      3       4.000          4.364                        -0.364
     77       C      3       4.000          4.404                        -0.404
     78       C      3       4.000          4.388                        -0.388
     79       C      3       4.000          4.380                        -0.380
     80       C      3       4.000          4.431                        -0.431
     81       C      3       4.000          4.372                        -0.372
     82       C      3       4.000          4.367                        -0.367
     83       C      3       4.000          4.382                        -0.382
     84       C      3       4.000          4.389                        -0.389
     85       C      3       4.000          3.873                         0.127
     86       C      3       4.000          4.393                        -0.393
     87       C      3       4.000          4.411                        -0.411
     88       C      3       4.000          3.880                         0.120
     89       N      4       5.000          5.900                        -0.900
     90       N      4       5.000          5.947                        -0.947
     91       N      4       5.000          5.915                        -0.915
     92       N      4       5.000          5.907                        -0.907
     93       O      5       6.000          6.169                        -0.169
     94       O      5       6.000          6.114                        -0.114
     95       O      5       6.000          6.166                        -0.166
     96       O      5       6.000          6.127                        -0.127
     97       O      5       6.000          6.119                        -0.119
     98       O      5       6.000          6.121                        -0.121
     99       O      5       6.000          6.105                        -0.105
    100       O      5       6.000          6.107                        -0.107
    101       O      5       6.000          5.708                         0.292
    102       O      5       6.000          5.728                         0.272
    103       O      5       6.000          5.732                         0.268
    104       O      5       6.000          5.700                         0.300
    105       O      5       6.000          5.685                         0.315
    106       O      5       6.000          5.763                         0.237
    107       O      5       6.000          5.755                         0.245
    108       O      5       6.000          5.686                         0.314
    109       O      5       6.000          6.127                        -0.127
    110       O      5       6.000          6.111                        -0.111
    111       O      5       6.000          6.123                        -0.123
    112       O      5       6.000          6.085                        -0.085
    113       O      5       6.000          6.117                        -0.117
    114       O      5       6.000          6.076                        -0.076
    115       O      5       6.000          6.113                        -0.113
    116       O      5       6.000          6.116                        -0.116
    117       O      5       6.000          6.028                        -0.028
    118       O      5       6.000          6.104                        -0.104
    119       O      5       6.000          6.076                        -0.076
    120       O      5       6.000          6.058                        -0.058
    121       O      5       6.000          5.990                         0.010
    122       O      5       6.000          5.990                         0.010
    123       O      5       6.000          6.054                        -0.054
    124       O      5       6.000          6.033                        -0.033
    125       N      4       5.000          5.156                        -0.156
    126       N      4       5.000          5.136                        -0.136
    127       C      3       4.000          4.180                        -0.180
    128       C      3       4.000          4.267                        -0.267
    129       C      3       4.000          4.952                        -0.952
    130       H      2       1.000          0.525                         0.475
    131       H      2       1.000          0.527                         0.473
    132       H      2       1.000          0.543                         0.457
    133       H      2       1.000          0.536                         0.464
    134       H      2       1.000          0.543                         0.457
    135       C      3       4.000          4.284                        -0.284
    136       C      3       4.000          4.780                        -0.780
    137       H      2       1.000          0.556                         0.444
    138       H      2       1.000          0.551                         0.449
    139       H      2       1.000          0.566                         0.434
    140       C      3       4.000          5.283                        -1.283
    141       H      2       1.000          0.556                         0.444
    142       H      2       1.000          0.565                         0.435
    143       H      2       1.000          0.552                         0.448
    144       C      3       4.000          4.558                        -0.558
    145       C      3       4.000          4.779                        -0.779
    146       H      2       1.000          0.546                         0.454
    147       H      2       1.000          0.554                         0.446
    148       H      2       1.000          0.560                         0.440
    149       H      2       1.000          0.528                         0.472
    150       F      6       7.000          7.218                        -0.218
    151       F      6       7.000          7.189                        -0.189
    152       F      6       7.000          7.375                        -0.375
    153       F      6       7.000          7.223                        -0.223
    154       O      5       6.000          6.486                        -0.486
    155       C      3       4.000          3.229                         0.771
    156       F      6       7.000          7.279                        -0.279
    157       C      3       4.000          3.216                         0.784
    158       F      6       7.000          7.348                        -0.348
    159       S      7       6.000          5.513                         0.487
    160       S      7       6.000          5.420                         0.580
    161       O      5       6.000          6.445                        -0.445
    162       O      5       6.000          6.381                        -0.381
    163       O      5       6.000          6.440                        -0.440
    164       N      4       5.000          5.249                        -0.249

  Total Charge                                                            0.050
 !-----------------------------------------------------------------------------!

 ENERGY| Total FORCE_EVAL ( QS ) energy [hartree]          -1625.760979327158111

 *******************************************************************************
 **                 BAND EVALUATION OF ENERGIES AND FORCES                    **
 *******************************************************************************
 **                                                                           **
 **                                                                           **
 ** Replica Env Nr. :    1              Replica Band Nr. :    9               **
 ** Band  Step  Nr. :    0                                                    **
 *******************************************************************************

 Number of electrons:                                                        674
 Number of occupied orbitals:                                                366
 Number of molecular orbitals:                                               437

 Number of orbital functions:                                               1844
 Number of independent orbital functions:                                   1844

 Parameters for the always stable predictor-corrector (ASPC) method:

  ASPC order: 0

  B(1) =   1.000000

 *** WARNING in fm/cp_fm_elpa.F:521 :: Setting real_kernel for ELPA failed ***


 Extrapolation method: ASPC


 SCF WAVEFUNCTION OPTIMIZATION

  Step     Update method      Time    Convergence         Total energy    Change
  ------------------------------------------------------------------------------

 *** WARNING in fm/cp_fm_elpa.F:521 :: Setting real_kernel for ELPA failed ***

     1 Broy./Diag. 0.15E+00    7.9     0.00018376     -1625.7608457015 -1.63E+03

 *** WARNING in fm/cp_fm_elpa.F:521 :: Setting real_kernel for ELPA failed ***

     2 Broy./Diag. 0.15E+00   12.2     0.00015186     -1625.7628412587 -2.00E-03

 *** WARNING in fm/cp_fm_elpa.F:521 :: Setting real_kernel for ELPA failed ***

     3 Broy./Diag. 0.15E+00   12.3     0.00004583     -1625.7616658571  1.18E-03

  *** SCF run converged in     3 steps ***


  Electronic density on regular grids:       -673.9999999303        0.0000000697
  Core density on regular grids:              673.9999999671       -0.0000000329
  Total charge density on r-space grids:        0.0000000368
  Total charge density g-space grids:           0.0000000368

  Overlap energy of the core charge distribution:               0.00053095058775
  Self energy of the core charge distribution:              -3774.19779000501012
  Core Hamiltonian energy:                                   1084.74572860680405
  Hartree energy:                                            1417.01589441373517
  Exchange-correlation energy:                               -353.09507634350228
  Dispersion energy:                                           -0.22499236743286
  Electronic entropic energy:                                  -0.00596355020565
  Fermi energy:                                                -0.00697612420787

  Total energy:                                             -1625.76166585707620

 !-----------------------------------------------------------------------------!
                     Mulliken Population Analysis

 #  Atom  Element  Kind  Atomic population                           Net charge
       1     Ti       1         10.948975                              1.051025
       2     Ti       1         10.964156                              1.035844
       3     Ti       1         10.929067                              1.070933
       4     Ti       1         10.936548                              1.063452
       5     Ti       1         10.982074                              1.017926
       6     Ti       1         10.965202                              1.034798
       7     Ti       1         10.942687                              1.057313
       8     Ti       1         10.950582                              1.049418
       9     H        2          0.933155                              0.066845
      10     H        2          0.925188                              0.074812
      11     H        2          0.936313                              0.063687
      12     H        2          0.925031                              0.074969
      13     H        2          0.932001                              0.067999
      14     H        2          0.934399                              0.065601
      15     H        2          0.926270                              0.073730
      16     H        2          0.930813                              0.069187
      17     H        2          0.928398                              0.071602
      18     H        2          0.927213                              0.072787
      19     H        2          0.929513                              0.070487
      20     H        2          0.924957                              0.075043
      21     H        2          0.827491                              0.172509
      22     H        2          0.827820                              0.172180
      23     H        2          0.923943                              0.076057
      24     H        2          0.927561                              0.072439
      25     H        2          0.932370                              0.067630
      26     H        2          0.922761                              0.077239
      27     H        2          0.922000                              0.078000
      28     H        2          0.927895                              0.072105
      29     H        2          0.889084                              0.110916
      30     H        2          0.900220                              0.099780
      31     H        2          0.835964                              0.164036
      32     H        2          0.837300                              0.162700
      33     H        2          0.879497                              0.120503
      34     H        2          0.887332                              0.112668
      35     H        2          0.891340                              0.108660
      36     H        2          0.887823                              0.112177
      37     H        2          0.880549                              0.119451
      38     H        2          0.887978                              0.112022
      39     H        2          0.940429                              0.059571
      40     H        2          0.923062                              0.076938
      41     H        2          0.944233                              0.055767
      42     H        2          0.908508                              0.091492
      43     C        3          3.771767                              0.228233
      44     C        3          3.769687                              0.230313
      45     C        3          3.773895                              0.226105
      46     C        3          3.768175                              0.231825
      47     C        3          4.057260                             -0.057260
      48     C        3          4.026073                             -0.026073
      49     C        3          4.056151                             -0.056151
      50     C        3          4.028808                             -0.028808
      51     C        3          3.981616                              0.018384
      52     C        3          4.031984                             -0.031984
      53     C        3          3.977118                              0.022882
      54     C        3          4.034640                             -0.034640
      55     C        3          4.042099                             -0.042099
      56     C        3          4.012246                             -0.012246
      57     C        3          4.005742                             -0.005742
      58     C        3          4.041460                             -0.041460
      59     C        3          4.032124                             -0.032124
      60     C        3          4.046492                             -0.046492
      61     C        3          4.041621                             -0.041621
      62     C        3          4.036162                             -0.036162
      63     C        3          4.025094                             -0.025094
      64     C        3          4.065952                             -0.065952
      65     C        3          4.048310                             -0.048310
      66     C        3          4.026248                             -0.026248
      67     C        3          3.776415                              0.223585
      68     C        3          3.776975                              0.223025
      69     C        3          3.786097                              0.213903
      70     C        3          3.800233                              0.199767
      71     C        3          3.809802                              0.190198
      72     C        3          3.787984                              0.212016
      73     C        3          4.009937                             -0.009937
      74     C        3          4.037130                             -0.037130
      75     C        3          4.042487                             -0.042487
      76     C        3          4.010890                             -0.010890
      77     C        3          4.033103                             -0.033103
      78     C        3          4.024251                             -0.024251
      79     C        3          4.021281                             -0.021281
      80     C        3          4.046314                             -0.046314
      81     C        3          4.048399                             -0.048399
      82     C        3          4.000455                             -0.000455
      83     C        3          4.017619                             -0.017619
      84     C        3          4.036764                             -0.036764
      85     C        3          3.978162                              0.021838
      86     C        3          4.021284                             -0.021284
      87     C        3          4.020404                             -0.020404
      88     C        3          3.997997                              0.002003
      89     N        4          5.012610                             -0.012610
      90     N        4          5.064730                             -0.064730
      91     N        4          5.035070                             -0.035070
      92     N        4          5.035811                             -0.035811
      93     O        5          6.356911                             -0.356911
      94     O        5          6.313438                             -0.313438
      95     O        5          6.321395                             -0.321395
      96     O        5          6.287335                             -0.287335
      97     O        5          6.318907                             -0.318907
      98     O        5          6.328655                             -0.328655
      99     O        5          6.291863                             -0.291863
     100     O        5          6.279648                             -0.279648
     101     O        5          6.457893                             -0.457893
     102     O        5          6.502220                             -0.502220
     103     O        5          6.502164                             -0.502164
     104     O        5          6.456505                             -0.456505
     105     O        5          6.460178                             -0.460178
     106     O        5          6.513420                             -0.513420
     107     O        5          6.507630                             -0.507630
     108     O        5          6.456841                             -0.456841
     109     O        5          6.362875                             -0.362875
     110     O        5          6.355028                             -0.355028
     111     O        5          6.333685                             -0.333685
     112     O        5          6.337862                             -0.337862
     113     O        5          6.406405                             -0.406405
     114     O        5          6.300361                             -0.300361
     115     O        5          6.357228                             -0.357228
     116     O        5          6.353374                             -0.353374
     117     O        5          6.304442                             -0.304442
     118     O        5          6.323348                             -0.323348
     119     O        5          6.302088                             -0.302088
     120     O        5          6.379093                             -0.379093
     121     O        5          6.540639                             -0.540639
     122     O        5          6.535525                             -0.535525
     123     O        5          6.510682                             -0.510682
     124     O        5          6.503945                             -0.503945
     125     N        4          4.869432                              0.130568
     126     N        4          4.833454                              0.166546
     127     C        3          3.910765                              0.089235
     128     C        3          3.978137                              0.021863
     129     C        3          4.168718                             -0.168718
     130     H        2          0.926566                              0.073434
     131     H        2          0.932364                              0.067636
     132     H        2          0.911390                              0.088610
     133     H        2          0.910778                              0.089222
     134     H        2          0.907460                              0.092540
     135     C        3          3.978706                              0.021294
     136     C        3          4.129820                             -0.129820
     137     H        2          0.916095                              0.083905
     138     H        2          0.909861                              0.090139
     139     H        2          0.916852                              0.083148
     140     C        3          4.260541                             -0.260541
     141     H        2          0.916654                              0.083346
     142     H        2          0.929753                              0.070247
     143     H        2          0.907621                              0.092379
     144     C        3          4.104063                             -0.104063
     145     C        3          4.154488                             -0.154488
     146     H        2          0.908095                              0.091905
     147     H        2          0.911491                              0.088509
     148     H        2          0.915212                              0.084788
     149     H        2          0.939684                              0.060316
     150     F        6          6.985096                              0.014904
     151     F        6          6.925415                              0.074585
     152     F        6          7.209913                             -0.209913
     153     F        6          6.990751                              0.009249
     154     O        5          6.453808                             -0.453808
     155     C        3          3.849020                              0.150980
     156     F        6          7.057896                             -0.057896
     157     C        3          3.803257                              0.196743
     158     F        6          7.186430                             -0.186430
     159     S        7          6.396004                             -0.396004
     160     S        7          6.329408                             -0.329408
     161     O        5          5.844476                              0.155524
     162     O        5          5.699640                              0.300360
     163     O        5          6.166189                             -0.166189
     164     N        4          4.982483                              0.017517
 # Total charge                            674.000000                  0.000000

 !-----------------------------------------------------------------------------!

 !-----------------------------------------------------------------------------!
                           Hirshfeld Charges

  #Atom  Element  Kind  Ref Charge     Population                    Net charge
      1       Ti     1      12.000         13.350                        -1.350
      2       Ti     1      12.000         13.377                        -1.377
      3       Ti     1      12.000         13.175                        -1.175
      4       Ti     1      12.000         13.182                        -1.182
      5       Ti     1      12.000         13.427                        -1.427
      6       Ti     1      12.000         13.413                        -1.413
      7       Ti     1      12.000         13.190                        -1.190
      8       Ti     1      12.000         13.233                        -1.233
      9       H      2       1.000          0.547                         0.453
     10       H      2       1.000          0.543                         0.457
     11       H      2       1.000          0.550                         0.450
     12       H      2       1.000          0.539                         0.461
     13       H      2       1.000          0.546                         0.454
     14       H      2       1.000          0.543                         0.457
     15       H      2       1.000          0.541                         0.459
     16       H      2       1.000          0.541                         0.459
     17       H      2       1.000          0.545                         0.455
     18       H      2       1.000          0.544                         0.456
     19       H      2       1.000          0.543                         0.457
     20       H      2       1.000          0.546                         0.454
     21       H      2       1.000          0.419                         0.581
     22       H      2       1.000          0.419                         0.581
     23       H      2       1.000          0.543                         0.457
     24       H      2       1.000          0.543                         0.457
     25       H      2       1.000          0.546                         0.454
     26       H      2       1.000          0.544                         0.456
     27       H      2       1.000          0.537                         0.463
     28       H      2       1.000          0.545                         0.455
     29       H      2       1.000          0.462                         0.538
     30       H      2       1.000          0.489                         0.511
     31       H      2       1.000          0.418                         0.582
     32       H      2       1.000          0.419                         0.581
     33       H      2       1.000          0.481                         0.519
     34       H      2       1.000          0.465                         0.535
     35       H      2       1.000          0.476                         0.524
     36       H      2       1.000          0.463                         0.537
     37       H      2       1.000          0.476                         0.524
     38       H      2       1.000          0.462                         0.538
     39       H      2       1.000          0.545                         0.455
     40       H      2       1.000          0.542                         0.458
     41       H      2       1.000          0.547                         0.453
     42       H      2       1.000          0.545                         0.455
     43       C      3       4.000          3.470                         0.530
     44       C      3       4.000          3.456                         0.544
     45       C      3       4.000          3.473                         0.527
     46       C      3       4.000          3.459                         0.541
     47       C      3       4.000          4.026                        -0.026
     48       C      3       4.000          3.984                         0.016
     49       C      3       4.000          4.026                        -0.026
     50       C      3       4.000          3.987                         0.013
     51       C      3       4.000          3.860                         0.140
     52       C      3       4.000          4.411                        -0.411
     53       C      3       4.000          3.859                         0.141
     54       C      3       4.000          4.413                        -0.413
     55       C      3       4.000          4.407                        -0.407
     56       C      3       4.000          4.381                        -0.381
     57       C      3       4.000          4.372                        -0.372
     58       C      3       4.000          4.416                        -0.416
     59       C      3       4.000          3.998                         0.002
     60       C      3       4.000          4.356                        -0.356
     61       C      3       4.000          4.336                        -0.336
     62       C      3       4.000          3.997                         0.003
     63       C      3       4.000          3.990                         0.010
     64       C      3       4.000          4.039                        -0.039
     65       C      3       4.000          4.026                        -0.026
     66       C      3       4.000          3.993                         0.007
     67       C      3       4.000          3.462                         0.538
     68       C      3       4.000          3.462                         0.538
     69       C      3       4.000          3.482                         0.518
     70       C      3       4.000          3.540                         0.460
     71       C      3       4.000          3.554                         0.446
     72       C      3       4.000          3.484                         0.516
     73       C      3       4.000          4.371                        -0.371
     74       C      3       4.000          4.412                        -0.412
     75       C      3       4.000          4.404                        -0.404
     76       C      3       4.000          4.364                        -0.364
     77       C      3       4.000          4.404                        -0.404
     78       C      3       4.000          4.388                        -0.388
     79       C      3       4.000          4.380                        -0.380
     80       C      3       4.000          4.431                        -0.431
     81       C      3       4.000          4.372                        -0.372
     82       C      3       4.000          4.367                        -0.367
     83       C      3       4.000          4.382                        -0.382
     84       C      3       4.000          4.389                        -0.389
     85       C      3       4.000          3.873                         0.127
     86       C      3       4.000          4.393                        -0.393
     87       C      3       4.000          4.411                        -0.411
     88       C      3       4.000          3.880                         0.120
     89       N      4       5.000          5.900                        -0.900
     90       N      4       5.000          5.947                        -0.947
     91       N      4       5.000          5.915                        -0.915
     92       N      4       5.000          5.907                        -0.907
     93       O      5       6.000          6.169                        -0.169
     94       O      5       6.000          6.114                        -0.114
     95       O      5       6.000          6.166                        -0.166
     96       O      5       6.000          6.127                        -0.127
     97       O      5       6.000          6.119                        -0.119
     98       O      5       6.000          6.121                        -0.121
     99       O      5       6.000          6.105                        -0.105
    100       O      5       6.000          6.107                        -0.107
    101       O      5       6.000          5.708                         0.292
    102       O      5       6.000          5.728                         0.272
    103       O      5       6.000          5.732                         0.268
    104       O      5       6.000          5.700                         0.300
    105       O      5       6.000          5.685                         0.315
    106       O      5       6.000          5.763                         0.237
    107       O      5       6.000          5.755                         0.245
    108       O      5       6.000          5.686                         0.314
    109       O      5       6.000          6.127                        -0.127
    110       O      5       6.000          6.111                        -0.111
    111       O      5       6.000          6.123                        -0.123
    112       O      5       6.000          6.085                        -0.085
    113       O      5       6.000          6.117                        -0.117
    114       O      5       6.000          6.076                        -0.076
    115       O      5       6.000          6.113                        -0.113
    116       O      5       6.000          6.116                        -0.116
    117       O      5       6.000          6.028                        -0.028
    118       O      5       6.000          6.104                        -0.104
    119       O      5       6.000          6.076                        -0.076
    120       O      5       6.000          6.058                        -0.058
    121       O      5       6.000          5.990                         0.010
    122       O      5       6.000          5.990                         0.010
    123       O      5       6.000          6.053                        -0.053
    124       O      5       6.000          6.033                        -0.033
    125       N      4       5.000          5.156                        -0.156
    126       N      4       5.000          5.136                        -0.136
    127       C      3       4.000          4.180                        -0.180
    128       C      3       4.000          4.267                        -0.267
    129       C      3       4.000          4.952                        -0.952
    130       H      2       1.000          0.525                         0.475
    131       H      2       1.000          0.527                         0.473
    132       H      2       1.000          0.543                         0.457
    133       H      2       1.000          0.536                         0.464
    134       H      2       1.000          0.543                         0.457
    135       C      3       4.000          4.284                        -0.284
    136       C      3       4.000          4.780                        -0.780
    137       H      2       1.000          0.556                         0.444
    138       H      2       1.000          0.551                         0.449
    139       H      2       1.000          0.566                         0.434
    140       C      3       4.000          5.283                        -1.283
    141       H      2       1.000          0.556                         0.444
    142       H      2       1.000          0.565                         0.435
    143       H      2       1.000          0.552                         0.448
    144       C      3       4.000          4.558                        -0.558
    145       C      3       4.000          4.779                        -0.779
    146       H      2       1.000          0.546                         0.454
    147       H      2       1.000          0.554                         0.446
    148       H      2       1.000          0.560                         0.440
    149       H      2       1.000          0.528                         0.472
    150       F      6       7.000          7.218                        -0.218
    151       F      6       7.000          7.189                        -0.189
    152       F      6       7.000          7.375                        -0.375
    153       F      6       7.000          7.223                        -0.223
    154       O      5       6.000          6.486                        -0.486
    155       C      3       4.000          3.229                         0.771
    156       F      6       7.000          7.279                        -0.279
    157       C      3       4.000          3.216                         0.784
    158       F      6       7.000          7.348                        -0.348
    159       S      7       6.000          5.513                         0.487
    160       S      7       6.000          5.420                         0.580
    161       O      5       6.000          6.445                        -0.445
    162       O      5       6.000          6.381                        -0.381
    163       O      5       6.000          6.440                        -0.440
    164       N      4       5.000          5.249                        -0.249

  Total Charge                                                            0.050
 !-----------------------------------------------------------------------------!

 ENERGY| Total FORCE_EVAL ( QS ) energy [hartree]          -1625.760845677807310

 *******************************************************************************
 **                 BAND EVALUATION OF ENERGIES AND FORCES                    **
 *******************************************************************************
 **                                                                           **
 **                                                                           **
 ** Replica Env Nr. :    1              Replica Band Nr. :    9               **
 ** Band  Step  Nr. :    1                                                    **
 *******************************************************************************

 Number of electrons:                                                        674
 Number of occupied orbitals:                                                366
 Number of molecular orbitals:                                               437

 Number of orbital functions:                                               1844
 Number of independent orbital functions:                                   1844

 Parameters for the always stable predictor-corrector (ASPC) method:

  ASPC order: 1

  B(1) =   2.500000
  B(2) =  -2.000000
  B(3) =   0.500000

 *** WARNING in fm/cp_fm_elpa.F:521 :: Setting real_kernel for ELPA failed ***


 Extrapolation method: ASPC


 SCF WAVEFUNCTION OPTIMIZATION

  Step     Update method      Time    Convergence         Total energy    Change
  ------------------------------------------------------------------------------

 *** WARNING in fm/cp_fm_elpa.F:521 :: Setting real_kernel for ELPA failed ***

     1 Broy./Diag. 0.15E+00    8.3     0.00023769     -1625.7609790169 -1.63E+03

 *** WARNING in fm/cp_fm_elpa.F:521 :: Setting real_kernel for ELPA failed ***

     2 Broy./Diag. 0.15E+00   12.2     0.00012614     -1625.7621318927 -1.15E-03

 *** WARNING in fm/cp_fm_elpa.F:521 :: Setting real_kernel for ELPA failed ***

     3 Broy./Diag. 0.15E+00   12.8     0.00005377     -1625.7613289907  8.03E-04

 *** WARNING in fm/cp_fm_elpa.F:521 :: Setting real_kernel for ELPA failed ***

     4 Broy./Diag. 0.15E+00   12.9     0.00005768     -1625.7610115512  3.17E-04

 *** WARNING in fm/cp_fm_elpa.F:521 :: Setting real_kernel for ELPA failed ***

     5 Broy./Diag. 0.15E+00   13.1     0.00003763     -1625.7606598227  3.52E-04

  *** SCF run converged in     5 steps ***


  Electronic density on regular grids:       -673.9999999303        0.0000000697
  Core density on regular grids:              673.9999999671       -0.0000000329
  Total charge density on r-space grids:        0.0000000368
  Total charge density g-space grids:           0.0000000368

  Overlap energy of the core charge distribution:               0.00053078203890
  Self energy of the core charge distribution:              -3774.19779000501012
  Core Hamiltonian energy:                                   1084.74627191124318
  Hartree energy:                                            1417.01630268619101
  Exchange-correlation energy:                               -353.09501856530932
  Dispersion energy:                                           -0.22499238828658
  Electronic entropic energy:                                  -0.00596485215037
  Fermi energy:                                                -0.00697580401244

  Total energy:                                             -1625.76065982269142

 !-----------------------------------------------------------------------------!
                     Mulliken Population Analysis

 #  Atom  Element  Kind  Atomic population                           Net charge
       1     Ti       1         10.948967                              1.051033
       2     Ti       1         10.964140                              1.035860
       3     Ti       1         10.929082                              1.070918
       4     Ti       1         10.936561                              1.063439
       5     Ti       1         10.982074                              1.017926
       6     Ti       1         10.965190                              1.034810
       7     Ti       1         10.942694                              1.057306
       8     Ti       1         10.950605                              1.049395
       9     H        2          0.933155                              0.066845
      10     H        2          0.925187                              0.074813
      11     H        2          0.936311                              0.063689
      12     H        2          0.925038                              0.074962
      13     H        2          0.932002                              0.067998
      14     H        2          0.934401                              0.065599
      15     H        2          0.926273                              0.073727
      16     H        2          0.930819                              0.069181
      17     H        2          0.928401                              0.071599
      18     H        2          0.927211                              0.072789
      19     H        2          0.929509                              0.070491
      20     H        2          0.924953                              0.075047
      21     H        2          0.827495                              0.172505
      22     H        2          0.827822                              0.172178
      23     H        2          0.923951                              0.076049
      24     H        2          0.927565                              0.072435
      25     H        2          0.932379                              0.067621
      26     H        2          0.922766                              0.077234
      27     H        2          0.922006                              0.077994
      28     H        2          0.927902                              0.072098
      29     H        2          0.889087                              0.110913
      30     H        2          0.900222                              0.099778
      31     H        2          0.835964                              0.164036
      32     H        2          0.837303                              0.162697
      33     H        2          0.879499                              0.120501
      34     H        2          0.887336                              0.112664
      35     H        2          0.891344                              0.108656
      36     H        2          0.887831                              0.112169
      37     H        2          0.880553                              0.119447
      38     H        2          0.887978                              0.112022
      39     H        2          0.940433                              0.059567
      40     H        2          0.923057                              0.076943
      41     H        2          0.944239                              0.055761
      42     H        2          0.908510                              0.091490
      43     C        3          3.771774                              0.228226
      44     C        3          3.769666                              0.230334
      45     C        3          3.773899                              0.226101
      46     C        3          3.768166                              0.231834
      47     C        3          4.057261                             -0.057261
      48     C        3          4.026065                             -0.026065
      49     C        3          4.056145                             -0.056145
      50     C        3          4.028803                             -0.028803
      51     C        3          3.981617                              0.018383
      52     C        3          4.031971                             -0.031971
      53     C        3          3.977109                              0.022891
      54     C        3          4.034634                             -0.034634
      55     C        3          4.042093                             -0.042093
      56     C        3          4.012246                             -0.012246
      57     C        3          4.005731                             -0.005731
      58     C        3          4.041449                             -0.041449
      59     C        3          4.032124                             -0.032124
      60     C        3          4.046501                             -0.046501
      61     C        3          4.041633                             -0.041633
      62     C        3          4.036157                             -0.036157
      63     C        3          4.025091                             -0.025091
      64     C        3          4.065933                             -0.065933
      65     C        3          4.048310                             -0.048310
      66     C        3          4.026237                             -0.026237
      67     C        3          3.776423                              0.223577
      68     C        3          3.776975                              0.223025
      69     C        3          3.786092                              0.213908
      70     C        3          3.800247                              0.199753
      71     C        3          3.809804                              0.190196
      72     C        3          3.787980                              0.212020
      73     C        3          4.009926                             -0.009926
      74     C        3          4.037133                             -0.037133
      75     C        3          4.042478                             -0.042478
      76     C        3          4.010888                             -0.010888
      77     C        3          4.033083                             -0.033083
      78     C        3          4.024227                             -0.024227
      79     C        3          4.021275                             -0.021275
      80     C        3          4.046303                             -0.046303
      81     C        3          4.048405                             -0.048405
      82     C        3          4.000442                             -0.000442
      83     C        3          4.017617                             -0.017617
      84     C        3          4.036752                             -0.036752
      85     C        3          3.978154                              0.021846
      86     C        3          4.021282                             -0.021282
      87     C        3          4.020373                             -0.020373
      88     C        3          3.997976                              0.002024
      89     N        4          5.012607                             -0.012607
      90     N        4          5.064731                             -0.064731
      91     N        4          5.035069                             -0.035069
      92     N        4          5.035814                             -0.035814
      93     O        5          6.356924                             -0.356924
      94     O        5          6.313446                             -0.313446
      95     O        5          6.321399                             -0.321399
      96     O        5          6.287340                             -0.287340
      97     O        5          6.318916                             -0.318916
      98     O        5          6.328665                             -0.328665
      99     O        5          6.291869                             -0.291869
     100     O        5          6.279655                             -0.279655
     101     O        5          6.457902                             -0.457902
     102     O        5          6.502227                             -0.502227
     103     O        5          6.502179                             -0.502179
     104     O        5          6.456511                             -0.456511
     105     O        5          6.460184                             -0.460184
     106     O        5          6.513430                             -0.513430
     107     O        5          6.507644                             -0.507644
     108     O        5          6.456850                             -0.456850
     109     O        5          6.362878                             -0.362878
     110     O        5          6.355027                             -0.355027
     111     O        5          6.333688                             -0.333688
     112     O        5          6.337866                             -0.337866
     113     O        5          6.406413                             -0.406413
     114     O        5          6.300365                             -0.300365
     115     O        5          6.357231                             -0.357231
     116     O        5          6.353373                             -0.353373
     117     O        5          6.304451                             -0.304451
     118     O        5          6.323350                             -0.323350
     119     O        5          6.302093                             -0.302093
     120     O        5          6.379096                             -0.379096
     121     O        5          6.540641                             -0.540641
     122     O        5          6.535523                             -0.535523
     123     O        5          6.510684                             -0.510684
     124     O        5          6.503945                             -0.503945
     125     N        4          4.869431                              0.130569
     126     N        4          4.833457                              0.166543
     127     C        3          3.910781                              0.089219
     128     C        3          3.978120                              0.021880
     129     C        3          4.168715                             -0.168715
     130     H        2          0.926565                              0.073435
     131     H        2          0.932354                              0.067646
     132     H        2          0.911381                              0.088619
     133     H        2          0.910787                              0.089213
     134     H        2          0.907458                              0.092542
     135     C        3          3.978707                              0.021293
     136     C        3          4.129819                             -0.129819
     137     H        2          0.916088                              0.083912
     138     H        2          0.909857                              0.090143
     139     H        2          0.916850                              0.083150
     140     C        3          4.260541                             -0.260541
     141     H        2          0.916657                              0.083343
     142     H        2          0.929754                              0.070246
     143     H        2          0.907620                              0.092380
     144     C        3          4.104085                             -0.104085
     145     C        3          4.154495                             -0.154495
     146     H        2          0.908094                              0.091906
     147     H        2          0.911487                              0.088513
     148     H        2          0.915205                              0.084795
     149     H        2          0.939681                              0.060319
     150     F        6          6.985098                              0.014902
     151     F        6          6.925424                              0.074576
     152     F        6          7.209902                             -0.209902
     153     F        6          6.990752                              0.009248
     154     O        5          6.453807                             -0.453807
     155     C        3          3.849027                              0.150973
     156     F        6          7.057897                             -0.057897
     157     C        3          3.803258                              0.196742
     158     F        6          7.186429                             -0.186429
     159     S        7          6.395894                             -0.395894
     160     S        7          6.329322                             -0.329322
     161     O        5          5.844535                              0.155465
     162     O        5          5.699707                              0.300293
     163     O        5          6.166188                             -0.166188
     164     N        4          4.982525                              0.017475
 # Total charge                            674.000000                  0.000000

 !-----------------------------------------------------------------------------!

 !-----------------------------------------------------------------------------!
                           Hirshfeld Charges

  #Atom  Element  Kind  Ref Charge     Population                    Net charge
      1       Ti     1      12.000         13.350                        -1.350
      2       Ti     1      12.000         13.377                        -1.377
      3       Ti     1      12.000         13.175                        -1.175
      4       Ti     1      12.000         13.182                        -1.182
      5       Ti     1      12.000         13.427                        -1.427
      6       Ti     1      12.000         13.413                        -1.413
      7       Ti     1      12.000         13.190                        -1.190
      8       Ti     1      12.000         13.233                        -1.233
      9       H      2       1.000          0.547                         0.453
     10       H      2       1.000          0.543                         0.457
     11       H      2       1.000          0.550                         0.450
     12       H      2       1.000          0.539                         0.461
     13       H      2       1.000          0.546                         0.454
     14       H      2       1.000          0.543                         0.457
     15       H      2       1.000          0.541                         0.459
     16       H      2       1.000          0.541                         0.459
     17       H      2       1.000          0.545                         0.455
     18       H      2       1.000          0.544                         0.456
     19       H      2       1.000          0.543                         0.457
     20       H      2       1.000          0.546                         0.454
     21       H      2       1.000          0.419                         0.581
     22       H      2       1.000          0.419                         0.581
     23       H      2       1.000          0.543                         0.457
     24       H      2       1.000          0.543                         0.457
     25       H      2       1.000          0.546                         0.454
     26       H      2       1.000          0.544                         0.456
     27       H      2       1.000          0.537                         0.463
     28       H      2       1.000          0.545                         0.455
     29       H      2       1.000          0.462                         0.538
     30       H      2       1.000          0.489                         0.511
     31       H      2       1.000          0.418                         0.582
     32       H      2       1.000          0.419                         0.581
     33       H      2       1.000          0.481                         0.519
     34       H      2       1.000          0.465                         0.535
     35       H      2       1.000          0.476                         0.524
     36       H      2       1.000          0.463                         0.537
     37       H      2       1.000          0.476                         0.524
     38       H      2       1.000          0.462                         0.538
     39       H      2       1.000          0.545                         0.455
     40       H      2       1.000          0.542                         0.458
     41       H      2       1.000          0.547                         0.453
     42       H      2       1.000          0.545                         0.455
     43       C      3       4.000          3.470                         0.530
     44       C      3       4.000          3.456                         0.544
     45       C      3       4.000          3.473                         0.527
     46       C      3       4.000          3.459                         0.541
     47       C      3       4.000          4.026                        -0.026
     48       C      3       4.000          3.984                         0.016
     49       C      3       4.000          4.026                        -0.026
     50       C      3       4.000          3.987                         0.013
     51       C      3       4.000          3.860                         0.140
     52       C      3       4.000          4.411                        -0.411
     53       C      3       4.000          3.859                         0.141
     54       C      3       4.000          4.413                        -0.413
     55       C      3       4.000          4.407                        -0.407
     56       C      3       4.000          4.381                        -0.381
     57       C      3       4.000          4.372                        -0.372
     58       C      3       4.000          4.416                        -0.416
     59       C      3       4.000          3.998                         0.002
     60       C      3       4.000          4.356                        -0.356
     61       C      3       4.000          4.336                        -0.336
     62       C      3       4.000          3.997                         0.003
     63       C      3       4.000          3.990                         0.010
     64       C      3       4.000          4.039                        -0.039
     65       C      3       4.000          4.026                        -0.026
     66       C      3       4.000          3.993                         0.007
     67       C      3       4.000          3.462                         0.538
     68       C      3       4.000          3.462                         0.538
     69       C      3       4.000          3.482                         0.518
     70       C      3       4.000          3.540                         0.460
     71       C      3       4.000          3.554                         0.446
     72       C      3       4.000          3.484                         0.516
     73       C      3       4.000          4.371                        -0.371
     74       C      3       4.000          4.412                        -0.412
     75       C      3       4.000          4.404                        -0.404
     76       C      3       4.000          4.364                        -0.364
     77       C      3       4.000          4.404                        -0.404
     78       C      3       4.000          4.388                        -0.388
     79       C      3       4.000          4.380                        -0.380
     80       C      3       4.000          4.431                        -0.431
     81       C      3       4.000          4.372                        -0.372
     82       C      3       4.000          4.367                        -0.367
     83       C      3       4.000          4.382                        -0.382
     84       C      3       4.000          4.389                        -0.389
     85       C      3       4.000          3.873                         0.127
     86       C      3       4.000          4.393                        -0.393
     87       C      3       4.000          4.411                        -0.411
     88       C      3       4.000          3.880                         0.120
     89       N      4       5.000          5.900                        -0.900
     90       N      4       5.000          5.947                        -0.947
     91       N      4       5.000          5.915                        -0.915
     92       N      4       5.000          5.907                        -0.907
     93       O      5       6.000          6.169                        -0.169
     94       O      5       6.000          6.114                        -0.114
     95       O      5       6.000          6.166                        -0.166
     96       O      5       6.000          6.127                        -0.127
     97       O      5       6.000          6.119                        -0.119
     98       O      5       6.000          6.121                        -0.121
     99       O      5       6.000          6.105                        -0.105
    100       O      5       6.000          6.107                        -0.107
    101       O      5       6.000          5.708                         0.292
    102       O      5       6.000          5.728                         0.272
    103       O      5       6.000          5.732                         0.268
    104       O      5       6.000          5.700                         0.300
    105       O      5       6.000          5.685                         0.315
    106       O      5       6.000          5.763                         0.237
    107       O      5       6.000          5.755                         0.245
    108       O      5       6.000          5.686                         0.314
    109       O      5       6.000          6.127                        -0.127
    110       O      5       6.000          6.111                        -0.111
    111       O      5       6.000          6.123                        -0.123
    112       O      5       6.000          6.085                        -0.085
    113       O      5       6.000          6.117                        -0.117
    114       O      5       6.000          6.076                        -0.076
    115       O      5       6.000          6.113                        -0.113
    116       O      5       6.000          6.116                        -0.116
    117       O      5       6.000          6.028                        -0.028
    118       O      5       6.000          6.104                        -0.104
    119       O      5       6.000          6.076                        -0.076
    120       O      5       6.000          6.058                        -0.058
    121       O      5       6.000          5.990                         0.010
    122       O      5       6.000          5.990                         0.010
    123       O      5       6.000          6.053                        -0.053
    124       O      5       6.000          6.033                        -0.033
    125       N      4       5.000          5.156                        -0.156
    126       N      4       5.000          5.136                        -0.136
    127       C      3       4.000          4.180                        -0.180
    128       C      3       4.000          4.267                        -0.267
    129       C      3       4.000          4.952                        -0.952
    130       H      2       1.000          0.525                         0.475
    131       H      2       1.000          0.527                         0.473
    132       H      2       1.000          0.543                         0.457
    133       H      2       1.000          0.536                         0.464
    134       H      2       1.000          0.543                         0.457
    135       C      3       4.000          4.284                        -0.284
    136       C      3       4.000          4.780                        -0.780
    137       H      2       1.000          0.556                         0.444
    138       H      2       1.000          0.551                         0.449
    139       H      2       1.000          0.566                         0.434
    140       C      3       4.000          5.283                        -1.283
    141       H      2       1.000          0.556                         0.444
    142       H      2       1.000          0.565                         0.435
    143       H      2       1.000          0.552                         0.448
    144       C      3       4.000          4.558                        -0.558
    145       C      3       4.000          4.779                        -0.779
    146       H      2       1.000          0.546                         0.454
    147       H      2       1.000          0.554                         0.446
    148       H      2       1.000          0.560                         0.440
    149       H      2       1.000          0.528                         0.472
    150       F      6       7.000          7.218                        -0.218
    151       F      6       7.000          7.189                        -0.189
    152       F      6       7.000          7.375                        -0.375
    153       F      6       7.000          7.223                        -0.223
    154       O      5       6.000          6.486                        -0.486
    155       C      3       4.000          3.229                         0.771
    156       F      6       7.000          7.279                        -0.279
    157       C      3       4.000          3.216                         0.784
    158       F      6       7.000          7.348                        -0.348
    159       S      7       6.000          5.513                         0.487
    160       S      7       6.000          5.420                         0.580
    161       O      5       6.000          6.445                        -0.445
    162       O      5       6.000          6.381                        -0.381
    163       O      5       6.000          6.440                        -0.440
    164       N      4       5.000          5.249                        -0.249

  Total Charge                                                            0.050
 !-----------------------------------------------------------------------------!

 ENERGY| Total FORCE_EVAL ( QS ) energy [hartree]          -1625.760979305897990

 *******************************************************************************
 **                 BAND EVALUATION OF ENERGIES AND FORCES                    **
 *******************************************************************************
 **                                                                           **
 **                                                                           **
 ** Replica Env Nr. :    1              Replica Band Nr. :    9               **
 ** Band  Step  Nr. :    0                                                    **
 *******************************************************************************

 Number of electrons:                                                        674
 Number of occupied orbitals:                                                366
 Number of molecular orbitals:                                               437

 Number of orbital functions:                                               1844
 Number of independent orbital functions:                                   1844

 Parameters for the always stable predictor-corrector (ASPC) method:

  ASPC order: 0

  B(1) =   1.000000

 *** WARNING in fm/cp_fm_elpa.F:521 :: Setting real_kernel for ELPA failed ***


 Extrapolation method: ASPC


 SCF WAVEFUNCTION OPTIMIZATION

  Step     Update method      Time    Convergence         Total energy    Change
  ------------------------------------------------------------------------------

 *** WARNING in fm/cp_fm_elpa.F:521 :: Setting real_kernel for ELPA failed ***

     1 Broy./Diag. 0.15E+00    8.7     0.00028306     -1625.7608456976 -1.63E+03

 *** WARNING in fm/cp_fm_elpa.F:521 :: Setting real_kernel for ELPA failed ***

     2 Broy./Diag. 0.15E+00   12.4     0.00028485     -1625.7580661892  2.78E-03

 *** WARNING in fm/cp_fm_elpa.F:521 :: Setting real_kernel for ELPA failed ***

     3 Broy./Diag. 0.15E+00   12.6     0.00008767     -1625.7595529773 -1.49E-03

 *** WARNING in fm/cp_fm_elpa.F:521 :: Setting real_kernel for ELPA failed ***

     4 Broy./Diag. 0.15E+00   12.9     0.00005711     -1625.7603327706 -7.80E-04

 *** WARNING in fm/cp_fm_elpa.F:521 :: Setting real_kernel for ELPA failed ***

     5 Broy./Diag. 0.15E+00   12.7     0.00001864     -1625.7610157478 -6.83E-04

  *** SCF run converged in     5 steps ***


  Electronic density on regular grids:       -673.9999999303        0.0000000697
  Core density on regular grids:              673.9999999671       -0.0000000329
  Total charge density on r-space grids:        0.0000000368
  Total charge density g-space grids:           0.0000000368

  Overlap energy of the core charge distribution:               0.00053095058775
  Self energy of the core charge distribution:              -3774.19779000501012
  Core Hamiltonian energy:                                   1084.74713209540005
  Hartree energy:                                            1417.01520442591686
  Exchange-correlation energy:                               -353.09513062538400
  Dispersion energy:                                           -0.22499236743286
  Electronic entropic energy:                                  -0.00596931112163
  Fermi energy:                                                -0.00697936321637

  Total energy:                                             -1625.76101574776908

 !-----------------------------------------------------------------------------!
                     Mulliken Population Analysis

 #  Atom  Element  Kind  Atomic population                           Net charge
       1     Ti       1         10.948987                              1.051013
       2     Ti       1         10.964149                              1.035851
       3     Ti       1         10.929115                              1.070885
       4     Ti       1         10.936596                              1.063404
       5     Ti       1         10.982139                              1.017861
       6     Ti       1         10.965206                              1.034794
       7     Ti       1         10.942709                              1.057291
       8     Ti       1         10.950652                              1.049348
       9     H        2          0.933161                              0.066839
      10     H        2          0.925187                              0.074813
      11     H        2          0.936299                              0.063701
      12     H        2          0.925018                              0.074982
      13     H        2          0.931982                              0.068018
      14     H        2          0.934389                              0.065611
      15     H        2          0.926272                              0.073728
      16     H        2          0.930798                              0.069202
      17     H        2          0.928395                              0.071605
      18     H        2          0.927212                              0.072788
      19     H        2          0.929494                              0.070506
      20     H        2          0.924930                              0.075070
      21     H        2          0.827522                              0.172478
      22     H        2          0.827853                              0.172147
      23     H        2          0.923954                              0.076046
      24     H        2          0.927553                              0.072447
      25     H        2          0.932370                              0.067630
      26     H        2          0.922745                              0.077255
      27     H        2          0.921984                              0.078016
      28     H        2          0.927897                              0.072103
      29     H        2          0.889082                              0.110918
      30     H        2          0.900202                              0.099798
      31     H        2          0.836001                              0.163999
      32     H        2          0.837338                              0.162662
      33     H        2          0.879483                              0.120517
      34     H        2          0.887335                              0.112665
      35     H        2          0.891346                              0.108654
      36     H        2          0.887845                              0.112155
      37     H        2          0.880530                              0.119470
      38     H        2          0.887968                              0.112032
      39     H        2          0.940450                              0.059550
      40     H        2          0.923041                              0.076959
      41     H        2          0.944261                              0.055739
      42     H        2          0.908521                              0.091479
      43     C        3          3.771776                              0.228224
      44     C        3          3.769656                              0.230344
      45     C        3          3.773898                              0.226102
      46     C        3          3.768164                              0.231836
      47     C        3          4.057248                             -0.057248
      48     C        3          4.026049                             -0.026049
      49     C        3          4.056137                             -0.056137
      50     C        3          4.028794                             -0.028794
      51     C        3          3.981605                              0.018395
      52     C        3          4.031942                             -0.031942
      53     C        3          3.977094                              0.022906
      54     C        3          4.034630                             -0.034630
      55     C        3          4.042075                             -0.042075
      56     C        3          4.012247                             -0.012247
      57     C        3          4.005709                             -0.005709
      58     C        3          4.041439                             -0.041439
      59     C        3          4.032127                             -0.032127
      60     C        3          4.046508                             -0.046508
      61     C        3          4.041644                             -0.041644
      62     C        3          4.036161                             -0.036161
      63     C        3          4.025070                             -0.025070
      64     C        3          4.065921                             -0.065921
      65     C        3          4.048309                             -0.048309
      66     C        3          4.026235                             -0.026235
      67     C        3          3.776438                              0.223562
      68     C        3          3.776983                              0.223017
      69     C        3          3.786086                              0.213914
      70     C        3          3.800246                              0.199754
      71     C        3          3.809799                              0.190201
      72     C        3          3.787984                              0.212016
      73     C        3          4.009913                             -0.009913
      74     C        3          4.037138                             -0.037138
      75     C        3          4.042470                             -0.042470
      76     C        3          4.010891                             -0.010891
      77     C        3          4.033058                             -0.033058
      78     C        3          4.024211                             -0.024211
      79     C        3          4.021272                             -0.021272
      80     C        3          4.046296                             -0.046296
      81     C        3          4.048416                             -0.048416
      82     C        3          4.000423                             -0.000423
      83     C        3          4.017623                             -0.017623
      84     C        3          4.036740                             -0.036740
      85     C        3          3.978148                              0.021852
      86     C        3          4.021276                             -0.021276
      87     C        3          4.020354                             -0.020354
      88     C        3          3.997964                              0.002036
      89     N        4          5.012580                             -0.012580
      90     N        4          5.064731                             -0.064731
      91     N        4          5.035090                             -0.035090
      92     N        4          5.035785                             -0.035785
      93     O        5          6.356937                             -0.356937
      94     O        5          6.313418                             -0.313418
      95     O        5          6.321388                             -0.321388
      96     O        5          6.287327                             -0.287327
      97     O        5          6.318906                             -0.318906
      98     O        5          6.328672                             -0.328672
      99     O        5          6.291853                             -0.291853
     100     O        5          6.279634                             -0.279634
     101     O        5          6.457934                             -0.457934
     102     O        5          6.502246                             -0.502246
     103     O        5          6.502228                             -0.502228
     104     O        5          6.456521                             -0.456521
     105     O        5          6.460214                             -0.460214
     106     O        5          6.513452                             -0.513452
     107     O        5          6.507689                             -0.507689
     108     O        5          6.456871                             -0.456871
     109     O        5          6.362894                             -0.362894
     110     O        5          6.355015                             -0.355015
     111     O        5          6.333667                             -0.333667
     112     O        5          6.337856                             -0.337856
     113     O        5          6.406420                             -0.406420
     114     O        5          6.300360                             -0.300360
     115     O        5          6.357240                             -0.357240
     116     O        5          6.353375                             -0.353375
     117     O        5          6.304459                             -0.304459
     118     O        5          6.323339                             -0.323339
     119     O        5          6.302072                             -0.302072
     120     O        5          6.379086                             -0.379086
     121     O        5          6.540688                             -0.540688
     122     O        5          6.535561                             -0.535561
     123     O        5          6.510739                             -0.510739
     124     O        5          6.503987                             -0.503987
     125     N        4          4.869446                              0.130554
     126     N        4          4.833457                              0.166543
     127     C        3          3.910801                              0.089199
     128     C        3          3.978109                              0.021891
     129     C        3          4.168702                             -0.168702
     130     H        2          0.926584                              0.073416
     131     H        2          0.932334                              0.067666
     132     H        2          0.911360                              0.088640
     133     H        2          0.910791                              0.089209
     134     H        2          0.907448                              0.092552
     135     C        3          3.978710                              0.021290
     136     C        3          4.129822                             -0.129822
     137     H        2          0.916107                              0.083893
     138     H        2          0.909858                              0.090142
     139     H        2          0.916851                              0.083149
     140     C        3          4.260534                             -0.260534
     141     H        2          0.916656                              0.083344
     142     H        2          0.929744                              0.070256
     143     H        2          0.907614                              0.092386
     144     C        3          4.104094                             -0.104094
     145     C        3          4.154492                             -0.154492
     146     H        2          0.908117                              0.091883
     147     H        2          0.911489                              0.088511
     148     H        2          0.915211                              0.084789
     149     H        2          0.939681                              0.060319
     150     F        6          6.985091                              0.014909
     151     F        6          6.925424                              0.074576
     152     F        6          7.209916                             -0.209916
     153     F        6          6.990747                              0.009253
     154     O        5          6.453758                             -0.453758
     155     C        3          3.849022                              0.150978
     156     F        6          7.057882                             -0.057882
     157     C        3          3.803248                              0.196752
     158     F        6          7.186438                             -0.186438
     159     S        7          6.395958                             -0.395958
     160     S        7          6.329388                             -0.329388
     161     O        5          5.844478                              0.155522
     162     O        5          5.699611                              0.300389
     163     O        5          6.166197                             -0.166197
     164     N        4          4.982458                              0.017542
 # Total charge                            674.000000                  0.000000

 !-----------------------------------------------------------------------------!

 !-----------------------------------------------------------------------------!
                           Hirshfeld Charges

  #Atom  Element  Kind  Ref Charge     Population                    Net charge
      1       Ti     1      12.000         13.350                        -1.350
      2       Ti     1      12.000         13.377                        -1.377
      3       Ti     1      12.000         13.175                        -1.175
      4       Ti     1      12.000         13.182                        -1.182
      5       Ti     1      12.000         13.427                        -1.427
      6       Ti     1      12.000         13.413                        -1.413
      7       Ti     1      12.000         13.190                        -1.190
      8       Ti     1      12.000         13.233                        -1.233
      9       H      2       1.000          0.547                         0.453
     10       H      2       1.000          0.543                         0.457
     11       H      2       1.000          0.550                         0.450
     12       H      2       1.000          0.539                         0.461
     13       H      2       1.000          0.546                         0.454
     14       H      2       1.000          0.543                         0.457
     15       H      2       1.000          0.541                         0.459
     16       H      2       1.000          0.541                         0.459
     17       H      2       1.000          0.545                         0.455
     18       H      2       1.000          0.544                         0.456
     19       H      2       1.000          0.543                         0.457
     20       H      2       1.000          0.546                         0.454
     21       H      2       1.000          0.419                         0.581
     22       H      2       1.000          0.419                         0.581
     23       H      2       1.000          0.543                         0.457
     24       H      2       1.000          0.543                         0.457
     25       H      2       1.000          0.546                         0.454
     26       H      2       1.000          0.544                         0.456
     27       H      2       1.000          0.537                         0.463
     28       H      2       1.000          0.545                         0.455
     29       H      2       1.000          0.462                         0.538
     30       H      2       1.000          0.489                         0.511
     31       H      2       1.000          0.418                         0.582
     32       H      2       1.000          0.419                         0.581
     33       H      2       1.000          0.481                         0.519
     34       H      2       1.000          0.465                         0.535
     35       H      2       1.000          0.476                         0.524
     36       H      2       1.000          0.463                         0.537
     37       H      2       1.000          0.476                         0.524
     38       H      2       1.000          0.462                         0.538
     39       H      2       1.000          0.545                         0.455
     40       H      2       1.000          0.542                         0.458
     41       H      2       1.000          0.547                         0.453
     42       H      2       1.000          0.545                         0.455
     43       C      3       4.000          3.470                         0.530
     44       C      3       4.000          3.456                         0.544
     45       C      3       4.000          3.473                         0.527
     46       C      3       4.000          3.459                         0.541
     47       C      3       4.000          4.026                        -0.026
     48       C      3       4.000          3.984                         0.016
     49       C      3       4.000          4.026                        -0.026
     50       C      3       4.000          3.987                         0.013
     51       C      3       4.000          3.860                         0.140
     52       C      3       4.000          4.411                        -0.411
     53       C      3       4.000          3.859                         0.141
     54       C      3       4.000          4.413                        -0.413
     55       C      3       4.000          4.407                        -0.407
     56       C      3       4.000          4.381                        -0.381
     57       C      3       4.000          4.372                        -0.372
     58       C      3       4.000          4.416                        -0.416
     59       C      3       4.000          3.998                         0.002
     60       C      3       4.000          4.356                        -0.356
     61       C      3       4.000          4.336                        -0.336
     62       C      3       4.000          3.997                         0.003
     63       C      3       4.000          3.990                         0.010
     64       C      3       4.000          4.039                        -0.039
     65       C      3       4.000          4.026                        -0.026
     66       C      3       4.000          3.993                         0.007
     67       C      3       4.000          3.462                         0.538
     68       C      3       4.000          3.462                         0.538
     69       C      3       4.000          3.482                         0.518
     70       C      3       4.000          3.540                         0.460
     71       C      3       4.000          3.554                         0.446
     72       C      3       4.000          3.484                         0.516
     73       C      3       4.000          4.371                        -0.371
     74       C      3       4.000          4.412                        -0.412
     75       C      3       4.000          4.404                        -0.404
     76       C      3       4.000          4.364                        -0.364
     77       C      3       4.000          4.404                        -0.404
     78       C      3       4.000          4.388                        -0.388
     79       C      3       4.000          4.380                        -0.380
     80       C      3       4.000          4.431                        -0.431
     81       C      3       4.000          4.372                        -0.372
     82       C      3       4.000          4.367                        -0.367
     83       C      3       4.000          4.382                        -0.382
     84       C      3       4.000          4.389                        -0.389
     85       C      3       4.000          3.873                         0.127
     86       C      3       4.000          4.393                        -0.393
     87       C      3       4.000          4.411                        -0.411
     88       C      3       4.000          3.880                         0.120
     89       N      4       5.000          5.900                        -0.900
     90       N      4       5.000          5.947                        -0.947
     91       N      4       5.000          5.915                        -0.915
     92       N      4       5.000          5.907                        -0.907
     93       O      5       6.000          6.169                        -0.169
     94       O      5       6.000          6.114                        -0.114
     95       O      5       6.000          6.166                        -0.166
     96       O      5       6.000          6.127                        -0.127
     97       O      5       6.000          6.119                        -0.119
     98       O      5       6.000          6.121                        -0.121
     99       O      5       6.000          6.105                        -0.105
    100       O      5       6.000          6.107                        -0.107
    101       O      5       6.000          5.708                         0.292
    102       O      5       6.000          5.728                         0.272
    103       O      5       6.000          5.732                         0.268
    104       O      5       6.000          5.700                         0.300
    105       O      5       6.000          5.685                         0.315
    106       O      5       6.000          5.763                         0.237
    107       O      5       6.000          5.755                         0.245
    108       O      5       6.000          5.686                         0.314
    109       O      5       6.000          6.127                        -0.127
    110       O      5       6.000          6.111                        -0.111
    111       O      5       6.000          6.123                        -0.123
    112       O      5       6.000          6.085                        -0.085
    113       O      5       6.000          6.117                        -0.117
    114       O      5       6.000          6.076                        -0.076
    115       O      5       6.000          6.113                        -0.113
    116       O      5       6.000          6.116                        -0.116
    117       O      5       6.000          6.028                        -0.028
    118       O      5       6.000          6.104                        -0.104
    119       O      5       6.000          6.076                        -0.076
    120       O      5       6.000          6.058                        -0.058
    121       O      5       6.000          5.990                         0.010
    122       O      5       6.000          5.990                         0.010
    123       O      5       6.000          6.054                        -0.054
    124       O      5       6.000          6.033                        -0.033
    125       N      4       5.000          5.156                        -0.156
    126       N      4       5.000          5.136                        -0.136
    127       C      3       4.000          4.180                        -0.180
    128       C      3       4.000          4.267                        -0.267
    129       C      3       4.000          4.952                        -0.952
    130       H      2       1.000          0.525                         0.475
    131       H      2       1.000          0.527                         0.473
    132       H      2       1.000          0.543                         0.457
    133       H      2       1.000          0.536                         0.464
    134       H      2       1.000          0.543                         0.457
    135       C      3       4.000          4.284                        -0.284
    136       C      3       4.000          4.780                        -0.780
    137       H      2       1.000          0.556                         0.444
    138       H      2       1.000          0.551                         0.449
    139       H      2       1.000          0.566                         0.434
    140       C      3       4.000          5.283                        -1.283
    141       H      2       1.000          0.556                         0.444
    142       H      2       1.000          0.565                         0.435
    143       H      2       1.000          0.552                         0.448
    144       C      3       4.000          4.558                        -0.558
    145       C      3       4.000          4.779                        -0.779
    146       H      2       1.000          0.546                         0.454
    147       H      2       1.000          0.554                         0.446
    148       H      2       1.000          0.560                         0.440
    149       H      2       1.000          0.528                         0.472
    150       F      6       7.000          7.218                        -0.218
    151       F      6       7.000          7.189                        -0.189
    152       F      6       7.000          7.375                        -0.375
    153       F      6       7.000          7.223                        -0.223
    154       O      5       6.000          6.486                        -0.486
    155       C      3       4.000          3.229                         0.771
    156       F      6       7.000          7.279                        -0.279
    157       C      3       4.000          3.216                         0.784
    158       F      6       7.000          7.348                        -0.348
    159       S      7       6.000          5.513                         0.487
    160       S      7       6.000          5.420                         0.580
    161       O      5       6.000          6.445                        -0.445
    162       O      5       6.000          6.381                        -0.381
    163       O      5       6.000          6.440                        -0.440
    164       N      4       5.000          5.249                        -0.249

  Total Charge                                                            0.050
 !-----------------------------------------------------------------------------!

 ENERGY| Total FORCE_EVAL ( QS ) energy [hartree]          -1625.760845723126977

 *******************************************************************************
 **                 BAND EVALUATION OF ENERGIES AND FORCES                    **
 *******************************************************************************
 **                                                                           **
 **                                                                           **
 ** Replica Env Nr. :    1              Replica Band Nr. :    9               **
 ** Band  Step  Nr. :    1                                                    **
 *******************************************************************************

 Number of electrons:                                                        674
 Number of occupied orbitals:                                                366
 Number of molecular orbitals:                                               437

 Number of orbital functions:                                               1844
 Number of independent orbital functions:                                   1844

 Parameters for the always stable predictor-corrector (ASPC) method:

  ASPC order: 1

  B(1) =   2.500000
  B(2) =  -2.000000
  B(3) =   0.500000

 *** WARNING in fm/cp_fm_elpa.F:521 :: Setting real_kernel for ELPA failed ***


 Extrapolation method: ASPC


 SCF WAVEFUNCTION OPTIMIZATION

  Step     Update method      Time    Convergence         Total energy    Change
  ------------------------------------------------------------------------------

 *** WARNING in fm/cp_fm_elpa.F:521 :: Setting real_kernel for ELPA failed ***

     1 Broy./Diag. 0.15E+00    8.4     0.00056258     -1625.7609790283 -1.63E+03

 *** WARNING in fm/cp_fm_elpa.F:521 :: Setting real_kernel for ELPA failed ***

     2 Broy./Diag. 0.15E+00   12.3     0.00047629     -1625.7572477926  3.73E-03

 *** WARNING in fm/cp_fm_elpa.F:521 :: Setting real_kernel for ELPA failed ***

     3 Broy./Diag. 0.15E+00   12.3     0.00022281     -1625.7589433317 -1.70E-03

 *** WARNING in fm/cp_fm_elpa.F:521 :: Setting real_kernel for ELPA failed ***

     4 Broy./Diag. 0.15E+00   12.3     0.00010934     -1625.7600763196 -1.13E-03

 *** WARNING in fm/cp_fm_elpa.F:521 :: Setting real_kernel for ELPA failed ***

     5 Broy./Diag. 0.15E+00   12.6     0.00002602     -1625.7614528165 -1.38E-03

  *** SCF run converged in     5 steps ***


  Electronic density on regular grids:       -673.9999999303        0.0000000697
  Core density on regular grids:              673.9999999671       -0.0000000329
  Total charge density on r-space grids:        0.0000000368
  Total charge density g-space grids:           0.0000000368

  Overlap energy of the core charge distribution:               0.00053078203658
  Self energy of the core charge distribution:              -3774.19779000501012
  Core Hamiltonian energy:                                   1084.74668012117218
  Hartree energy:                                            1417.01513939516758
  Exchange-correlation energy:                               -353.09504883152732
  Dispersion energy:                                           -0.22499238828538
  Electronic entropic energy:                                  -0.00597029337836
  Fermi energy:                                                -0.00698135911297

  Total energy:                                             -1625.76145281649565

 !-----------------------------------------------------------------------------!
                     Mulliken Population Analysis

 #  Atom  Element  Kind  Atomic population                           Net charge
       1     Ti       1         10.948980                              1.051020
       2     Ti       1         10.964171                              1.035829
       3     Ti       1         10.929120                              1.070880
       4     Ti       1         10.936600                              1.063400
       5     Ti       1         10.982129                              1.017871
       6     Ti       1         10.965227                              1.034773
       7     Ti       1         10.942711                              1.057289
       8     Ti       1         10.950659                              1.049341
       9     H        2          0.933164                              0.066836
      10     H        2          0.925188                              0.074812
      11     H        2          0.936295                              0.063705
      12     H        2          0.925007                              0.074993
      13     H        2          0.931975                              0.068025
      14     H        2          0.934381                              0.065619
      15     H        2          0.926272                              0.073728
      16     H        2          0.930787                              0.069213
      17     H        2          0.928390                              0.071610
      18     H        2          0.927212                              0.072788
      19     H        2          0.929488                              0.070512
      20     H        2          0.924921                              0.075079
      21     H        2          0.827526                              0.172474
      22     H        2          0.827863                              0.172137
      23     H        2          0.923953                              0.076047
      24     H        2          0.927546                              0.072454
      25     H        2          0.932362                              0.067638
      26     H        2          0.922737                              0.077263
      27     H        2          0.921974                              0.078026
      28     H        2          0.927893                              0.072107
      29     H        2          0.889080                              0.110920
      30     H        2          0.900194                              0.099806
      31     H        2          0.836013                              0.163987
      32     H        2          0.837349                              0.162651
      33     H        2          0.879475                              0.120525
      34     H        2          0.887335                              0.112665
      35     H        2          0.891344                              0.108656
      36     H        2          0.887849                              0.112151
      37     H        2          0.880521                              0.119479
      38     H        2          0.887966                              0.112034
      39     H        2          0.940458                              0.059542
      40     H        2          0.923034                              0.076966
      41     H        2          0.944271                              0.055729
      42     H        2          0.908527                              0.091473
      43     C        3          3.771773                              0.228227
      44     C        3          3.769662                              0.230338
      45     C        3          3.773896                              0.226104
      46     C        3          3.768165                              0.231835
      47     C        3          4.057242                             -0.057242
      48     C        3          4.026048                             -0.026048
      49     C        3          4.056139                             -0.056139
      50     C        3          4.028796                             -0.028796
      51     C        3          3.981602                              0.018398
      52     C        3          4.031934                             -0.031934
      53     C        3          3.977093                              0.022907
      54     C        3          4.034633                             -0.034633
      55     C        3          4.042068                             -0.042068
      56     C        3          4.012247                             -0.012247
      57     C        3          4.005705                             -0.005705
      58     C        3          4.041442                             -0.041442
      59     C        3          4.032129                             -0.032129
      60     C        3          4.046504                             -0.046504
      61     C        3          4.041638                             -0.041638
      62     C        3          4.036167                             -0.036167
      63     C        3          4.025061                             -0.025061
      64     C        3          4.065928                             -0.065928
      65     C        3          4.048307                             -0.048307
      66     C        3          4.026243                             -0.026243
      67     C        3          3.776438                              0.223562
      68     C        3          3.776985                              0.223015
      69     C        3          3.786087                              0.213913
      70     C        3          3.800242                              0.199758
      71     C        3          3.809793                              0.190207
      72     C        3          3.787990                              0.212010
      73     C        3          4.009911                             -0.009911
      74     C        3          4.037141                             -0.037141
      75     C        3          4.042470                             -0.042470
      76     C        3          4.010893                             -0.010893
      77     C        3          4.033060                             -0.033060
      78     C        3          4.024218                             -0.024218
      79     C        3          4.021274                             -0.021274
      80     C        3          4.046301                             -0.046301
      81     C        3          4.048420                             -0.048420
      82     C        3          4.000419                             -0.000419
      83     C        3          4.017627                             -0.017627
      84     C        3          4.036740                             -0.036740
      85     C        3          3.978150                              0.021850
      86     C        3          4.021276                             -0.021276
      87     C        3          4.020362                             -0.020362
      88     C        3          3.997968                              0.002032
      89     N        4          5.012570                             -0.012570
      90     N        4          5.064733                             -0.064733
      91     N        4          5.035098                             -0.035098
      92     N        4          5.035770                             -0.035770
      93     O        5          6.356934                             -0.356934
      94     O        5          6.313399                             -0.313399
      95     O        5          6.321380                             -0.321380
      96     O        5          6.287319                             -0.287319
      97     O        5          6.318893                             -0.318893
      98     O        5          6.328669                             -0.328669
      99     O        5          6.291843                             -0.291843
     100     O        5          6.279620                             -0.279620
     101     O        5          6.457944                             -0.457944
     102     O        5          6.502254                             -0.502254
     103     O        5          6.502245                             -0.502245
     104     O        5          6.456521                             -0.456521
     105     O        5          6.460225                             -0.460225
     106     O        5          6.513461                             -0.513461
     107     O        5          6.507704                             -0.507704
     108     O        5          6.456875                             -0.456875
     109     O        5          6.362896                             -0.362896
     110     O        5          6.355009                             -0.355009
     111     O        5          6.333656                             -0.333656
     112     O        5          6.337852                             -0.337852
     113     O        5          6.406418                             -0.406418
     114     O        5          6.300356                             -0.300356
     115     O        5          6.357241                             -0.357241
     116     O        5          6.353374                             -0.353374
     117     O        5          6.304457                             -0.304457
     118     O        5          6.323333                             -0.323333
     119     O        5          6.302061                             -0.302061
     120     O        5          6.379082                             -0.379082
     121     O        5          6.540710                             -0.540710
     122     O        5          6.535582                             -0.535582
     123     O        5          6.510768                             -0.510768
     124     O        5          6.504013                             -0.504013
     125     N        4          4.869449                              0.130551
     126     N        4          4.833451                              0.166549
     127     C        3          3.910806                              0.089194
     128     C        3          3.978113                              0.021887
     129     C        3          4.168700                             -0.168700
     130     H        2          0.926594                              0.073406
     131     H        2          0.932328                              0.067672
     132     H        2          0.911353                              0.088647
     133     H        2          0.910792                              0.089208
     134     H        2          0.907444                              0.092556
     135     C        3          3.978713                              0.021287
     136     C        3          4.129825                             -0.129825
     137     H        2          0.916120                              0.083880
     138     H        2          0.909859                              0.090141
     139     H        2          0.916853                              0.083147
     140     C        3          4.260535                             -0.260535
     141     H        2          0.916654                              0.083346
     142     H        2          0.929737                              0.070263
     143     H        2          0.907609                              0.092391
     144     C        3          4.104091                             -0.104091
     145     C        3          4.154488                             -0.154488
     146     H        2          0.908129                              0.091871
     147     H        2          0.911492                              0.088508
     148     H        2          0.915215                              0.084785
     149     H        2          0.939681                              0.060319
     150     F        6          6.985096                              0.014904
     151     F        6          6.925434                              0.074566
     152     F        6          7.209912                             -0.209912
     153     F        6          6.990750                              0.009250
     154     O        5          6.453721                             -0.453721
     155     C        3          3.849027                              0.150973
     156     F        6          7.057878                             -0.057878
     157     C        3          3.803251                              0.196749
     158     F        6          7.186433                             -0.186433
     159     S        7          6.395910                             -0.395910
     160     S        7          6.329330                             -0.329330
     161     O        5          5.844523                              0.155477
     162     O        5          5.699683                              0.300317
     163     O        5          6.166186                             -0.166186
     164     N        4          4.982439                              0.017561
 # Total charge                            674.000000                  0.000000

 !-----------------------------------------------------------------------------!

 !-----------------------------------------------------------------------------!
                           Hirshfeld Charges

  #Atom  Element  Kind  Ref Charge     Population                    Net charge
      1       Ti     1      12.000         13.350                        -1.350
      2       Ti     1      12.000         13.377                        -1.377
      3       Ti     1      12.000         13.175                        -1.175
      4       Ti     1      12.000         13.182                        -1.182
      5       Ti     1      12.000         13.427                        -1.427
      6       Ti     1      12.000         13.413                        -1.413
      7       Ti     1      12.000         13.190                        -1.190
      8       Ti     1      12.000         13.233                        -1.233
      9       H      2       1.000          0.547                         0.453
     10       H      2       1.000          0.543                         0.457
     11       H      2       1.000          0.550                         0.450
     12       H      2       1.000          0.539                         0.461
     13       H      2       1.000          0.546                         0.454
     14       H      2       1.000          0.543                         0.457
     15       H      2       1.000          0.541                         0.459
     16       H      2       1.000          0.541                         0.459
     17       H      2       1.000          0.545                         0.455
     18       H      2       1.000          0.544                         0.456
     19       H      2       1.000          0.543                         0.457
     20       H      2       1.000          0.546                         0.454
     21       H      2       1.000          0.419                         0.581
     22       H      2       1.000          0.419                         0.581
     23       H      2       1.000          0.543                         0.457
     24       H      2       1.000          0.543                         0.457
     25       H      2       1.000          0.546                         0.454
     26       H      2       1.000          0.544                         0.456
     27       H      2       1.000          0.537                         0.463
     28       H      2       1.000          0.545                         0.455
     29       H      2       1.000          0.462                         0.538
     30       H      2       1.000          0.489                         0.511
     31       H      2       1.000          0.418                         0.582
     32       H      2       1.000          0.419                         0.581
     33       H      2       1.000          0.481                         0.519
     34       H      2       1.000          0.465                         0.535
     35       H      2       1.000          0.476                         0.524
     36       H      2       1.000          0.463                         0.537
     37       H      2       1.000          0.476                         0.524
     38       H      2       1.000          0.462                         0.538
     39       H      2       1.000          0.545                         0.455
     40       H      2       1.000          0.542                         0.458
     41       H      2       1.000          0.547                         0.453
     42       H      2       1.000          0.545                         0.455
     43       C      3       4.000          3.470                         0.530
     44       C      3       4.000          3.456                         0.544
     45       C      3       4.000          3.473                         0.527
     46       C      3       4.000          3.459                         0.541
     47       C      3       4.000          4.026                        -0.026
     48       C      3       4.000          3.984                         0.016
     49       C      3       4.000          4.026                        -0.026
     50       C      3       4.000          3.987                         0.013
     51       C      3       4.000          3.860                         0.140
     52       C      3       4.000          4.411                        -0.411
     53       C      3       4.000          3.859                         0.141
     54       C      3       4.000          4.413                        -0.413
     55       C      3       4.000          4.407                        -0.407
     56       C      3       4.000          4.381                        -0.381
     57       C      3       4.000          4.372                        -0.372
     58       C      3       4.000          4.416                        -0.416
     59       C      3       4.000          3.998                         0.002
     60       C      3       4.000          4.356                        -0.356
     61       C      3       4.000          4.336                        -0.336
     62       C      3       4.000          3.997                         0.003
     63       C      3       4.000          3.990                         0.010
     64       C      3       4.000          4.039                        -0.039
     65       C      3       4.000          4.026                        -0.026
     66       C      3       4.000          3.993                         0.007
     67       C      3       4.000          3.462                         0.538
     68       C      3       4.000          3.462                         0.538
     69       C      3       4.000          3.482                         0.518
     70       C      3       4.000          3.540                         0.460
     71       C      3       4.000          3.554                         0.446
     72       C      3       4.000          3.484                         0.516
     73       C      3       4.000          4.371                        -0.371
     74       C      3       4.000          4.412                        -0.412
     75       C      3       4.000          4.404                        -0.404
     76       C      3       4.000          4.364                        -0.364
     77       C      3       4.000          4.404                        -0.404
     78       C      3       4.000          4.388                        -0.388
     79       C      3       4.000          4.380                        -0.380
     80       C      3       4.000          4.431                        -0.431
     81       C      3       4.000          4.372                        -0.372
     82       C      3       4.000          4.367                        -0.367
     83       C      3       4.000          4.382                        -0.382
     84       C      3       4.000          4.389                        -0.389
     85       C      3       4.000          3.873                         0.127
     86       C      3       4.000          4.393                        -0.393
     87       C      3       4.000          4.411                        -0.411
     88       C      3       4.000          3.880                         0.120
     89       N      4       5.000          5.900                        -0.900
     90       N      4       5.000          5.947                        -0.947
     91       N      4       5.000          5.915                        -0.915
     92       N      4       5.000          5.907                        -0.907
     93       O      5       6.000          6.169                        -0.169
     94       O      5       6.000          6.114                        -0.114
     95       O      5       6.000          6.166                        -0.166
     96       O      5       6.000          6.127                        -0.127
     97       O      5       6.000          6.119                        -0.119
     98       O      5       6.000          6.121                        -0.121
     99       O      5       6.000          6.105                        -0.105
    100       O      5       6.000          6.107                        -0.107
    101       O      5       6.000          5.708                         0.292
    102       O      5       6.000          5.728                         0.272
    103       O      5       6.000          5.732                         0.268
    104       O      5       6.000          5.700                         0.300
    105       O      5       6.000          5.685                         0.315
    106       O      5       6.000          5.763                         0.237
    107       O      5       6.000          5.755                         0.245
    108       O      5       6.000          5.686                         0.314
    109       O      5       6.000          6.127                        -0.127
    110       O      5       6.000          6.111                        -0.111
    111       O      5       6.000          6.123                        -0.123
    112       O      5       6.000          6.085                        -0.085
    113       O      5       6.000          6.117                        -0.117
    114       O      5       6.000          6.076                        -0.076
    115       O      5       6.000          6.113                        -0.113
    116       O      5       6.000          6.116                        -0.116
    117       O      5       6.000          6.028                        -0.028
    118       O      5       6.000          6.104                        -0.104
    119       O      5       6.000          6.076                        -0.076
    120       O      5       6.000          6.058                        -0.058
    121       O      5       6.000          5.991                         0.009
    122       O      5       6.000          5.990                         0.010
    123       O      5       6.000          6.054                        -0.054
    124       O      5       6.000          6.033                        -0.033
    125       N      4       5.000          5.156                        -0.156
    126       N      4       5.000          5.136                        -0.136
    127       C      3       4.000          4.180                        -0.180
    128       C      3       4.000          4.267                        -0.267
    129       C      3       4.000          4.952                        -0.952
    130       H      2       1.000          0.525                         0.475
    131       H      2       1.000          0.527                         0.473
    132       H      2       1.000          0.543                         0.457
    133       H      2       1.000          0.536                         0.464
    134       H      2       1.000          0.543                         0.457
    135       C      3       4.000          4.284                        -0.284
    136       C      3       4.000          4.781                        -0.781
    137       H      2       1.000          0.556                         0.444
    138       H      2       1.000          0.551                         0.449
    139       H      2       1.000          0.566                         0.434
    140       C      3       4.000          5.283                        -1.283
    141       H      2       1.000          0.556                         0.444
    142       H      2       1.000          0.565                         0.435
    143       H      2       1.000          0.552                         0.448
    144       C      3       4.000          4.558                        -0.558
    145       C      3       4.000          4.779                        -0.779
    146       H      2       1.000          0.546                         0.454
    147       H      2       1.000          0.554                         0.446
    148       H      2       1.000          0.560                         0.440
    149       H      2       1.000          0.528                         0.472
    150       F      6       7.000          7.218                        -0.218
    151       F      6       7.000          7.189                        -0.189
    152       F      6       7.000          7.375                        -0.375
    153       F      6       7.000          7.223                        -0.223
    154       O      5       6.000          6.486                        -0.486
    155       C      3       4.000          3.229                         0.771
    156       F      6       7.000          7.279                        -0.279
    157       C      3       4.000          3.216                         0.784
    158       F      6       7.000          7.348                        -0.348
    159       S      7       6.000          5.513                         0.487
    160       S      7       6.000          5.420                         0.580
    161       O      5       6.000          6.445                        -0.445
    162       O      5       6.000          6.381                        -0.381
    163       O      5       6.000          6.440                        -0.440
    164       N      4       5.000          5.249                        -0.249

  Total Charge                                                            0.050
 !-----------------------------------------------------------------------------!

 ENERGY| Total FORCE_EVAL ( QS ) energy [hartree]          -1625.760979292733509

 *******************************************************************************
 **                 BAND EVALUATION OF ENERGIES AND FORCES                    **
 *******************************************************************************
 **                                                                           **
 **                                                                           **
 ** Replica Env Nr. :    1              Replica Band Nr. :    9               **
 ** Band  Step  Nr. :    0                                                    **
 *******************************************************************************

 Number of electrons:                                                        674
 Number of occupied orbitals:                                                366
 Number of molecular orbitals:                                               437

 Number of orbital functions:                                               1844
 Number of independent orbital functions:                                   1844

 Parameters for the always stable predictor-corrector (ASPC) method:

  ASPC order: 0

  B(1) =   1.000000

 *** WARNING in fm/cp_fm_elpa.F:521 :: Setting real_kernel for ELPA failed ***


 Extrapolation method: ASPC


 SCF WAVEFUNCTION OPTIMIZATION

  Step     Update method      Time    Convergence         Total energy    Change
  ------------------------------------------------------------------------------

 *** WARNING in fm/cp_fm_elpa.F:521 :: Setting real_kernel for ELPA failed ***

     1 Broy./Diag. 0.15E+00    8.7     0.00059911     -1625.7608456827 -1.63E+03

 *** WARNING in fm/cp_fm_elpa.F:521 :: Setting real_kernel for ELPA failed ***

     2 Broy./Diag. 0.15E+00   12.0     0.00057063     -1625.7647552273 -3.91E-03

 *** WARNING in fm/cp_fm_elpa.F:521 :: Setting real_kernel for ELPA failed ***

     3 Broy./Diag. 0.15E+00   12.3     0.00024569     -1625.7630086615  1.75E-03

 *** WARNING in fm/cp_fm_elpa.F:521 :: Setting real_kernel for ELPA failed ***

     4 Broy./Diag. 0.15E+00   12.4     0.00007063     -1625.7619312142  1.08E-03

 *** WARNING in fm/cp_fm_elpa.F:521 :: Setting real_kernel for ELPA failed ***

     5 Broy./Diag. 0.15E+00   12.5     0.00001612     -1625.7608500148  1.08E-03

  *** SCF run converged in     5 steps ***


  Electronic density on regular grids:       -673.9999999303        0.0000000697
  Core density on regular grids:              673.9999999671       -0.0000000329
  Total charge density on r-space grids:        0.0000000368
  Total charge density g-space grids:           0.0000000368

  Overlap energy of the core charge distribution:               0.00053095058775
  Self energy of the core charge distribution:              -3774.19779000501012
  Core Hamiltonian energy:                                   1084.74639986094894
  Hartree energy:                                            1417.01602383004774
  Exchange-correlation energy:                               -353.09505764606831
  Dispersion energy:                                           -0.22499236743286
  Electronic entropic energy:                                  -0.00596574016190
  Fermi energy:                                                -0.00697634042730

  Total energy:                                             -1625.76085001475144

 !-----------------------------------------------------------------------------!
                     Mulliken Population Analysis

 #  Atom  Element  Kind  Atomic population                           Net charge
       1     Ti       1         10.948986                              1.051014
       2     Ti       1         10.964112                              1.035888
       3     Ti       1         10.929087                              1.070913
       4     Ti       1         10.936572                              1.063428
       5     Ti       1         10.982125                              1.017875
       6     Ti       1         10.965166                              1.034834
       7     Ti       1         10.942700                              1.057300
       8     Ti       1         10.950607                              1.049393
       9     H        2          0.933155                              0.066845
      10     H        2          0.925187                              0.074813
      11     H        2          0.936312                              0.063688
      12     H        2          0.925034                              0.074966
      13     H        2          0.931999                              0.068001
      14     H        2          0.934403                              0.065597
      15     H        2          0.926268                              0.073732
      16     H        2          0.930813                              0.069187
      17     H        2          0.928400                              0.071600
      18     H        2          0.927212                              0.072788
      19     H        2          0.929510                              0.070490
      20     H        2          0.924953                              0.075047
      21     H        2          0.827497                              0.172503
      22     H        2          0.827821                              0.172179
      23     H        2          0.923945                              0.076055
      24     H        2          0.927563                              0.072437
      25     H        2          0.932376                              0.067624
      26     H        2          0.922756                              0.077244
      27     H        2          0.921999                              0.078001
      28     H        2          0.927898                              0.072102
      29     H        2          0.889089                              0.110911
      30     H        2          0.900220                              0.099780
      31     H        2          0.835966                              0.164034
      32     H        2          0.837304                              0.162696
      33     H        2          0.879497                              0.120503
      34     H        2          0.887332                              0.112668
      35     H        2          0.891344                              0.108656
      36     H        2          0.887828                              0.112172
      37     H        2          0.880549                              0.119451
      38     H        2          0.887976                              0.112024
      39     H        2          0.940434                              0.059566
      40     H        2          0.923058                              0.076942
      41     H        2          0.944238                              0.055762
      42     H        2          0.908508                              0.091492
      43     C        3          3.771761                              0.228239
      44     C        3          3.769680                              0.230320
      45     C        3          3.773892                              0.226108
      46     C        3          3.768171                              0.231829
      47     C        3          4.057263                             -0.057263
      48     C        3          4.026061                             -0.026061
      49     C        3          4.056153                             -0.056153
      50     C        3          4.028805                             -0.028805
      51     C        3          3.981617                              0.018383
      52     C        3          4.031967                             -0.031967
      53     C        3          3.977107                              0.022893
      54     C        3          4.034642                             -0.034642
      55     C        3          4.042090                             -0.042090
      56     C        3          4.012251                             -0.012251
      57     C        3          4.005728                             -0.005728
      58     C        3          4.041462                             -0.041462
      59     C        3          4.032126                             -0.032126
      60     C        3          4.046500                             -0.046500
      61     C        3          4.041635                             -0.041635
      62     C        3          4.036156                             -0.036156
      63     C        3          4.025078                             -0.025078
      64     C        3          4.065939                             -0.065939
      65     C        3          4.048310                             -0.048310
      66     C        3          4.026243                             -0.026243
      67     C        3          3.776416                              0.223584
      68     C        3          3.776973                              0.223027
      69     C        3          3.786079                              0.213921
      70     C        3          3.800227                              0.199773
      71     C        3          3.809810                              0.190190
      72     C        3          3.787989                              0.212011
      73     C        3          4.009923                             -0.009923
      74     C        3          4.037136                             -0.037136
      75     C        3          4.042479                             -0.042479
      76     C        3          4.010891                             -0.010891
      77     C        3          4.033081                             -0.033081
      78     C        3          4.024243                             -0.024243
      79     C        3          4.021281                             -0.021281
      80     C        3          4.046308                             -0.046308
      81     C        3          4.048405                             -0.048405
      82     C        3          4.000440                             -0.000440
      83     C        3          4.017621                             -0.017621
      84     C        3          4.036753                             -0.036753
      85     C        3          3.978160                              0.021840
      86     C        3          4.021283                             -0.021283
      87     C        3          4.020387                             -0.020387
      88     C        3          3.997978                              0.002022
      89     N        4          5.012600                             -0.012600
      90     N        4          5.064731                             -0.064731
      91     N        4          5.035079                             -0.035079
      92     N        4          5.035800                             -0.035800
      93     O        5          6.356919                             -0.356919
      94     O        5          6.313434                             -0.313434
      95     O        5          6.321390                             -0.321390
      96     O        5          6.287336                             -0.287336
      97     O        5          6.318909                             -0.318909
      98     O        5          6.328658                             -0.328658
      99     O        5          6.291854                             -0.291854
     100     O        5          6.279650                             -0.279650
     101     O        5          6.457901                             -0.457901
     102     O        5          6.502236                             -0.502236
     103     O        5          6.502187                             -0.502187
     104     O        5          6.456517                             -0.456517
     105     O        5          6.460188                             -0.460188
     106     O        5          6.513435                             -0.513435
     107     O        5          6.507657                             -0.507657
     108     O        5          6.456856                             -0.456856
     109     O        5          6.362878                             -0.362878
     110     O        5          6.355022                             -0.355022
     111     O        5          6.333677                             -0.333677
     112     O        5          6.337865                             -0.337865
     113     O        5          6.406412                             -0.406412
     114     O        5          6.300366                             -0.300366
     115     O        5          6.357230                             -0.357230
     116     O        5          6.353371                             -0.353371
     117     O        5          6.304447                             -0.304447
     118     O        5          6.323351                             -0.323351
     119     O        5          6.302079                             -0.302079
     120     O        5          6.379097                             -0.379097
     121     O        5          6.540652                             -0.540652
     122     O        5          6.535536                             -0.535536
     123     O        5          6.510705                             -0.510705
     124     O        5          6.503968                             -0.503968
     125     N        4          4.869441                              0.130559
     126     N        4          4.833448                              0.166552
     127     C        3          3.910783                              0.089217
     128     C        3          3.978116                              0.021884
     129     C        3          4.168714                             -0.168714
     130     H        2          0.926566                              0.073434
     131     H        2          0.932357                              0.067643
     132     H        2          0.911381                              0.088619
     133     H        2          0.910785                              0.089215
     134     H        2          0.907456                              0.092544
     135     C        3          3.978711                              0.021289
     136     C        3          4.129818                             -0.129818
     137     H        2          0.916094                              0.083906
     138     H        2          0.909857                              0.090143
     139     H        2          0.916850                              0.083150
     140     C        3          4.260542                             -0.260542
     141     H        2          0.916656                              0.083344
     142     H        2          0.929753                              0.070247
     143     H        2          0.907620                              0.092380
     144     C        3          4.104072                             -0.104072
     145     C        3          4.154491                             -0.154491
     146     H        2          0.908099                              0.091901
     147     H        2          0.911491                              0.088509
     148     H        2          0.915211                              0.084789
     149     H        2          0.939684                              0.060316
     150     F        6          6.985095                              0.014905
     151     F        6          6.925418                              0.074582
     152     F        6          7.209915                             -0.209915
     153     F        6          6.990749                              0.009251
     154     O        5          6.453790                             -0.453790
     155     C        3          3.849019                              0.150981
     156     F        6          7.057893                             -0.057893
     157     C        3          3.803256                              0.196744
     158     F        6          7.186434                             -0.186434
     159     S        7          6.395980                             -0.395980
     160     S        7          6.329399                             -0.329399
     161     O        5          5.844471                              0.155529
     162     O        5          5.699629                              0.300371
     163     O        5          6.166194                             -0.166194
     164     N        4          4.982467                              0.017533
 # Total charge                            674.000000                  0.000000

 !-----------------------------------------------------------------------------!

 !-----------------------------------------------------------------------------!
                           Hirshfeld Charges

  #Atom  Element  Kind  Ref Charge     Population                    Net charge
      1       Ti     1      12.000         13.350                        -1.350
      2       Ti     1      12.000         13.377                        -1.377
      3       Ti     1      12.000         13.175                        -1.175
      4       Ti     1      12.000         13.182                        -1.182
      5       Ti     1      12.000         13.427                        -1.427
      6       Ti     1      12.000         13.413                        -1.413
      7       Ti     1      12.000         13.190                        -1.190
      8       Ti     1      12.000         13.233                        -1.233
      9       H      2       1.000          0.547                         0.453
     10       H      2       1.000          0.543                         0.457
     11       H      2       1.000          0.550                         0.450
     12       H      2       1.000          0.539                         0.461
     13       H      2       1.000          0.546                         0.454
     14       H      2       1.000          0.543                         0.457
     15       H      2       1.000          0.541                         0.459
     16       H      2       1.000          0.541                         0.459
     17       H      2       1.000          0.545                         0.455
     18       H      2       1.000          0.544                         0.456
     19       H      2       1.000          0.543                         0.457
     20       H      2       1.000          0.546                         0.454
     21       H      2       1.000          0.419                         0.581
     22       H      2       1.000          0.419                         0.581
     23       H      2       1.000          0.543                         0.457
     24       H      2       1.000          0.543                         0.457
     25       H      2       1.000          0.546                         0.454
     26       H      2       1.000          0.544                         0.456
     27       H      2       1.000          0.537                         0.463
     28       H      2       1.000          0.545                         0.455
     29       H      2       1.000          0.462                         0.538
     30       H      2       1.000          0.489                         0.511
     31       H      2       1.000          0.418                         0.582
     32       H      2       1.000          0.419                         0.581
     33       H      2       1.000          0.481                         0.519
     34       H      2       1.000          0.465                         0.535
     35       H      2       1.000          0.476                         0.524
     36       H      2       1.000          0.463                         0.537
     37       H      2       1.000          0.476                         0.524
     38       H      2       1.000          0.462                         0.538
     39       H      2       1.000          0.545                         0.455
     40       H      2       1.000          0.542                         0.458
     41       H      2       1.000          0.547                         0.453
     42       H      2       1.000          0.545                         0.455
     43       C      3       4.000          3.470                         0.530
     44       C      3       4.000          3.456                         0.544
     45       C      3       4.000          3.473                         0.527
     46       C      3       4.000          3.459                         0.541
     47       C      3       4.000          4.026                        -0.026
     48       C      3       4.000          3.984                         0.016
     49       C      3       4.000          4.026                        -0.026
     50       C      3       4.000          3.987                         0.013
     51       C      3       4.000          3.860                         0.140
     52       C      3       4.000          4.411                        -0.411
     53       C      3       4.000          3.859                         0.141
     54       C      3       4.000          4.413                        -0.413
     55       C      3       4.000          4.407                        -0.407
     56       C      3       4.000          4.381                        -0.381
     57       C      3       4.000          4.372                        -0.372
     58       C      3       4.000          4.416                        -0.416
     59       C      3       4.000          3.998                         0.002
     60       C      3       4.000          4.356                        -0.356
     61       C      3       4.000          4.336                        -0.336
     62       C      3       4.000          3.997                         0.003
     63       C      3       4.000          3.990                         0.010
     64       C      3       4.000          4.039                        -0.039
     65       C      3       4.000          4.026                        -0.026
     66       C      3       4.000          3.993                         0.007
     67       C      3       4.000          3.462                         0.538
     68       C      3       4.000          3.462                         0.538
     69       C      3       4.000          3.482                         0.518
     70       C      3       4.000          3.540                         0.460
     71       C      3       4.000          3.554                         0.446
     72       C      3       4.000          3.484                         0.516
     73       C      3       4.000          4.371                        -0.371
     74       C      3       4.000          4.412                        -0.412
     75       C      3       4.000          4.404                        -0.404
     76       C      3       4.000          4.364                        -0.364
     77       C      3       4.000          4.404                        -0.404
     78       C      3       4.000          4.388                        -0.388
     79       C      3       4.000          4.380                        -0.380
     80       C      3       4.000          4.431                        -0.431
     81       C      3       4.000          4.372                        -0.372
     82       C      3       4.000          4.367                        -0.367
     83       C      3       4.000          4.382                        -0.382
     84       C      3       4.000          4.389                        -0.389
     85       C      3       4.000          3.873                         0.127
     86       C      3       4.000          4.393                        -0.393
     87       C      3       4.000          4.411                        -0.411
     88       C      3       4.000          3.880                         0.120
     89       N      4       5.000          5.900                        -0.900
     90       N      4       5.000          5.947                        -0.947
     91       N      4       5.000          5.915                        -0.915
     92       N      4       5.000          5.907                        -0.907
     93       O      5       6.000          6.169                        -0.169
     94       O      5       6.000          6.114                        -0.114
     95       O      5       6.000          6.166                        -0.166
     96       O      5       6.000          6.127                        -0.127
     97       O      5       6.000          6.119                        -0.119
     98       O      5       6.000          6.121                        -0.121
     99       O      5       6.000          6.105                        -0.105
    100       O      5       6.000          6.107                        -0.107
    101       O      5       6.000          5.708                         0.292
    102       O      5       6.000          5.728                         0.272
    103       O      5       6.000          5.732                         0.268
    104       O      5       6.000          5.700                         0.300
    105       O      5       6.000          5.685                         0.315
    106       O      5       6.000          5.763                         0.237
    107       O      5       6.000          5.755                         0.245
    108       O      5       6.000          5.686                         0.314
    109       O      5       6.000          6.127                        -0.127
    110       O      5       6.000          6.111                        -0.111
    111       O      5       6.000          6.123                        -0.123
    112       O      5       6.000          6.085                        -0.085
    113       O      5       6.000          6.117                        -0.117
    114       O      5       6.000          6.076                        -0.076
    115       O      5       6.000          6.113                        -0.113
    116       O      5       6.000          6.116                        -0.116
    117       O      5       6.000          6.028                        -0.028
    118       O      5       6.000          6.104                        -0.104
    119       O      5       6.000          6.076                        -0.076
    120       O      5       6.000          6.058                        -0.058
    121       O      5       6.000          5.990                         0.010
    122       O      5       6.000          5.990                         0.010
    123       O      5       6.000          6.054                        -0.054
    124       O      5       6.000          6.033                        -0.033
    125       N      4       5.000          5.156                        -0.156
    126       N      4       5.000          5.136                        -0.136
    127       C      3       4.000          4.180                        -0.180
    128       C      3       4.000          4.267                        -0.267
    129       C      3       4.000          4.952                        -0.952
    130       H      2       1.000          0.525                         0.475
    131       H      2       1.000          0.527                         0.473
    132       H      2       1.000          0.543                         0.457
    133       H      2       1.000          0.536                         0.464
    134       H      2       1.000          0.543                         0.457
    135       C      3       4.000          4.284                        -0.284
    136       C      3       4.000          4.780                        -0.780
    137       H      2       1.000          0.556                         0.444
    138       H      2       1.000          0.551                         0.449
    139       H      2       1.000          0.566                         0.434
    140       C      3       4.000          5.283                        -1.283
    141       H      2       1.000          0.556                         0.444
    142       H      2       1.000          0.565                         0.435
    143       H      2       1.000          0.552                         0.448
    144       C      3       4.000          4.558                        -0.558
    145       C      3       4.000          4.779                        -0.779
    146       H      2       1.000          0.546                         0.454
    147       H      2       1.000          0.554                         0.446
    148       H      2       1.000          0.560                         0.440
    149       H      2       1.000          0.528                         0.472
    150       F      6       7.000          7.218                        -0.218
    151       F      6       7.000          7.189                        -0.189
    152       F      6       7.000          7.375                        -0.375
    153       F      6       7.000          7.223                        -0.223
    154       O      5       6.000          6.486                        -0.486
    155       C      3       4.000          3.229                         0.771
    156       F      6       7.000          7.279                        -0.279
    157       C      3       4.000          3.216                         0.784
    158       F      6       7.000          7.348                        -0.348
    159       S      7       6.000          5.513                         0.487
    160       S      7       6.000          5.420                         0.580
    161       O      5       6.000          6.445                        -0.445
    162       O      5       6.000          6.381                        -0.381
    163       O      5       6.000          6.440                        -0.440
    164       N      4       5.000          5.249                        -0.249

  Total Charge                                                            0.050
 !-----------------------------------------------------------------------------!

 ENERGY| Total FORCE_EVAL ( QS ) energy [hartree]          -1625.760845714711877

 *******************************************************************************
 **                 BAND EVALUATION OF ENERGIES AND FORCES                    **
 *******************************************************************************
 **                                                                           **
 **                                                                           **
 ** Replica Env Nr. :    1              Replica Band Nr. :    9               **
 ** Band  Step  Nr. :    1                                                    **
 *******************************************************************************

 Number of electrons:                                                        674
 Number of occupied orbitals:                                                366
 Number of molecular orbitals:                                               437

 Number of orbital functions:                                               1844
 Number of independent orbital functions:                                   1844

 Parameters for the always stable predictor-corrector (ASPC) method:

  ASPC order: 1

  B(1) =   2.500000
  B(2) =  -2.000000
  B(3) =   0.500000

 *** WARNING in fm/cp_fm_elpa.F:521 :: Setting real_kernel for ELPA failed ***


 Extrapolation method: ASPC


 SCF WAVEFUNCTION OPTIMIZATION

  Step     Update method      Time    Convergence         Total energy    Change
  ------------------------------------------------------------------------------

 *** WARNING in fm/cp_fm_elpa.F:521 :: Setting real_kernel for ELPA failed ***

     1 Broy./Diag. 0.15E+00    8.1     0.00023095     -1625.7609791828 -1.63E+03

 *** WARNING in fm/cp_fm_elpa.F:521 :: Setting real_kernel for ELPA failed ***

     2 Broy./Diag. 0.15E+00   11.7     0.00018238     -1625.7606654557  3.14E-04

 *** WARNING in fm/cp_fm_elpa.F:521 :: Setting real_kernel for ELPA failed ***

     3 Broy./Diag. 0.15E+00   12.0     0.00009835     -1625.7606063681  5.91E-05

 *** WARNING in fm/cp_fm_elpa.F:521 :: Setting real_kernel for ELPA failed ***

     4 Broy./Diag. 0.15E+00   12.2     0.00005303     -1625.7609022532 -2.96E-04

 *** WARNING in fm/cp_fm_elpa.F:521 :: Setting real_kernel for ELPA failed ***

     5 Broy./Diag. 0.15E+00   12.2     0.00002006     -1625.7611154186 -2.13E-04

  *** SCF run converged in     5 steps ***


  Electronic density on regular grids:       -673.9999999303        0.0000000697
  Core density on regular grids:              673.9999999671       -0.0000000329
  Total charge density on r-space grids:        0.0000000368
  Total charge density g-space grids:           0.0000000368

  Overlap energy of the core charge distribution:               0.00053078203852
  Self energy of the core charge distribution:              -3774.19779000501012
  Core Hamiltonian energy:                                   1084.74608238052315
  Hartree energy:                                            1417.01605813430069
  Exchange-correlation energy:                               -353.09503919381854
  Dispersion energy:                                           -0.22499238828627
  Electronic entropic energy:                                  -0.00596603779462
  Fermi energy:                                                -0.00697616426308

  Total energy:                                             -1625.76111541857153

 !-----------------------------------------------------------------------------!
                     Mulliken Population Analysis

 #  Atom  Element  Kind  Atomic population                           Net charge
       1     Ti       1         10.948981                              1.051019
       2     Ti       1         10.964122                              1.035878
       3     Ti       1         10.929089                              1.070911
       4     Ti       1         10.936574                              1.063426
       5     Ti       1         10.982123                              1.017877
       6     Ti       1         10.965177                              1.034823
       7     Ti       1         10.942700                              1.057300
       8     Ti       1         10.950614                              1.049386
       9     H        2          0.933156                              0.066844
      10     H        2          0.925186                              0.074814
      11     H        2          0.936308                              0.063692
      12     H        2          0.925033                              0.074967
      13     H        2          0.931996                              0.068004
      14     H        2          0.934400                              0.065600
      15     H        2          0.926271                              0.073729
      16     H        2          0.930812                              0.069188
      17     H        2          0.928399                              0.071601
      18     H        2          0.927212                              0.072788
      19     H        2          0.929506                              0.070494
      20     H        2          0.924949                              0.075051
      21     H        2          0.827502                              0.172498
      22     H        2          0.827830                              0.172170
      23     H        2          0.923951                              0.076049
      24     H        2          0.927563                              0.072437
      25     H        2          0.932378                              0.067622
      26     H        2          0.922759                              0.077241
      27     H        2          0.922000                              0.078000
      28     H        2          0.927901                              0.072099
      29     H        2          0.889086                              0.110914
      30     H        2          0.900218                              0.099782
      31     H        2          0.835972                              0.164028
      32     H        2          0.837311                              0.162689
      33     H        2          0.879497                              0.120503
      34     H        2          0.887335                              0.112665
      35     H        2          0.891347                              0.108653
      36     H        2          0.887834                              0.112166
      37     H        2          0.880547                              0.119453
      38     H        2          0.887975                              0.112025
      39     H        2          0.940436                              0.059564
      40     H        2          0.923054                              0.076946
      41     H        2          0.944243                              0.055757
      42     H        2          0.908511                              0.091489
      43     C        3          3.771776                              0.228224
      44     C        3          3.769666                              0.230334
      45     C        3          3.773900                              0.226100
      46     C        3          3.768167                              0.231833
      47     C        3          4.057255                             -0.057255
      48     C        3          4.026066                             -0.026066
      49     C        3          4.056143                             -0.056143
      50     C        3          4.028804                             -0.028804
      51     C        3          3.981616                              0.018384
      52     C        3          4.031968                             -0.031968
      53     C        3          3.977108                              0.022892
      54     C        3          4.034635                             -0.034635
      55     C        3          4.042092                             -0.042092
      56     C        3          4.012244                             -0.012244
      57     C        3          4.005726                             -0.005726
      58     C        3          4.041453                             -0.041453
      59     C        3          4.032124                             -0.032124
      60     C        3          4.046500                             -0.046500
      61     C        3          4.041631                             -0.041631
      62     C        3          4.036158                             -0.036158
      63     C        3          4.025084                             -0.025084
      64     C        3          4.065934                             -0.065934
      65     C        3          4.048311                             -0.048311
      66     C        3          4.026243                             -0.026243
      67     C        3          3.776427                              0.223573
      68     C        3          3.776978                              0.223022
      69     C        3          3.786086                              0.213914
      70     C        3          3.800247                              0.199753
      71     C        3          3.809803                              0.190197
      72     C        3          3.787988                              0.212012
      73     C        3          4.009928                             -0.009928
      74     C        3          4.037132                             -0.037132
      75     C        3          4.042479                             -0.042479
      76     C        3          4.010888                             -0.010888
      77     C        3          4.033078                             -0.033078
      78     C        3          4.024232                             -0.024232
      79     C        3          4.021271                             -0.021271
      80     C        3          4.046311                             -0.046311
      81     C        3          4.048404                             -0.048404
      82     C        3          4.000444                             -0.000444
      83     C        3          4.017619                             -0.017619
      84     C        3          4.036753                             -0.036753
      85     C        3          3.978154                              0.021846
      86     C        3          4.021282                             -0.021282
      87     C        3          4.020374                             -0.020374
      88     C        3          3.997977                              0.002023
      89     N        4          5.012604                             -0.012604
      90     N        4          5.064731                             -0.064731
      91     N        4          5.035074                             -0.035074
      92     N        4          5.035809                             -0.035809
      93     O        5          6.356923                             -0.356923
      94     O        5          6.313441                             -0.313441
      95     O        5          6.321394                             -0.321394
      96     O        5          6.287340                             -0.287340
      97     O        5          6.318915                             -0.318915
      98     O        5          6.328661                             -0.328661
      99     O        5          6.291859                             -0.291859
     100     O        5          6.279655                             -0.279655
     101     O        5          6.457902                             -0.457902
     102     O        5          6.502232                             -0.502232
     103     O        5          6.502180                             -0.502180
     104     O        5          6.456519                             -0.456519
     105     O        5          6.460186                             -0.460186
     106     O        5          6.513431                             -0.513431
     107     O        5          6.507650                             -0.507650
     108     O        5          6.456856                             -0.456856
     109     O        5          6.362878                             -0.362878
     110     O        5          6.355025                             -0.355025
     111     O        5          6.333679                             -0.333679
     112     O        5          6.337864                             -0.337864
     113     O        5          6.406411                             -0.406411
     114     O        5          6.300368                             -0.300368
     115     O        5          6.357229                             -0.357229
     116     O        5          6.353373                             -0.353373
     117     O        5          6.304446                             -0.304446
     118     O        5          6.323353                             -0.323353
     119     O        5          6.302082                             -0.302082
     120     O        5          6.379096                             -0.379096
     121     O        5          6.540646                             -0.540646
     122     O        5          6.535528                             -0.535528
     123     O        5          6.510688                             -0.510688
     124     O        5          6.503956                             -0.503956
     125     N        4          4.869434                              0.130566
     126     N        4          4.833456                              0.166544
     127     C        3          3.910779                              0.089221
     128     C        3          3.978121                              0.021879
     129     C        3          4.168714                             -0.168714
     130     H        2          0.926567                              0.073433
     131     H        2          0.932349                              0.067651
     132     H        2          0.911375                              0.088625
     133     H        2          0.910788                              0.089212
     134     H        2          0.907454                              0.092546
     135     C        3          3.978708                              0.021292
     136     C        3          4.129818                             -0.129818
     137     H        2          0.916091                              0.083909
     138     H        2          0.909855                              0.090145
     139     H        2          0.916848                              0.083152
     140     C        3          4.260541                             -0.260541
     141     H        2          0.916658                              0.083342
     142     H        2          0.929754                              0.070246
     143     H        2          0.907620                              0.092380
     144     C        3          4.104085                             -0.104085
     145     C        3          4.154496                             -0.154496
     146     H        2          0.908098                              0.091902
     147     H        2          0.911488                              0.088512
     148     H        2          0.915207                              0.084793
     149     H        2          0.939680                              0.060320
     150     F        6          6.985098                              0.014902
     151     F        6          6.925427                              0.074573
     152     F        6          7.209905                             -0.209905
     153     F        6          6.990751                              0.009249
     154     O        5          6.453783                             -0.453783
     155     C        3          3.849026                              0.150974
     156     F        6          7.057894                             -0.057894
     157     C        3          3.803257                              0.196743
     158     F        6          7.186431                             -0.186431
     159     S        7          6.395897                             -0.395897
     160     S        7          6.329323                             -0.329323
     161     O        5          5.844527                              0.155473
     162     O        5          5.699704                              0.300296
     163     O        5          6.166186                             -0.166186
     164     N        4          4.982500                              0.017500
 # Total charge                            674.000000                  0.000000

 !-----------------------------------------------------------------------------!

 !-----------------------------------------------------------------------------!
                           Hirshfeld Charges

  #Atom  Element  Kind  Ref Charge     Population                    Net charge
      1       Ti     1      12.000         13.350                        -1.350
      2       Ti     1      12.000         13.377                        -1.377
      3       Ti     1      12.000         13.175                        -1.175
      4       Ti     1      12.000         13.182                        -1.182
      5       Ti     1      12.000         13.427                        -1.427
      6       Ti     1      12.000         13.413                        -1.413
      7       Ti     1      12.000         13.190                        -1.190
      8       Ti     1      12.000         13.233                        -1.233
      9       H      2       1.000          0.547                         0.453
     10       H      2       1.000          0.543                         0.457
     11       H      2       1.000          0.550                         0.450
     12       H      2       1.000          0.539                         0.461
     13       H      2       1.000          0.546                         0.454
     14       H      2       1.000          0.543                         0.457
     15       H      2       1.000          0.541                         0.459
     16       H      2       1.000          0.541                         0.459
     17       H      2       1.000          0.545                         0.455
     18       H      2       1.000          0.544                         0.456
     19       H      2       1.000          0.543                         0.457
     20       H      2       1.000          0.546                         0.454
     21       H      2       1.000          0.419                         0.581
     22       H      2       1.000          0.419                         0.581
     23       H      2       1.000          0.543                         0.457
     24       H      2       1.000          0.543                         0.457
     25       H      2       1.000          0.546                         0.454
     26       H      2       1.000          0.544                         0.456
     27       H      2       1.000          0.537                         0.463
     28       H      2       1.000          0.545                         0.455
     29       H      2       1.000          0.462                         0.538
     30       H      2       1.000          0.489                         0.511
     31       H      2       1.000          0.418                         0.582
     32       H      2       1.000          0.419                         0.581
     33       H      2       1.000          0.481                         0.519
     34       H      2       1.000          0.465                         0.535
     35       H      2       1.000          0.476                         0.524
     36       H      2       1.000          0.463                         0.537
     37       H      2       1.000          0.476                         0.524
     38       H      2       1.000          0.462                         0.538
     39       H      2       1.000          0.545                         0.455
     40       H      2       1.000          0.542                         0.458
     41       H      2       1.000          0.547                         0.453
     42       H      2       1.000          0.545                         0.455
     43       C      3       4.000          3.470                         0.530
     44       C      3       4.000          3.456                         0.544
     45       C      3       4.000          3.473                         0.527
     46       C      3       4.000          3.459                         0.541
     47       C      3       4.000          4.026                        -0.026
     48       C      3       4.000          3.984                         0.016
     49       C      3       4.000          4.026                        -0.026
     50       C      3       4.000          3.987                         0.013
     51       C      3       4.000          3.860                         0.140
     52       C      3       4.000          4.411                        -0.411
     53       C      3       4.000          3.859                         0.141
     54       C      3       4.000          4.413                        -0.413
     55       C      3       4.000          4.407                        -0.407
     56       C      3       4.000          4.381                        -0.381
     57       C      3       4.000          4.372                        -0.372
     58       C      3       4.000          4.416                        -0.416
     59       C      3       4.000          3.998                         0.002
     60       C      3       4.000          4.356                        -0.356
     61       C      3       4.000          4.336                        -0.336
     62       C      3       4.000          3.997                         0.003
     63       C      3       4.000          3.990                         0.010
     64       C      3       4.000          4.039                        -0.039
     65       C      3       4.000          4.026                        -0.026
     66       C      3       4.000          3.993                         0.007
     67       C      3       4.000          3.462                         0.538
     68       C      3       4.000          3.462                         0.538
     69       C      3       4.000          3.482                         0.518
     70       C      3       4.000          3.540                         0.460
     71       C      3       4.000          3.554                         0.446
     72       C      3       4.000          3.484                         0.516
     73       C      3       4.000          4.371                        -0.371
     74       C      3       4.000          4.412                        -0.412
     75       C      3       4.000          4.404                        -0.404
     76       C      3       4.000          4.364                        -0.364
     77       C      3       4.000          4.404                        -0.404
     78       C      3       4.000          4.388                        -0.388
     79       C      3       4.000          4.380                        -0.380
     80       C      3       4.000          4.431                        -0.431
     81       C      3       4.000          4.372                        -0.372
     82       C      3       4.000          4.367                        -0.367
     83       C      3       4.000          4.382                        -0.382
     84       C      3       4.000          4.389                        -0.389
     85       C      3       4.000          3.873                         0.127
     86       C      3       4.000          4.393                        -0.393
     87       C      3       4.000          4.411                        -0.411
     88       C      3       4.000          3.880                         0.120
     89       N      4       5.000          5.900                        -0.900
     90       N      4       5.000          5.947                        -0.947
     91       N      4       5.000          5.915                        -0.915
     92       N      4       5.000          5.907                        -0.907
     93       O      5       6.000          6.169                        -0.169
     94       O      5       6.000          6.114                        -0.114
     95       O      5       6.000          6.166                        -0.166
     96       O      5       6.000          6.127                        -0.127
     97       O      5       6.000          6.119                        -0.119
     98       O      5       6.000          6.121                        -0.121
     99       O      5       6.000          6.105                        -0.105
    100       O      5       6.000          6.107                        -0.107
    101       O      5       6.000          5.708                         0.292
    102       O      5       6.000          5.728                         0.272
    103       O      5       6.000          5.732                         0.268
    104       O      5       6.000          5.700                         0.300
    105       O      5       6.000          5.685                         0.315
    106       O      5       6.000          5.763                         0.237
    107       O      5       6.000          5.755                         0.245
    108       O      5       6.000          5.686                         0.314
    109       O      5       6.000          6.127                        -0.127
    110       O      5       6.000          6.111                        -0.111
    111       O      5       6.000          6.123                        -0.123
    112       O      5       6.000          6.085                        -0.085
    113       O      5       6.000          6.117                        -0.117
    114       O      5       6.000          6.076                        -0.076
    115       O      5       6.000          6.113                        -0.113
    116       O      5       6.000          6.116                        -0.116
    117       O      5       6.000          6.028                        -0.028
    118       O      5       6.000          6.104                        -0.104
    119       O      5       6.000          6.076                        -0.076
    120       O      5       6.000          6.058                        -0.058
    121       O      5       6.000          5.990                         0.010
    122       O      5       6.000          5.990                         0.010
    123       O      5       6.000          6.053                        -0.053
    124       O      5       6.000          6.033                        -0.033
    125       N      4       5.000          5.156                        -0.156
    126       N      4       5.000          5.136                        -0.136
    127       C      3       4.000          4.180                        -0.180
    128       C      3       4.000          4.267                        -0.267
    129       C      3       4.000          4.952                        -0.952
    130       H      2       1.000          0.525                         0.475
    131       H      2       1.000          0.527                         0.473
    132       H      2       1.000          0.543                         0.457
    133       H      2       1.000          0.536                         0.464
    134       H      2       1.000          0.543                         0.457
    135       C      3       4.000          4.284                        -0.284
    136       C      3       4.000          4.780                        -0.780
    137       H      2       1.000          0.556                         0.444
    138       H      2       1.000          0.551                         0.449
    139       H      2       1.000          0.566                         0.434
    140       C      3       4.000          5.283                        -1.283
    141       H      2       1.000          0.556                         0.444
    142       H      2       1.000          0.565                         0.435
    143       H      2       1.000          0.552                         0.448
    144       C      3       4.000          4.558                        -0.558
    145       C      3       4.000          4.779                        -0.779
    146       H      2       1.000          0.546                         0.454
    147       H      2       1.000          0.554                         0.446
    148       H      2       1.000          0.560                         0.440
    149       H      2       1.000          0.528                         0.472
    150       F      6       7.000          7.218                        -0.218
    151       F      6       7.000          7.189                        -0.189
    152       F      6       7.000          7.375                        -0.375
    153       F      6       7.000          7.223                        -0.223
    154       O      5       6.000          6.486                        -0.486
    155       C      3       4.000          3.229                         0.771
    156       F      6       7.000          7.279                        -0.279
    157       C      3       4.000          3.216                         0.784
    158       F      6       7.000          7.348                        -0.348
    159       S      7       6.000          5.513                         0.487
    160       S      7       6.000          5.420                         0.580
    161       O      5       6.000          6.445                        -0.445
    162       O      5       6.000          6.381                        -0.381
    163       O      5       6.000          6.440                        -0.440
    164       N      4       5.000          5.249                        -0.249

  Total Charge                                                            0.050
 !-----------------------------------------------------------------------------!

 ENERGY| Total FORCE_EVAL ( QS ) energy [hartree]          -1625.760979321213881

 *******************************************************************************
 **                 BAND EVALUATION OF ENERGIES AND FORCES                    **
 *******************************************************************************
 **                                                                           **
 **                                                                           **
 ** Replica Env Nr. :    1              Replica Band Nr. :    9               **
 ** Band  Step  Nr. :    0                                                    **
 *******************************************************************************

 Number of electrons:                                                        674
 Number of occupied orbitals:                                                366
 Number of molecular orbitals:                                               437

 Number of orbital functions:                                               1844
 Number of independent orbital functions:                                   1844

 Parameters for the always stable predictor-corrector (ASPC) method:

  ASPC order: 0

  B(1) =   1.000000

 *** WARNING in fm/cp_fm_elpa.F:521 :: Setting real_kernel for ELPA failed ***


 Extrapolation method: ASPC


 SCF WAVEFUNCTION OPTIMIZATION

  Step     Update method      Time    Convergence         Total energy    Change
  ------------------------------------------------------------------------------

 *** WARNING in fm/cp_fm_elpa.F:521 :: Setting real_kernel for ELPA failed ***

     1 Broy./Diag. 0.15E+00    9.5     0.00020915     -1625.7608457183 -1.63E+03

 *** WARNING in fm/cp_fm_elpa.F:521 :: Setting real_kernel for ELPA failed ***

     2 Broy./Diag. 0.15E+00   13.0     0.00015465     -1625.7590550458  1.79E-03

 *** WARNING in fm/cp_fm_elpa.F:521 :: Setting real_kernel for ELPA failed ***

     3 Broy./Diag. 0.15E+00   13.2     0.00005331     -1625.7599950769 -9.40E-04

 *** WARNING in fm/cp_fm_elpa.F:521 :: Setting real_kernel for ELPA failed ***

     4 Broy./Diag. 0.15E+00   13.5     0.00003827     -1625.7605662793 -5.71E-04

  *** SCF run converged in     4 steps ***


  Electronic density on regular grids:       -673.9999999303        0.0000000697
  Core density on regular grids:              673.9999999671       -0.0000000329
  Total charge density on r-space grids:        0.0000000368
  Total charge density g-space grids:           0.0000000368

  Overlap energy of the core charge distribution:               0.00053095058775
  Self energy of the core charge distribution:              -3774.19779000501012
  Core Hamiltonian energy:                                   1084.74744554307972
  Hartree energy:                                            1417.01532829215648
  Exchange-correlation energy:                               -353.09511841255869
  Dispersion energy:                                           -0.22499236743286
  Electronic entropic energy:                                  -0.00596908313629
  Fermi energy:                                                -0.00697934363450

  Total energy:                                             -1625.76056627930552

 !-----------------------------------------------------------------------------!
                     Mulliken Population Analysis

 #  Atom  Element  Kind  Atomic population                           Net charge
       1     Ti       1         10.948980                              1.051020
       2     Ti       1         10.964133                              1.035867
       3     Ti       1         10.929119                              1.070881
       4     Ti       1         10.936597                              1.063403
       5     Ti       1         10.982155                              1.017845
       6     Ti       1         10.965190                              1.034810
       7     Ti       1         10.942706                              1.057294
       8     Ti       1         10.950659                              1.049341
       9     H        2          0.933161                              0.066839
      10     H        2          0.925187                              0.074813
      11     H        2          0.936299                              0.063701
      12     H        2          0.925020                              0.074980
      13     H        2          0.931986                              0.068014
      14     H        2          0.934387                              0.065613
      15     H        2          0.926274                              0.073726
      16     H        2          0.930801                              0.069199
      17     H        2          0.928394                              0.071606
      18     H        2          0.927212                              0.072788
      19     H        2          0.929494                              0.070506
      20     H        2          0.924931                              0.075069
      21     H        2          0.827518                              0.172482
      22     H        2          0.827851                              0.172149
      23     H        2          0.923955                              0.076045
      24     H        2          0.927554                              0.072446
      25     H        2          0.932369                              0.067631
      26     H        2          0.922749                              0.077251
      27     H        2          0.921987                              0.078013
      28     H        2          0.927898                              0.072102
      29     H        2          0.889083                              0.110917
      30     H        2          0.900205                              0.099795
      31     H        2          0.835997                              0.164003
      32     H        2          0.837335                              0.162665
      33     H        2          0.879483                              0.120517
      34     H        2          0.887337                              0.112663
      35     H        2          0.891345                              0.108655
      36     H        2          0.887845                              0.112155
      37     H        2          0.880533                              0.119467
      38     H        2          0.887971                              0.112029
      39     H        2          0.940450                              0.059550
      40     H        2          0.923041                              0.076959
      41     H        2          0.944261                              0.055739
      42     H        2          0.908521                              0.091479
      43     C        3          3.771778                              0.228222
      44     C        3          3.769647                              0.230353
      45     C        3          3.773899                              0.226101
      46     C        3          3.768157                              0.231843
      47     C        3          4.057251                             -0.057251
      48     C        3          4.026044                             -0.026044
      49     C        3          4.056138                             -0.056138
      50     C        3          4.028792                             -0.028792
      51     C        3          3.981606                              0.018394
      52     C        3          4.031939                             -0.031939
      53     C        3          3.977092                              0.022908
      54     C        3          4.034630                             -0.034630
      55     C        3          4.042071                             -0.042071
      56     C        3          4.012249                             -0.012249
      57     C        3          4.005709                             -0.005709
      58     C        3          4.041437                             -0.041437
      59     C        3          4.032127                             -0.032127
      60     C        3          4.046510                             -0.046510
      61     C        3          4.041648                             -0.041648
      62     C        3          4.036160                             -0.036160
      63     C        3          4.025069                             -0.025069
      64     C        3          4.065917                             -0.065917
      65     C        3          4.048311                             -0.048311
      66     C        3          4.026231                             -0.026231
      67     C        3          3.776434                              0.223566
      68     C        3          3.776980                              0.223020
      69     C        3          3.786082                              0.213918
      70     C        3          3.800245                              0.199755
      71     C        3          3.809803                              0.190197
      72     C        3          3.787981                              0.212019
      73     C        3          4.009908                             -0.009908
      74     C        3          4.037141                             -0.037141
      75     C        3          4.042468                             -0.042468
      76     C        3          4.010892                             -0.010892
      77     C        3          4.033056                             -0.033056
      78     C        3          4.024211                             -0.024211
      79     C        3          4.021273                             -0.021273
      80     C        3          4.046291                             -0.046291
      81     C        3          4.048420                             -0.048420
      82     C        3          4.000418                             -0.000418
      83     C        3          4.017623                             -0.017623
      84     C        3          4.036737                             -0.036737
      85     C        3          3.978147                              0.021853
      86     C        3          4.021274                             -0.021274
      87     C        3          4.020351                             -0.020351
      88     C        3          3.997960                              0.002040
      89     N        4          5.012580                             -0.012580
      90     N        4          5.064731                             -0.064731
      91     N        4          5.035091                             -0.035091
      92     N        4          5.035785                             -0.035785
      93     O        5          6.356940                             -0.356940
      94     O        5          6.313417                             -0.313417
      95     O        5          6.321390                             -0.321390
      96     O        5          6.287326                             -0.287326
      97     O        5          6.318905                             -0.318905
      98     O        5          6.328674                             -0.328674
      99     O        5          6.291857                             -0.291857
     100     O        5          6.279632                             -0.279632
     101     O        5          6.457941                             -0.457941
     102     O        5          6.502246                             -0.502246
     103     O        5          6.502233                             -0.502233
     104     O        5          6.456519                             -0.456519
     105     O        5          6.460219                             -0.460219
     106     O        5          6.513453                             -0.513453
     107     O        5          6.507692                             -0.507692
     108     O        5          6.456870                             -0.456870
     109     O        5          6.362895                             -0.362895
     110     O        5          6.355013                             -0.355013
     111     O        5          6.333671                             -0.333671
     112     O        5          6.337856                             -0.337856
     113     O        5          6.406424                             -0.406424
     114     O        5          6.300357                             -0.300357
     115     O        5          6.357241                             -0.357241
     116     O        5          6.353373                             -0.353373
     117     O        5          6.304463                             -0.304463
     118     O        5          6.323336                             -0.323336
     119     O        5          6.302077                             -0.302077
     120     O        5          6.379086                             -0.379086
     121     O        5          6.540689                             -0.540689
     122     O        5          6.535561                             -0.535561
     123     O        5          6.510744                             -0.510744
     124     O        5          6.503987                             -0.503987
     125     N        4          4.869448                              0.130552
     126     N        4          4.833456                              0.166544
     127     C        3          3.910808                              0.089192
     128     C        3          3.978103                              0.021897
     129     C        3          4.168703                             -0.168703
     130     H        2          0.926584                              0.073416
     131     H        2          0.932335                              0.067665
     132     H        2          0.911360                              0.088640
     133     H        2          0.910790                              0.089210
     134     H        2          0.907449                              0.092551
     135     C        3          3.978710                              0.021290
     136     C        3          4.129823                             -0.129823
     137     H        2          0.916107                              0.083893
     138     H        2          0.909859                              0.090141
     139     H        2          0.916851                              0.083149
     140     C        3          4.260533                             -0.260533
     141     H        2          0.916656                              0.083344
     142     H        2          0.929743                              0.070257
     143     H        2          0.907614                              0.092386
     144     C        3          4.104097                             -0.104097
     145     C        3          4.154492                             -0.154492
     146     H        2          0.908115                              0.091885
     147     H        2          0.911488                              0.088512
     148     H        2          0.915210                              0.084790
     149     H        2          0.939680                              0.060320
     150     F        6          6.985091                              0.014909
     151     F        6          6.925424                              0.074576
     152     F        6          7.209916                             -0.209916
     153     F        6          6.990747                              0.009253
     154     O        5          6.453764                             -0.453764
     155     C        3          3.849022                              0.150978
     156     F        6          7.057883                             -0.057883
     157     C        3          3.803249                              0.196751
     158     F        6          7.186437                             -0.186437
     159     S        7          6.395959                             -0.395959
     160     S        7          6.329390                             -0.329390
     161     O        5          5.844480                              0.155520
     162     O        5          5.699611                              0.300389
     163     O        5          6.166198                             -0.166198
     164     N        4          4.982462                              0.017538
 # Total charge                            674.000000                  0.000000

 !-----------------------------------------------------------------------------!

 !-----------------------------------------------------------------------------!
                           Hirshfeld Charges

  #Atom  Element  Kind  Ref Charge     Population                    Net charge
      1       Ti     1      12.000         13.350                        -1.350
      2       Ti     1      12.000         13.377                        -1.377
      3       Ti     1      12.000         13.175                        -1.175
      4       Ti     1      12.000         13.182                        -1.182
      5       Ti     1      12.000         13.427                        -1.427
      6       Ti     1      12.000         13.413                        -1.413
      7       Ti     1      12.000         13.190                        -1.190
      8       Ti     1      12.000         13.233                        -1.233
      9       H      2       1.000          0.547                         0.453
     10       H      2       1.000          0.543                         0.457
     11       H      2       1.000          0.550                         0.450
     12       H      2       1.000          0.539                         0.461
     13       H      2       1.000          0.546                         0.454
     14       H      2       1.000          0.543                         0.457
     15       H      2       1.000          0.541                         0.459
     16       H      2       1.000          0.541                         0.459
     17       H      2       1.000          0.545                         0.455
     18       H      2       1.000          0.544                         0.456
     19       H      2       1.000          0.543                         0.457
     20       H      2       1.000          0.546                         0.454
     21       H      2       1.000          0.419                         0.581
     22       H      2       1.000          0.419                         0.581
     23       H      2       1.000          0.543                         0.457
     24       H      2       1.000          0.543                         0.457
     25       H      2       1.000          0.546                         0.454
     26       H      2       1.000          0.544                         0.456
     27       H      2       1.000          0.537                         0.463
     28       H      2       1.000          0.545                         0.455
     29       H      2       1.000          0.462                         0.538
     30       H      2       1.000          0.489                         0.511
     31       H      2       1.000          0.418                         0.582
     32       H      2       1.000          0.419                         0.581
     33       H      2       1.000          0.481                         0.519
     34       H      2       1.000          0.465                         0.535
     35       H      2       1.000          0.476                         0.524
     36       H      2       1.000          0.463                         0.537
     37       H      2       1.000          0.476                         0.524
     38       H      2       1.000          0.462                         0.538
     39       H      2       1.000          0.545                         0.455
     40       H      2       1.000          0.542                         0.458
     41       H      2       1.000          0.547                         0.453
     42       H      2       1.000          0.545                         0.455
     43       C      3       4.000          3.470                         0.530
     44       C      3       4.000          3.456                         0.544
     45       C      3       4.000          3.473                         0.527
     46       C      3       4.000          3.459                         0.541
     47       C      3       4.000          4.026                        -0.026
     48       C      3       4.000          3.984                         0.016
     49       C      3       4.000          4.026                        -0.026
     50       C      3       4.000          3.987                         0.013
     51       C      3       4.000          3.860                         0.140
     52       C      3       4.000          4.411                        -0.411
     53       C      3       4.000          3.859                         0.141
     54       C      3       4.000          4.413                        -0.413
     55       C      3       4.000          4.407                        -0.407
     56       C      3       4.000          4.381                        -0.381
     57       C      3       4.000          4.372                        -0.372
     58       C      3       4.000          4.416                        -0.416
     59       C      3       4.000          3.998                         0.002
     60       C      3       4.000          4.356                        -0.356
     61       C      3       4.000          4.336                        -0.336
     62       C      3       4.000          3.997                         0.003
     63       C      3       4.000          3.990                         0.010
     64       C      3       4.000          4.039                        -0.039
     65       C      3       4.000          4.026                        -0.026
     66       C      3       4.000          3.993                         0.007
     67       C      3       4.000          3.462                         0.538
     68       C      3       4.000          3.462                         0.538
     69       C      3       4.000          3.482                         0.518
     70       C      3       4.000          3.540                         0.460
     71       C      3       4.000          3.554                         0.446
     72       C      3       4.000          3.484                         0.516
     73       C      3       4.000          4.371                        -0.371
     74       C      3       4.000          4.412                        -0.412
     75       C      3       4.000          4.404                        -0.404
     76       C      3       4.000          4.364                        -0.364
     77       C      3       4.000          4.404                        -0.404
     78       C      3       4.000          4.388                        -0.388
     79       C      3       4.000          4.380                        -0.380
     80       C      3       4.000          4.431                        -0.431
     81       C      3       4.000          4.372                        -0.372
     82       C      3       4.000          4.367                        -0.367
     83       C      3       4.000          4.382                        -0.382
     84       C      3       4.000          4.389                        -0.389
     85       C      3       4.000          3.873                         0.127
     86       C      3       4.000          4.393                        -0.393
     87       C      3       4.000          4.411                        -0.411
     88       C      3       4.000          3.880                         0.120
     89       N      4       5.000          5.900                        -0.900
     90       N      4       5.000          5.947                        -0.947
     91       N      4       5.000          5.915                        -0.915
     92       N      4       5.000          5.907                        -0.907
     93       O      5       6.000          6.169                        -0.169
     94       O      5       6.000          6.114                        -0.114
     95       O      5       6.000          6.166                        -0.166
     96       O      5       6.000          6.127                        -0.127
     97       O      5       6.000          6.119                        -0.119
     98       O      5       6.000          6.121                        -0.121
     99       O      5       6.000          6.105                        -0.105
    100       O      5       6.000          6.107                        -0.107
    101       O      5       6.000          5.708                         0.292
    102       O      5       6.000          5.728                         0.272
    103       O      5       6.000          5.732                         0.268
    104       O      5       6.000          5.700                         0.300
    105       O      5       6.000          5.685                         0.315
    106       O      5       6.000          5.763                         0.237
    107       O      5       6.000          5.755                         0.245
    108       O      5       6.000          5.686                         0.314
    109       O      5       6.000          6.127                        -0.127
    110       O      5       6.000          6.111                        -0.111
    111       O      5       6.000          6.123                        -0.123
    112       O      5       6.000          6.085                        -0.085
    113       O      5       6.000          6.117                        -0.117
    114       O      5       6.000          6.076                        -0.076
    115       O      5       6.000          6.113                        -0.113
    116       O      5       6.000          6.116                        -0.116
    117       O      5       6.000          6.028                        -0.028
    118       O      5       6.000          6.104                        -0.104
    119       O      5       6.000          6.076                        -0.076
    120       O      5       6.000          6.058                        -0.058
    121       O      5       6.000          5.990                         0.010
    122       O      5       6.000          5.990                         0.010
    123       O      5       6.000          6.054                        -0.054
    124       O      5       6.000          6.033                        -0.033
    125       N      4       5.000          5.156                        -0.156
    126       N      4       5.000          5.136                        -0.136
    127       C      3       4.000          4.180                        -0.180
    128       C      3       4.000          4.267                        -0.267
    129       C      3       4.000          4.952                        -0.952
    130       H      2       1.000          0.525                         0.475
    131       H      2       1.000          0.527                         0.473
    132       H      2       1.000          0.543                         0.457
    133       H      2       1.000          0.536                         0.464
    134       H      2       1.000          0.543                         0.457
    135       C      3       4.000          4.284                        -0.284
    136       C      3       4.000          4.780                        -0.780
    137       H      2       1.000          0.556                         0.444
    138       H      2       1.000          0.551                         0.449
    139       H      2       1.000          0.566                         0.434
    140       C      3       4.000          5.283                        -1.283
    141       H      2       1.000          0.556                         0.444
    142       H      2       1.000          0.565                         0.435
    143       H      2       1.000          0.552                         0.448
    144       C      3       4.000          4.558                        -0.558
    145       C      3       4.000          4.779                        -0.779
    146       H      2       1.000          0.546                         0.454
    147       H      2       1.000          0.554                         0.446
    148       H      2       1.000          0.560                         0.440
    149       H      2       1.000          0.528                         0.472
    150       F      6       7.000          7.218                        -0.218
    151       F      6       7.000          7.189                        -0.189
    152       F      6       7.000          7.375                        -0.375
    153       F      6       7.000          7.223                        -0.223
    154       O      5       6.000          6.486                        -0.486
    155       C      3       4.000          3.229                         0.771
    156       F      6       7.000          7.279                        -0.279
    157       C      3       4.000          3.216                         0.784
    158       F      6       7.000          7.348                        -0.348
    159       S      7       6.000          5.513                         0.487
    160       S      7       6.000          5.420                         0.580
    161       O      5       6.000          6.445                        -0.445
    162       O      5       6.000          6.381                        -0.381
    163       O      5       6.000          6.440                        -0.440
    164       N      4       5.000          5.249                        -0.249

  Total Charge                                                            0.050
 !-----------------------------------------------------------------------------!

 ENERGY| Total FORCE_EVAL ( QS ) energy [hartree]          -1625.760845722492604

 *******************************************************************************
 **                 BAND EVALUATION OF ENERGIES AND FORCES                    **
 *******************************************************************************
 **                                                                           **
 **                                                                           **
 ** Replica Env Nr. :    1              Replica Band Nr. :    9               **
 ** Band  Step  Nr. :    1                                                    **
 *******************************************************************************

 Number of electrons:                                                        674
 Number of occupied orbitals:                                                366
 Number of molecular orbitals:                                               437

 Number of orbital functions:                                               1844
 Number of independent orbital functions:                                   1844

 Parameters for the always stable predictor-corrector (ASPC) method:

  ASPC order: 1

  B(1) =   2.500000
  B(2) =  -2.000000
  B(3) =   0.500000

 *** WARNING in fm/cp_fm_elpa.F:521 :: Setting real_kernel for ELPA failed ***


 Extrapolation method: ASPC


 SCF WAVEFUNCTION OPTIMIZATION

  Step     Update method      Time    Convergence         Total energy    Change
  ------------------------------------------------------------------------------

 *** WARNING in fm/cp_fm_elpa.F:521 :: Setting real_kernel for ELPA failed ***

     1 Broy./Diag. 0.15E+00    9.2     0.00039114     -1625.7609790698 -1.63E+03

 *** WARNING in fm/cp_fm_elpa.F:521 :: Setting real_kernel for ELPA failed ***

     2 Broy./Diag. 0.15E+00   11.9     0.00020024     -1625.7558073580  5.17E-03

 *** WARNING in fm/cp_fm_elpa.F:521 :: Setting real_kernel for ELPA failed ***

     3 Broy./Diag. 0.15E+00   12.2     0.00006600     -1625.7584993086 -2.69E-03

 *** WARNING in fm/cp_fm_elpa.F:521 :: Setting real_kernel for ELPA failed ***

     4 Broy./Diag. 0.15E+00   12.2     0.00005632     -1625.7605720024 -2.07E-03

 *** WARNING in fm/cp_fm_elpa.F:521 :: Setting real_kernel for ELPA failed ***

     5 Broy./Diag. 0.15E+00   12.4     0.00003157     -1625.7617956989 -1.22E-03

  *** SCF run converged in     5 steps ***


  Electronic density on regular grids:       -673.9999999303        0.0000000697
  Core density on regular grids:              673.9999999671       -0.0000000329
  Total charge density on r-space grids:        0.0000000368
  Total charge density g-space grids:           0.0000000368

  Overlap energy of the core charge distribution:               0.00053078203717
  Self energy of the core charge distribution:              -3774.19779000501012
  Core Hamiltonian energy:                                   1084.74618312440271
  Hartree energy:                                            1417.01528225110610
  Exchange-correlation energy:                               -353.09503923034760
  Dispersion energy:                                           -0.22499238828540
  Electronic entropic energy:                                  -0.00596989959521
  Fermi energy:                                                -0.00698146176165

  Total energy:                                             -1625.76179569892679

 !-----------------------------------------------------------------------------!
                     Mulliken Population Analysis

 #  Atom  Element  Kind  Atomic population                           Net charge
       1     Ti       1         10.949000                              1.051000
       2     Ti       1         10.964148                              1.035852
       3     Ti       1         10.929119                              1.070881
       4     Ti       1         10.936603                              1.063397
       5     Ti       1         10.982194                              1.017806
       6     Ti       1         10.965198                              1.034802
       7     Ti       1         10.942706                              1.057294
       8     Ti       1         10.950663                              1.049337
       9     H        2          0.933163                              0.066837
      10     H        2          0.925188                              0.074812
      11     H        2          0.936297                              0.063703
      12     H        2          0.925009                              0.074991
      13     H        2          0.931979                              0.068021
      14     H        2          0.934380                              0.065620
      15     H        2          0.926274                              0.073726
      16     H        2          0.930791                              0.069209
      17     H        2          0.928391                              0.071609
      18     H        2          0.927212                              0.072788
      19     H        2          0.929488                              0.070512
      20     H        2          0.924923                              0.075077
      21     H        2          0.827523                              0.172477
      22     H        2          0.827859                              0.172141
      23     H        2          0.923954                              0.076046
      24     H        2          0.927547                              0.072453
      25     H        2          0.932360                              0.067640
      26     H        2          0.922742                              0.077258
      27     H        2          0.921978                              0.078022
      28     H        2          0.927894                              0.072106
      29     H        2          0.889081                              0.110919
      30     H        2          0.900197                              0.099803
      31     H        2          0.836012                              0.163988
      32     H        2          0.837345                              0.162655
      33     H        2          0.879475                              0.120525
      34     H        2          0.887335                              0.112665
      35     H        2          0.891343                              0.108657
      36     H        2          0.887848                              0.112152
      37     H        2          0.880524                              0.119476
      38     H        2          0.887968                              0.112032
      39     H        2          0.940454                              0.059546
      40     H        2          0.923036                              0.076964
      41     H        2          0.944268                              0.055732
      42     H        2          0.908527                              0.091473
      43     C        3          3.771770                              0.228230
      44     C        3          3.769659                              0.230341
      45     C        3          3.773893                              0.226107
      46     C        3          3.768166                              0.231834
      47     C        3          4.057244                             -0.057244
      48     C        3          4.026048                             -0.026048
      49     C        3          4.056139                             -0.056139
      50     C        3          4.028795                             -0.028795
      51     C        3          3.981601                              0.018399
      52     C        3          4.031938                             -0.031938
      53     C        3          3.977093                              0.022907
      54     C        3          4.034633                             -0.034633
      55     C        3          4.042070                             -0.042070
      56     C        3          4.012248                             -0.012248
      57     C        3          4.005707                             -0.005707
      58     C        3          4.041439                             -0.041439
      59     C        3          4.032127                             -0.032127
      60     C        3          4.046509                             -0.046509
      61     C        3          4.041645                             -0.041645
      62     C        3          4.036165                             -0.036165
      63     C        3          4.025065                             -0.025065
      64     C        3          4.065928                             -0.065928
      65     C        3          4.048308                             -0.048308
      66     C        3          4.026238                             -0.026238
      67     C        3          3.776439                              0.223561
      68     C        3          3.776984                              0.223016
      69     C        3          3.786081                              0.213919
      70     C        3          3.800241                              0.199759
      71     C        3          3.809794                              0.190206
      72     C        3          3.787990                              0.212010
      73     C        3          4.009910                             -0.009910
      74     C        3          4.037141                             -0.037141
      75     C        3          4.042470                             -0.042470
      76     C        3          4.010894                             -0.010894
      77     C        3          4.033060                             -0.033060
      78     C        3          4.024216                             -0.024216
      79     C        3          4.021276                             -0.021276
      80     C        3          4.046295                             -0.046295
      81     C        3          4.048420                             -0.048420
      82     C        3          4.000420                             -0.000420
      83     C        3          4.017625                             -0.017625
      84     C        3          4.036739                             -0.036739
      85     C        3          3.978149                              0.021851
      86     C        3          4.021275                             -0.021275
      87     C        3          4.020361                             -0.020361
      88     C        3          3.997968                              0.002032
      89     N        4          5.012574                             -0.012574
      90     N        4          5.064728                             -0.064728
      91     N        4          5.035094                             -0.035094
      92     N        4          5.035772                             -0.035772
      93     O        5          6.356939                             -0.356939
      94     O        5          6.313404                             -0.313404
      95     O        5          6.321383                             -0.321383
      96     O        5          6.287319                             -0.287319
      97     O        5          6.318897                             -0.318897
      98     O        5          6.328672                             -0.328672
      99     O        5          6.291849                             -0.291849
     100     O        5          6.279619                             -0.279619
     101     O        5          6.457935                             -0.457935
     102     O        5          6.502248                             -0.502248
     103     O        5          6.502249                             -0.502249
     104     O        5          6.456513                             -0.456513
     105     O        5          6.460215                             -0.460215
     106     O        5          6.513459                             -0.513459
     107     O        5          6.507705                             -0.507705
     108     O        5          6.456866                             -0.456866
     109     O        5          6.362897                             -0.362897
     110     O        5          6.355005                             -0.355005
     111     O        5          6.333660                             -0.333660
     112     O        5          6.337852                             -0.337852
     113     O        5          6.406424                             -0.406424
     114     O        5          6.300353                             -0.300353
     115     O        5          6.357241                             -0.357241
     116     O        5          6.353370                             -0.353370
     117     O        5          6.304465                             -0.304465
     118     O        5          6.323327                             -0.323327
     119     O        5          6.302068                             -0.302068
     120     O        5          6.379079                             -0.379079
     121     O        5          6.540698                             -0.540698
     122     O        5          6.535568                             -0.535568
     123     O        5          6.510760                             -0.510760
     124     O        5          6.503998                             -0.503998
     125     N        4          4.869451                              0.130549
     126     N        4          4.833452                              0.166548
     127     C        3          3.910809                              0.089191
     128     C        3          3.978109                              0.021891
     129     C        3          4.168701                             -0.168701
     130     H        2          0.926593                              0.073407
     131     H        2          0.932331                              0.067669
     132     H        2          0.911357                              0.088643
     133     H        2          0.910792                              0.089208
     134     H        2          0.907448                              0.092552
     135     C        3          3.978712                              0.021288
     136     C        3          4.129826                             -0.129826
     137     H        2          0.916117                              0.083883
     138     H        2          0.909861                              0.090139
     139     H        2          0.916854                              0.083146
     140     C        3          4.260533                             -0.260533
     141     H        2          0.916654                              0.083346
     142     H        2          0.929737                              0.070263
     143     H        2          0.907610                              0.092390
     144     C        3          4.104091                             -0.104091
     145     C        3          4.154488                             -0.154488
     146     H        2          0.908125                              0.091875
     147     H        2          0.911491                              0.088509
     148     H        2          0.915214                              0.084786
     149     H        2          0.939681                              0.060319
     150     F        6          6.985095                              0.014905
     151     F        6          6.925434                              0.074566
     152     F        6          7.209910                             -0.209910
     153     F        6          6.990751                              0.009249
     154     O        5          6.453726                             -0.453726
     155     C        3          3.849027                              0.150973
     156     F        6          7.057876                             -0.057876
     157     C        3          3.803252                              0.196748
     158     F        6          7.186432                             -0.186432
     159     S        7          6.395911                             -0.395911
     160     S        7          6.329328                             -0.329328
     161     O        5          5.844531                              0.155469
     162     O        5          5.699685                              0.300315
     163     O        5          6.166189                             -0.166189
     164     N        4          4.982445                              0.017555
 # Total charge                            674.000000                  0.000000

 !-----------------------------------------------------------------------------!

 !-----------------------------------------------------------------------------!
                           Hirshfeld Charges

  #Atom  Element  Kind  Ref Charge     Population                    Net charge
      1       Ti     1      12.000         13.350                        -1.350
      2       Ti     1      12.000         13.377                        -1.377
      3       Ti     1      12.000         13.175                        -1.175
      4       Ti     1      12.000         13.182                        -1.182
      5       Ti     1      12.000         13.427                        -1.427
      6       Ti     1      12.000         13.413                        -1.413
      7       Ti     1      12.000         13.190                        -1.190
      8       Ti     1      12.000         13.233                        -1.233
      9       H      2       1.000          0.547                         0.453
     10       H      2       1.000          0.543                         0.457
     11       H      2       1.000          0.550                         0.450
     12       H      2       1.000          0.539                         0.461
     13       H      2       1.000          0.546                         0.454
     14       H      2       1.000          0.543                         0.457
     15       H      2       1.000          0.541                         0.459
     16       H      2       1.000          0.541                         0.459
     17       H      2       1.000          0.545                         0.455
     18       H      2       1.000          0.544                         0.456
     19       H      2       1.000          0.543                         0.457
     20       H      2       1.000          0.546                         0.454
     21       H      2       1.000          0.419                         0.581
     22       H      2       1.000          0.419                         0.581
     23       H      2       1.000          0.543                         0.457
     24       H      2       1.000          0.543                         0.457
     25       H      2       1.000          0.546                         0.454
     26       H      2       1.000          0.544                         0.456
     27       H      2       1.000          0.537                         0.463
     28       H      2       1.000          0.545                         0.455
     29       H      2       1.000          0.462                         0.538
     30       H      2       1.000          0.489                         0.511
     31       H      2       1.000          0.418                         0.582
     32       H      2       1.000          0.419                         0.581
     33       H      2       1.000          0.481                         0.519
     34       H      2       1.000          0.465                         0.535
     35       H      2       1.000          0.476                         0.524
     36       H      2       1.000          0.463                         0.537
     37       H      2       1.000          0.476                         0.524
     38       H      2       1.000          0.462                         0.538
     39       H      2       1.000          0.545                         0.455
     40       H      2       1.000          0.542                         0.458
     41       H      2       1.000          0.547                         0.453
     42       H      2       1.000          0.545                         0.455
     43       C      3       4.000          3.470                         0.530
     44       C      3       4.000          3.456                         0.544
     45       C      3       4.000          3.473                         0.527
     46       C      3       4.000          3.459                         0.541
     47       C      3       4.000          4.026                        -0.026
     48       C      3       4.000          3.984                         0.016
     49       C      3       4.000          4.026                        -0.026
     50       C      3       4.000          3.987                         0.013
     51       C      3       4.000          3.860                         0.140
     52       C      3       4.000          4.411                        -0.411
     53       C      3       4.000          3.859                         0.141
     54       C      3       4.000          4.413                        -0.413
     55       C      3       4.000          4.407                        -0.407
     56       C      3       4.000          4.381                        -0.381
     57       C      3       4.000          4.372                        -0.372
     58       C      3       4.000          4.416                        -0.416
     59       C      3       4.000          3.998                         0.002
     60       C      3       4.000          4.356                        -0.356
     61       C      3       4.000          4.336                        -0.336
     62       C      3       4.000          3.997                         0.003
     63       C      3       4.000          3.990                         0.010
     64       C      3       4.000          4.039                        -0.039
     65       C      3       4.000          4.026                        -0.026
     66       C      3       4.000          3.993                         0.007
     67       C      3       4.000          3.462                         0.538
     68       C      3       4.000          3.462                         0.538
     69       C      3       4.000          3.482                         0.518
     70       C      3       4.000          3.540                         0.460
     71       C      3       4.000          3.554                         0.446
     72       C      3       4.000          3.484                         0.516
     73       C      3       4.000          4.371                        -0.371
     74       C      3       4.000          4.412                        -0.412
     75       C      3       4.000          4.404                        -0.404
     76       C      3       4.000          4.364                        -0.364
     77       C      3       4.000          4.404                        -0.404
     78       C      3       4.000          4.388                        -0.388
     79       C      3       4.000          4.380                        -0.380
     80       C      3       4.000          4.431                        -0.431
     81       C      3       4.000          4.372                        -0.372
     82       C      3       4.000          4.367                        -0.367
     83       C      3       4.000          4.382                        -0.382
     84       C      3       4.000          4.389                        -0.389
     85       C      3       4.000          3.873                         0.127
     86       C      3       4.000          4.393                        -0.393
     87       C      3       4.000          4.411                        -0.411
     88       C      3       4.000          3.880                         0.120
     89       N      4       5.000          5.900                        -0.900
     90       N      4       5.000          5.947                        -0.947
     91       N      4       5.000          5.915                        -0.915
     92       N      4       5.000          5.907                        -0.907
     93       O      5       6.000          6.169                        -0.169
     94       O      5       6.000          6.114                        -0.114
     95       O      5       6.000          6.166                        -0.166
     96       O      5       6.000          6.127                        -0.127
     97       O      5       6.000          6.119                        -0.119
     98       O      5       6.000          6.121                        -0.121
     99       O      5       6.000          6.105                        -0.105
    100       O      5       6.000          6.107                        -0.107
    101       O      5       6.000          5.708                         0.292
    102       O      5       6.000          5.728                         0.272
    103       O      5       6.000          5.732                         0.268
    104       O      5       6.000          5.700                         0.300
    105       O      5       6.000          5.685                         0.315
    106       O      5       6.000          5.763                         0.237
    107       O      5       6.000          5.755                         0.245
    108       O      5       6.000          5.686                         0.314
    109       O      5       6.000          6.127                        -0.127
    110       O      5       6.000          6.111                        -0.111
    111       O      5       6.000          6.123                        -0.123
    112       O      5       6.000          6.085                        -0.085
    113       O      5       6.000          6.117                        -0.117
    114       O      5       6.000          6.076                        -0.076
    115       O      5       6.000          6.113                        -0.113
    116       O      5       6.000          6.116                        -0.116
    117       O      5       6.000          6.028                        -0.028
    118       O      5       6.000          6.104                        -0.104
    119       O      5       6.000          6.076                        -0.076
    120       O      5       6.000          6.058                        -0.058
    121       O      5       6.000          5.990                         0.010
    122       O      5       6.000          5.990                         0.010
    123       O      5       6.000          6.054                        -0.054
    124       O      5       6.000          6.033                        -0.033
    125       N      4       5.000          5.156                        -0.156
    126       N      4       5.000          5.136                        -0.136
    127       C      3       4.000          4.180                        -0.180
    128       C      3       4.000          4.267                        -0.267
    129       C      3       4.000          4.952                        -0.952
    130       H      2       1.000          0.525                         0.475
    131       H      2       1.000          0.527                         0.473
    132       H      2       1.000          0.543                         0.457
    133       H      2       1.000          0.536                         0.464
    134       H      2       1.000          0.543                         0.457
    135       C      3       4.000          4.284                        -0.284
    136       C      3       4.000          4.781                        -0.781
    137       H      2       1.000          0.556                         0.444
    138       H      2       1.000          0.551                         0.449
    139       H      2       1.000          0.566                         0.434
    140       C      3       4.000          5.283                        -1.283
    141       H      2       1.000          0.556                         0.444
    142       H      2       1.000          0.565                         0.435
    143       H      2       1.000          0.552                         0.448
    144       C      3       4.000          4.558                        -0.558
    145       C      3       4.000          4.779                        -0.779
    146       H      2       1.000          0.546                         0.454
    147       H      2       1.000          0.554                         0.446
    148       H      2       1.000          0.560                         0.440
    149       H      2       1.000          0.528                         0.472
    150       F      6       7.000          7.218                        -0.218
    151       F      6       7.000          7.189                        -0.189
    152       F      6       7.000          7.375                        -0.375
    153       F      6       7.000          7.223                        -0.223
    154       O      5       6.000          6.486                        -0.486
    155       C      3       4.000          3.229                         0.771
    156       F      6       7.000          7.279                        -0.279
    157       C      3       4.000          3.216                         0.784
    158       F      6       7.000          7.348                        -0.348
    159       S      7       6.000          5.513                         0.487
    160       S      7       6.000          5.420                         0.580
    161       O      5       6.000          6.445                        -0.445
    162       O      5       6.000          6.381                        -0.381
    163       O      5       6.000          6.440                        -0.440
    164       N      4       5.000          5.249                        -0.249

  Total Charge                                                            0.050
 !-----------------------------------------------------------------------------!

 ENERGY| Total FORCE_EVAL ( QS ) energy [hartree]          -1625.760979302594478

 *******************************************************************************
 **                 BAND EVALUATION OF ENERGIES AND FORCES                    **
 *******************************************************************************
 **                                                                           **
 **                                                                           **
 ** Replica Env Nr. :    1              Replica Band Nr. :    9               **
 ** Band  Step  Nr. :    0                                                    **
 *******************************************************************************

 Number of electrons:                                                        674
 Number of occupied orbitals:                                                366
 Number of molecular orbitals:                                               437

 Number of orbital functions:                                               1844
 Number of independent orbital functions:                                   1844

 Parameters for the always stable predictor-corrector (ASPC) method:

  ASPC order: 0

  B(1) =   1.000000

 *** WARNING in fm/cp_fm_elpa.F:521 :: Setting real_kernel for ELPA failed ***


 Extrapolation method: ASPC


 SCF WAVEFUNCTION OPTIMIZATION

  Step     Update method      Time    Convergence         Total energy    Change
  ------------------------------------------------------------------------------

 *** WARNING in fm/cp_fm_elpa.F:521 :: Setting real_kernel for ELPA failed ***

     1 Broy./Diag. 0.15E+00    8.6     0.00031919     -1625.7608457145 -1.63E+03

 *** WARNING in fm/cp_fm_elpa.F:521 :: Setting real_kernel for ELPA failed ***

     2 Broy./Diag. 0.15E+00   11.9     0.00028843     -1625.7624305420 -1.58E-03

 *** WARNING in fm/cp_fm_elpa.F:521 :: Setting real_kernel for ELPA failed ***

     3 Broy./Diag. 0.15E+00   12.1     0.00010895     -1625.7616060242  8.25E-04

 *** WARNING in fm/cp_fm_elpa.F:521 :: Setting real_kernel for ELPA failed ***

     4 Broy./Diag. 0.15E+00   12.4     0.00003641     -1625.7612060159  4.00E-04

  *** SCF run converged in     4 steps ***


  Electronic density on regular grids:       -673.9999999303        0.0000000697
  Core density on regular grids:              673.9999999671       -0.0000000329
  Total charge density on r-space grids:        0.0000000368
  Total charge density g-space grids:           0.0000000368

  Overlap energy of the core charge distribution:               0.00053095058775
  Self energy of the core charge distribution:              -3774.19779000501012
  Core Hamiltonian energy:                                   1084.74623619818544
  Hartree energy:                                            1417.01584968468910
  Exchange-correlation energy:                               -353.09507589313739
  Dispersion energy:                                           -0.22499236743286
  Electronic entropic energy:                                  -0.00596595036854
  Fermi energy:                                                -0.00697619980533

  Total energy:                                             -1625.76120601585512

 !-----------------------------------------------------------------------------!
                     Mulliken Population Analysis

 #  Atom  Element  Kind  Atomic population                           Net charge
       1     Ti       1         10.948992                              1.051008
       2     Ti       1         10.964133                              1.035867
       3     Ti       1         10.929084                              1.070916
       4     Ti       1         10.936569                              1.063431
       5     Ti       1         10.982109                              1.017891
       6     Ti       1         10.965188                              1.034812
       7     Ti       1         10.942703                              1.057297
       8     Ti       1         10.950601                              1.049399
       9     H        2          0.933156                              0.066844
      10     H        2          0.925188                              0.074812
      11     H        2          0.936310                              0.063690
      12     H        2          0.925033                              0.074967
      13     H        2          0.931996                              0.068004
      14     H        2          0.934403                              0.065597
      15     H        2          0.926267                              0.073733
      16     H        2          0.930812                              0.069188
      17     H        2          0.928399                              0.071601
      18     H        2          0.927213                              0.072787
      19     H        2          0.929509                              0.070491
      20     H        2          0.924952                              0.075048
      21     H        2          0.827499                              0.172501
      22     H        2          0.827825                              0.172175
      23     H        2          0.923946                              0.076054
      24     H        2          0.927561                              0.072439
      25     H        2          0.932376                              0.067624
      26     H        2          0.922753                              0.077247
      27     H        2          0.921996                              0.078004
      28     H        2          0.927897                              0.072103
      29     H        2          0.889087                              0.110913
      30     H        2          0.900218                              0.099782
      31     H        2          0.835968                              0.164032
      32     H        2          0.837307                              0.162693
      33     H        2          0.879497                              0.120503
      34     H        2          0.887332                              0.112668
      35     H        2          0.891346                              0.108654
      36     H        2          0.887829                              0.112171
      37     H        2          0.880546                              0.119454
      38     H        2          0.887974                              0.112026
      39     H        2          0.940435                              0.059565
      40     H        2          0.923057                              0.076943
      41     H        2          0.944238                              0.055762
      42     H        2          0.908509                              0.091491
      43     C        3          3.771762                              0.228238
      44     C        3          3.769684                              0.230316
      45     C        3          3.773895                              0.226105
      46     C        3          3.768172                              0.231828
      47     C        3          4.057259                             -0.057259
      48     C        3          4.026066                             -0.026066
      49     C        3          4.056150                             -0.056150
      50     C        3          4.028806                             -0.028806
      51     C        3          3.981617                              0.018383
      52     C        3          4.031968                             -0.031968
      53     C        3          3.977110                              0.022890
      54     C        3          4.034640                             -0.034640
      55     C        3          4.042092                             -0.042092
      56     C        3          4.012249                             -0.012249
      57     C        3          4.005727                             -0.005727
      58     C        3          4.041462                             -0.041462
      59     C        3          4.032126                             -0.032126
      60     C        3          4.046499                             -0.046499
      61     C        3          4.041628                             -0.041628
      62     C        3          4.036159                             -0.036159
      63     C        3          4.025080                             -0.025080
      64     C        3          4.065939                             -0.065939
      65     C        3          4.048308                             -0.048308
      66     C        3          4.026245                             -0.026245
      67     C        3          3.776419                              0.223581
      68     C        3          3.776977                              0.223023
      69     C        3          3.786082                              0.213918
      70     C        3          3.800232                              0.199768
      71     C        3          3.809801                              0.190199
      72     C        3          3.787990                              0.212010
      73     C        3          4.009926                             -0.009926
      74     C        3          4.037135                             -0.037135
      75     C        3          4.042479                             -0.042479
      76     C        3          4.010891                             -0.010891
      77     C        3          4.033081                             -0.033081
      78     C        3          4.024241                             -0.024241
      79     C        3          4.021276                             -0.021276
      80     C        3          4.046313                             -0.046313
      81     C        3          4.048403                             -0.048403
      82     C        3          4.000443                             -0.000443
      83     C        3          4.017622                             -0.017622
      84     C        3          4.036755                             -0.036755
      85     C        3          3.978160                              0.021840
      86     C        3          4.021283                             -0.021283
      87     C        3          4.020387                             -0.020387
      88     C        3          3.997980                              0.002020
      89     N        4          5.012599                             -0.012599
      90     N        4          5.064733                             -0.064733
      91     N        4          5.035079                             -0.035079
      92     N        4          5.035801                             -0.035801
      93     O        5          6.356919                             -0.356919
      94     O        5          6.313434                             -0.313434
      95     O        5          6.321391                             -0.321391
      96     O        5          6.287335                             -0.287335
      97     O        5          6.318909                             -0.318909
      98     O        5          6.328660                             -0.328660
      99     O        5          6.291853                             -0.291853
     100     O        5          6.279650                             -0.279650
     101     O        5          6.457899                             -0.457899
     102     O        5          6.502234                             -0.502234
     103     O        5          6.502181                             -0.502181
     104     O        5          6.456518                             -0.456518
     105     O        5          6.460189                             -0.460189
     106     O        5          6.513431                             -0.513431
     107     O        5          6.507654                             -0.507654
     108     O        5          6.456853                             -0.456853
     109     O        5          6.362879                             -0.362879
     110     O        5          6.355026                             -0.355026
     111     O        5          6.333676                             -0.333676
     112     O        5          6.337863                             -0.337863
     113     O        5          6.406409                             -0.406409
     114     O        5          6.300366                             -0.300366
     115     O        5          6.357232                             -0.357232
     116     O        5          6.353373                             -0.353373
     117     O        5          6.304442                             -0.304442
     118     O        5          6.323353                             -0.323353
     119     O        5          6.302077                             -0.302077
     120     O        5          6.379095                             -0.379095
     121     O        5          6.540653                             -0.540653
     122     O        5          6.535538                             -0.535538
     123     O        5          6.510699                             -0.510699
     124     O        5          6.503964                             -0.503964
     125     N        4          4.869438                              0.130562
     126     N        4          4.833450                              0.166550
     127     C        3          3.910776                              0.089224
     128     C        3          3.978122                              0.021878
     129     C        3          4.168712                             -0.168712
     130     H        2          0.926567                              0.073433
     131     H        2          0.932356                              0.067644
     132     H        2          0.911380                              0.088620
     133     H        2          0.910784                              0.089216
     134     H        2          0.907455                              0.092545
     135     C        3          3.978711                              0.021289
     136     C        3          4.129818                             -0.129818
     137     H        2          0.916094                              0.083906
     138     H        2          0.909857                              0.090143
     139     H        2          0.916849                              0.083151
     140     C        3          4.260542                             -0.260542
     141     H        2          0.916657                              0.083343
     142     H        2          0.929754                              0.070246
     143     H        2          0.907620                              0.092380
     144     C        3          4.104072                             -0.104072
     145     C        3          4.154492                             -0.154492
     146     H        2          0.908101                              0.091899
     147     H        2          0.911492                              0.088508
     148     H        2          0.915213                              0.084787
     149     H        2          0.939685                              0.060315
     150     F        6          6.985094                              0.014906
     151     F        6          6.925418                              0.074582
     152     F        6          7.209916                             -0.209916
     153     F        6          6.990748                              0.009252
     154     O        5          6.453786                             -0.453786
     155     C        3          3.849020                              0.150980
     156     F        6          7.057892                             -0.057892
     157     C        3          3.803256                              0.196744
     158     F        6          7.186435                             -0.186435
     159     S        7          6.395979                             -0.395979
     160     S        7          6.329399                             -0.329399
     161     O        5          5.844470                              0.155530
     162     O        5          5.699629                              0.300371
     163     O        5          6.166193                             -0.166193
     164     N        4          4.982467                              0.017533
 # Total charge                            674.000000                  0.000000

 !-----------------------------------------------------------------------------!

 !-----------------------------------------------------------------------------!
                           Hirshfeld Charges

  #Atom  Element  Kind  Ref Charge     Population                    Net charge
      1       Ti     1      12.000         13.350                        -1.350
      2       Ti     1      12.000         13.377                        -1.377
      3       Ti     1      12.000         13.175                        -1.175
      4       Ti     1      12.000         13.182                        -1.182
      5       Ti     1      12.000         13.427                        -1.427
      6       Ti     1      12.000         13.413                        -1.413
      7       Ti     1      12.000         13.190                        -1.190
      8       Ti     1      12.000         13.233                        -1.233
      9       H      2       1.000          0.547                         0.453
     10       H      2       1.000          0.543                         0.457
     11       H      2       1.000          0.550                         0.450
     12       H      2       1.000          0.539                         0.461
     13       H      2       1.000          0.546                         0.454
     14       H      2       1.000          0.543                         0.457
     15       H      2       1.000          0.541                         0.459
     16       H      2       1.000          0.541                         0.459
     17       H      2       1.000          0.545                         0.455
     18       H      2       1.000          0.544                         0.456
     19       H      2       1.000          0.543                         0.457
     20       H      2       1.000          0.546                         0.454
     21       H      2       1.000          0.419                         0.581
     22       H      2       1.000          0.419                         0.581
     23       H      2       1.000          0.543                         0.457
     24       H      2       1.000          0.543                         0.457
     25       H      2       1.000          0.546                         0.454
     26       H      2       1.000          0.544                         0.456
     27       H      2       1.000          0.537                         0.463
     28       H      2       1.000          0.545                         0.455
     29       H      2       1.000          0.462                         0.538
     30       H      2       1.000          0.489                         0.511
     31       H      2       1.000          0.418                         0.582
     32       H      2       1.000          0.419                         0.581
     33       H      2       1.000          0.481                         0.519
     34       H      2       1.000          0.465                         0.535
     35       H      2       1.000          0.476                         0.524
     36       H      2       1.000          0.463                         0.537
     37       H      2       1.000          0.476                         0.524
     38       H      2       1.000          0.462                         0.538
     39       H      2       1.000          0.545                         0.455
     40       H      2       1.000          0.542                         0.458
     41       H      2       1.000          0.547                         0.453
     42       H      2       1.000          0.545                         0.455
     43       C      3       4.000          3.470                         0.530
     44       C      3       4.000          3.456                         0.544
     45       C      3       4.000          3.473                         0.527
     46       C      3       4.000          3.459                         0.541
     47       C      3       4.000          4.026                        -0.026
     48       C      3       4.000          3.984                         0.016
     49       C      3       4.000          4.026                        -0.026
     50       C      3       4.000          3.987                         0.013
     51       C      3       4.000          3.860                         0.140
     52       C      3       4.000          4.411                        -0.411
     53       C      3       4.000          3.859                         0.141
     54       C      3       4.000          4.413                        -0.413
     55       C      3       4.000          4.407                        -0.407
     56       C      3       4.000          4.381                        -0.381
     57       C      3       4.000          4.372                        -0.372
     58       C      3       4.000          4.416                        -0.416
     59       C      3       4.000          3.998                         0.002
     60       C      3       4.000          4.356                        -0.356
     61       C      3       4.000          4.336                        -0.336
     62       C      3       4.000          3.997                         0.003
     63       C      3       4.000          3.990                         0.010
     64       C      3       4.000          4.039                        -0.039
     65       C      3       4.000          4.026                        -0.026
     66       C      3       4.000          3.993                         0.007
     67       C      3       4.000          3.462                         0.538
     68       C      3       4.000          3.462                         0.538
     69       C      3       4.000          3.482                         0.518
     70       C      3       4.000          3.540                         0.460
     71       C      3       4.000          3.554                         0.446
     72       C      3       4.000          3.484                         0.516
     73       C      3       4.000          4.371                        -0.371
     74       C      3       4.000          4.412                        -0.412
     75       C      3       4.000          4.404                        -0.404
     76       C      3       4.000          4.364                        -0.364
     77       C      3       4.000          4.404                        -0.404
     78       C      3       4.000          4.388                        -0.388
     79       C      3       4.000          4.380                        -0.380
     80       C      3       4.000          4.431                        -0.431
     81       C      3       4.000          4.372                        -0.372
     82       C      3       4.000          4.367                        -0.367
     83       C      3       4.000          4.382                        -0.382
     84       C      3       4.000          4.389                        -0.389
     85       C      3       4.000          3.873                         0.127
     86       C      3       4.000          4.393                        -0.393
     87       C      3       4.000          4.411                        -0.411
     88       C      3       4.000          3.880                         0.120
     89       N      4       5.000          5.900                        -0.900
     90       N      4       5.000          5.947                        -0.947
     91       N      4       5.000          5.915                        -0.915
     92       N      4       5.000          5.907                        -0.907
     93       O      5       6.000          6.169                        -0.169
     94       O      5       6.000          6.114                        -0.114
     95       O      5       6.000          6.166                        -0.166
     96       O      5       6.000          6.127                        -0.127
     97       O      5       6.000          6.119                        -0.119
     98       O      5       6.000          6.121                        -0.121
     99       O      5       6.000          6.105                        -0.105
    100       O      5       6.000          6.107                        -0.107
    101       O      5       6.000          5.708                         0.292
    102       O      5       6.000          5.728                         0.272
    103       O      5       6.000          5.732                         0.268
    104       O      5       6.000          5.700                         0.300
    105       O      5       6.000          5.685                         0.315
    106       O      5       6.000          5.763                         0.237
    107       O      5       6.000          5.755                         0.245
    108       O      5       6.000          5.686                         0.314
    109       O      5       6.000          6.127                        -0.127
    110       O      5       6.000          6.111                        -0.111
    111       O      5       6.000          6.123                        -0.123
    112       O      5       6.000          6.085                        -0.085
    113       O      5       6.000          6.117                        -0.117
    114       O      5       6.000          6.076                        -0.076
    115       O      5       6.000          6.113                        -0.113
    116       O      5       6.000          6.116                        -0.116
    117       O      5       6.000          6.028                        -0.028
    118       O      5       6.000          6.104                        -0.104
    119       O      5       6.000          6.076                        -0.076
    120       O      5       6.000          6.058                        -0.058
    121       O      5       6.000          5.990                         0.010
    122       O      5       6.000          5.990                         0.010
    123       O      5       6.000          6.053                        -0.053
    124       O      5       6.000          6.033                        -0.033
    125       N      4       5.000          5.156                        -0.156
    126       N      4       5.000          5.136                        -0.136
    127       C      3       4.000          4.180                        -0.180
    128       C      3       4.000          4.267                        -0.267
    129       C      3       4.000          4.952                        -0.952
    130       H      2       1.000          0.525                         0.475
    131       H      2       1.000          0.527                         0.473
    132       H      2       1.000          0.543                         0.457
    133       H      2       1.000          0.536                         0.464
    134       H      2       1.000          0.543                         0.457
    135       C      3       4.000          4.284                        -0.284
    136       C      3       4.000          4.780                        -0.780
    137       H      2       1.000          0.556                         0.444
    138       H      2       1.000          0.551                         0.449
    139       H      2       1.000          0.566                         0.434
    140       C      3       4.000          5.283                        -1.283
    141       H      2       1.000          0.556                         0.444
    142       H      2       1.000          0.565                         0.435
    143       H      2       1.000          0.552                         0.448
    144       C      3       4.000          4.558                        -0.558
    145       C      3       4.000          4.779                        -0.779
    146       H      2       1.000          0.546                         0.454
    147       H      2       1.000          0.554                         0.446
    148       H      2       1.000          0.560                         0.440
    149       H      2       1.000          0.528                         0.472
    150       F      6       7.000          7.218                        -0.218
    151       F      6       7.000          7.189                        -0.189
    152       F      6       7.000          7.375                        -0.375
    153       F      6       7.000          7.223                        -0.223
    154       O      5       6.000          6.486                        -0.486
    155       C      3       4.000          3.229                         0.771
    156       F      6       7.000          7.279                        -0.279
    157       C      3       4.000          3.216                         0.784
    158       F      6       7.000          7.348                        -0.348
    159       S      7       6.000          5.513                         0.487
    160       S      7       6.000          5.420                         0.580
    161       O      5       6.000          6.445                        -0.445
    162       O      5       6.000          6.381                        -0.381
    163       O      5       6.000          6.440                        -0.440
    164       N      4       5.000          5.249                        -0.249

  Total Charge                                                            0.050
 !-----------------------------------------------------------------------------!

 ENERGY| Total FORCE_EVAL ( QS ) energy [hartree]          -1625.760845715560436

 *******************************************************************************
 **                 BAND EVALUATION OF ENERGIES AND FORCES                    **
 *******************************************************************************
 **                                                                           **
 **                                                                           **
 ** Replica Env Nr. :    1              Replica Band Nr. :    9               **
 ** Band  Step  Nr. :    1                                                    **
 *******************************************************************************

 Number of electrons:                                                        674
 Number of occupied orbitals:                                                366
 Number of molecular orbitals:                                               437

 Number of orbital functions:                                               1844
 Number of independent orbital functions:                                   1844

 Parameters for the always stable predictor-corrector (ASPC) method:

  ASPC order: 1

  B(1) =   2.500000
  B(2) =  -2.000000
  B(3) =   0.500000

 *** WARNING in fm/cp_fm_elpa.F:521 :: Setting real_kernel for ELPA failed ***


 Extrapolation method: ASPC


 SCF WAVEFUNCTION OPTIMIZATION

  Step     Update method      Time    Convergence         Total energy    Change
  ------------------------------------------------------------------------------

 *** WARNING in fm/cp_fm_elpa.F:521 :: Setting real_kernel for ELPA failed ***

     1 Broy./Diag. 0.15E+00    8.3     0.00024852     -1625.7609792047 -1.63E+03

 *** WARNING in fm/cp_fm_elpa.F:521 :: Setting real_kernel for ELPA failed ***

     2 Broy./Diag. 0.15E+00   11.6     0.00019933     -1625.7610527884 -7.36E-05

 *** WARNING in fm/cp_fm_elpa.F:521 :: Setting real_kernel for ELPA failed ***

     3 Broy./Diag. 0.15E+00   11.8     0.00009520     -1625.7608353398  2.17E-04

 *** WARNING in fm/cp_fm_elpa.F:521 :: Setting real_kernel for ELPA failed ***

     4 Broy./Diag. 0.15E+00   11.8     0.00005288     -1625.7609739808 -1.39E-04

 *** WARNING in fm/cp_fm_elpa.F:521 :: Setting real_kernel for ELPA failed ***

     5 Broy./Diag. 0.15E+00   11.9     0.00002027     -1625.7610316414 -5.77E-05

  *** SCF run converged in     5 steps ***


  Electronic density on regular grids:       -673.9999999303        0.0000000697
  Core density on regular grids:              673.9999999671       -0.0000000329
  Total charge density on r-space grids:        0.0000000368
  Total charge density g-space grids:           0.0000000368

  Overlap energy of the core charge distribution:               0.00053078203819
  Self energy of the core charge distribution:              -3774.19779000501012
  Core Hamiltonian energy:                                   1084.74614493133777
  Hartree energy:                                            1417.01607255370027
  Exchange-correlation energy:                               -353.09503202717798
  Dispersion energy:                                           -0.22499238828668
  Electronic entropic energy:                                  -0.00596630816816
  Fermi energy:                                                -0.00697601682300

  Total energy:                                             -1625.76103164137999

 !-----------------------------------------------------------------------------!
                     Mulliken Population Analysis

 #  Atom  Element  Kind  Atomic population                           Net charge
       1     Ti       1         10.948984                              1.051016
       2     Ti       1         10.964122                              1.035878
       3     Ti       1         10.929092                              1.070908
       4     Ti       1         10.936573                              1.063427
       5     Ti       1         10.982122                              1.017878
       6     Ti       1         10.965177                              1.034823
       7     Ti       1         10.942701                              1.057299
       8     Ti       1         10.950616                              1.049384
       9     H        2          0.933157                              0.066843
      10     H        2          0.925187                              0.074813
      11     H        2          0.936308                              0.063692
      12     H        2          0.925033                              0.074967
      13     H        2          0.931995                              0.068005
      14     H        2          0.934401                              0.065599
      15     H        2          0.926270                              0.073730
      16     H        2          0.930813                              0.069187
      17     H        2          0.928399                              0.071601
      18     H        2          0.927212                              0.072788
      19     H        2          0.929506                              0.070494
      20     H        2          0.924949                              0.075051
      21     H        2          0.827502                              0.172498
      22     H        2          0.827830                              0.172170
      23     H        2          0.923951                              0.076049
      24     H        2          0.927563                              0.072437
      25     H        2          0.932379                              0.067621
      26     H        2          0.922758                              0.077242
      27     H        2          0.921999                              0.078001
      28     H        2          0.927901                              0.072099
      29     H        2          0.889086                              0.110914
      30     H        2          0.900217                              0.099783
      31     H        2          0.835971                              0.164029
      32     H        2          0.837311                              0.162689
      33     H        2          0.879497                              0.120503
      34     H        2          0.887335                              0.112665
      35     H        2          0.891347                              0.108653
      36     H        2          0.887834                              0.112166
      37     H        2          0.880546                              0.119454
      38     H        2          0.887975                              0.112025
      39     H        2          0.940437                              0.059563
      40     H        2          0.923054                              0.076946
      41     H        2          0.944242                              0.055758
      42     H        2          0.908511                              0.091489
      43     C        3          3.771775                              0.228225
      44     C        3          3.769665                              0.230335
      45     C        3          3.773900                              0.226100
      46     C        3          3.768166                              0.231834
      47     C        3          4.057255                             -0.057255
      48     C        3          4.026065                             -0.026065
      49     C        3          4.056144                             -0.056144
      50     C        3          4.028803                             -0.028803
      51     C        3          3.981617                              0.018383
      52     C        3          4.031964                             -0.031964
      53     C        3          3.977107                              0.022893
      54     C        3          4.034635                             -0.034635
      55     C        3          4.042090                             -0.042090
      56     C        3          4.012246                             -0.012246
      57     C        3          4.005723                             -0.005723
      58     C        3          4.041454                             -0.041454
      59     C        3          4.032125                             -0.032125
      60     C        3          4.046502                             -0.046502
      61     C        3          4.041631                             -0.041631
      62     C        3          4.036159                             -0.036159
      63     C        3          4.025084                             -0.025084
      64     C        3          4.065932                             -0.065932
      65     C        3          4.048310                             -0.048310
      66     C        3          4.026241                             -0.026241
      67     C        3          3.776426                              0.223574
      68     C        3          3.776976                              0.223024
      69     C        3          3.786086                              0.213914
      70     C        3          3.800248                              0.199752
      71     C        3          3.809800                              0.190200
      72     C        3          3.787987                              0.212013
      73     C        3          4.009925                             -0.009925
      74     C        3          4.037134                             -0.037134
      75     C        3          4.042477                             -0.042477
      76     C        3          4.010889                             -0.010889
      77     C        3          4.033075                             -0.033075
      78     C        3          4.024231                             -0.024231
      79     C        3          4.021270                             -0.021270
      80     C        3          4.046311                             -0.046311
      81     C        3          4.048405                             -0.048405
      82     C        3          4.000441                             -0.000441
      83     C        3          4.017620                             -0.017620
      84     C        3          4.036751                             -0.036751
      85     C        3          3.978153                              0.021847
      86     C        3          4.021281                             -0.021281
      87     C        3          4.020372                             -0.020372
      88     C        3          3.997976                              0.002024
      89     N        4          5.012600                             -0.012600
      90     N        4          5.064733                             -0.064733
      91     N        4          5.035078                             -0.035078
      92     N        4          5.035807                             -0.035807
      93     O        5          6.356925                             -0.356925
      94     O        5          6.313441                             -0.313441
      95     O        5          6.321396                             -0.321396
      96     O        5          6.287338                             -0.287338
      97     O        5          6.318915                             -0.318915
      98     O        5          6.328665                             -0.328665
      99     O        5          6.291859                             -0.291859
     100     O        5          6.279656                             -0.279656
     101     O        5          6.457904                             -0.457904
     102     O        5          6.502234                             -0.502234
     103     O        5          6.502180                             -0.502180
     104     O        5          6.456520                             -0.456520
     105     O        5          6.460189                             -0.460189
     106     O        5          6.513429                             -0.513429
     107     O        5          6.507653                             -0.507653
     108     O        5          6.456855                             -0.456855
     109     O        5          6.362881                             -0.362881
     110     O        5          6.355026                             -0.355026
     111     O        5          6.333680                             -0.333680
     112     O        5          6.337863                             -0.337863
     113     O        5          6.406412                             -0.406412
     114     O        5          6.300366                             -0.300366
     115     O        5          6.357233                             -0.357233
     116     O        5          6.353374                             -0.353374
     117     O        5          6.304446                             -0.304446
     118     O        5          6.323354                             -0.323354
     119     O        5          6.302082                             -0.302082
     120     O        5          6.379097                             -0.379097
     121     O        5          6.540649                             -0.540649
     122     O        5          6.535533                             -0.535533
     123     O        5          6.510693                             -0.510693
     124     O        5          6.503957                             -0.503957
     125     N        4          4.869436                              0.130564
     126     N        4          4.833455                              0.166545
     127     C        3          3.910780                              0.089220
     128     C        3          3.978118                              0.021882
     129     C        3          4.168713                             -0.168713
     130     H        2          0.926567                              0.073433
     131     H        2          0.932348                              0.067652
     132     H        2          0.911374                              0.088626
     133     H        2          0.910787                              0.089213
     134     H        2          0.907453                              0.092547
     135     C        3          3.978709                              0.021291
     136     C        3          4.129818                             -0.129818
     137     H        2          0.916091                              0.083909
     138     H        2          0.909855                              0.090145
     139     H        2          0.916848                              0.083152
     140     C        3          4.260540                             -0.260540
     141     H        2          0.916659                              0.083341
     142     H        2          0.929754                              0.070246
     143     H        2          0.907621                              0.092379
     144     C        3          4.104086                             -0.104086
     145     C        3          4.154496                             -0.154496
     146     H        2          0.908099                              0.091901
     147     H        2          0.911488                              0.088512
     148     H        2          0.915208                              0.084792
     149     H        2          0.939681                              0.060319
     150     F        6          6.985098                              0.014902
     151     F        6          6.925427                              0.074573
     152     F        6          7.209906                             -0.209906
     153     F        6          6.990750                              0.009250
     154     O        5          6.453778                             -0.453778
     155     C        3          3.849026                              0.150974
     156     F        6          7.057893                             -0.057893
     157     C        3          3.803257                              0.196743
     158     F        6          7.186432                             -0.186432
     159     S        7          6.395896                             -0.395896
     160     S        7          6.329323                             -0.329323
     161     O        5          5.844528                              0.155472
     162     O        5          5.699702                              0.300298
     163     O        5          6.166189                             -0.166189
     164     N        4          4.982497                              0.017503
 # Total charge                            674.000000                  0.000000

 !-----------------------------------------------------------------------------!

 !-----------------------------------------------------------------------------!
                           Hirshfeld Charges

  #Atom  Element  Kind  Ref Charge     Population                    Net charge
      1       Ti     1      12.000         13.350                        -1.350
      2       Ti     1      12.000         13.377                        -1.377
      3       Ti     1      12.000         13.175                        -1.175
      4       Ti     1      12.000         13.182                        -1.182
      5       Ti     1      12.000         13.427                        -1.427
      6       Ti     1      12.000         13.413                        -1.413
      7       Ti     1      12.000         13.190                        -1.190
      8       Ti     1      12.000         13.233                        -1.233
      9       H      2       1.000          0.547                         0.453
     10       H      2       1.000          0.543                         0.457
     11       H      2       1.000          0.550                         0.450
     12       H      2       1.000          0.539                         0.461
     13       H      2       1.000          0.546                         0.454
     14       H      2       1.000          0.543                         0.457
     15       H      2       1.000          0.541                         0.459
     16       H      2       1.000          0.541                         0.459
     17       H      2       1.000          0.545                         0.455
     18       H      2       1.000          0.544                         0.456
     19       H      2       1.000          0.543                         0.457
     20       H      2       1.000          0.546                         0.454
     21       H      2       1.000          0.419                         0.581
     22       H      2       1.000          0.419                         0.581
     23       H      2       1.000          0.543                         0.457
     24       H      2       1.000          0.543                         0.457
     25       H      2       1.000          0.546                         0.454
     26       H      2       1.000          0.544                         0.456
     27       H      2       1.000          0.537                         0.463
     28       H      2       1.000          0.545                         0.455
     29       H      2       1.000          0.462                         0.538
     30       H      2       1.000          0.489                         0.511
     31       H      2       1.000          0.418                         0.582
     32       H      2       1.000          0.419                         0.581
     33       H      2       1.000          0.481                         0.519
     34       H      2       1.000          0.465                         0.535
     35       H      2       1.000          0.476                         0.524
     36       H      2       1.000          0.463                         0.537
     37       H      2       1.000          0.476                         0.524
     38       H      2       1.000          0.462                         0.538
     39       H      2       1.000          0.545                         0.455
     40       H      2       1.000          0.542                         0.458
     41       H      2       1.000          0.547                         0.453
     42       H      2       1.000          0.545                         0.455
     43       C      3       4.000          3.470                         0.530
     44       C      3       4.000          3.456                         0.544
     45       C      3       4.000          3.473                         0.527
     46       C      3       4.000          3.459                         0.541
     47       C      3       4.000          4.026                        -0.026
     48       C      3       4.000          3.984                         0.016
     49       C      3       4.000          4.026                        -0.026
     50       C      3       4.000          3.987                         0.013
     51       C      3       4.000          3.860                         0.140
     52       C      3       4.000          4.411                        -0.411
     53       C      3       4.000          3.859                         0.141
     54       C      3       4.000          4.413                        -0.413
     55       C      3       4.000          4.407                        -0.407
     56       C      3       4.000          4.381                        -0.381
     57       C      3       4.000          4.372                        -0.372
     58       C      3       4.000          4.416                        -0.416
     59       C      3       4.000          3.998                         0.002
     60       C      3       4.000          4.356                        -0.356
     61       C      3       4.000          4.336                        -0.336
     62       C      3       4.000          3.997                         0.003
     63       C      3       4.000          3.990                         0.010
     64       C      3       4.000          4.039                        -0.039
     65       C      3       4.000          4.026                        -0.026
     66       C      3       4.000          3.993                         0.007
     67       C      3       4.000          3.462                         0.538
     68       C      3       4.000          3.462                         0.538
     69       C      3       4.000          3.482                         0.518
     70       C      3       4.000          3.540                         0.460
     71       C      3       4.000          3.554                         0.446
     72       C      3       4.000          3.484                         0.516
     73       C      3       4.000          4.371                        -0.371
     74       C      3       4.000          4.412                        -0.412
     75       C      3       4.000          4.404                        -0.404
     76       C      3       4.000          4.364                        -0.364
     77       C      3       4.000          4.404                        -0.404
     78       C      3       4.000          4.388                        -0.388
     79       C      3       4.000          4.380                        -0.380
     80       C      3       4.000          4.431                        -0.431
     81       C      3       4.000          4.372                        -0.372
     82       C      3       4.000          4.367                        -0.367
     83       C      3       4.000          4.382                        -0.382
     84       C      3       4.000          4.389                        -0.389
     85       C      3       4.000          3.873                         0.127
     86       C      3       4.000          4.393                        -0.393
     87       C      3       4.000          4.411                        -0.411
     88       C      3       4.000          3.880                         0.120
     89       N      4       5.000          5.900                        -0.900
     90       N      4       5.000          5.947                        -0.947
     91       N      4       5.000          5.915                        -0.915
     92       N      4       5.000          5.907                        -0.907
     93       O      5       6.000          6.169                        -0.169
     94       O      5       6.000          6.114                        -0.114
     95       O      5       6.000          6.166                        -0.166
     96       O      5       6.000          6.127                        -0.127
     97       O      5       6.000          6.119                        -0.119
     98       O      5       6.000          6.121                        -0.121
     99       O      5       6.000          6.105                        -0.105
    100       O      5       6.000          6.107                        -0.107
    101       O      5       6.000          5.708                         0.292
    102       O      5       6.000          5.728                         0.272
    103       O      5       6.000          5.732                         0.268
    104       O      5       6.000          5.700                         0.300
    105       O      5       6.000          5.685                         0.315
    106       O      5       6.000          5.763                         0.237
    107       O      5       6.000          5.755                         0.245
    108       O      5       6.000          5.686                         0.314
    109       O      5       6.000          6.127                        -0.127
    110       O      5       6.000          6.111                        -0.111
    111       O      5       6.000          6.123                        -0.123
    112       O      5       6.000          6.085                        -0.085
    113       O      5       6.000          6.117                        -0.117
    114       O      5       6.000          6.076                        -0.076
    115       O      5       6.000          6.113                        -0.113
    116       O      5       6.000          6.116                        -0.116
    117       O      5       6.000          6.028                        -0.028
    118       O      5       6.000          6.104                        -0.104
    119       O      5       6.000          6.076                        -0.076
    120       O      5       6.000          6.058                        -0.058
    121       O      5       6.000          5.990                         0.010
    122       O      5       6.000          5.990                         0.010
    123       O      5       6.000          6.053                        -0.053
    124       O      5       6.000          6.033                        -0.033
    125       N      4       5.000          5.156                        -0.156
    126       N      4       5.000          5.136                        -0.136
    127       C      3       4.000          4.180                        -0.180
    128       C      3       4.000          4.267                        -0.267
    129       C      3       4.000          4.952                        -0.952
    130       H      2       1.000          0.525                         0.475
    131       H      2       1.000          0.527                         0.473
    132       H      2       1.000          0.543                         0.457
    133       H      2       1.000          0.536                         0.464
    134       H      2       1.000          0.543                         0.457
    135       C      3       4.000          4.284                        -0.284
    136       C      3       4.000          4.780                        -0.780
    137       H      2       1.000          0.556                         0.444
    138       H      2       1.000          0.551                         0.449
    139       H      2       1.000          0.566                         0.434
    140       C      3       4.000          5.283                        -1.283
    141       H      2       1.000          0.556                         0.444
    142       H      2       1.000          0.565                         0.435
    143       H      2       1.000          0.552                         0.448
    144       C      3       4.000          4.558                        -0.558
    145       C      3       4.000          4.779                        -0.779
    146       H      2       1.000          0.546                         0.454
    147       H      2       1.000          0.554                         0.446
    148       H      2       1.000          0.560                         0.440
    149       H      2       1.000          0.528                         0.472
    150       F      6       7.000          7.218                        -0.218
    151       F      6       7.000          7.189                        -0.189
    152       F      6       7.000          7.375                        -0.375
    153       F      6       7.000          7.223                        -0.223
    154       O      5       6.000          6.486                        -0.486
    155       C      3       4.000          3.229                         0.771
    156       F      6       7.000          7.279                        -0.279
    157       C      3       4.000          3.216                         0.784
    158       F      6       7.000          7.348                        -0.348
    159       S      7       6.000          5.513                         0.487
    160       S      7       6.000          5.420                         0.580
    161       O      5       6.000          6.445                        -0.445
    162       O      5       6.000          6.381                        -0.381
    163       O      5       6.000          6.440                        -0.440
    164       N      4       5.000          5.249                        -0.249

  Total Charge                                                            0.050
 !-----------------------------------------------------------------------------!

 ENERGY| Total FORCE_EVAL ( QS ) energy [hartree]          -1625.760979324084246

 *******************************************************************************
 **                 BAND EVALUATION OF ENERGIES AND FORCES                    **
 *******************************************************************************
 **                                                                           **
 **                                                                           **
 ** Replica Env Nr. :    1              Replica Band Nr. :    9               **
 ** Band  Step  Nr. :    0                                                    **
 *******************************************************************************

 Number of electrons:                                                        674
 Number of occupied orbitals:                                                366
 Number of molecular orbitals:                                               437

 Number of orbital functions:                                               1844
 Number of independent orbital functions:                                   1844

 Parameters for the always stable predictor-corrector (ASPC) method:

  ASPC order: 0

  B(1) =   1.000000

 *** WARNING in fm/cp_fm_elpa.F:521 :: Setting real_kernel for ELPA failed ***


 Extrapolation method: ASPC


 SCF WAVEFUNCTION OPTIMIZATION

  Step     Update method      Time    Convergence         Total energy    Change
  ------------------------------------------------------------------------------

 *** WARNING in fm/cp_fm_elpa.F:521 :: Setting real_kernel for ELPA failed ***

     1 Broy./Diag. 0.15E+00    9.3     0.00020501     -1625.7608457198 -1.63E+03

 *** WARNING in fm/cp_fm_elpa.F:521 :: Setting real_kernel for ELPA failed ***

     2 Broy./Diag. 0.15E+00   13.1     0.00014657     -1625.7591561711  1.69E-03

 *** WARNING in fm/cp_fm_elpa.F:521 :: Setting real_kernel for ELPA failed ***

     3 Broy./Diag. 0.15E+00   13.1     0.00003747     -1625.7600594067 -9.03E-04

  *** SCF run converged in     3 steps ***


  Electronic density on regular grids:       -673.9999999303        0.0000000697
  Core density on regular grids:              673.9999999671       -0.0000000329
  Total charge density on r-space grids:        0.0000000368
  Total charge density g-space grids:           0.0000000368

  Overlap energy of the core charge distribution:               0.00053095058775
  Self energy of the core charge distribution:              -3774.19779000501012
  Core Hamiltonian energy:                                   1084.74783912947305
  Hartree energy:                                            1417.01542696656406
  Exchange-correlation energy:                               -353.09510259432790
  Dispersion energy:                                           -0.22499236743286
  Electronic entropic energy:                                  -0.00596997138402
  Fermi energy:                                                -0.00698008540498

  Total energy:                                             -1625.76005940673326

 !-----------------------------------------------------------------------------!
                     Mulliken Population Analysis

 #  Atom  Element  Kind  Atomic population                           Net charge
       1     Ti       1         10.948975                              1.051025
       2     Ti       1         10.964170                              1.035830
       3     Ti       1         10.929136                              1.070864
       4     Ti       1         10.936609                              1.063391
       5     Ti       1         10.982091                              1.017909
       6     Ti       1         10.965225                              1.034775
       7     Ti       1         10.942705                              1.057295
       8     Ti       1         10.950687                              1.049313
       9     H        2          0.933161                              0.066839
      10     H        2          0.925186                              0.074814
      11     H        2          0.936299                              0.063701
      12     H        2          0.925021                              0.074979
      13     H        2          0.931989                              0.068011
      14     H        2          0.934385                              0.065615
      15     H        2          0.926277                              0.073723
      16     H        2          0.930803                              0.069197
      17     H        2          0.928395                              0.071605
      18     H        2          0.927212                              0.072788
      19     H        2          0.929493                              0.070507
      20     H        2          0.924929                              0.075071
      21     H        2          0.827517                              0.172483
      22     H        2          0.827849                              0.172151
      23     H        2          0.923957                              0.076043
      24     H        2          0.927555                              0.072445
      25     H        2          0.932370                              0.067630
      26     H        2          0.922752                              0.077248
      27     H        2          0.921989                              0.078011
      28     H        2          0.927900                              0.072100
      29     H        2          0.889085                              0.110915
      30     H        2          0.900206                              0.099794
      31     H        2          0.835996                              0.164004
      32     H        2          0.837336                              0.162664
      33     H        2          0.879481                              0.120519
      34     H        2          0.887338                              0.112662
      35     H        2          0.891343                              0.108657
      36     H        2          0.887847                              0.112153
      37     H        2          0.880534                              0.119466
      38     H        2          0.887972                              0.112028
      39     H        2          0.940451                              0.059549
      40     H        2          0.923041                              0.076959
      41     H        2          0.944265                              0.055735
      42     H        2          0.908522                              0.091478
      43     C        3          3.771780                              0.228220
      44     C        3          3.769636                              0.230364
      45     C        3          3.773897                              0.226103
      46     C        3          3.768151                              0.231849
      47     C        3          4.057257                             -0.057257
      48     C        3          4.026028                             -0.026028
      49     C        3          4.056138                             -0.056138
      50     C        3          4.028788                             -0.028788
      51     C        3          3.981606                              0.018394
      52     C        3          4.031930                             -0.031930
      53     C        3          3.977083                              0.022917
      54     C        3          4.034631                             -0.034631
      55     C        3          4.042062                             -0.042062
      56     C        3          4.012253                             -0.012253
      57     C        3          4.005709                             -0.005709
      58     C        3          4.041430                             -0.041430
      59     C        3          4.032128                             -0.032128
      60     C        3          4.046514                             -0.046514
      61     C        3          4.041665                             -0.041665
      62     C        3          4.036153                             -0.036153
      63     C        3          4.025057                             -0.025057
      64     C        3          4.065910                             -0.065910
      65     C        3          4.048313                             -0.048313
      66     C        3          4.026225                             -0.026225
      67     C        3          3.776432                              0.223568
      68     C        3          3.776975                              0.223025
      69     C        3          3.786079                              0.213921
      70     C        3          3.800230                              0.199770
      71     C        3          3.809825                              0.190175
      72     C        3          3.787971                              0.212029
      73     C        3          4.009897                             -0.009897
      74     C        3          4.037144                             -0.037144
      75     C        3          4.042464                             -0.042464
      76     C        3          4.010893                             -0.010893
      77     C        3          4.033049                             -0.033049
      78     C        3          4.024202                             -0.024202
      79     C        3          4.021281                             -0.021281
      80     C        3          4.046275                             -0.046275
      81     C        3          4.048429                             -0.048429
      82     C        3          4.000405                             -0.000405
      83     C        3          4.017622                             -0.017622
      84     C        3          4.036728                             -0.036728
      85     C        3          3.978144                              0.021856
      86     C        3          4.021270                             -0.021270
      87     C        3          4.020344                             -0.020344
      88     C        3          3.997947                              0.002053
      89     N        4          5.012574                             -0.012574
      90     N        4          5.064728                             -0.064728
      91     N        4          5.035094                             -0.035094
      92     N        4          5.035778                             -0.035778
      93     O        5          6.356947                             -0.356947
      94     O        5          6.313412                             -0.313412
      95     O        5          6.321387                             -0.321387
      96     O        5          6.287326                             -0.287326
      97     O        5          6.318904                             -0.318904
      98     O        5          6.328677                             -0.328677
      99     O        5          6.291859                             -0.291859
     100     O        5          6.279625                             -0.279625
     101     O        5          6.457950                             -0.457950
     102     O        5          6.502247                             -0.502247
     103     O        5          6.502255                             -0.502255
     104     O        5          6.456516                             -0.456516
     105     O        5          6.460224                             -0.460224
     106     O        5          6.513470                             -0.513470
     107     O        5          6.507705                             -0.507705
     108     O        5          6.456878                             -0.456878
     109     O        5          6.362899                             -0.362899
     110     O        5          6.355005                             -0.355005
     111     O        5          6.333667                             -0.333667
     112     O        5          6.337859                             -0.337859
     113     O        5          6.406429                             -0.406429
     114     O        5          6.300358                             -0.300358
     115     O        5          6.357242                             -0.357242
     116     O        5          6.353371                             -0.353371
     117     O        5          6.304473                             -0.304473
     118     O        5          6.323326                             -0.323326
     119     O        5          6.302077                             -0.302077
     120     O        5          6.379081                             -0.379081
     121     O        5          6.540700                             -0.540700
     122     O        5          6.535567                             -0.535567
     123     O        5          6.510761                             -0.510761
     124     O        5          6.503999                             -0.503999
     125     N        4          4.869454                              0.130546
     126     N        4          4.833453                              0.166547
     127     C        3          3.910827                              0.089173
     128     C        3          3.978088                              0.021912
     129     C        3          4.168703                             -0.168703
     130     H        2          0.926585                              0.073415
     131     H        2          0.932332                              0.067668
     132     H        2          0.911358                              0.088642
     133     H        2          0.910792                              0.089208
     134     H        2          0.907450                              0.092550
     135     C        3          3.978707                              0.021293
     136     C        3          4.129824                             -0.129824
     137     H        2          0.916108                              0.083892
     138     H        2          0.909860                              0.090140
     139     H        2          0.916852                              0.083148
     140     C        3          4.260531                             -0.260531
     141     H        2          0.916657                              0.083343
     142     H        2          0.929741                              0.070259
     143     H        2          0.907614                              0.092386
     144     C        3          4.104102                             -0.104102
     145     C        3          4.154491                             -0.154491
     146     H        2          0.908115                              0.091885
     147     H        2          0.911485                              0.088515
     148     H        2          0.915208                              0.084792
     149     H        2          0.939678                              0.060322
     150     F        6          6.985090                              0.014910
     151     F        6          6.925424                              0.074576
     152     F        6          7.209916                             -0.209916
     153     F        6          6.990747                              0.009253
     154     O        5          6.453760                             -0.453760
     155     C        3          3.849021                              0.150979
     156     F        6          7.057882                             -0.057882
     157     C        3          3.803248                              0.196752
     158     F        6          7.186438                             -0.186438
     159     S        7          6.395955                             -0.395955
     160     S        7          6.329389                             -0.329389
     161     O        5          5.844480                              0.155520
     162     O        5          5.699606                              0.300394
     163     O        5          6.166199                             -0.166199
     164     N        4          4.982458                              0.017542
 # Total charge                            674.000000                  0.000000

 !-----------------------------------------------------------------------------!

 !-----------------------------------------------------------------------------!
                           Hirshfeld Charges

  #Atom  Element  Kind  Ref Charge     Population                    Net charge
      1       Ti     1      12.000         13.350                        -1.350
      2       Ti     1      12.000         13.377                        -1.377
      3       Ti     1      12.000         13.175                        -1.175
      4       Ti     1      12.000         13.182                        -1.182
      5       Ti     1      12.000         13.427                        -1.427
      6       Ti     1      12.000         13.413                        -1.413
      7       Ti     1      12.000         13.190                        -1.190
      8       Ti     1      12.000         13.233                        -1.233
      9       H      2       1.000          0.547                         0.453
     10       H      2       1.000          0.543                         0.457
     11       H      2       1.000          0.550                         0.450
     12       H      2       1.000          0.539                         0.461
     13       H      2       1.000          0.546                         0.454
     14       H      2       1.000          0.543                         0.457
     15       H      2       1.000          0.541                         0.459
     16       H      2       1.000          0.541                         0.459
     17       H      2       1.000          0.545                         0.455
     18       H      2       1.000          0.544                         0.456
     19       H      2       1.000          0.543                         0.457
     20       H      2       1.000          0.546                         0.454
     21       H      2       1.000          0.419                         0.581
     22       H      2       1.000          0.419                         0.581
     23       H      2       1.000          0.543                         0.457
     24       H      2       1.000          0.543                         0.457
     25       H      2       1.000          0.546                         0.454
     26       H      2       1.000          0.544                         0.456
     27       H      2       1.000          0.537                         0.463
     28       H      2       1.000          0.545                         0.455
     29       H      2       1.000          0.462                         0.538
     30       H      2       1.000          0.489                         0.511
     31       H      2       1.000          0.418                         0.582
     32       H      2       1.000          0.419                         0.581
     33       H      2       1.000          0.481                         0.519
     34       H      2       1.000          0.465                         0.535
     35       H      2       1.000          0.476                         0.524
     36       H      2       1.000          0.463                         0.537
     37       H      2       1.000          0.476                         0.524
     38       H      2       1.000          0.462                         0.538
     39       H      2       1.000          0.545                         0.455
     40       H      2       1.000          0.542                         0.458
     41       H      2       1.000          0.547                         0.453
     42       H      2       1.000          0.545                         0.455
     43       C      3       4.000          3.470                         0.530
     44       C      3       4.000          3.456                         0.544
     45       C      3       4.000          3.473                         0.527
     46       C      3       4.000          3.459                         0.541
     47       C      3       4.000          4.026                        -0.026
     48       C      3       4.000          3.984                         0.016
     49       C      3       4.000          4.026                        -0.026
     50       C      3       4.000          3.987                         0.013
     51       C      3       4.000          3.860                         0.140
     52       C      3       4.000          4.411                        -0.411
     53       C      3       4.000          3.859                         0.141
     54       C      3       4.000          4.413                        -0.413
     55       C      3       4.000          4.407                        -0.407
     56       C      3       4.000          4.381                        -0.381
     57       C      3       4.000          4.372                        -0.372
     58       C      3       4.000          4.416                        -0.416
     59       C      3       4.000          3.998                         0.002
     60       C      3       4.000          4.356                        -0.356
     61       C      3       4.000          4.336                        -0.336
     62       C      3       4.000          3.997                         0.003
     63       C      3       4.000          3.990                         0.010
     64       C      3       4.000          4.039                        -0.039
     65       C      3       4.000          4.026                        -0.026
     66       C      3       4.000          3.993                         0.007
     67       C      3       4.000          3.462                         0.538
     68       C      3       4.000          3.462                         0.538
     69       C      3       4.000          3.482                         0.518
     70       C      3       4.000          3.540                         0.460
     71       C      3       4.000          3.554                         0.446
     72       C      3       4.000          3.484                         0.516
     73       C      3       4.000          4.371                        -0.371
     74       C      3       4.000          4.412                        -0.412
     75       C      3       4.000          4.404                        -0.404
     76       C      3       4.000          4.364                        -0.364
     77       C      3       4.000          4.404                        -0.404
     78       C      3       4.000          4.388                        -0.388
     79       C      3       4.000          4.380                        -0.380
     80       C      3       4.000          4.431                        -0.431
     81       C      3       4.000          4.372                        -0.372
     82       C      3       4.000          4.367                        -0.367
     83       C      3       4.000          4.382                        -0.382
     84       C      3       4.000          4.389                        -0.389
     85       C      3       4.000          3.873                         0.127
     86       C      3       4.000          4.393                        -0.393
     87       C      3       4.000          4.411                        -0.411
     88       C      3       4.000          3.880                         0.120
     89       N      4       5.000          5.900                        -0.900
     90       N      4       5.000          5.947                        -0.947
     91       N      4       5.000          5.915                        -0.915
     92       N      4       5.000          5.907                        -0.907
     93       O      5       6.000          6.169                        -0.169
     94       O      5       6.000          6.114                        -0.114
     95       O      5       6.000          6.166                        -0.166
     96       O      5       6.000          6.127                        -0.127
     97       O      5       6.000          6.119                        -0.119
     98       O      5       6.000          6.121                        -0.121
     99       O      5       6.000          6.105                        -0.105
    100       O      5       6.000          6.107                        -0.107
    101       O      5       6.000          5.708                         0.292
    102       O      5       6.000          5.728                         0.272
    103       O      5       6.000          5.732                         0.268
    104       O      5       6.000          5.700                         0.300
    105       O      5       6.000          5.685                         0.315
    106       O      5       6.000          5.763                         0.237
    107       O      5       6.000          5.755                         0.245
    108       O      5       6.000          5.686                         0.314
    109       O      5       6.000          6.127                        -0.127
    110       O      5       6.000          6.111                        -0.111
    111       O      5       6.000          6.123                        -0.123
    112       O      5       6.000          6.085                        -0.085
    113       O      5       6.000          6.117                        -0.117
    114       O      5       6.000          6.076                        -0.076
    115       O      5       6.000          6.113                        -0.113
    116       O      5       6.000          6.116                        -0.116
    117       O      5       6.000          6.028                        -0.028
    118       O      5       6.000          6.104                        -0.104
    119       O      5       6.000          6.076                        -0.076
    120       O      5       6.000          6.058                        -0.058
    121       O      5       6.000          5.991                         0.009
    122       O      5       6.000          5.990                         0.010
    123       O      5       6.000          6.054                        -0.054
    124       O      5       6.000          6.033                        -0.033
    125       N      4       5.000          5.156                        -0.156
    126       N      4       5.000          5.136                        -0.136
    127       C      3       4.000          4.180                        -0.180
    128       C      3       4.000          4.267                        -0.267
    129       C      3       4.000          4.952                        -0.952
    130       H      2       1.000          0.525                         0.475
    131       H      2       1.000          0.527                         0.473
    132       H      2       1.000          0.543                         0.457
    133       H      2       1.000          0.536                         0.464
    134       H      2       1.000          0.543                         0.457
    135       C      3       4.000          4.284                        -0.284
    136       C      3       4.000          4.781                        -0.781
    137       H      2       1.000          0.556                         0.444
    138       H      2       1.000          0.551                         0.449
    139       H      2       1.000          0.566                         0.434
    140       C      3       4.000          5.283                        -1.283
    141       H      2       1.000          0.556                         0.444
    142       H      2       1.000          0.565                         0.435
    143       H      2       1.000          0.552                         0.448
    144       C      3       4.000          4.558                        -0.558
    145       C      3       4.000          4.779                        -0.779
    146       H      2       1.000          0.546                         0.454
    147       H      2       1.000          0.554                         0.446
    148       H      2       1.000          0.560                         0.440
    149       H      2       1.000          0.528                         0.472
    150       F      6       7.000          7.218                        -0.218
    151       F      6       7.000          7.189                        -0.189
    152       F      6       7.000          7.375                        -0.375
    153       F      6       7.000          7.223                        -0.223
    154       O      5       6.000          6.486                        -0.486
    155       C      3       4.000          3.229                         0.771
    156       F      6       7.000          7.279                        -0.279
    157       C      3       4.000          3.216                         0.784
    158       F      6       7.000          7.348                        -0.348
    159       S      7       6.000          5.513                         0.487
    160       S      7       6.000          5.420                         0.580
    161       O      5       6.000          6.445                        -0.445
    162       O      5       6.000          6.381                        -0.381
    163       O      5       6.000          6.440                        -0.440
    164       N      4       5.000          5.249                        -0.249

  Total Charge                                                            0.050
 !-----------------------------------------------------------------------------!

 ENERGY| Total FORCE_EVAL ( QS ) energy [hartree]          -1625.760845698499907

 *******************************************************************************
 **                 BAND EVALUATION OF ENERGIES AND FORCES                    **
 *******************************************************************************
 **                                                                           **
 **                                                                           **
 ** Replica Env Nr. :    1              Replica Band Nr. :    9               **
 ** Band  Step  Nr. :    1                                                    **
 *******************************************************************************

 Number of electrons:                                                        674
 Number of occupied orbitals:                                                366
 Number of molecular orbitals:                                               437

 Number of orbital functions:                                               1844
 Number of independent orbital functions:                                   1844

 Parameters for the always stable predictor-corrector (ASPC) method:

  ASPC order: 1

  B(1) =   2.500000
  B(2) =  -2.000000
  B(3) =   0.500000

 *** WARNING in fm/cp_fm_elpa.F:521 :: Setting real_kernel for ELPA failed ***


 Extrapolation method: ASPC


 SCF WAVEFUNCTION OPTIMIZATION

  Step     Update method      Time    Convergence         Total energy    Change
  ------------------------------------------------------------------------------

 *** WARNING in fm/cp_fm_elpa.F:521 :: Setting real_kernel for ELPA failed ***

     1 Broy./Diag. 0.15E+00    9.5     0.00045018     -1625.7609791505 -1.63E+03

 *** WARNING in fm/cp_fm_elpa.F:521 :: Setting real_kernel for ELPA failed ***

     2 Broy./Diag. 0.15E+00   12.9     0.00037400     -1625.7588067010  2.17E-03

 *** WARNING in fm/cp_fm_elpa.F:521 :: Setting real_kernel for ELPA failed ***

     3 Broy./Diag. 0.15E+00   13.5     0.00015729     -1625.7598868375 -1.08E-03

 *** WARNING in fm/cp_fm_elpa.F:521 :: Setting real_kernel for ELPA failed ***

     4 Broy./Diag. 0.15E+00   13.3     0.00008345     -1625.7605136628 -6.27E-04

 *** WARNING in fm/cp_fm_elpa.F:521 :: Setting real_kernel for ELPA failed ***

     5 Broy./Diag. 0.15E+00   13.6     0.00002081     -1625.7613168610 -8.03E-04

  *** SCF run converged in     5 steps ***


  Electronic density on regular grids:       -673.9999999303        0.0000000697
  Core density on regular grids:              673.9999999671       -0.0000000329
  Total charge density on r-space grids:        0.0000000368
  Total charge density g-space grids:           0.0000000368

  Overlap energy of the core charge distribution:               0.00053078203724
  Self energy of the core charge distribution:              -3774.19779000501012
  Core Hamiltonian energy:                                   1084.74655952353328
  Hartree energy:                                            1417.01537935947772
  Exchange-correlation energy:                               -353.09503390339455
  Dispersion energy:                                           -0.22499238828537
  Electronic entropic energy:                                  -0.00596915982020
  Fermi energy:                                                -0.00698088857383

  Total energy:                                             -1625.76131686103872

 !-----------------------------------------------------------------------------!
                     Mulliken Population Analysis

 #  Atom  Element  Kind  Atomic population                           Net charge
       1     Ti       1         10.948973                              1.051027
       2     Ti       1         10.964165                              1.035835
       3     Ti       1         10.929116                              1.070884
       4     Ti       1         10.936597                              1.063403
       5     Ti       1         10.982127                              1.017873
       6     Ti       1         10.965216                              1.034784
       7     Ti       1         10.942705                              1.057295
       8     Ti       1         10.950655                              1.049345
       9     H        2          0.933161                              0.066839
      10     H        2          0.925188                              0.074812
      11     H        2          0.936299                              0.063701
      12     H        2          0.925011                              0.074989
      13     H        2          0.931983                              0.068017
      14     H        2          0.934380                              0.065620
      15     H        2          0.926274                              0.073726
      16     H        2          0.930793                              0.069207
      17     H        2          0.928392                              0.071608
      18     H        2          0.927212                              0.072788
      19     H        2          0.929490                              0.070510
      20     H        2          0.924926                              0.075074
      21     H        2          0.827519                              0.172481
      22     H        2          0.827856                              0.172144
      23     H        2          0.923952                              0.076048
      24     H        2          0.927548                              0.072452
      25     H        2          0.932360                              0.067640
      26     H        2          0.922744                              0.077256
      27     H        2          0.921979                              0.078021
      28     H        2          0.927894                              0.072106
      29     H        2          0.889081                              0.110919
      30     H        2          0.900200                              0.099800
      31     H        2          0.836007                              0.163993
      32     H        2          0.837339                              0.162661
      33     H        2          0.879476                              0.120524
      34     H        2          0.887334                              0.112666
      35     H        2          0.891341                              0.108659
      36     H        2          0.887846                              0.112154
      37     H        2          0.880526                              0.119474
      38     H        2          0.887969                              0.112031
      39     H        2          0.940451                              0.059549
      40     H        2          0.923038                              0.076962
      41     H        2          0.944266                              0.055734
      42     H        2          0.908526                              0.091474
      43     C        3          3.771768                              0.228232
      44     C        3          3.769665                              0.230335
      45     C        3          3.773893                              0.226107
      46     C        3          3.768168                              0.231832
      47     C        3          4.057247                             -0.057247
      48     C        3          4.026049                             -0.026049
      49     C        3          4.056141                             -0.056141
      50     C        3          4.028796                             -0.028796
      51     C        3          3.981603                              0.018397
      52     C        3          4.031941                             -0.031941
      53     C        3          3.977095                              0.022905
      54     C        3          4.034634                             -0.034634
      55     C        3          4.042072                             -0.042072
      56     C        3          4.012248                             -0.012248
      57     C        3          4.005712                             -0.005712
      58     C        3          4.041442                             -0.041442
      59     C        3          4.032126                             -0.032126
      60     C        3          4.046506                             -0.046506
      61     C        3          4.041642                             -0.041642
      62     C        3          4.036164                             -0.036164
      63     C        3          4.025062                             -0.025062
      64     C        3          4.065929                             -0.065929
      65     C        3          4.048309                             -0.048309
      66     C        3          4.026243                             -0.026243
      67     C        3          3.776435                              0.223565
      68     C        3          3.776982                              0.223018
      69     C        3          3.786082                              0.213918
      70     C        3          3.800231                              0.199769
      71     C        3          3.809805                              0.190195
      72     C        3          3.787991                              0.212009
      73     C        3          4.009912                             -0.009912
      74     C        3          4.037140                             -0.037140
      75     C        3          4.042473                             -0.042473
      76     C        3          4.010893                             -0.010893
      77     C        3          4.033065                             -0.033065
      78     C        3          4.024220                             -0.024220
      79     C        3          4.021281                             -0.021281
      80     C        3          4.046298                             -0.046298
      81     C        3          4.048419                             -0.048419
      82     C        3          4.000422                             -0.000422
      83     C        3          4.017625                             -0.017625
      84     C        3          4.036741                             -0.036741
      85     C        3          3.978153                              0.021847
      86     C        3          4.021275                             -0.021275
      87     C        3          4.020369                             -0.020369
      88     C        3          3.997966                              0.002034
      89     N        4          5.012578                             -0.012578
      90     N        4          5.064730                             -0.064730
      91     N        4          5.035091                             -0.035091
      92     N        4          5.035776                             -0.035776
      93     O        5          6.356933                             -0.356933
      94     O        5          6.313404                             -0.313404
      95     O        5          6.321383                             -0.321383
      96     O        5          6.287320                             -0.287320
      97     O        5          6.318895                             -0.318895
      98     O        5          6.328668                             -0.328668
      99     O        5          6.291852                             -0.291852
     100     O        5          6.279620                             -0.279620
     101     O        5          6.457940                             -0.457940
     102     O        5          6.502247                             -0.502247
     103     O        5          6.502247                             -0.502247
     104     O        5          6.456511                             -0.456511
     105     O        5          6.460218                             -0.460218
     106     O        5          6.513461                             -0.513461
     107     O        5          6.507698                             -0.507698
     108     O        5          6.456868                             -0.456868
     109     O        5          6.362893                             -0.362893
     110     O        5          6.355008                             -0.355008
     111     O        5          6.333663                             -0.333663
     112     O        5          6.337852                             -0.337852
     113     O        5          6.406422                             -0.406422
     114     O        5          6.300353                             -0.300353
     115     O        5          6.357237                             -0.357237
     116     O        5          6.353372                             -0.353372
     117     O        5          6.304464                             -0.304464
     118     O        5          6.323330                             -0.323330
     119     O        5          6.302070                             -0.302070
     120     O        5          6.379081                             -0.379081
     121     O        5          6.540697                             -0.540697
     122     O        5          6.535567                             -0.535567
     123     O        5          6.510758                             -0.510758
     124     O        5          6.503998                             -0.503998
     125     N        4          4.869448                              0.130552
     126     N        4          4.833451                              0.166549
     127     C        3          3.910805                              0.089195
     128     C        3          3.978111                              0.021889
     129     C        3          4.168703                             -0.168703
     130     H        2          0.926592                              0.073408
     131     H        2          0.932335                              0.067665
     132     H        2          0.911361                              0.088639
     133     H        2          0.910791                              0.089209
     134     H        2          0.907450                              0.092550
     135     C        3          3.978712                              0.021288
     136     C        3          4.129825                             -0.129825
     137     H        2          0.916117                              0.083883
     138     H        2          0.909861                              0.090139
     139     H        2          0.916854                              0.083146
     140     C        3          4.260536                             -0.260536
     141     H        2          0.916653                              0.083347
     142     H        2          0.929737                              0.070263
     143     H        2          0.907610                              0.092390
     144     C        3          4.104086                             -0.104086
     145     C        3          4.154487                             -0.154487
     146     H        2          0.908123                              0.091877
     147     H        2          0.911490                              0.088510
     148     H        2          0.915213                              0.084787
     149     H        2          0.939681                              0.060319
     150     F        6          6.985096                              0.014904
     151     F        6          6.925432                              0.074568
     152     F        6          7.209909                             -0.209909
     153     F        6          6.990751                              0.009249
     154     O        5          6.453736                             -0.453736
     155     C        3          3.849027                              0.150973
     156     F        6          7.057880                             -0.057880
     157     C        3          3.803253                              0.196747
     158     F        6          7.186431                             -0.186431
     159     S        7          6.395915                             -0.395915
     160     S        7          6.329327                             -0.329327
     161     O        5          5.844529                              0.155471
     162     O        5          5.699690                              0.300310
     163     O        5          6.166187                             -0.166187
     164     N        4          4.982451                              0.017549
 # Total charge                            674.000000                  0.000000

 !-----------------------------------------------------------------------------!

 !-----------------------------------------------------------------------------!
                           Hirshfeld Charges

  #Atom  Element  Kind  Ref Charge     Population                    Net charge
      1       Ti     1      12.000         13.350                        -1.350
      2       Ti     1      12.000         13.377                        -1.377
      3       Ti     1      12.000         13.175                        -1.175
      4       Ti     1      12.000         13.182                        -1.182
      5       Ti     1      12.000         13.427                        -1.427
      6       Ti     1      12.000         13.413                        -1.413
      7       Ti     1      12.000         13.190                        -1.190
      8       Ti     1      12.000         13.233                        -1.233
      9       H      2       1.000          0.547                         0.453
     10       H      2       1.000          0.543                         0.457
     11       H      2       1.000          0.550                         0.450
     12       H      2       1.000          0.539                         0.461
     13       H      2       1.000          0.546                         0.454
     14       H      2       1.000          0.543                         0.457
     15       H      2       1.000          0.541                         0.459
     16       H      2       1.000          0.541                         0.459
     17       H      2       1.000          0.545                         0.455
     18       H      2       1.000          0.544                         0.456
     19       H      2       1.000          0.543                         0.457
     20       H      2       1.000          0.546                         0.454
     21       H      2       1.000          0.419                         0.581
     22       H      2       1.000          0.419                         0.581
     23       H      2       1.000          0.543                         0.457
     24       H      2       1.000          0.543                         0.457
     25       H      2       1.000          0.546                         0.454
     26       H      2       1.000          0.544                         0.456
     27       H      2       1.000          0.537                         0.463
     28       H      2       1.000          0.545                         0.455
     29       H      2       1.000          0.462                         0.538
     30       H      2       1.000          0.489                         0.511
     31       H      2       1.000          0.418                         0.582
     32       H      2       1.000          0.419                         0.581
     33       H      2       1.000          0.481                         0.519
     34       H      2       1.000          0.465                         0.535
     35       H      2       1.000          0.476                         0.524
     36       H      2       1.000          0.463                         0.537
     37       H      2       1.000          0.476                         0.524
     38       H      2       1.000          0.462                         0.538
     39       H      2       1.000          0.545                         0.455
     40       H      2       1.000          0.542                         0.458
     41       H      2       1.000          0.547                         0.453
     42       H      2       1.000          0.545                         0.455
     43       C      3       4.000          3.470                         0.530
     44       C      3       4.000          3.456                         0.544
     45       C      3       4.000          3.473                         0.527
     46       C      3       4.000          3.459                         0.541
     47       C      3       4.000          4.026                        -0.026
     48       C      3       4.000          3.984                         0.016
     49       C      3       4.000          4.026                        -0.026
     50       C      3       4.000          3.987                         0.013
     51       C      3       4.000          3.860                         0.140
     52       C      3       4.000          4.411                        -0.411
     53       C      3       4.000          3.859                         0.141
     54       C      3       4.000          4.413                        -0.413
     55       C      3       4.000          4.407                        -0.407
     56       C      3       4.000          4.381                        -0.381
     57       C      3       4.000          4.372                        -0.372
     58       C      3       4.000          4.416                        -0.416
     59       C      3       4.000          3.998                         0.002
     60       C      3       4.000          4.356                        -0.356
     61       C      3       4.000          4.336                        -0.336
     62       C      3       4.000          3.997                         0.003
     63       C      3       4.000          3.990                         0.010
     64       C      3       4.000          4.039                        -0.039
     65       C      3       4.000          4.026                        -0.026
     66       C      3       4.000          3.993                         0.007
     67       C      3       4.000          3.462                         0.538
     68       C      3       4.000          3.462                         0.538
     69       C      3       4.000          3.482                         0.518
     70       C      3       4.000          3.540                         0.460
     71       C      3       4.000          3.554                         0.446
     72       C      3       4.000          3.484                         0.516
     73       C      3       4.000          4.371                        -0.371
     74       C      3       4.000          4.412                        -0.412
     75       C      3       4.000          4.404                        -0.404
     76       C      3       4.000          4.364                        -0.364
     77       C      3       4.000          4.404                        -0.404
     78       C      3       4.000          4.388                        -0.388
     79       C      3       4.000          4.380                        -0.380
     80       C      3       4.000          4.431                        -0.431
     81       C      3       4.000          4.372                        -0.372
     82       C      3       4.000          4.367                        -0.367
     83       C      3       4.000          4.382                        -0.382
     84       C      3       4.000          4.389                        -0.389
     85       C      3       4.000          3.873                         0.127
     86       C      3       4.000          4.393                        -0.393
     87       C      3       4.000          4.411                        -0.411
     88       C      3       4.000          3.880                         0.120
     89       N      4       5.000          5.900                        -0.900
     90       N      4       5.000          5.947                        -0.947
     91       N      4       5.000          5.915                        -0.915
     92       N      4       5.000          5.907                        -0.907
     93       O      5       6.000          6.169                        -0.169
     94       O      5       6.000          6.114                        -0.114
     95       O      5       6.000          6.166                        -0.166
     96       O      5       6.000          6.127                        -0.127
     97       O      5       6.000          6.119                        -0.119
     98       O      5       6.000          6.121                        -0.121
     99       O      5       6.000          6.105                        -0.105
    100       O      5       6.000          6.107                        -0.107
    101       O      5       6.000          5.708                         0.292
    102       O      5       6.000          5.728                         0.272
    103       O      5       6.000          5.732                         0.268
    104       O      5       6.000          5.700                         0.300
    105       O      5       6.000          5.685                         0.315
    106       O      5       6.000          5.763                         0.237
    107       O      5       6.000          5.755                         0.245
    108       O      5       6.000          5.686                         0.314
    109       O      5       6.000          6.127                        -0.127
    110       O      5       6.000          6.111                        -0.111
    111       O      5       6.000          6.123                        -0.123
    112       O      5       6.000          6.085                        -0.085
    113       O      5       6.000          6.117                        -0.117
    114       O      5       6.000          6.076                        -0.076
    115       O      5       6.000          6.113                        -0.113
    116       O      5       6.000          6.116                        -0.116
    117       O      5       6.000          6.028                        -0.028
    118       O      5       6.000          6.104                        -0.104
    119       O      5       6.000          6.076                        -0.076
    120       O      5       6.000          6.058                        -0.058
    121       O      5       6.000          5.990                         0.010
    122       O      5       6.000          5.990                         0.010
    123       O      5       6.000          6.054                        -0.054
    124       O      5       6.000          6.033                        -0.033
    125       N      4       5.000          5.156                        -0.156
    126       N      4       5.000          5.136                        -0.136
    127       C      3       4.000          4.180                        -0.180
    128       C      3       4.000          4.267                        -0.267
    129       C      3       4.000          4.952                        -0.952
    130       H      2       1.000          0.525                         0.475
    131       H      2       1.000          0.527                         0.473
    132       H      2       1.000          0.543                         0.457
    133       H      2       1.000          0.536                         0.464
    134       H      2       1.000          0.543                         0.457
    135       C      3       4.000          4.284                        -0.284
    136       C      3       4.000          4.781                        -0.781
    137       H      2       1.000          0.556                         0.444
    138       H      2       1.000          0.551                         0.449
    139       H      2       1.000          0.566                         0.434
    140       C      3       4.000          5.283                        -1.283
    141       H      2       1.000          0.556                         0.444
    142       H      2       1.000          0.565                         0.435
    143       H      2       1.000          0.552                         0.448
    144       C      3       4.000          4.558                        -0.558
    145       C      3       4.000          4.779                        -0.779
    146       H      2       1.000          0.546                         0.454
    147       H      2       1.000          0.554                         0.446
    148       H      2       1.000          0.560                         0.440
    149       H      2       1.000          0.528                         0.472
    150       F      6       7.000          7.218                        -0.218
    151       F      6       7.000          7.189                        -0.189
    152       F      6       7.000          7.375                        -0.375
    153       F      6       7.000          7.223                        -0.223
    154       O      5       6.000          6.486                        -0.486
    155       C      3       4.000          3.229                         0.771
    156       F      6       7.000          7.279                        -0.279
    157       C      3       4.000          3.216                         0.784
    158       F      6       7.000          7.348                        -0.348
    159       S      7       6.000          5.513                         0.487
    160       S      7       6.000          5.420                         0.580
    161       O      5       6.000          6.445                        -0.445
    162       O      5       6.000          6.381                        -0.381
    163       O      5       6.000          6.440                        -0.440
    164       N      4       5.000          5.249                        -0.249

  Total Charge                                                            0.050
 !-----------------------------------------------------------------------------!

 ENERGY| Total FORCE_EVAL ( QS ) energy [hartree]          -1625.760979314315591

 *******************************************************************************
 **                 BAND EVALUATION OF ENERGIES AND FORCES                    **
 *******************************************************************************
 **                                                                           **
 **                                                                           **
 ** Replica Env Nr. :    1              Replica Band Nr. :    9               **
 ** Band  Step  Nr. :    0                                                    **
 *******************************************************************************

 Number of electrons:                                                        674
 Number of occupied orbitals:                                                366
 Number of molecular orbitals:                                               437

 Number of orbital functions:                                               1844
 Number of independent orbital functions:                                   1844

 Parameters for the always stable predictor-corrector (ASPC) method:

  ASPC order: 0

  B(1) =   1.000000

 *** WARNING in fm/cp_fm_elpa.F:521 :: Setting real_kernel for ELPA failed ***


 Extrapolation method: ASPC


 SCF WAVEFUNCTION OPTIMIZATION

  Step     Update method      Time    Convergence         Total energy    Change
  ------------------------------------------------------------------------------

 *** WARNING in fm/cp_fm_elpa.F:521 :: Setting real_kernel for ELPA failed ***

     1 Broy./Diag. 0.15E+00    8.0     0.00032060     -1625.7608457197 -1.63E+03

 *** WARNING in fm/cp_fm_elpa.F:521 :: Setting real_kernel for ELPA failed ***

     2 Broy./Diag. 0.15E+00   11.7     0.00029242     -1625.7621576988 -1.31E-03

 *** WARNING in fm/cp_fm_elpa.F:521 :: Setting real_kernel for ELPA failed ***

     3 Broy./Diag. 0.15E+00   12.1     0.00010601     -1625.7614739706  6.84E-04

 *** WARNING in fm/cp_fm_elpa.F:521 :: Setting real_kernel for ELPA failed ***

     4 Broy./Diag. 0.15E+00   12.3     0.00003408     -1625.7611454464  3.29E-04

  *** SCF run converged in     4 steps ***


  Electronic density on regular grids:       -673.9999999303        0.0000000697
  Core density on regular grids:              673.9999999671       -0.0000000329
  Total charge density on r-space grids:        0.0000000368
  Total charge density g-space grids:           0.0000000368

  Overlap energy of the core charge distribution:               0.00053095058775
  Self energy of the core charge distribution:              -3774.19779000501012
  Core Hamiltonian energy:                                   1084.74633708815577
  Hartree energy:                                            1417.01581163401625
  Exchange-correlation energy:                               -353.09507759231832
  Dispersion energy:                                           -0.22499236743286
  Electronic entropic energy:                                  -0.00596624847976
  Fermi energy:                                                -0.00697644280093

  Total energy:                                             -1625.76114544643087

 !-----------------------------------------------------------------------------!
                     Mulliken Population Analysis

 #  Atom  Element  Kind  Atomic population                           Net charge
       1     Ti       1         10.948993                              1.051007
       2     Ti       1         10.964130                              1.035870
       3     Ti       1         10.929088                              1.070912
       4     Ti       1         10.936571                              1.063429
       5     Ti       1         10.982113                              1.017887
       6     Ti       1         10.965187                              1.034813
       7     Ti       1         10.942708                              1.057292
       8     Ti       1         10.950602                              1.049398
       9     H        2          0.933157                              0.066843
      10     H        2          0.925188                              0.074812
      11     H        2          0.936310                              0.063690
      12     H        2          0.925033                              0.074967
      13     H        2          0.931993                              0.068007
      14     H        2          0.934403                              0.065597
      15     H        2          0.926267                              0.073733
      16     H        2          0.930810                              0.069190
      17     H        2          0.928399                              0.071601
      18     H        2          0.927212                              0.072788
      19     H        2          0.929509                              0.070491
      20     H        2          0.924951                              0.075049
      21     H        2          0.827502                              0.172498
      22     H        2          0.827827                              0.172173
      23     H        2          0.923946                              0.076054
      24     H        2          0.927561                              0.072439
      25     H        2          0.932377                              0.067623
      26     H        2          0.922751                              0.077249
      27     H        2          0.921996                              0.078004
      28     H        2          0.927898                              0.072102
      29     H        2          0.889087                              0.110913
      30     H        2          0.900216                              0.099784
      31     H        2          0.835971                              0.164029
      32     H        2          0.837310                              0.162690
      33     H        2          0.879497                              0.120503
      34     H        2          0.887332                              0.112668
      35     H        2          0.891347                              0.108653
      36     H        2          0.887829                              0.112171
      37     H        2          0.880545                              0.119455
      38     H        2          0.887973                              0.112027
      39     H        2          0.940437                              0.059563
      40     H        2          0.923055                              0.076945
      41     H        2          0.944239                              0.055761
      42     H        2          0.908508                              0.091492
      43     C        3          3.771759                              0.228241
      44     C        3          3.769685                              0.230315
      45     C        3          3.773894                              0.226106
      46     C        3          3.768172                              0.231828
      47     C        3          4.057258                             -0.057258
      48     C        3          4.026066                             -0.026066
      49     C        3          4.056149                             -0.056149
      50     C        3          4.028805                             -0.028805
      51     C        3          3.981615                              0.018385
      52     C        3          4.031966                             -0.031966
      53     C        3          3.977109                              0.022891
      54     C        3          4.034640                             -0.034640
      55     C        3          4.042091                             -0.042091
      56     C        3          4.012248                             -0.012248
      57     C        3          4.005723                             -0.005723
      58     C        3          4.041462                             -0.041462
      59     C        3          4.032126                             -0.032126
      60     C        3          4.046501                             -0.046501
      61     C        3          4.041629                             -0.041629
      62     C        3          4.036160                             -0.036160
      63     C        3          4.025078                             -0.025078
      64     C        3          4.065938                             -0.065938
      65     C        3          4.048308                             -0.048308
      66     C        3          4.026246                             -0.026246
      67     C        3          3.776419                              0.223581
      68     C        3          3.776978                              0.223022
      69     C        3          3.786080                              0.213920
      70     C        3          3.800233                              0.199767
      71     C        3          3.809800                              0.190200
      72     C        3          3.787991                              0.212009
      73     C        3          4.009925                             -0.009925
      74     C        3          4.037136                             -0.037136
      75     C        3          4.042478                             -0.042478
      76     C        3          4.010890                             -0.010890
      77     C        3          4.033078                             -0.033078
      78     C        3          4.024240                             -0.024240
      79     C        3          4.021276                             -0.021276
      80     C        3          4.046313                             -0.046313
      81     C        3          4.048403                             -0.048403
      82     C        3          4.000441                             -0.000441
      83     C        3          4.017621                             -0.017621
      84     C        3          4.036756                             -0.036756
      85     C        3          3.978159                              0.021841
      86     C        3          4.021283                             -0.021283
      87     C        3          4.020384                             -0.020384
      88     C        3          3.997978                              0.002022
      89     N        4          5.012597                             -0.012597
      90     N        4          5.064733                             -0.064733
      91     N        4          5.035080                             -0.035080
      92     N        4          5.035800                             -0.035800
      93     O        5          6.356918                             -0.356918
      94     O        5          6.313434                             -0.313434
      95     O        5          6.321390                             -0.321390
      96     O        5          6.287335                             -0.287335
      97     O        5          6.318909                             -0.318909
      98     O        5          6.328661                             -0.328661
      99     O        5          6.291851                             -0.291851
     100     O        5          6.279651                             -0.279651
     101     O        5          6.457899                             -0.457899
     102     O        5          6.502238                             -0.502238
     103     O        5          6.502182                             -0.502182
     104     O        5          6.456521                             -0.456521
     105     O        5          6.460190                             -0.460190
     106     O        5          6.513432                             -0.513432
     107     O        5          6.507658                             -0.507658
     108     O        5          6.456855                             -0.456855
     109     O        5          6.362879                             -0.362879
     110     O        5          6.355027                             -0.355027
     111     O        5          6.333674                             -0.333674
     112     O        5          6.337864                             -0.337864
     113     O        5          6.406409                             -0.406409
     114     O        5          6.300367                             -0.300367
     115     O        5          6.357233                             -0.357233
     116     O        5          6.353373                             -0.353373
     117     O        5          6.304442                             -0.304442
     118     O        5          6.323355                             -0.323355
     119     O        5          6.302074                             -0.302074
     120     O        5          6.379097                             -0.379097
     121     O        5          6.540654                             -0.540654
     122     O        5          6.535542                             -0.535542
     123     O        5          6.510701                             -0.510701
     124     O        5          6.503968                             -0.503968
     125     N        4          4.869440                              0.130560
     126     N        4          4.833451                              0.166549
     127     C        3          3.910778                              0.089222
     128     C        3          3.978122                              0.021878
     129     C        3          4.168711                             -0.168711
     130     H        2          0.926567                              0.073433
     131     H        2          0.932355                              0.067645
     132     H        2          0.911378                              0.088622
     133     H        2          0.910785                              0.089215
     134     H        2          0.907454                              0.092546
     135     C        3          3.978713                              0.021287
     136     C        3          4.129818                             -0.129818
     137     H        2          0.916095                              0.083905
     138     H        2          0.909856                              0.090144
     139     H        2          0.916849                              0.083151
     140     C        3          4.260542                             -0.260542
     141     H        2          0.916657                              0.083343
     142     H        2          0.929754                              0.070246
     143     H        2          0.907619                              0.092381
     144     C        3          4.104073                             -0.104073
     145     C        3          4.154492                             -0.154492
     146     H        2          0.908102                              0.091898
     147     H        2          0.911492                              0.088508
     148     H        2          0.915213                              0.084787
     149     H        2          0.939685                              0.060315
     150     F        6          6.985094                              0.014906
     151     F        6          6.925419                              0.074581
     152     F        6          7.209916                             -0.209916
     153     F        6          6.990748                              0.009252
     154     O        5          6.453784                             -0.453784
     155     C        3          3.849020                              0.150980
     156     F        6          7.057891                             -0.057891
     157     C        3          3.803255                              0.196745
     158     F        6          7.186435                             -0.186435
     159     S        7          6.395975                             -0.395975
     160     S        7          6.329398                             -0.329398
     161     O        5          5.844471                              0.155529
     162     O        5          5.699627                              0.300373
     163     O        5          6.166194                             -0.166194
     164     N        4          4.982466                              0.017534
 # Total charge                            674.000000                  0.000000

 !-----------------------------------------------------------------------------!

 !-----------------------------------------------------------------------------!
                           Hirshfeld Charges

  #Atom  Element  Kind  Ref Charge     Population                    Net charge
      1       Ti     1      12.000         13.350                        -1.350
      2       Ti     1      12.000         13.377                        -1.377
      3       Ti     1      12.000         13.175                        -1.175
      4       Ti     1      12.000         13.182                        -1.182
      5       Ti     1      12.000         13.427                        -1.427
      6       Ti     1      12.000         13.413                        -1.413
      7       Ti     1      12.000         13.190                        -1.190
      8       Ti     1      12.000         13.233                        -1.233
      9       H      2       1.000          0.547                         0.453
     10       H      2       1.000          0.543                         0.457
     11       H      2       1.000          0.550                         0.450
     12       H      2       1.000          0.539                         0.461
     13       H      2       1.000          0.546                         0.454
     14       H      2       1.000          0.543                         0.457
     15       H      2       1.000          0.541                         0.459
     16       H      2       1.000          0.541                         0.459
     17       H      2       1.000          0.545                         0.455
     18       H      2       1.000          0.544                         0.456
     19       H      2       1.000          0.543                         0.457
     20       H      2       1.000          0.546                         0.454
     21       H      2       1.000          0.419                         0.581
     22       H      2       1.000          0.419                         0.581
     23       H      2       1.000          0.543                         0.457
     24       H      2       1.000          0.543                         0.457
     25       H      2       1.000          0.546                         0.454
     26       H      2       1.000          0.544                         0.456
     27       H      2       1.000          0.537                         0.463
     28       H      2       1.000          0.545                         0.455
     29       H      2       1.000          0.462                         0.538
     30       H      2       1.000          0.489                         0.511
     31       H      2       1.000          0.418                         0.582
     32       H      2       1.000          0.419                         0.581
     33       H      2       1.000          0.481                         0.519
     34       H      2       1.000          0.465                         0.535
     35       H      2       1.000          0.476                         0.524
     36       H      2       1.000          0.463                         0.537
     37       H      2       1.000          0.476                         0.524
     38       H      2       1.000          0.462                         0.538
     39       H      2       1.000          0.545                         0.455
     40       H      2       1.000          0.542                         0.458
     41       H      2       1.000          0.547                         0.453
     42       H      2       1.000          0.545                         0.455
     43       C      3       4.000          3.470                         0.530
     44       C      3       4.000          3.456                         0.544
     45       C      3       4.000          3.473                         0.527
     46       C      3       4.000          3.459                         0.541
     47       C      3       4.000          4.026                        -0.026
     48       C      3       4.000          3.984                         0.016
     49       C      3       4.000          4.026                        -0.026
     50       C      3       4.000          3.987                         0.013
     51       C      3       4.000          3.860                         0.140
     52       C      3       4.000          4.411                        -0.411
     53       C      3       4.000          3.859                         0.141
     54       C      3       4.000          4.413                        -0.413
     55       C      3       4.000          4.407                        -0.407
     56       C      3       4.000          4.381                        -0.381
     57       C      3       4.000          4.372                        -0.372
     58       C      3       4.000          4.416                        -0.416
     59       C      3       4.000          3.998                         0.002
     60       C      3       4.000          4.356                        -0.356
     61       C      3       4.000          4.336                        -0.336
     62       C      3       4.000          3.997                         0.003
     63       C      3       4.000          3.990                         0.010
     64       C      3       4.000          4.039                        -0.039
     65       C      3       4.000          4.026                        -0.026
     66       C      3       4.000          3.993                         0.007
     67       C      3       4.000          3.462                         0.538
     68       C      3       4.000          3.462                         0.538
     69       C      3       4.000          3.482                         0.518
     70       C      3       4.000          3.540                         0.460
     71       C      3       4.000          3.554                         0.446
     72       C      3       4.000          3.484                         0.516
     73       C      3       4.000          4.371                        -0.371
     74       C      3       4.000          4.412                        -0.412
     75       C      3       4.000          4.404                        -0.404
     76       C      3       4.000          4.364                        -0.364
     77       C      3       4.000          4.404                        -0.404
     78       C      3       4.000          4.388                        -0.388
     79       C      3       4.000          4.380                        -0.380
     80       C      3       4.000          4.431                        -0.431
     81       C      3       4.000          4.372                        -0.372
     82       C      3       4.000          4.367                        -0.367
     83       C      3       4.000          4.382                        -0.382
     84       C      3       4.000          4.389                        -0.389
     85       C      3       4.000          3.873                         0.127
     86       C      3       4.000          4.393                        -0.393
     87       C      3       4.000          4.411                        -0.411
     88       C      3       4.000          3.880                         0.120
     89       N      4       5.000          5.900                        -0.900
     90       N      4       5.000          5.947                        -0.947
     91       N      4       5.000          5.915                        -0.915
     92       N      4       5.000          5.907                        -0.907
     93       O      5       6.000          6.169                        -0.169
     94       O      5       6.000          6.114                        -0.114
     95       O      5       6.000          6.166                        -0.166
     96       O      5       6.000          6.127                        -0.127
     97       O      5       6.000          6.119                        -0.119
     98       O      5       6.000          6.121                        -0.121
     99       O      5       6.000          6.105                        -0.105
    100       O      5       6.000          6.107                        -0.107
    101       O      5       6.000          5.708                         0.292
    102       O      5       6.000          5.728                         0.272
    103       O      5       6.000          5.732                         0.268
    104       O      5       6.000          5.700                         0.300
    105       O      5       6.000          5.685                         0.315
    106       O      5       6.000          5.763                         0.237
    107       O      5       6.000          5.755                         0.245
    108       O      5       6.000          5.686                         0.314
    109       O      5       6.000          6.127                        -0.127
    110       O      5       6.000          6.111                        -0.111
    111       O      5       6.000          6.123                        -0.123
    112       O      5       6.000          6.085                        -0.085
    113       O      5       6.000          6.117                        -0.117
    114       O      5       6.000          6.076                        -0.076
    115       O      5       6.000          6.113                        -0.113
    116       O      5       6.000          6.116                        -0.116
    117       O      5       6.000          6.028                        -0.028
    118       O      5       6.000          6.104                        -0.104
    119       O      5       6.000          6.076                        -0.076
    120       O      5       6.000          6.058                        -0.058
    121       O      5       6.000          5.990                         0.010
    122       O      5       6.000          5.990                         0.010
    123       O      5       6.000          6.053                        -0.053
    124       O      5       6.000          6.033                        -0.033
    125       N      4       5.000          5.156                        -0.156
    126       N      4       5.000          5.136                        -0.136
    127       C      3       4.000          4.180                        -0.180
    128       C      3       4.000          4.267                        -0.267
    129       C      3       4.000          4.952                        -0.952
    130       H      2       1.000          0.525                         0.475
    131       H      2       1.000          0.527                         0.473
    132       H      2       1.000          0.543                         0.457
    133       H      2       1.000          0.536                         0.464
    134       H      2       1.000          0.543                         0.457
    135       C      3       4.000          4.284                        -0.284
    136       C      3       4.000          4.780                        -0.780
    137       H      2       1.000          0.556                         0.444
    138       H      2       1.000          0.551                         0.449
    139       H      2       1.000          0.566                         0.434
    140       C      3       4.000          5.283                        -1.283
    141       H      2       1.000          0.556                         0.444
    142       H      2       1.000          0.565                         0.435
    143       H      2       1.000          0.552                         0.448
    144       C      3       4.000          4.558                        -0.558
    145       C      3       4.000          4.779                        -0.779
    146       H      2       1.000          0.546                         0.454
    147       H      2       1.000          0.554                         0.446
    148       H      2       1.000          0.560                         0.440
    149       H      2       1.000          0.528                         0.472
    150       F      6       7.000          7.218                        -0.218
    151       F      6       7.000          7.189                        -0.189
    152       F      6       7.000          7.375                        -0.375
    153       F      6       7.000          7.223                        -0.223
    154       O      5       6.000          6.486                        -0.486
    155       C      3       4.000          3.229                         0.771
    156       F      6       7.000          7.279                        -0.279
    157       C      3       4.000          3.216                         0.784
    158       F      6       7.000          7.348                        -0.348
    159       S      7       6.000          5.513                         0.487
    160       S      7       6.000          5.420                         0.580
    161       O      5       6.000          6.445                        -0.445
    162       O      5       6.000          6.381                        -0.381
    163       O      5       6.000          6.440                        -0.440
    164       N      4       5.000          5.249                        -0.249

  Total Charge                                                            0.050
 !-----------------------------------------------------------------------------!

 ENERGY| Total FORCE_EVAL ( QS ) energy [hartree]          -1625.760845719375993

 *******************************************************************************
 **                 BAND EVALUATION OF ENERGIES AND FORCES                    **
 *******************************************************************************
 **                                                                           **
 **                                                                           **
 ** Replica Env Nr. :    1              Replica Band Nr. :    9               **
 ** Band  Step  Nr. :    1                                                    **
 *******************************************************************************

 Number of electrons:                                                        674
 Number of occupied orbitals:                                                366
 Number of molecular orbitals:                                               437

 Number of orbital functions:                                               1844
 Number of independent orbital functions:                                   1844

 Parameters for the always stable predictor-corrector (ASPC) method:

  ASPC order: 1

  B(1) =   2.500000
  B(2) =  -2.000000
  B(3) =   0.500000

 *** WARNING in fm/cp_fm_elpa.F:521 :: Setting real_kernel for ELPA failed ***


 Extrapolation method: ASPC


 SCF WAVEFUNCTION OPTIMIZATION

  Step     Update method      Time    Convergence         Total energy    Change
  ------------------------------------------------------------------------------

 *** WARNING in fm/cp_fm_elpa.F:521 :: Setting real_kernel for ELPA failed ***

     1 Broy./Diag. 0.15E+00    9.1     0.00025977     -1625.7609792319 -1.63E+03

 *** WARNING in fm/cp_fm_elpa.F:521 :: Setting real_kernel for ELPA failed ***

     2 Broy./Diag. 0.15E+00   12.3     0.00021136     -1625.7610377858 -5.86E-05

 *** WARNING in fm/cp_fm_elpa.F:521 :: Setting real_kernel for ELPA failed ***

     3 Broy./Diag. 0.15E+00   12.4     0.00009131     -1625.7608232883  2.14E-04

 *** WARNING in fm/cp_fm_elpa.F:521 :: Setting real_kernel for ELPA failed ***

     4 Broy./Diag. 0.15E+00   12.6     0.00004878     -1625.7609436847 -1.20E-04

  *** SCF run converged in     4 steps ***


  Electronic density on regular grids:       -673.9999999303        0.0000000697
  Core density on regular grids:              673.9999999671       -0.0000000329
  Total charge density on r-space grids:        0.0000000368
  Total charge density g-space grids:           0.0000000368

  Overlap energy of the core charge distribution:               0.00053078203804
  Self energy of the core charge distribution:              -3774.19779000501012
  Core Hamiltonian energy:                                   1084.74608159612853
  Hartree energy:                                            1417.01619562315568
  Exchange-correlation energy:                               -353.09500461468411
  Dispersion energy:                                           -0.22499238828653
  Electronic entropic energy:                                  -0.00596580167046
  Fermi energy:                                                -0.00697540332357

  Total energy:                                             -1625.76094368465419

 !-----------------------------------------------------------------------------!
                     Mulliken Population Analysis

 #  Atom  Element  Kind  Atomic population                           Net charge
       1     Ti       1         10.948996                              1.051004
       2     Ti       1         10.964133                              1.035867
       3     Ti       1         10.929095                              1.070905
       4     Ti       1         10.936568                              1.063432
       5     Ti       1         10.982083                              1.017917
       6     Ti       1         10.965193                              1.034807
       7     Ti       1         10.942703                              1.057297
       8     Ti       1         10.950612                              1.049388
       9     H        2          0.933155                              0.066845
      10     H        2          0.925188                              0.074812
      11     H        2          0.936313                              0.063687
      12     H        2          0.925040                              0.074960
      13     H        2          0.931996                              0.068004
      14     H        2          0.934411                              0.065589
      15     H        2          0.926265                              0.073735
      16     H        2          0.930816                              0.069184
      17     H        2          0.928401                              0.071599
      18     H        2          0.927212                              0.072788
      19     H        2          0.929515                              0.070485
      20     H        2          0.924961                              0.075039
      21     H        2          0.827498                              0.172502
      22     H        2          0.827823                              0.172177
      23     H        2          0.923945                              0.076055
      24     H        2          0.927565                              0.072435
      25     H        2          0.932383                              0.067617
      26     H        2          0.922755                              0.077245
      27     H        2          0.922001                              0.077999
      28     H        2          0.927899                              0.072101
      29     H        2          0.889087                              0.110913
      30     H        2          0.900220                              0.099780
      31     H        2          0.835960                              0.164040
      32     H        2          0.837301                              0.162699
      33     H        2          0.879503                              0.120497
      34     H        2          0.887332                              0.112668
      35     H        2          0.891349                              0.108651
      36     H        2          0.887824                              0.112176
      37     H        2          0.880549                              0.119451
      38     H        2          0.887975                              0.112025
      39     H        2          0.940431                              0.059569
      40     H        2          0.923061                              0.076939
      41     H        2          0.944230                              0.055770
      42     H        2          0.908503                              0.091497
      43     C        3          3.771764                              0.228236
      44     C        3          3.769678                              0.230322
      45     C        3          3.773897                              0.226103
      46     C        3          3.768168                              0.231832
      47     C        3          4.057260                             -0.057260
      48     C        3          4.026067                             -0.026067
      49     C        3          4.056149                             -0.056149
      50     C        3          4.028807                             -0.028807
      51     C        3          3.981619                              0.018381
      52     C        3          4.031969                             -0.031969
      53     C        3          3.977111                              0.022889
      54     C        3          4.034638                             -0.034638
      55     C        3          4.042094                             -0.042094
      56     C        3          4.012248                             -0.012248
      57     C        3          4.005725                             -0.005725
      58     C        3          4.041462                             -0.041462
      59     C        3          4.032127                             -0.032127
      60     C        3          4.046500                             -0.046500
      61     C        3          4.041627                             -0.041627
      62     C        3          4.036158                             -0.036158
      63     C        3          4.025082                             -0.025082
      64     C        3          4.065934                             -0.065934
      65     C        3          4.048308                             -0.048308
      66     C        3          4.026244                             -0.026244
      67     C        3          3.776418                              0.223582
      68     C        3          3.776978                              0.223022
      69     C        3          3.786083                              0.213917
      70     C        3          3.800238                              0.199762
      71     C        3          3.809799                              0.190201
      72     C        3          3.787985                              0.212015
      73     C        3          4.009926                             -0.009926
      74     C        3          4.037134                             -0.037134
      75     C        3          4.042477                             -0.042477
      76     C        3          4.010889                             -0.010889
      77     C        3          4.033077                             -0.033077
      78     C        3          4.024240                             -0.024240
      79     C        3          4.021271                             -0.021271
      80     C        3          4.046315                             -0.046315
      81     C        3          4.048400                             -0.048400
      82     C        3          4.000443                             -0.000443
      83     C        3          4.017620                             -0.017620
      84     C        3          4.036755                             -0.036755
      85     C        3          3.978158                              0.021842
      86     C        3          4.021283                             -0.021283
      87     C        3          4.020379                             -0.020379
      88     C        3          3.997976                              0.002024
      89     N        4          5.012600                             -0.012600
      90     N        4          5.064734                             -0.064734
      91     N        4          5.035079                             -0.035079
      92     N        4          5.035806                             -0.035806
      93     O        5          6.356918                             -0.356918
      94     O        5          6.313444                             -0.313444
      95     O        5          6.321395                             -0.321395
      96     O        5          6.287340                             -0.287340
      97     O        5          6.318915                             -0.318915
      98     O        5          6.328662                             -0.328662
      99     O        5          6.291853                             -0.291853
     100     O        5          6.279661                             -0.279661
     101     O        5          6.457893                             -0.457893
     102     O        5          6.502236                             -0.502236
     103     O        5          6.502158                             -0.502158
     104     O        5          6.456527                             -0.456527
     105     O        5          6.460184                             -0.460184
     106     O        5          6.513423                             -0.513423
     107     O        5          6.507642                             -0.507642
     108     O        5          6.456856                             -0.456856
     109     O        5          6.362878                             -0.362878
     110     O        5          6.355033                             -0.355033
     111     O        5          6.333680                             -0.333680
     112     O        5          6.337866                             -0.337866
     113     O        5          6.406405                             -0.406405
     114     O        5          6.300370                             -0.300370
     115     O        5          6.357233                             -0.357233
     116     O        5          6.353376                             -0.353376
     117     O        5          6.304437                             -0.304437
     118     O        5          6.323361                             -0.323361
     119     O        5          6.302079                             -0.302079
     120     O        5          6.379101                             -0.379101
     121     O        5          6.540647                             -0.540647
     122     O        5          6.535536                             -0.535536
     123     O        5          6.510686                             -0.510686
     124     O        5          6.503957                             -0.503957
     125     N        4          4.869437                              0.130563
     126     N        4          4.833452                              0.166548
     127     C        3          3.910771                              0.089229
     128     C        3          3.978119                              0.021881
     129     C        3          4.168713                             -0.168713
     130     H        2          0.926561                              0.073439
     131     H        2          0.932360                              0.067640
     132     H        2          0.911384                              0.088616
     133     H        2          0.910782                              0.089218
     134     H        2          0.907455                              0.092545
     135     C        3          3.978709                              0.021291
     136     C        3          4.129814                             -0.129814
     137     H        2          0.916087                              0.083913
     138     H        2          0.909853                              0.090147
     139     H        2          0.916847                              0.083153
     140     C        3          4.260544                             -0.260544
     141     H        2          0.916658                              0.083342
     142     H        2          0.929761                              0.070239
     143     H        2          0.907623                              0.092377
     144     C        3          4.104071                             -0.104071
     145     C        3          4.154494                             -0.154494
     146     H        2          0.908095                              0.091905
     147     H        2          0.911493                              0.088507
     148     H        2          0.915213                              0.084787
     149     H        2          0.939687                              0.060313
     150     F        6          6.985100                              0.014900
     151     F        6          6.925427                              0.074573
     152     F        6          7.209907                             -0.209907
     153     F        6          6.990751                              0.009249
     154     O        5          6.453782                             -0.453782
     155     C        3          3.849023                              0.150977
     156     F        6          7.057894                             -0.057894
     157     C        3          3.803261                              0.196739
     158     F        6          7.186431                             -0.186431
     159     S        7          6.395904                             -0.395904
     160     S        7          6.329325                             -0.329325
     161     O        5          5.844523                              0.155477
     162     O        5          5.699710                              0.300290
     163     O        5          6.166186                             -0.166186
     164     N        4          4.982491                              0.017509
 # Total charge                            674.000000                  0.000000

 !-----------------------------------------------------------------------------!

 !-----------------------------------------------------------------------------!
                           Hirshfeld Charges

  #Atom  Element  Kind  Ref Charge     Population                    Net charge
      1       Ti     1      12.000         13.350                        -1.350
      2       Ti     1      12.000         13.377                        -1.377
      3       Ti     1      12.000         13.175                        -1.175
      4       Ti     1      12.000         13.182                        -1.182
      5       Ti     1      12.000         13.427                        -1.427
      6       Ti     1      12.000         13.413                        -1.413
      7       Ti     1      12.000         13.190                        -1.190
      8       Ti     1      12.000         13.233                        -1.233
      9       H      2       1.000          0.547                         0.453
     10       H      2       1.000          0.543                         0.457
     11       H      2       1.000          0.550                         0.450
     12       H      2       1.000          0.539                         0.461
     13       H      2       1.000          0.546                         0.454
     14       H      2       1.000          0.543                         0.457
     15       H      2       1.000          0.541                         0.459
     16       H      2       1.000          0.541                         0.459
     17       H      2       1.000          0.545                         0.455
     18       H      2       1.000          0.544                         0.456
     19       H      2       1.000          0.543                         0.457
     20       H      2       1.000          0.546                         0.454
     21       H      2       1.000          0.419                         0.581
     22       H      2       1.000          0.419                         0.581
     23       H      2       1.000          0.543                         0.457
     24       H      2       1.000          0.543                         0.457
     25       H      2       1.000          0.546                         0.454
     26       H      2       1.000          0.544                         0.456
     27       H      2       1.000          0.537                         0.463
     28       H      2       1.000          0.545                         0.455
     29       H      2       1.000          0.462                         0.538
     30       H      2       1.000          0.489                         0.511
     31       H      2       1.000          0.418                         0.582
     32       H      2       1.000          0.419                         0.581
     33       H      2       1.000          0.481                         0.519
     34       H      2       1.000          0.465                         0.535
     35       H      2       1.000          0.476                         0.524
     36       H      2       1.000          0.463                         0.537
     37       H      2       1.000          0.476                         0.524
     38       H      2       1.000          0.462                         0.538
     39       H      2       1.000          0.545                         0.455
     40       H      2       1.000          0.542                         0.458
     41       H      2       1.000          0.547                         0.453
     42       H      2       1.000          0.545                         0.455
     43       C      3       4.000          3.470                         0.530
     44       C      3       4.000          3.456                         0.544
     45       C      3       4.000          3.473                         0.527
     46       C      3       4.000          3.459                         0.541
     47       C      3       4.000          4.026                        -0.026
     48       C      3       4.000          3.984                         0.016
     49       C      3       4.000          4.026                        -0.026
     50       C      3       4.000          3.987                         0.013
     51       C      3       4.000          3.860                         0.140
     52       C      3       4.000          4.411                        -0.411
     53       C      3       4.000          3.859                         0.141
     54       C      3       4.000          4.413                        -0.413
     55       C      3       4.000          4.407                        -0.407
     56       C      3       4.000          4.381                        -0.381
     57       C      3       4.000          4.372                        -0.372
     58       C      3       4.000          4.416                        -0.416
     59       C      3       4.000          3.998                         0.002
     60       C      3       4.000          4.356                        -0.356
     61       C      3       4.000          4.336                        -0.336
     62       C      3       4.000          3.997                         0.003
     63       C      3       4.000          3.990                         0.010
     64       C      3       4.000          4.039                        -0.039
     65       C      3       4.000          4.026                        -0.026
     66       C      3       4.000          3.993                         0.007
     67       C      3       4.000          3.462                         0.538
     68       C      3       4.000          3.462                         0.538
     69       C      3       4.000          3.482                         0.518
     70       C      3       4.000          3.540                         0.460
     71       C      3       4.000          3.554                         0.446
     72       C      3       4.000          3.484                         0.516
     73       C      3       4.000          4.371                        -0.371
     74       C      3       4.000          4.412                        -0.412
     75       C      3       4.000          4.404                        -0.404
     76       C      3       4.000          4.364                        -0.364
     77       C      3       4.000          4.404                        -0.404
     78       C      3       4.000          4.388                        -0.388
     79       C      3       4.000          4.380                        -0.380
     80       C      3       4.000          4.431                        -0.431
     81       C      3       4.000          4.372                        -0.372
     82       C      3       4.000          4.367                        -0.367
     83       C      3       4.000          4.382                        -0.382
     84       C      3       4.000          4.389                        -0.389
     85       C      3       4.000          3.873                         0.127
     86       C      3       4.000          4.393                        -0.393
     87       C      3       4.000          4.411                        -0.411
     88       C      3       4.000          3.880                         0.120
     89       N      4       5.000          5.900                        -0.900
     90       N      4       5.000          5.947                        -0.947
     91       N      4       5.000          5.915                        -0.915
     92       N      4       5.000          5.907                        -0.907
     93       O      5       6.000          6.169                        -0.169
     94       O      5       6.000          6.114                        -0.114
     95       O      5       6.000          6.166                        -0.166
     96       O      5       6.000          6.127                        -0.127
     97       O      5       6.000          6.119                        -0.119
     98       O      5       6.000          6.121                        -0.121
     99       O      5       6.000          6.105                        -0.105
    100       O      5       6.000          6.107                        -0.107
    101       O      5       6.000          5.708                         0.292
    102       O      5       6.000          5.728                         0.272
    103       O      5       6.000          5.732                         0.268
    104       O      5       6.000          5.700                         0.300
    105       O      5       6.000          5.685                         0.315
    106       O      5       6.000          5.763                         0.237
    107       O      5       6.000          5.755                         0.245
    108       O      5       6.000          5.686                         0.314
    109       O      5       6.000          6.127                        -0.127
    110       O      5       6.000          6.111                        -0.111
    111       O      5       6.000          6.123                        -0.123
    112       O      5       6.000          6.085                        -0.085
    113       O      5       6.000          6.117                        -0.117
    114       O      5       6.000          6.076                        -0.076
    115       O      5       6.000          6.113                        -0.113
    116       O      5       6.000          6.116                        -0.116
    117       O      5       6.000          6.028                        -0.028
    118       O      5       6.000          6.104                        -0.104
    119       O      5       6.000          6.076                        -0.076
    120       O      5       6.000          6.058                        -0.058
    121       O      5       6.000          5.990                         0.010
    122       O      5       6.000          5.990                         0.010
    123       O      5       6.000          6.053                        -0.053
    124       O      5       6.000          6.033                        -0.033
    125       N      4       5.000          5.156                        -0.156
    126       N      4       5.000          5.136                        -0.136
    127       C      3       4.000          4.180                        -0.180
    128       C      3       4.000          4.267                        -0.267
    129       C      3       4.000          4.952                        -0.952
    130       H      2       1.000          0.525                         0.475
    131       H      2       1.000          0.527                         0.473
    132       H      2       1.000          0.543                         0.457
    133       H      2       1.000          0.536                         0.464
    134       H      2       1.000          0.543                         0.457
    135       C      3       4.000          4.284                        -0.284
    136       C      3       4.000          4.780                        -0.780
    137       H      2       1.000          0.556                         0.444
    138       H      2       1.000          0.551                         0.449
    139       H      2       1.000          0.566                         0.434
    140       C      3       4.000          5.283                        -1.283
    141       H      2       1.000          0.556                         0.444
    142       H      2       1.000          0.565                         0.435
    143       H      2       1.000          0.552                         0.448
    144       C      3       4.000          4.558                        -0.558
    145       C      3       4.000          4.779                        -0.779
    146       H      2       1.000          0.546                         0.454
    147       H      2       1.000          0.554                         0.446
    148       H      2       1.000          0.560                         0.440
    149       H      2       1.000          0.528                         0.472
    150       F      6       7.000          7.218                        -0.218
    151       F      6       7.000          7.189                        -0.189
    152       F      6       7.000          7.375                        -0.375
    153       F      6       7.000          7.223                        -0.223
    154       O      5       6.000          6.486                        -0.486
    155       C      3       4.000          3.229                         0.771
    156       F      6       7.000          7.279                        -0.279
    157       C      3       4.000          3.216                         0.784
    158       F      6       7.000          7.348                        -0.348
    159       S      7       6.000          5.513                         0.487
    160       S      7       6.000          5.420                         0.580
    161       O      5       6.000          6.445                        -0.445
    162       O      5       6.000          6.381                        -0.381
    163       O      5       6.000          6.440                        -0.440
    164       N      4       5.000          5.249                        -0.249

  Total Charge                                                            0.050
 !-----------------------------------------------------------------------------!

 ENERGY| Total FORCE_EVAL ( QS ) energy [hartree]          -1625.760979301833686

 *******************************************************************************
 **                 BAND EVALUATION OF ENERGIES AND FORCES                    **
 *******************************************************************************
 **                                                                           **
 **                                                                           **
 ** Replica Env Nr. :    1              Replica Band Nr. :    9               **
 ** Band  Step  Nr. :    0                                                    **
 *******************************************************************************

 Number of electrons:                                                        674
 Number of occupied orbitals:                                                366
 Number of molecular orbitals:                                               437

 Number of orbital functions:                                               1844
 Number of independent orbital functions:                                   1844

 Parameters for the always stable predictor-corrector (ASPC) method:

  ASPC order: 0

  B(1) =   1.000000

 *** WARNING in fm/cp_fm_elpa.F:521 :: Setting real_kernel for ELPA failed ***


 Extrapolation method: ASPC


 SCF WAVEFUNCTION OPTIMIZATION

  Step     Update method      Time    Convergence         Total energy    Change
  ------------------------------------------------------------------------------

 *** WARNING in fm/cp_fm_elpa.F:521 :: Setting real_kernel for ELPA failed ***

     1 Broy./Diag. 0.15E+00    8.3     0.00083440     -1625.7608456264 -1.63E+03

 *** WARNING in fm/cp_fm_elpa.F:521 :: Setting real_kernel for ELPA failed ***

     2 Broy./Diag. 0.15E+00   12.1     0.00076997     -1625.7579918565  2.85E-03

 *** WARNING in fm/cp_fm_elpa.F:521 :: Setting real_kernel for ELPA failed ***

     3 Broy./Diag. 0.15E+00   12.3     0.00027552     -1625.7595247119 -1.53E-03

 *** WARNING in fm/cp_fm_elpa.F:521 :: Setting real_kernel for ELPA failed ***

     4 Broy./Diag. 0.15E+00   12.2     0.00008352     -1625.7602157731 -6.91E-04

 *** WARNING in fm/cp_fm_elpa.F:521 :: Setting real_kernel for ELPA failed ***

     5 Broy./Diag. 0.15E+00   11.7     0.00003020     -1625.7609078570 -6.92E-04

  *** SCF run converged in     5 steps ***


  Electronic density on regular grids:       -673.9999999303        0.0000000697
  Core density on regular grids:              673.9999999671       -0.0000000329
  Total charge density on r-space grids:        0.0000000368
  Total charge density g-space grids:           0.0000000368

  Overlap energy of the core charge distribution:               0.00053095058775
  Self energy of the core charge distribution:              -3774.19779000501012
  Core Hamiltonian energy:                                   1084.74733206061887
  Hartree energy:                                            1417.01511102008271
  Exchange-correlation energy:                               -353.09512853597312
  Dispersion energy:                                           -0.22499236743286
  Electronic entropic energy:                                  -0.00596925912876
  Fermi energy:                                                -0.00698095826897

  Total energy:                                             -1625.76090785697147

 !-----------------------------------------------------------------------------!
                     Mulliken Population Analysis

 #  Atom  Element  Kind  Atomic population                           Net charge
       1     Ti       1         10.948965                              1.051035
       2     Ti       1         10.964178                              1.035822
       3     Ti       1         10.929117                              1.070883
       4     Ti       1         10.936599                              1.063401
       5     Ti       1         10.982123                              1.017877
       6     Ti       1         10.965227                              1.034773
       7     Ti       1         10.942699                              1.057301
       8     Ti       1         10.950666                              1.049334
       9     H        2          0.933163                              0.066837
      10     H        2          0.925188                              0.074812
      11     H        2          0.936297                              0.063703
      12     H        2          0.925009                              0.074991
      13     H        2          0.931985                              0.068015
      14     H        2          0.934378                              0.065622
      15     H        2          0.926279                              0.073721
      16     H        2          0.930794                              0.069206
      17     H        2          0.928393                              0.071607
      18     H        2          0.927213                              0.072787
      19     H        2          0.929487                              0.070513
      20     H        2          0.924922                              0.075078
      21     H        2          0.827521                              0.172479
      22     H        2          0.827863                              0.172137
      23     H        2          0.923955                              0.076045
      24     H        2          0.927549                              0.072451
      25     H        2          0.932360                              0.067640
      26     H        2          0.922749                              0.077251
      27     H        2          0.921980                              0.078020
      28     H        2          0.927896                              0.072104
      29     H        2          0.889080                              0.110920
      30     H        2          0.900200                              0.099800
      31     H        2          0.836013                              0.163987
      32     H        2          0.837343                              0.162657
      33     H        2          0.879476                              0.120524
      34     H        2          0.887336                              0.112664
      35     H        2          0.891342                              0.108658
      36     H        2          0.887850                              0.112150
      37     H        2          0.880526                              0.119474
      38     H        2          0.887970                              0.112030
      39     H        2          0.940451                              0.059549
      40     H        2          0.923037                              0.076963
      41     H        2          0.944271                              0.055729
      42     H        2          0.908530                              0.091470
      43     C        3          3.771784                              0.228216
      44     C        3          3.769641                              0.230359
      45     C        3          3.773897                              0.226103
      46     C        3          3.768161                              0.231839
      47     C        3          4.057241                             -0.057241
      48     C        3          4.026050                             -0.026050
      49     C        3          4.056134                             -0.056134
      50     C        3          4.028793                             -0.028793
      51     C        3          3.981603                              0.018397
      52     C        3          4.031937                             -0.031937
      53     C        3          3.977092                              0.022908
      54     C        3          4.034629                             -0.034629
      55     C        3          4.042071                             -0.042071
      56     C        3          4.012246                             -0.012246
      57     C        3          4.005708                             -0.005708
      58     C        3          4.041432                             -0.041432
      59     C        3          4.032124                             -0.032124
      60     C        3          4.046508                             -0.046508
      61     C        3          4.041645                             -0.041645
      62     C        3          4.036166                             -0.036166
      63     C        3          4.025068                             -0.025068
      64     C        3          4.065923                             -0.065923
      65     C        3          4.048310                             -0.048310
      66     C        3          4.026239                             -0.026239
      67     C        3          3.776443                              0.223557
      68     C        3          3.776978                              0.223022
      69     C        3          3.786087                              0.213913
      70     C        3          3.800248                              0.199752
      71     C        3          3.809799                              0.190201
      72     C        3          3.787987                              0.212013
      73     C        3          4.009910                             -0.009910
      74     C        3          4.037138                             -0.037138
      75     C        3          4.042472                             -0.042472
      76     C        3          4.010892                             -0.010892
      77     C        3          4.033060                             -0.033060
      78     C        3          4.024210                             -0.024210
      79     C        3          4.021274                             -0.021274
      80     C        3          4.046294                             -0.046294
      81     C        3          4.048423                             -0.048423
      82     C        3          4.000419                             -0.000419
      83     C        3          4.017623                             -0.017623
      84     C        3          4.036736                             -0.036736
      85     C        3          3.978147                              0.021853
      86     C        3          4.021275                             -0.021275
      87     C        3          4.020353                             -0.020353
      88     C        3          3.997965                              0.002035
      89     N        4          5.012578                             -0.012578
      90     N        4          5.064729                             -0.064729
      91     N        4          5.035092                             -0.035092
      92     N        4          5.035781                             -0.035781
      93     O        5          6.356943                             -0.356943
      94     O        5          6.313407                             -0.313407
      95     O        5          6.321387                             -0.321387
      96     O        5          6.287324                             -0.287324
      97     O        5          6.318902                             -0.318902
      98     O        5          6.328672                             -0.328672
      99     O        5          6.291859                             -0.291859
     100     O        5          6.279624                             -0.279624
     101     O        5          6.457948                             -0.457948
     102     O        5          6.502241                             -0.502241
     103     O        5          6.502242                             -0.502242
     104     O        5          6.456509                             -0.456509
     105     O        5          6.460217                             -0.460217
     106     O        5          6.513459                             -0.513459
     107     O        5          6.507690                             -0.507690
     108     O        5          6.456871                             -0.456871
     109     O        5          6.362899                             -0.362899
     110     O        5          6.355006                             -0.355006
     111     O        5          6.333668                             -0.333668
     112     O        5          6.337855                             -0.337855
     113     O        5          6.406424                             -0.406424
     114     O        5          6.300356                             -0.300356
     115     O        5          6.357238                             -0.357238
     116     O        5          6.353375                             -0.353375
     117     O        5          6.304468                             -0.304468
     118     O        5          6.323329                             -0.323329
     119     O        5          6.302077                             -0.302077
     120     O        5          6.379082                             -0.379082
     121     O        5          6.540695                             -0.540695
     122     O        5          6.535558                             -0.535558
     123     O        5          6.510748                             -0.510748
     124     O        5          6.503990                             -0.503990
     125     N        4          4.869448                              0.130552
     126     N        4          4.833458                              0.166542
     127     C        3          3.910806                              0.089194
     128     C        3          3.978108                              0.021892
     129     C        3          4.168702                             -0.168702
     130     H        2          0.926594                              0.073406
     131     H        2          0.932329                              0.067671
     132     H        2          0.911357                              0.088643
     133     H        2          0.910792                              0.089208
     134     H        2          0.907449                              0.092551
     135     C        3          3.978708                              0.021292
     136     C        3          4.129827                             -0.129827
     137     H        2          0.916116                              0.083884
     138     H        2          0.909861                              0.090139
     139     H        2          0.916855                              0.083145
     140     C        3          4.260530                             -0.260530
     141     H        2          0.916654                              0.083346
     142     H        2          0.929738                              0.070262
     143     H        2          0.907611                              0.092389
     144     C        3          4.104099                             -0.104099
     145     C        3          4.154489                             -0.154489
     146     H        2          0.908120                              0.091880
     147     H        2          0.911488                              0.088512
     148     H        2          0.915210                              0.084790
     149     H        2          0.939677                              0.060323
     150     F        6          6.985090                              0.014910
     151     F        6          6.925424                              0.074576
     152     F        6          7.209916                             -0.209916
     153     F        6          6.990747                              0.009253
     154     O        5          6.453756                             -0.453756
     155     C        3          3.849023                              0.150977
     156     F        6          7.057880                             -0.057880
     157     C        3          3.803247                              0.196753
     158     F        6          7.186436                             -0.186436
     159     S        7          6.395967                             -0.395967
     160     S        7          6.329390                             -0.329390
     161     O        5          5.844482                              0.155518
     162     O        5          5.699608                              0.300392
     163     O        5          6.166197                             -0.166197
     164     N        4          4.982456                              0.017544
 # Total charge                            674.000000                  0.000000

 !-----------------------------------------------------------------------------!

 !-----------------------------------------------------------------------------!
                           Hirshfeld Charges

  #Atom  Element  Kind  Ref Charge     Population                    Net charge
      1       Ti     1      12.000         13.350                        -1.350
      2       Ti     1      12.000         13.377                        -1.377
      3       Ti     1      12.000         13.175                        -1.175
      4       Ti     1      12.000         13.182                        -1.182
      5       Ti     1      12.000         13.427                        -1.427
      6       Ti     1      12.000         13.413                        -1.413
      7       Ti     1      12.000         13.190                        -1.190
      8       Ti     1      12.000         13.233                        -1.233
      9       H      2       1.000          0.547                         0.453
     10       H      2       1.000          0.543                         0.457
     11       H      2       1.000          0.550                         0.450
     12       H      2       1.000          0.539                         0.461
     13       H      2       1.000          0.546                         0.454
     14       H      2       1.000          0.543                         0.457
     15       H      2       1.000          0.541                         0.459
     16       H      2       1.000          0.541                         0.459
     17       H      2       1.000          0.545                         0.455
     18       H      2       1.000          0.544                         0.456
     19       H      2       1.000          0.543                         0.457
     20       H      2       1.000          0.546                         0.454
     21       H      2       1.000          0.419                         0.581
     22       H      2       1.000          0.419                         0.581
     23       H      2       1.000          0.543                         0.457
     24       H      2       1.000          0.543                         0.457
     25       H      2       1.000          0.546                         0.454
     26       H      2       1.000          0.544                         0.456
     27       H      2       1.000          0.537                         0.463
     28       H      2       1.000          0.545                         0.455
     29       H      2       1.000          0.462                         0.538
     30       H      2       1.000          0.489                         0.511
     31       H      2       1.000          0.418                         0.582
     32       H      2       1.000          0.419                         0.581
     33       H      2       1.000          0.481                         0.519
     34       H      2       1.000          0.465                         0.535
     35       H      2       1.000          0.476                         0.524
     36       H      2       1.000          0.463                         0.537
     37       H      2       1.000          0.476                         0.524
     38       H      2       1.000          0.462                         0.538
     39       H      2       1.000          0.545                         0.455
     40       H      2       1.000          0.542                         0.458
     41       H      2       1.000          0.547                         0.453
     42       H      2       1.000          0.545                         0.455
     43       C      3       4.000          3.470                         0.530
     44       C      3       4.000          3.456                         0.544
     45       C      3       4.000          3.473                         0.527
     46       C      3       4.000          3.459                         0.541
     47       C      3       4.000          4.026                        -0.026
     48       C      3       4.000          3.984                         0.016
     49       C      3       4.000          4.026                        -0.026
     50       C      3       4.000          3.987                         0.013
     51       C      3       4.000          3.860                         0.140
     52       C      3       4.000          4.411                        -0.411
     53       C      3       4.000          3.859                         0.141
     54       C      3       4.000          4.413                        -0.413
     55       C      3       4.000          4.407                        -0.407
     56       C      3       4.000          4.381                        -0.381
     57       C      3       4.000          4.372                        -0.372
     58       C      3       4.000          4.416                        -0.416
     59       C      3       4.000          3.998                         0.002
     60       C      3       4.000          4.356                        -0.356
     61       C      3       4.000          4.336                        -0.336
     62       C      3       4.000          3.997                         0.003
     63       C      3       4.000          3.990                         0.010
     64       C      3       4.000          4.039                        -0.039
     65       C      3       4.000          4.026                        -0.026
     66       C      3       4.000          3.993                         0.007
     67       C      3       4.000          3.462                         0.538
     68       C      3       4.000          3.462                         0.538
     69       C      3       4.000          3.482                         0.518
     70       C      3       4.000          3.540                         0.460
     71       C      3       4.000          3.554                         0.446
     72       C      3       4.000          3.484                         0.516
     73       C      3       4.000          4.371                        -0.371
     74       C      3       4.000          4.412                        -0.412
     75       C      3       4.000          4.404                        -0.404
     76       C      3       4.000          4.364                        -0.364
     77       C      3       4.000          4.404                        -0.404
     78       C      3       4.000          4.388                        -0.388
     79       C      3       4.000          4.380                        -0.380
     80       C      3       4.000          4.431                        -0.431
     81       C      3       4.000          4.372                        -0.372
     82       C      3       4.000          4.367                        -0.367
     83       C      3       4.000          4.382                        -0.382
     84       C      3       4.000          4.389                        -0.389
     85       C      3       4.000          3.873                         0.127
     86       C      3       4.000          4.393                        -0.393
     87       C      3       4.000          4.411                        -0.411
     88       C      3       4.000          3.880                         0.120
     89       N      4       5.000          5.900                        -0.900
     90       N      4       5.000          5.947                        -0.947
     91       N      4       5.000          5.915                        -0.915
     92       N      4       5.000          5.907                        -0.907
     93       O      5       6.000          6.169                        -0.169
     94       O      5       6.000          6.114                        -0.114
     95       O      5       6.000          6.166                        -0.166
     96       O      5       6.000          6.127                        -0.127
     97       O      5       6.000          6.119                        -0.119
     98       O      5       6.000          6.121                        -0.121
     99       O      5       6.000          6.105                        -0.105
    100       O      5       6.000          6.107                        -0.107
    101       O      5       6.000          5.708                         0.292
    102       O      5       6.000          5.728                         0.272
    103       O      5       6.000          5.732                         0.268
    104       O      5       6.000          5.700                         0.300
    105       O      5       6.000          5.685                         0.315
    106       O      5       6.000          5.763                         0.237
    107       O      5       6.000          5.755                         0.245
    108       O      5       6.000          5.686                         0.314
    109       O      5       6.000          6.127                        -0.127
    110       O      5       6.000          6.111                        -0.111
    111       O      5       6.000          6.123                        -0.123
    112       O      5       6.000          6.085                        -0.085
    113       O      5       6.000          6.117                        -0.117
    114       O      5       6.000          6.076                        -0.076
    115       O      5       6.000          6.113                        -0.113
    116       O      5       6.000          6.116                        -0.116
    117       O      5       6.000          6.028                        -0.028
    118       O      5       6.000          6.104                        -0.104
    119       O      5       6.000          6.076                        -0.076
    120       O      5       6.000          6.058                        -0.058
    121       O      5       6.000          5.990                         0.010
    122       O      5       6.000          5.990                         0.010
    123       O      5       6.000          6.054                        -0.054
    124       O      5       6.000          6.033                        -0.033
    125       N      4       5.000          5.156                        -0.156
    126       N      4       5.000          5.136                        -0.136
    127       C      3       4.000          4.180                        -0.180
    128       C      3       4.000          4.267                        -0.267
    129       C      3       4.000          4.952                        -0.952
    130       H      2       1.000          0.525                         0.475
    131       H      2       1.000          0.527                         0.473
    132       H      2       1.000          0.543                         0.457
    133       H      2       1.000          0.536                         0.464
    134       H      2       1.000          0.543                         0.457
    135       C      3       4.000          4.284                        -0.284
    136       C      3       4.000          4.781                        -0.781
    137       H      2       1.000          0.556                         0.444
    138       H      2       1.000          0.551                         0.449
    139       H      2       1.000          0.566                         0.434
    140       C      3       4.000          5.283                        -1.283
    141       H      2       1.000          0.556                         0.444
    142       H      2       1.000          0.565                         0.435
    143       H      2       1.000          0.552                         0.448
    144       C      3       4.000          4.558                        -0.558
    145       C      3       4.000          4.779                        -0.779
    146       H      2       1.000          0.546                         0.454
    147       H      2       1.000          0.554                         0.446
    148       H      2       1.000          0.560                         0.440
    149       H      2       1.000          0.528                         0.472
    150       F      6       7.000          7.218                        -0.218
    151       F      6       7.000          7.189                        -0.189
    152       F      6       7.000          7.375                        -0.375
    153       F      6       7.000          7.223                        -0.223
    154       O      5       6.000          6.486                        -0.486
    155       C      3       4.000          3.229                         0.771
    156       F      6       7.000          7.279                        -0.279
    157       C      3       4.000          3.216                         0.784
    158       F      6       7.000          7.348                        -0.348
    159       S      7       6.000          5.513                         0.487
    160       S      7       6.000          5.420                         0.580
    161       O      5       6.000          6.445                        -0.445
    162       O      5       6.000          6.381                        -0.381
    163       O      5       6.000          6.440                        -0.440
    164       N      4       5.000          5.249                        -0.249

  Total Charge                                                            0.050
 !-----------------------------------------------------------------------------!

 ENERGY| Total FORCE_EVAL ( QS ) energy [hartree]          -1625.760845702428014

 *******************************************************************************
 **                 BAND EVALUATION OF ENERGIES AND FORCES                    **
 *******************************************************************************
 **                                                                           **
 **                                                                           **
 ** Replica Env Nr. :    1              Replica Band Nr. :    9               **
 ** Band  Step  Nr. :    1                                                    **
 *******************************************************************************

 Number of electrons:                                                        674
 Number of occupied orbitals:                                                366
 Number of molecular orbitals:                                               437

 Number of orbital functions:                                               1844
 Number of independent orbital functions:                                   1844

 Parameters for the always stable predictor-corrector (ASPC) method:

  ASPC order: 1

  B(1) =   2.500000
  B(2) =  -2.000000
  B(3) =   0.500000

 *** WARNING in fm/cp_fm_elpa.F:521 :: Setting real_kernel for ELPA failed ***


 Extrapolation method: ASPC


 SCF WAVEFUNCTION OPTIMIZATION

  Step     Update method      Time    Convergence         Total energy    Change
  ------------------------------------------------------------------------------

 *** WARNING in fm/cp_fm_elpa.F:521 :: Setting real_kernel for ELPA failed ***

     1 Broy./Diag. 0.15E+00    8.5     0.00041712     -1625.7609790688 -1.63E+03

 *** WARNING in fm/cp_fm_elpa.F:521 :: Setting real_kernel for ELPA failed ***

     2 Broy./Diag. 0.15E+00   12.3     0.00034606     -1625.7601638820  8.15E-04

 *** WARNING in fm/cp_fm_elpa.F:521 :: Setting real_kernel for ELPA failed ***

     3 Broy./Diag. 0.15E+00   12.5     0.00014636     -1625.7606062481 -4.42E-04

 *** WARNING in fm/cp_fm_elpa.F:521 :: Setting real_kernel for ELPA failed ***

     4 Broy./Diag. 0.15E+00   12.5     0.00007473     -1625.7606811078 -7.49E-05

 *** WARNING in fm/cp_fm_elpa.F:521 :: Setting real_kernel for ELPA failed ***

     5 Broy./Diag. 0.15E+00   12.4     0.00002438     -1625.7608467675 -1.66E-04

  *** SCF run converged in     5 steps ***


  Electronic density on regular grids:       -673.9999999303        0.0000000697
  Core density on regular grids:              673.9999999671       -0.0000000329
  Total charge density on r-space grids:        0.0000000368
  Total charge density g-space grids:           0.0000000368

  Overlap energy of the core charge distribution:               0.00053078203639
  Self energy of the core charge distribution:              -3774.19779000501012
  Core Hamiltonian energy:                                   1084.74679663002553
  Hartree energy:                                            1417.01556130165727
  Exchange-correlation energy:                               -353.09498286386969
  Dispersion energy:                                           -0.22499238828425
  Electronic entropic energy:                                  -0.00596895973243
  Fermi energy:                                                -0.00698183363902

  Total energy:                                             -1625.76084676745336

 !-----------------------------------------------------------------------------!
                     Mulliken Population Analysis

 #  Atom  Element  Kind  Atomic population                           Net charge
       1     Ti       1         10.948978                              1.051022
       2     Ti       1         10.964158                              1.035842
       3     Ti       1         10.929111                              1.070889
       4     Ti       1         10.936596                              1.063404
       5     Ti       1         10.982127                              1.017873
       6     Ti       1         10.965212                              1.034788
       7     Ti       1         10.942704                              1.057296
       8     Ti       1         10.950653                              1.049347
       9     H        2          0.933161                              0.066839
      10     H        2          0.925189                              0.074811
      11     H        2          0.936302                              0.063698
      12     H        2          0.925017                              0.074983
      13     H        2          0.931987                              0.068013
      14     H        2          0.934387                              0.065613
      15     H        2          0.926275                              0.073725
      16     H        2          0.930799                              0.069201
      17     H        2          0.928395                              0.071605
      18     H        2          0.927212                              0.072788
      19     H        2          0.929495                              0.070505
      20     H        2          0.924932                              0.075068
      21     H        2          0.827517                              0.172483
      22     H        2          0.827851                              0.172149
      23     H        2          0.923951                              0.076049
      24     H        2          0.927550                              0.072450
      25     H        2          0.932365                              0.067635
      26     H        2          0.922746                              0.077254
      27     H        2          0.921983                              0.078017
      28     H        2          0.927896                              0.072104
      29     H        2          0.889084                              0.110916
      30     H        2          0.900203                              0.099797
      31     H        2          0.835999                              0.164001
      32     H        2          0.837335                              0.162665
      33     H        2          0.879479                              0.120521
      34     H        2          0.887333                              0.112667
      35     H        2          0.891341                              0.108659
      36     H        2          0.887841                              0.112159
      37     H        2          0.880527                              0.119473
      38     H        2          0.887970                              0.112030
      39     H        2          0.940449                              0.059551
      40     H        2          0.923042                              0.076958
      41     H        2          0.944261                              0.055739
      42     H        2          0.908523                              0.091477
      43     C        3          3.771770                              0.228230
      44     C        3          3.769656                              0.230344
      45     C        3          3.773894                              0.226106
      46     C        3          3.768158                              0.231842
      47     C        3          4.057255                             -0.057255
      48     C        3          4.026038                             -0.026038
      49     C        3          4.056138                             -0.056138
      50     C        3          4.028793                             -0.028793
      51     C        3          3.981603                              0.018397
      52     C        3          4.031934                             -0.031934
      53     C        3          3.977092                              0.022908
      54     C        3          4.034632                             -0.034632
      55     C        3          4.042068                             -0.042068
      56     C        3          4.012251                             -0.012251
      57     C        3          4.005711                             -0.005711
      58     C        3          4.041434                             -0.041434
      59     C        3          4.032131                             -0.032131
      60     C        3          4.046508                             -0.046508
      61     C        3          4.041655                             -0.041655
      62     C        3          4.036161                             -0.036161
      63     C        3          4.025068                             -0.025068
      64     C        3          4.065923                             -0.065923
      65     C        3          4.048309                             -0.048309
      66     C        3          4.026237                             -0.026237
      67     C        3          3.776428                              0.223572
      68     C        3          3.776981                              0.223019
      69     C        3          3.786085                              0.213915
      70     C        3          3.800241                              0.199759
      71     C        3          3.809804                              0.190196
      72     C        3          3.787982                              0.212018
      73     C        3          4.009902                             -0.009902
      74     C        3          4.037141                             -0.037141
      75     C        3          4.042467                             -0.042467
      76     C        3          4.010893                             -0.010893
      77     C        3          4.033061                             -0.033061
      78     C        3          4.024209                             -0.024209
      79     C        3          4.021280                             -0.021280
      80     C        3          4.046286                             -0.046286
      81     C        3          4.048426                             -0.048426
      82     C        3          4.000409                             -0.000409
      83     C        3          4.017623                             -0.017623
      84     C        3          4.036731                             -0.036731
      85     C        3          3.978149                              0.021851
      86     C        3          4.021274                             -0.021274
      87     C        3          4.020352                             -0.020352
      88     C        3          3.997964                              0.002036
      89     N        4          5.012576                             -0.012576
      90     N        4          5.064727                             -0.064727
      91     N        4          5.035095                             -0.035095
      92     N        4          5.035775                             -0.035775
      93     O        5          6.356941                             -0.356941
      94     O        5          6.313403                             -0.313403
      95     O        5          6.321385                             -0.321385
      96     O        5          6.287323                             -0.287323
      97     O        5          6.318899                             -0.318899
      98     O        5          6.328671                             -0.328671
      99     O        5          6.291857                             -0.291857
     100     O        5          6.279620                             -0.279620
     101     O        5          6.457952                             -0.457952
     102     O        5          6.502243                             -0.502243
     103     O        5          6.502254                             -0.502254
     104     O        5          6.456508                             -0.456508
     105     O        5          6.460223                             -0.460223
     106     O        5          6.513465                             -0.513465
     107     O        5          6.507697                             -0.507697
     108     O        5          6.456872                             -0.456872
     109     O        5          6.362899                             -0.362899
     110     O        5          6.355007                             -0.355007
     111     O        5          6.333668                             -0.333668
     112     O        5          6.337859                             -0.337859
     113     O        5          6.406422                             -0.406422
     114     O        5          6.300357                             -0.300357
     115     O        5          6.357240                             -0.357240
     116     O        5          6.353375                             -0.353375
     117     O        5          6.304466                             -0.304466
     118     O        5          6.323331                             -0.323331
     119     O        5          6.302077                             -0.302077
     120     O        5          6.379084                             -0.379084
     121     O        5          6.540704                             -0.540704
     122     O        5          6.535567                             -0.535567
     123     O        5          6.510760                             -0.510760
     124     O        5          6.503998                             -0.503998
     125     N        4          4.869452                              0.130548
     126     N        4          4.833455                              0.166545
     127     C        3          3.910816                              0.089184
     128     C        3          3.978098                              0.021902
     129     C        3          4.168698                             -0.168698
     130     H        2          0.926590                              0.073410
     131     H        2          0.932341                              0.067659
     132     H        2          0.911366                              0.088634
     133     H        2          0.910789                              0.089211
     134     H        2          0.907452                              0.092548
     135     C        3          3.978705                              0.021295
     136     C        3          4.129825                             -0.129825
     137     H        2          0.916114                              0.083886
     138     H        2          0.909862                              0.090138
     139     H        2          0.916855                              0.083145
     140     C        3          4.260531                             -0.260531
     141     H        2          0.916652                              0.083348
     142     H        2          0.929740                              0.070260
     143     H        2          0.907611                              0.092389
     144     C        3          4.104088                             -0.104088
     145     C        3          4.154484                             -0.154484
     146     H        2          0.908120                              0.091880
     147     H        2          0.911492                              0.088508
     148     H        2          0.915216                              0.084784
     149     H        2          0.939683                              0.060317
     150     F        6          6.985095                              0.014905
     151     F        6          6.925433                              0.074567
     152     F        6          7.209908                             -0.209908
     153     F        6          6.990752                              0.009248
     154     O        5          6.453735                             -0.453735
     155     C        3          3.849028                              0.150972
     156     F        6          7.057877                             -0.057877
     157     C        3          3.803253                              0.196747
     158     F        6          7.186430                             -0.186430
     159     S        7          6.395914                             -0.395914
     160     S        7          6.329322                             -0.329322
     161     O        5          5.844538                              0.155462
     162     O        5          5.699688                              0.300312
     163     O        5          6.166190                             -0.166190
     164     N        4          4.982463                              0.017537
 # Total charge                            674.000000                  0.000000

 !-----------------------------------------------------------------------------!

 !-----------------------------------------------------------------------------!
                           Hirshfeld Charges

  #Atom  Element  Kind  Ref Charge     Population                    Net charge
      1       Ti     1      12.000         13.350                        -1.350
      2       Ti     1      12.000         13.377                        -1.377
      3       Ti     1      12.000         13.175                        -1.175
      4       Ti     1      12.000         13.182                        -1.182
      5       Ti     1      12.000         13.427                        -1.427
      6       Ti     1      12.000         13.413                        -1.413
      7       Ti     1      12.000         13.190                        -1.190
      8       Ti     1      12.000         13.233                        -1.233
      9       H      2       1.000          0.547                         0.453
     10       H      2       1.000          0.543                         0.457
     11       H      2       1.000          0.550                         0.450
     12       H      2       1.000          0.539                         0.461
     13       H      2       1.000          0.546                         0.454
     14       H      2       1.000          0.543                         0.457
     15       H      2       1.000          0.541                         0.459
     16       H      2       1.000          0.541                         0.459
     17       H      2       1.000          0.545                         0.455
     18       H      2       1.000          0.544                         0.456
     19       H      2       1.000          0.543                         0.457
     20       H      2       1.000          0.546                         0.454
     21       H      2       1.000          0.419                         0.581
     22       H      2       1.000          0.419                         0.581
     23       H      2       1.000          0.543                         0.457
     24       H      2       1.000          0.543                         0.457
     25       H      2       1.000          0.546                         0.454
     26       H      2       1.000          0.544                         0.456
     27       H      2       1.000          0.537                         0.463
     28       H      2       1.000          0.545                         0.455
     29       H      2       1.000          0.462                         0.538
     30       H      2       1.000          0.489                         0.511
     31       H      2       1.000          0.418                         0.582
     32       H      2       1.000          0.419                         0.581
     33       H      2       1.000          0.481                         0.519
     34       H      2       1.000          0.465                         0.535
     35       H      2       1.000          0.476                         0.524
     36       H      2       1.000          0.463                         0.537
     37       H      2       1.000          0.476                         0.524
     38       H      2       1.000          0.462                         0.538
     39       H      2       1.000          0.545                         0.455
     40       H      2       1.000          0.542                         0.458
     41       H      2       1.000          0.547                         0.453
     42       H      2       1.000          0.545                         0.455
     43       C      3       4.000          3.470                         0.530
     44       C      3       4.000          3.456                         0.544
     45       C      3       4.000          3.473                         0.527
     46       C      3       4.000          3.459                         0.541
     47       C      3       4.000          4.026                        -0.026
     48       C      3       4.000          3.984                         0.016
     49       C      3       4.000          4.026                        -0.026
     50       C      3       4.000          3.987                         0.013
     51       C      3       4.000          3.860                         0.140
     52       C      3       4.000          4.411                        -0.411
     53       C      3       4.000          3.859                         0.141
     54       C      3       4.000          4.413                        -0.413
     55       C      3       4.000          4.407                        -0.407
     56       C      3       4.000          4.381                        -0.381
     57       C      3       4.000          4.372                        -0.372
     58       C      3       4.000          4.416                        -0.416
     59       C      3       4.000          3.998                         0.002
     60       C      3       4.000          4.356                        -0.356
     61       C      3       4.000          4.336                        -0.336
     62       C      3       4.000          3.997                         0.003
     63       C      3       4.000          3.990                         0.010
     64       C      3       4.000          4.039                        -0.039
     65       C      3       4.000          4.026                        -0.026
     66       C      3       4.000          3.993                         0.007
     67       C      3       4.000          3.462                         0.538
     68       C      3       4.000          3.462                         0.538
     69       C      3       4.000          3.482                         0.518
     70       C      3       4.000          3.540                         0.460
     71       C      3       4.000          3.554                         0.446
     72       C      3       4.000          3.484                         0.516
     73       C      3       4.000          4.371                        -0.371
     74       C      3       4.000          4.412                        -0.412
     75       C      3       4.000          4.404                        -0.404
     76       C      3       4.000          4.364                        -0.364
     77       C      3       4.000          4.404                        -0.404
     78       C      3       4.000          4.388                        -0.388
     79       C      3       4.000          4.380                        -0.380
     80       C      3       4.000          4.431                        -0.431
     81       C      3       4.000          4.372                        -0.372
     82       C      3       4.000          4.367                        -0.367
     83       C      3       4.000          4.382                        -0.382
     84       C      3       4.000          4.389                        -0.389
     85       C      3       4.000          3.873                         0.127
     86       C      3       4.000          4.393                        -0.393
     87       C      3       4.000          4.411                        -0.411
     88       C      3       4.000          3.880                         0.120
     89       N      4       5.000          5.900                        -0.900
     90       N      4       5.000          5.947                        -0.947
     91       N      4       5.000          5.915                        -0.915
     92       N      4       5.000          5.907                        -0.907
     93       O      5       6.000          6.169                        -0.169
     94       O      5       6.000          6.114                        -0.114
     95       O      5       6.000          6.166                        -0.166
     96       O      5       6.000          6.127                        -0.127
     97       O      5       6.000          6.119                        -0.119
     98       O      5       6.000          6.121                        -0.121
     99       O      5       6.000          6.105                        -0.105
    100       O      5       6.000          6.107                        -0.107
    101       O      5       6.000          5.708                         0.292
    102       O      5       6.000          5.728                         0.272
    103       O      5       6.000          5.732                         0.268
    104       O      5       6.000          5.700                         0.300
    105       O      5       6.000          5.685                         0.315
    106       O      5       6.000          5.763                         0.237
    107       O      5       6.000          5.755                         0.245
    108       O      5       6.000          5.686                         0.314
    109       O      5       6.000          6.127                        -0.127
    110       O      5       6.000          6.111                        -0.111
    111       O      5       6.000          6.123                        -0.123
    112       O      5       6.000          6.085                        -0.085
    113       O      5       6.000          6.117                        -0.117
    114       O      5       6.000          6.076                        -0.076
    115       O      5       6.000          6.113                        -0.113
    116       O      5       6.000          6.116                        -0.116
    117       O      5       6.000          6.028                        -0.028
    118       O      5       6.000          6.104                        -0.104
    119       O      5       6.000          6.076                        -0.076
    120       O      5       6.000          6.058                        -0.058
    121       O      5       6.000          5.991                         0.009
    122       O      5       6.000          5.990                         0.010
    123       O      5       6.000          6.054                        -0.054
    124       O      5       6.000          6.033                        -0.033
    125       N      4       5.000          5.156                        -0.156
    126       N      4       5.000          5.136                        -0.136
    127       C      3       4.000          4.180                        -0.180
    128       C      3       4.000          4.267                        -0.267
    129       C      3       4.000          4.952                        -0.952
    130       H      2       1.000          0.525                         0.475
    131       H      2       1.000          0.527                         0.473
    132       H      2       1.000          0.543                         0.457
    133       H      2       1.000          0.536                         0.464
    134       H      2       1.000          0.543                         0.457
    135       C      3       4.000          4.284                        -0.284
    136       C      3       4.000          4.781                        -0.781
    137       H      2       1.000          0.556                         0.444
    138       H      2       1.000          0.551                         0.449
    139       H      2       1.000          0.566                         0.434
    140       C      3       4.000          5.283                        -1.283
    141       H      2       1.000          0.556                         0.444
    142       H      2       1.000          0.565                         0.435
    143       H      2       1.000          0.552                         0.448
    144       C      3       4.000          4.558                        -0.558
    145       C      3       4.000          4.779                        -0.779
    146       H      2       1.000          0.546                         0.454
    147       H      2       1.000          0.554                         0.446
    148       H      2       1.000          0.560                         0.440
    149       H      2       1.000          0.528                         0.472
    150       F      6       7.000          7.218                        -0.218
    151       F      6       7.000          7.189                        -0.189
    152       F      6       7.000          7.375                        -0.375
    153       F      6       7.000          7.223                        -0.223
    154       O      5       6.000          6.486                        -0.486
    155       C      3       4.000          3.229                         0.771
    156       F      6       7.000          7.279                        -0.279
    157       C      3       4.000          3.216                         0.784
    158       F      6       7.000          7.348                        -0.348
    159       S      7       6.000          5.513                         0.487
    160       S      7       6.000          5.420                         0.580
    161       O      5       6.000          6.445                        -0.445
    162       O      5       6.000          6.381                        -0.381
    163       O      5       6.000          6.440                        -0.440
    164       N      4       5.000          5.249                        -0.249

  Total Charge                                                            0.050
 !-----------------------------------------------------------------------------!

 ENERGY| Total FORCE_EVAL ( QS ) energy [hartree]          -1625.760979315143004

 *******************************************************************************
 **                 BAND EVALUATION OF ENERGIES AND FORCES                    **
 *******************************************************************************
 **                                                                           **
 **                                                                           **
 ** Replica Env Nr. :    1              Replica Band Nr. :    9               **
 ** Band  Step  Nr. :    0                                                    **
 *******************************************************************************

 Number of electrons:                                                        674
 Number of occupied orbitals:                                                366
 Number of molecular orbitals:                                               437

 Number of orbital functions:                                               1844
 Number of independent orbital functions:                                   1844

 Parameters for the always stable predictor-corrector (ASPC) method:

  ASPC order: 0

  B(1) =   1.000000

 *** WARNING in fm/cp_fm_elpa.F:521 :: Setting real_kernel for ELPA failed ***


 Extrapolation method: ASPC


 SCF WAVEFUNCTION OPTIMIZATION

  Step     Update method      Time    Convergence         Total energy    Change
  ------------------------------------------------------------------------------

 *** WARNING in fm/cp_fm_elpa.F:521 :: Setting real_kernel for ELPA failed ***

     1 Broy./Diag. 0.15E+00    9.4     0.00034362     -1625.7608457080 -1.63E+03

 *** WARNING in fm/cp_fm_elpa.F:521 :: Setting real_kernel for ELPA failed ***

     2 Broy./Diag. 0.15E+00   12.6     0.00026847     -1625.7630202143 -2.17E-03

 *** WARNING in fm/cp_fm_elpa.F:521 :: Setting real_kernel for ELPA failed ***

     3 Broy./Diag. 0.15E+00   12.4     0.00007823     -1625.7619030189  1.12E-03

 *** WARNING in fm/cp_fm_elpa.F:521 :: Setting real_kernel for ELPA failed ***

     4 Broy./Diag. 0.15E+00   12.4     0.00005366     -1625.7612627257  6.40E-04

 *** WARNING in fm/cp_fm_elpa.F:521 :: Setting real_kernel for ELPA failed ***

     5 Broy./Diag. 0.15E+00   12.3     0.00001835     -1625.7607669985  4.96E-04

  *** SCF run converged in     5 steps ***


  Electronic density on regular grids:       -673.9999999303        0.0000000697
  Core density on regular grids:              673.9999999671       -0.0000000329
  Total charge density on r-space grids:        0.0000000368
  Total charge density g-space grids:           0.0000000368

  Overlap energy of the core charge distribution:               0.00053095058775
  Self energy of the core charge distribution:              -3774.19779000501012
  Core Hamiltonian energy:                                   1084.74664473027815
  Hartree energy:                                            1417.01587629328242
  Exchange-correlation energy:                               -353.09507051039736
  Dispersion energy:                                           -0.22499236743286
  Electronic entropic energy:                                  -0.00596671796717
  Fermi energy:                                                -0.00697645622356

  Total energy:                                             -1625.76076699853957

 !-----------------------------------------------------------------------------!
                     Mulliken Population Analysis

 #  Atom  Element  Kind  Atomic population                           Net charge
       1     Ti       1         10.948992                              1.051008
       2     Ti       1         10.964114                              1.035886
       3     Ti       1         10.929098                              1.070902
       4     Ti       1         10.936575                              1.063425
       5     Ti       1         10.982128                              1.017872
       6     Ti       1         10.965172                              1.034828
       7     Ti       1         10.942707                              1.057293
       8     Ti       1         10.950615                              1.049385
       9     H        2          0.933157                              0.066843
      10     H        2          0.925187                              0.074813
      11     H        2          0.936308                              0.063692
      12     H        2          0.925034                              0.074966
      13     H        2          0.931995                              0.068005
      14     H        2          0.934403                              0.065597
      15     H        2          0.926267                              0.073733
      16     H        2          0.930813                              0.069187
      17     H        2          0.928398                              0.071602
      18     H        2          0.927211                              0.072789
      19     H        2          0.929509                              0.070491
      20     H        2          0.924950                              0.075050
      21     H        2          0.827502                              0.172498
      22     H        2          0.827826                              0.172174
      23     H        2          0.923948                              0.076052
      24     H        2          0.927562                              0.072438
      25     H        2          0.932378                              0.067622
      26     H        2          0.922752                              0.077248
      27     H        2          0.921997                              0.078003
      28     H        2          0.927898                              0.072102
      29     H        2          0.889087                              0.110913
      30     H        2          0.900217                              0.099783
      31     H        2          0.835969                              0.164031
      32     H        2          0.837310                              0.162690
      33     H        2          0.879496                              0.120504
      34     H        2          0.887334                              0.112666
      35     H        2          0.891346                              0.108654
      36     H        2          0.887830                              0.112170
      37     H        2          0.880546                              0.119454
      38     H        2          0.887975                              0.112025
      39     H        2          0.940438                              0.059562
      40     H        2          0.923055                              0.076945
      41     H        2          0.944240                              0.055760
      42     H        2          0.908508                              0.091492
      43     C        3          3.771762                              0.228238
      44     C        3          3.769680                              0.230320
      45     C        3          3.773896                              0.226104
      46     C        3          3.768167                              0.231833
      47     C        3          4.057263                             -0.057263
      48     C        3          4.026058                             -0.026058
      49     C        3          4.056150                             -0.056150
      50     C        3          4.028803                             -0.028803
      51     C        3          3.981616                              0.018384
      52     C        3          4.031962                             -0.031962
      53     C        3          3.977106                              0.022894
      54     C        3          4.034639                             -0.034639
      55     C        3          4.042086                             -0.042086
      56     C        3          4.012251                             -0.012251
      57     C        3          4.005723                             -0.005723
      58     C        3          4.041459                             -0.041459
      59     C        3          4.032127                             -0.032127
      60     C        3          4.046503                             -0.046503
      61     C        3          4.041636                             -0.041636
      62     C        3          4.036155                             -0.036155
      63     C        3          4.025075                             -0.025075
      64     C        3          4.065933                             -0.065933
      65     C        3          4.048310                             -0.048310
      66     C        3          4.026240                             -0.026240
      67     C        3          3.776417                              0.223583
      68     C        3          3.776978                              0.223022
      69     C        3          3.786079                              0.213921
      70     C        3          3.800228                              0.199772
      71     C        3          3.809809                              0.190191
      72     C        3          3.787986                              0.212014
      73     C        3          4.009920                             -0.009920
      74     C        3          4.037139                             -0.037139
      75     C        3          4.042474                             -0.042474
      76     C        3          4.010891                             -0.010891
      77     C        3          4.033074                             -0.033074
      78     C        3          4.024237                             -0.024237
      79     C        3          4.021278                             -0.021278
      80     C        3          4.046305                             -0.046305
      81     C        3          4.048406                             -0.048406
      82     C        3          4.000436                             -0.000436
      83     C        3          4.017622                             -0.017622
      84     C        3          4.036752                             -0.036752
      85     C        3          3.978157                              0.021843
      86     C        3          4.021279                             -0.021279
      87     C        3          4.020381                             -0.020381
      88     C        3          3.997972                              0.002028
      89     N        4          5.012594                             -0.012594
      90     N        4          5.064732                             -0.064732
      91     N        4          5.035081                             -0.035081
      92     N        4          5.035798                             -0.035798
      93     O        5          6.356921                             -0.356921
      94     O        5          6.313434                             -0.313434
      95     O        5          6.321391                             -0.321391
      96     O        5          6.287333                             -0.287333
      97     O        5          6.318908                             -0.318908
      98     O        5          6.328663                             -0.328663
      99     O        5          6.291853                             -0.291853
     100     O        5          6.279649                             -0.279649
     101     O        5          6.457905                             -0.457905
     102     O        5          6.502241                             -0.502241
     103     O        5          6.502191                             -0.502191
     104     O        5          6.456522                             -0.456522
     105     O        5          6.460196                             -0.460196
     106     O        5          6.513434                             -0.513434
     107     O        5          6.507666                             -0.507666
     108     O        5          6.456856                             -0.456856
     109     O        5          6.362880                             -0.362880
     110     O        5          6.355024                             -0.355024
     111     O        5          6.333676                             -0.333676
     112     O        5          6.337862                             -0.337862
     113     O        5          6.406414                             -0.406414
     114     O        5          6.300364                             -0.300364
     115     O        5          6.357235                             -0.357235
     116     O        5          6.353370                             -0.353370
     117     O        5          6.304448                             -0.304448
     118     O        5          6.323350                             -0.323350
     119     O        5          6.302077                             -0.302077
     120     O        5          6.379095                             -0.379095
     121     O        5          6.540657                             -0.540657
     122     O        5          6.535545                             -0.535545
     123     O        5          6.510712                             -0.510712
     124     O        5          6.503971                             -0.503971
     125     N        4          4.869442                              0.130558
     126     N        4          4.833449                              0.166551
     127     C        3          3.910787                              0.089213
     128     C        3          3.978114                              0.021886
     129     C        3          4.168710                             -0.168710
     130     H        2          0.926567                              0.073433
     131     H        2          0.932354                              0.067646
     132     H        2          0.911377                              0.088623
     133     H        2          0.910785                              0.089215
     134     H        2          0.907453                              0.092547
     135     C        3          3.978712                              0.021288
     136     C        3          4.129817                             -0.129817
     137     H        2          0.916094                              0.083906
     138     H        2          0.909856                              0.090144
     139     H        2          0.916849                              0.083151
     140     C        3          4.260541                             -0.260541
     141     H        2          0.916657                              0.083343
     142     H        2          0.929753                              0.070247
     143     H        2          0.907619                              0.092381
     144     C        3          4.104077                             -0.104077
     145     C        3          4.154493                             -0.154493
     146     H        2          0.908103                              0.091897
     147     H        2          0.911491                              0.088509
     148     H        2          0.915212                              0.084788
     149     H        2          0.939685                              0.060315
     150     F        6          6.985094                              0.014906
     151     F        6          6.925420                              0.074580
     152     F        6          7.209916                             -0.209916
     153     F        6          6.990748                              0.009252
     154     O        5          6.453784                             -0.453784
     155     C        3          3.849019                              0.150981
     156     F        6          7.057891                             -0.057891
     157     C        3          3.803255                              0.196745
     158     F        6          7.186436                             -0.186436
     159     S        7          6.395969                             -0.395969
     160     S        7          6.329395                             -0.329395
     161     O        5          5.844471                              0.155529
     162     O        5          5.699626                              0.300374
     163     O        5          6.166195                             -0.166195
     164     N        4          4.982466                              0.017534
 # Total charge                            674.000000                  0.000000

 !-----------------------------------------------------------------------------!

 !-----------------------------------------------------------------------------!
                           Hirshfeld Charges

  #Atom  Element  Kind  Ref Charge     Population                    Net charge
      1       Ti     1      12.000         13.350                        -1.350
      2       Ti     1      12.000         13.377                        -1.377
      3       Ti     1      12.000         13.175                        -1.175
      4       Ti     1      12.000         13.182                        -1.182
      5       Ti     1      12.000         13.427                        -1.427
      6       Ti     1      12.000         13.413                        -1.413
      7       Ti     1      12.000         13.190                        -1.190
      8       Ti     1      12.000         13.233                        -1.233
      9       H      2       1.000          0.547                         0.453
     10       H      2       1.000          0.543                         0.457
     11       H      2       1.000          0.550                         0.450
     12       H      2       1.000          0.539                         0.461
     13       H      2       1.000          0.546                         0.454
     14       H      2       1.000          0.543                         0.457
     15       H      2       1.000          0.541                         0.459
     16       H      2       1.000          0.541                         0.459
     17       H      2       1.000          0.545                         0.455
     18       H      2       1.000          0.544                         0.456
     19       H      2       1.000          0.543                         0.457
     20       H      2       1.000          0.546                         0.454
     21       H      2       1.000          0.419                         0.581
     22       H      2       1.000          0.419                         0.581
     23       H      2       1.000          0.543                         0.457
     24       H      2       1.000          0.543                         0.457
     25       H      2       1.000          0.546                         0.454
     26       H      2       1.000          0.544                         0.456
     27       H      2       1.000          0.537                         0.463
     28       H      2       1.000          0.545                         0.455
     29       H      2       1.000          0.462                         0.538
     30       H      2       1.000          0.489                         0.511
     31       H      2       1.000          0.418                         0.582
     32       H      2       1.000          0.419                         0.581
     33       H      2       1.000          0.481                         0.519
     34       H      2       1.000          0.465                         0.535
     35       H      2       1.000          0.476                         0.524
     36       H      2       1.000          0.463                         0.537
     37       H      2       1.000          0.476                         0.524
     38       H      2       1.000          0.462                         0.538
     39       H      2       1.000          0.545                         0.455
     40       H      2       1.000          0.542                         0.458
     41       H      2       1.000          0.547                         0.453
     42       H      2       1.000          0.545                         0.455
     43       C      3       4.000          3.470                         0.530
     44       C      3       4.000          3.456                         0.544
     45       C      3       4.000          3.473                         0.527
     46       C      3       4.000          3.459                         0.541
     47       C      3       4.000          4.026                        -0.026
     48       C      3       4.000          3.984                         0.016
     49       C      3       4.000          4.026                        -0.026
     50       C      3       4.000          3.987                         0.013
     51       C      3       4.000          3.860                         0.140
     52       C      3       4.000          4.411                        -0.411
     53       C      3       4.000          3.859                         0.141
     54       C      3       4.000          4.413                        -0.413
     55       C      3       4.000          4.407                        -0.407
     56       C      3       4.000          4.381                        -0.381
     57       C      3       4.000          4.372                        -0.372
     58       C      3       4.000          4.416                        -0.416
     59       C      3       4.000          3.998                         0.002
     60       C      3       4.000          4.356                        -0.356
     61       C      3       4.000          4.336                        -0.336
     62       C      3       4.000          3.997                         0.003
     63       C      3       4.000          3.990                         0.010
     64       C      3       4.000          4.039                        -0.039
     65       C      3       4.000          4.026                        -0.026
     66       C      3       4.000          3.993                         0.007
     67       C      3       4.000          3.462                         0.538
     68       C      3       4.000          3.462                         0.538
     69       C      3       4.000          3.482                         0.518
     70       C      3       4.000          3.540                         0.460
     71       C      3       4.000          3.554                         0.446
     72       C      3       4.000          3.484                         0.516
     73       C      3       4.000          4.371                        -0.371
     74       C      3       4.000          4.412                        -0.412
     75       C      3       4.000          4.404                        -0.404
     76       C      3       4.000          4.364                        -0.364
     77       C      3       4.000          4.404                        -0.404
     78       C      3       4.000          4.388                        -0.388
     79       C      3       4.000          4.380                        -0.380
     80       C      3       4.000          4.431                        -0.431
     81       C      3       4.000          4.372                        -0.372
     82       C      3       4.000          4.367                        -0.367
     83       C      3       4.000          4.382                        -0.382
     84       C      3       4.000          4.389                        -0.389
     85       C      3       4.000          3.873                         0.127
     86       C      3       4.000          4.393                        -0.393
     87       C      3       4.000          4.411                        -0.411
     88       C      3       4.000          3.880                         0.120
     89       N      4       5.000          5.900                        -0.900
     90       N      4       5.000          5.947                        -0.947
     91       N      4       5.000          5.915                        -0.915
     92       N      4       5.000          5.907                        -0.907
     93       O      5       6.000          6.169                        -0.169
     94       O      5       6.000          6.114                        -0.114
     95       O      5       6.000          6.166                        -0.166
     96       O      5       6.000          6.127                        -0.127
     97       O      5       6.000          6.119                        -0.119
     98       O      5       6.000          6.121                        -0.121
     99       O      5       6.000          6.105                        -0.105
    100       O      5       6.000          6.107                        -0.107
    101       O      5       6.000          5.708                         0.292
    102       O      5       6.000          5.728                         0.272
    103       O      5       6.000          5.732                         0.268
    104       O      5       6.000          5.700                         0.300
    105       O      5       6.000          5.685                         0.315
    106       O      5       6.000          5.763                         0.237
    107       O      5       6.000          5.755                         0.245
    108       O      5       6.000          5.686                         0.314
    109       O      5       6.000          6.127                        -0.127
    110       O      5       6.000          6.111                        -0.111
    111       O      5       6.000          6.123                        -0.123
    112       O      5       6.000          6.085                        -0.085
    113       O      5       6.000          6.117                        -0.117
    114       O      5       6.000          6.076                        -0.076
    115       O      5       6.000          6.113                        -0.113
    116       O      5       6.000          6.116                        -0.116
    117       O      5       6.000          6.028                        -0.028
    118       O      5       6.000          6.104                        -0.104
    119       O      5       6.000          6.076                        -0.076
    120       O      5       6.000          6.058                        -0.058
    121       O      5       6.000          5.990                         0.010
    122       O      5       6.000          5.990                         0.010
    123       O      5       6.000          6.054                        -0.054
    124       O      5       6.000          6.033                        -0.033
    125       N      4       5.000          5.156                        -0.156
    126       N      4       5.000          5.136                        -0.136
    127       C      3       4.000          4.180                        -0.180
    128       C      3       4.000          4.267                        -0.267
    129       C      3       4.000          4.952                        -0.952
    130       H      2       1.000          0.525                         0.475
    131       H      2       1.000          0.527                         0.473
    132       H      2       1.000          0.543                         0.457
    133       H      2       1.000          0.536                         0.464
    134       H      2       1.000          0.543                         0.457
    135       C      3       4.000          4.284                        -0.284
    136       C      3       4.000          4.780                        -0.780
    137       H      2       1.000          0.556                         0.444
    138       H      2       1.000          0.551                         0.449
    139       H      2       1.000          0.566                         0.434
    140       C      3       4.000          5.283                        -1.283
    141       H      2       1.000          0.556                         0.444
    142       H      2       1.000          0.565                         0.435
    143       H      2       1.000          0.552                         0.448
    144       C      3       4.000          4.558                        -0.558
    145       C      3       4.000          4.779                        -0.779
    146       H      2       1.000          0.546                         0.454
    147       H      2       1.000          0.554                         0.446
    148       H      2       1.000          0.560                         0.440
    149       H      2       1.000          0.528                         0.472
    150       F      6       7.000          7.218                        -0.218
    151       F      6       7.000          7.189                        -0.189
    152       F      6       7.000          7.375                        -0.375
    153       F      6       7.000          7.223                        -0.223
    154       O      5       6.000          6.486                        -0.486
    155       C      3       4.000          3.229                         0.771
    156       F      6       7.000          7.279                        -0.279
    157       C      3       4.000          3.216                         0.784
    158       F      6       7.000          7.348                        -0.348
    159       S      7       6.000          5.513                         0.487
    160       S      7       6.000          5.420                         0.580
    161       O      5       6.000          6.445                        -0.445
    162       O      5       6.000          6.381                        -0.381
    163       O      5       6.000          6.440                        -0.440
    164       N      4       5.000          5.249                        -0.249

  Total Charge                                                            0.050
 !-----------------------------------------------------------------------------!

 ENERGY| Total FORCE_EVAL ( QS ) energy [hartree]          -1625.760845725220179

 *******************************************************************************
 **                 BAND EVALUATION OF ENERGIES AND FORCES                    **
 *******************************************************************************
 **                                                                           **
 **                                                                           **
 ** Replica Env Nr. :    1              Replica Band Nr. :    9               **
 ** Band  Step  Nr. :    1                                                    **
 *******************************************************************************

 Number of electrons:                                                        674
 Number of occupied orbitals:                                                366
 Number of molecular orbitals:                                               437

 Number of orbital functions:                                               1844
 Number of independent orbital functions:                                   1844

 Parameters for the always stable predictor-corrector (ASPC) method:

  ASPC order: 1

  B(1) =   2.500000
  B(2) =  -2.000000
  B(3) =   0.500000

 *** WARNING in fm/cp_fm_elpa.F:521 :: Setting real_kernel for ELPA failed ***


 Extrapolation method: ASPC


 SCF WAVEFUNCTION OPTIMIZATION

  Step     Update method      Time    Convergence         Total energy    Change
  ------------------------------------------------------------------------------

 *** WARNING in fm/cp_fm_elpa.F:521 :: Setting real_kernel for ELPA failed ***

     1 Broy./Diag. 0.15E+00    8.5     0.00032957     -1625.7609791804 -1.63E+03

 *** WARNING in fm/cp_fm_elpa.F:521 :: Setting real_kernel for ELPA failed ***

     2 Broy./Diag. 0.15E+00   11.9     0.00021930     -1625.7619144124 -9.35E-04

 *** WARNING in fm/cp_fm_elpa.F:521 :: Setting real_kernel for ELPA failed ***

     3 Broy./Diag. 0.15E+00   12.5     0.00004474     -1625.7612536632  6.61E-04

  *** SCF run converged in     3 steps ***


  Electronic density on regular grids:       -673.9999999303        0.0000000697
  Core density on regular grids:              673.9999999671       -0.0000000329
  Total charge density on r-space grids:        0.0000000368
  Total charge density g-space grids:           0.0000000368

  Overlap energy of the core charge distribution:               0.00053078203808
  Self energy of the core charge distribution:              -3774.19779000501012
  Core Hamiltonian energy:                                   1084.74552823641761
  Hartree energy:                                            1417.01640857343432
  Exchange-correlation energy:                               -353.09497653857193
  Dispersion energy:                                           -0.22499238828654
  Electronic entropic energy:                                  -0.00596398746943
  Fermi energy:                                                -0.00697268700177

  Total energy:                                             -1625.76125366318024

 !-----------------------------------------------------------------------------!
                     Mulliken Population Analysis

 #  Atom  Element  Kind  Atomic population                           Net charge
       1     Ti       1         10.949007                              1.050993
       2     Ti       1         10.964052                              1.035948
       3     Ti       1         10.929075                              1.070925
       4     Ti       1         10.936546                              1.063454
       5     Ti       1         10.982156                              1.017844
       6     Ti       1         10.965127                              1.034873
       7     Ti       1         10.942718                              1.057282
       8     Ti       1         10.950556                              1.049444
       9     H        2          0.933151                              0.066849
      10     H        2          0.925192                              0.074808
      11     H        2          0.936321                              0.063679
      12     H        2          0.925052                              0.074948
      13     H        2          0.931998                              0.068002
      14     H        2          0.934430                              0.065570
      15     H        2          0.926253                              0.073747
      16     H        2          0.930825                              0.069175
      17     H        2          0.928401                              0.071599
      18     H        2          0.927211                              0.072789
      19     H        2          0.929530                              0.070470
      20     H        2          0.924985                              0.075015
      21     H        2          0.827488                              0.172512
      22     H        2          0.827810                              0.172190
      23     H        2          0.923933                              0.076067
      24     H        2          0.927567                              0.072433
      25     H        2          0.932388                              0.067612
      26     H        2          0.922748                              0.077252
      27     H        2          0.922004                              0.077996
      28     H        2          0.927890                              0.072110
      29     H        2          0.889086                              0.110914
      30     H        2          0.900227                              0.099773
      31     H        2          0.835937                              0.164063
      32     H        2          0.837277                              0.162723
      33     H        2          0.879518                              0.120482
      34     H        2          0.887327                              0.112673
      35     H        2          0.891354                              0.108646
      36     H        2          0.887806                              0.112194
      37     H        2          0.880556                              0.119444
      38     H        2          0.887977                              0.112023
      39     H        2          0.940420                              0.059580
      40     H        2          0.923074                              0.076926
      41     H        2          0.944203                              0.055797
      42     H        2          0.908489                              0.091511
      43     C        3          3.771733                              0.228267
      44     C        3          3.769725                              0.230275
      45     C        3          3.773896                              0.226104
      46     C        3          3.768176                              0.231824
      47     C        3          4.057268                             -0.057268
      48     C        3          4.026087                             -0.026087
      49     C        3          4.056165                             -0.056165
      50     C        3          4.028820                             -0.028820
      51     C        3          3.981625                              0.018375
      52     C        3          4.031989                             -0.031989
      53     C        3          3.977129                              0.022871
      54     C        3          4.034645                             -0.034645
      55     C        3          4.042110                             -0.042110
      56     C        3          4.012251                             -0.012251
      57     C        3          4.005735                             -0.005735
      58     C        3          4.041489                             -0.041489
      59     C        3          4.032130                             -0.032130
      60     C        3          4.046490                             -0.046490
      61     C        3          4.041602                             -0.041602
      62     C        3          4.036162                             -0.036162
      63     C        3          4.025086                             -0.025086
      64     C        3          4.065946                             -0.065946
      65     C        3          4.048298                             -0.048298
      66     C        3          4.026251                             -0.026251
      67     C        3          3.776401                              0.223599
      68     C        3          3.776988                              0.223012
      69     C        3          3.786074                              0.213926
      70     C        3          3.800231                              0.199769
      71     C        3          3.809771                              0.190229
      72     C        3          3.787995                              0.212005
      73     C        3          4.009940                             -0.009940
      74     C        3          4.037132                             -0.037132
      75     C        3          4.042481                             -0.042481
      76     C        3          4.010889                             -0.010889
      77     C        3          4.033091                             -0.033091
      78     C        3          4.024267                             -0.024267
      79     C        3          4.021267                             -0.021267
      80     C        3          4.046336                             -0.046336
      81     C        3          4.048383                             -0.048383
      82     C        3          4.000459                             -0.000459
      83     C        3          4.017622                             -0.017622
      84     C        3          4.036772                             -0.036772
      85     C        3          3.978166                              0.021834
      86     C        3          4.021284                             -0.021284
      87     C        3          4.020411                             -0.020411
      88     C        3          3.997990                              0.002010
      89     N        4          5.012608                             -0.012608
      90     N        4          5.064738                             -0.064738
      91     N        4          5.035076                             -0.035076
      92     N        4          5.035814                             -0.035814
      93     O        5          6.356897                             -0.356897
      94     O        5          6.313451                             -0.313451
      95     O        5          6.321397                             -0.321397
      96     O        5          6.287336                             -0.287336
      97     O        5          6.318912                             -0.318912
      98     O        5          6.328653                             -0.328653
      99     O        5          6.291847                             -0.291847
     100     O        5          6.279671                             -0.279671
     101     O        5          6.457882                             -0.457882
     102     O        5          6.502237                             -0.502237
     103     O        5          6.502123                             -0.502123
     104     O        5          6.456533                             -0.456533
     105     O        5          6.460183                             -0.460183
     106     O        5          6.513395                             -0.513395
     107     O        5          6.507625                             -0.507625
     108     O        5          6.456847                             -0.456847
     109     O        5          6.362868                             -0.362868
     110     O        5          6.355053                             -0.355053
     111     O        5          6.333690                             -0.333690
     112     O        5          6.337858                             -0.337858
     113     O        5          6.406395                             -0.406395
     114     O        5          6.300366                             -0.300366
     115     O        5          6.357234                             -0.357234
     116     O        5          6.353379                             -0.353379
     117     O        5          6.304415                             -0.304415
     118     O        5          6.323380                             -0.323380
     119     O        5          6.302077                             -0.302077
     120     O        5          6.379111                             -0.379111
     121     O        5          6.540638                             -0.540638
     122     O        5          6.535539                             -0.535539
     123     O        5          6.510671                             -0.510671
     124     O        5          6.503943                             -0.503943
     125     N        4          4.869430                              0.130570
     126     N        4          4.833443                              0.166557
     127     C        3          3.910736                              0.089264
     128     C        3          3.978137                              0.021863
     129     C        3          4.168715                             -0.168715
     130     H        2          0.926549                              0.073451
     131     H        2          0.932385                              0.067615
     132     H        2          0.911405                              0.088595
     133     H        2          0.910771                              0.089229
     134     H        2          0.907459                              0.092541
     135     C        3          3.978716                              0.021284
     136     C        3          4.129801                             -0.129801
     137     H        2          0.916076                              0.083924
     138     H        2          0.909847                              0.090153
     139     H        2          0.916841                              0.083159
     140     C        3          4.260560                             -0.260560
     141     H        2          0.916658                              0.083342
     142     H        2          0.929773                              0.070227
     143     H        2          0.907626                              0.092374
     144     C        3          4.104032                             -0.104032
     145     C        3          4.154491                             -0.154491
     146     H        2          0.908092                              0.091908
     147     H        2          0.911504                              0.088496
     148     H        2          0.915225                              0.084775
     149     H        2          0.939700                              0.060300
     150     F        6          6.985106                              0.014894
     151     F        6          6.925423                              0.074577
     152     F        6          7.209906                             -0.209906
     153     F        6          6.990752                              0.009248
     154     O        5          6.453804                             -0.453804
     155     C        3          3.849016                              0.150984
     156     F        6          7.057901                             -0.057901
     157     C        3          3.803270                              0.196730
     158     F        6          7.186426                             -0.186426
     159     S        7          6.395916                             -0.395916
     160     S        7          6.329324                             -0.329324
     161     O        5          5.844510                              0.155490
     162     O        5          5.699739                              0.300261
     163     O        5          6.166175                             -0.166175
     164     N        4          4.982495                              0.017505
 # Total charge                            674.000000                  0.000000

 !-----------------------------------------------------------------------------!

 !-----------------------------------------------------------------------------!
                           Hirshfeld Charges

  #Atom  Element  Kind  Ref Charge     Population                    Net charge
      1       Ti     1      12.000         13.351                        -1.351
      2       Ti     1      12.000         13.377                        -1.377
      3       Ti     1      12.000         13.175                        -1.175
      4       Ti     1      12.000         13.182                        -1.182
      5       Ti     1      12.000         13.427                        -1.427
      6       Ti     1      12.000         13.413                        -1.413
      7       Ti     1      12.000         13.190                        -1.190
      8       Ti     1      12.000         13.233                        -1.233
      9       H      2       1.000          0.547                         0.453
     10       H      2       1.000          0.543                         0.457
     11       H      2       1.000          0.550                         0.450
     12       H      2       1.000          0.539                         0.461
     13       H      2       1.000          0.546                         0.454
     14       H      2       1.000          0.543                         0.457
     15       H      2       1.000          0.541                         0.459
     16       H      2       1.000          0.541                         0.459
     17       H      2       1.000          0.545                         0.455
     18       H      2       1.000          0.544                         0.456
     19       H      2       1.000          0.543                         0.457
     20       H      2       1.000          0.546                         0.454
     21       H      2       1.000          0.418                         0.582
     22       H      2       1.000          0.419                         0.581
     23       H      2       1.000          0.543                         0.457
     24       H      2       1.000          0.543                         0.457
     25       H      2       1.000          0.546                         0.454
     26       H      2       1.000          0.544                         0.456
     27       H      2       1.000          0.537                         0.463
     28       H      2       1.000          0.545                         0.455
     29       H      2       1.000          0.462                         0.538
     30       H      2       1.000          0.489                         0.511
     31       H      2       1.000          0.418                         0.582
     32       H      2       1.000          0.419                         0.581
     33       H      2       1.000          0.481                         0.519
     34       H      2       1.000          0.465                         0.535
     35       H      2       1.000          0.476                         0.524
     36       H      2       1.000          0.463                         0.537
     37       H      2       1.000          0.476                         0.524
     38       H      2       1.000          0.462                         0.538
     39       H      2       1.000          0.545                         0.455
     40       H      2       1.000          0.542                         0.458
     41       H      2       1.000          0.547                         0.453
     42       H      2       1.000          0.545                         0.455
     43       C      3       4.000          3.470                         0.530
     44       C      3       4.000          3.456                         0.544
     45       C      3       4.000          3.473                         0.527
     46       C      3       4.000          3.459                         0.541
     47       C      3       4.000          4.026                        -0.026
     48       C      3       4.000          3.984                         0.016
     49       C      3       4.000          4.026                        -0.026
     50       C      3       4.000          3.987                         0.013
     51       C      3       4.000          3.861                         0.139
     52       C      3       4.000          4.411                        -0.411
     53       C      3       4.000          3.859                         0.141
     54       C      3       4.000          4.413                        -0.413
     55       C      3       4.000          4.407                        -0.407
     56       C      3       4.000          4.381                        -0.381
     57       C      3       4.000          4.372                        -0.372
     58       C      3       4.000          4.416                        -0.416
     59       C      3       4.000          3.998                         0.002
     60       C      3       4.000          4.356                        -0.356
     61       C      3       4.000          4.336                        -0.336
     62       C      3       4.000          3.997                         0.003
     63       C      3       4.000          3.990                         0.010
     64       C      3       4.000          4.039                        -0.039
     65       C      3       4.000          4.026                        -0.026
     66       C      3       4.000          3.993                         0.007
     67       C      3       4.000          3.462                         0.538
     68       C      3       4.000          3.462                         0.538
     69       C      3       4.000          3.482                         0.518
     70       C      3       4.000          3.540                         0.460
     71       C      3       4.000          3.554                         0.446
     72       C      3       4.000          3.484                         0.516
     73       C      3       4.000          4.371                        -0.371
     74       C      3       4.000          4.412                        -0.412
     75       C      3       4.000          4.404                        -0.404
     76       C      3       4.000          4.364                        -0.364
     77       C      3       4.000          4.404                        -0.404
     78       C      3       4.000          4.388                        -0.388
     79       C      3       4.000          4.380                        -0.380
     80       C      3       4.000          4.431                        -0.431
     81       C      3       4.000          4.372                        -0.372
     82       C      3       4.000          4.367                        -0.367
     83       C      3       4.000          4.382                        -0.382
     84       C      3       4.000          4.389                        -0.389
     85       C      3       4.000          3.873                         0.127
     86       C      3       4.000          4.393                        -0.393
     87       C      3       4.000          4.411                        -0.411
     88       C      3       4.000          3.880                         0.120
     89       N      4       5.000          5.900                        -0.900
     90       N      4       5.000          5.947                        -0.947
     91       N      4       5.000          5.915                        -0.915
     92       N      4       5.000          5.907                        -0.907
     93       O      5       6.000          6.169                        -0.169
     94       O      5       6.000          6.114                        -0.114
     95       O      5       6.000          6.166                        -0.166
     96       O      5       6.000          6.127                        -0.127
     97       O      5       6.000          6.119                        -0.119
     98       O      5       6.000          6.121                        -0.121
     99       O      5       6.000          6.105                        -0.105
    100       O      5       6.000          6.107                        -0.107
    101       O      5       6.000          5.708                         0.292
    102       O      5       6.000          5.728                         0.272
    103       O      5       6.000          5.732                         0.268
    104       O      5       6.000          5.700                         0.300
    105       O      5       6.000          5.685                         0.315
    106       O      5       6.000          5.763                         0.237
    107       O      5       6.000          5.755                         0.245
    108       O      5       6.000          5.686                         0.314
    109       O      5       6.000          6.127                        -0.127
    110       O      5       6.000          6.111                        -0.111
    111       O      5       6.000          6.123                        -0.123
    112       O      5       6.000          6.085                        -0.085
    113       O      5       6.000          6.117                        -0.117
    114       O      5       6.000          6.076                        -0.076
    115       O      5       6.000          6.113                        -0.113
    116       O      5       6.000          6.116                        -0.116
    117       O      5       6.000          6.027                        -0.027
    118       O      5       6.000          6.104                        -0.104
    119       O      5       6.000          6.076                        -0.076
    120       O      5       6.000          6.058                        -0.058
    121       O      5       6.000          5.990                         0.010
    122       O      5       6.000          5.990                         0.010
    123       O      5       6.000          6.053                        -0.053
    124       O      5       6.000          6.033                        -0.033
    125       N      4       5.000          5.156                        -0.156
    126       N      4       5.000          5.136                        -0.136
    127       C      3       4.000          4.180                        -0.180
    128       C      3       4.000          4.267                        -0.267
    129       C      3       4.000          4.952                        -0.952
    130       H      2       1.000          0.525                         0.475
    131       H      2       1.000          0.527                         0.473
    132       H      2       1.000          0.543                         0.457
    133       H      2       1.000          0.536                         0.464
    134       H      2       1.000          0.543                         0.457
    135       C      3       4.000          4.284                        -0.284
    136       C      3       4.000          4.780                        -0.780
    137       H      2       1.000          0.556                         0.444
    138       H      2       1.000          0.551                         0.449
    139       H      2       1.000          0.566                         0.434
    140       C      3       4.000          5.283                        -1.283
    141       H      2       1.000          0.556                         0.444
    142       H      2       1.000          0.565                         0.435
    143       H      2       1.000          0.552                         0.448
    144       C      3       4.000          4.558                        -0.558
    145       C      3       4.000          4.779                        -0.779
    146       H      2       1.000          0.546                         0.454
    147       H      2       1.000          0.554                         0.446
    148       H      2       1.000          0.560                         0.440
    149       H      2       1.000          0.528                         0.472
    150       F      6       7.000          7.218                        -0.218
    151       F      6       7.000          7.189                        -0.189
    152       F      6       7.000          7.375                        -0.375
    153       F      6       7.000          7.223                        -0.223
    154       O      5       6.000          6.486                        -0.486
    155       C      3       4.000          3.229                         0.771
    156       F      6       7.000          7.279                        -0.279
    157       C      3       4.000          3.216                         0.784
    158       F      6       7.000          7.348                        -0.348
    159       S      7       6.000          5.513                         0.487
    160       S      7       6.000          5.420                         0.580
    161       O      5       6.000          6.445                        -0.445
    162       O      5       6.000          6.381                        -0.381
    163       O      5       6.000          6.440                        -0.440
    164       N      4       5.000          5.249                        -0.249

  Total Charge                                                            0.050
 !-----------------------------------------------------------------------------!

 ENERGY| Total FORCE_EVAL ( QS ) energy [hartree]          -1625.760979165768958

 *******************************************************************************
 **                 BAND EVALUATION OF ENERGIES AND FORCES                    **
 *******************************************************************************
 **                                                                           **
 **                                                                           **
 ** Replica Env Nr. :    1              Replica Band Nr. :    9               **
 ** Band  Step  Nr. :    0                                                    **
 *******************************************************************************

 Number of electrons:                                                        674
 Number of occupied orbitals:                                                366
 Number of molecular orbitals:                                               437

 Number of orbital functions:                                               1844
 Number of independent orbital functions:                                   1844

 Parameters for the always stable predictor-corrector (ASPC) method:

  ASPC order: 0

  B(1) =   1.000000

 *** WARNING in fm/cp_fm_elpa.F:521 :: Setting real_kernel for ELPA failed ***


 Extrapolation method: ASPC


 SCF WAVEFUNCTION OPTIMIZATION

  Step     Update method      Time    Convergence         Total energy    Change
  ------------------------------------------------------------------------------

 *** WARNING in fm/cp_fm_elpa.F:521 :: Setting real_kernel for ELPA failed ***

     1 Broy./Diag. 0.15E+00    8.6     0.00051638     -1625.7608456870 -1.63E+03

 *** WARNING in fm/cp_fm_elpa.F:521 :: Setting real_kernel for ELPA failed ***

     2 Broy./Diag. 0.15E+00   12.4     0.00047076     -1625.7590415180  1.80E-03

 *** WARNING in fm/cp_fm_elpa.F:521 :: Setting real_kernel for ELPA failed ***

     3 Broy./Diag. 0.15E+00   13.0     0.00016225     -1625.7600071278 -9.66E-04

 *** WARNING in fm/cp_fm_elpa.F:521 :: Setting real_kernel for ELPA failed ***

     4 Broy./Diag. 0.15E+00   13.0     0.00005385     -1625.7604460309 -4.39E-04

 *** WARNING in fm/cp_fm_elpa.F:521 :: Setting real_kernel for ELPA failed ***

     5 Broy./Diag. 0.15E+00   12.8     0.00001876     -1625.7608875506 -4.42E-04

  *** SCF run converged in     5 steps ***


  Electronic density on regular grids:       -673.9999999303        0.0000000697
  Core density on regular grids:              673.9999999671       -0.0000000329
  Total charge density on r-space grids:        0.0000000368
  Total charge density g-space grids:           0.0000000368

  Overlap energy of the core charge distribution:               0.00053095058775
  Self energy of the core charge distribution:              -3774.19779000501012
  Core Hamiltonian energy:                                   1084.74717187147485
  Hartree energy:                                            1417.01527725577739
  Exchange-correlation energy:                               -353.09511567237769
  Dispersion energy:                                           -0.22499236743286
  Electronic entropic energy:                                  -0.00596855729942
  Fermi energy:                                                -0.00698013233640

  Total energy:                                             -1625.76088755064643

 !-----------------------------------------------------------------------------!
                     Mulliken Population Analysis

 #  Atom  Element  Kind  Atomic population                           Net charge
       1     Ti       1         10.948972                              1.051028
       2     Ti       1         10.964163                              1.035837
       3     Ti       1         10.929111                              1.070889
       4     Ti       1         10.936595                              1.063405
       5     Ti       1         10.982126                              1.017874
       6     Ti       1         10.965214                              1.034786
       7     Ti       1         10.942700                              1.057300
       8     Ti       1         10.950654                              1.049346
       9     H        2          0.933160                              0.066840
      10     H        2          0.925187                              0.074813
      11     H        2          0.936301                              0.063699
      12     H        2          0.925015                              0.074985
      13     H        2          0.931986                              0.068014
      14     H        2          0.934383                              0.065617
      15     H        2          0.926276                              0.073724
      16     H        2          0.930797                              0.069203
      17     H        2          0.928394                              0.071606
      18     H        2          0.927212                              0.072788
      19     H        2          0.929492                              0.070508
      20     H        2          0.924929                              0.075071
      21     H        2          0.827517                              0.172483
      22     H        2          0.827854                              0.172146
      23     H        2          0.923953                              0.076047
      24     H        2          0.927552                              0.072448
      25     H        2          0.932364                              0.067636
      26     H        2          0.922749                              0.077251
      27     H        2          0.921984                              0.078016
      28     H        2          0.927897                              0.072103
      29     H        2          0.889082                              0.110918
      30     H        2          0.900203                              0.099797
      31     H        2          0.836003                              0.163997
      32     H        2          0.837335                              0.162665
      33     H        2          0.879479                              0.120521
      34     H        2          0.887334                              0.112666
      35     H        2          0.891342                              0.108658
      36     H        2          0.887845                              0.112155
      37     H        2          0.880530                              0.119470
      38     H        2          0.887970                              0.112030
      39     H        2          0.940447                              0.059553
      40     H        2          0.923041                              0.076959
      41     H        2          0.944264                              0.055736
      42     H        2          0.908525                              0.091475
      43     C        3          3.771779                              0.228221
      44     C        3          3.769651                              0.230349
      45     C        3          3.773896                              0.226104
      46     C        3          3.768165                              0.231835
      47     C        3          4.057244                             -0.057244
      48     C        3          4.026051                             -0.026051
      49     C        3          4.056137                             -0.056137
      50     C        3          4.028794                             -0.028794
      51     C        3          3.981606                              0.018394
      52     C        3          4.031942                             -0.031942
      53     C        3          3.977094                              0.022906
      54     C        3          4.034631                             -0.034631
      55     C        3          4.042075                             -0.042075
      56     C        3          4.012246                             -0.012246
      57     C        3          4.005711                             -0.005711
      58     C        3          4.041438                             -0.041438
      59     C        3          4.032125                             -0.032125
      60     C        3          4.046507                             -0.046507
      61     C        3          4.041642                             -0.041642
      62     C        3          4.036165                             -0.036165
      63     C        3          4.025070                             -0.025070
      64     C        3          4.065926                             -0.065926
      65     C        3          4.048309                             -0.048309
      66     C        3          4.026240                             -0.026240
      67     C        3          3.776438                              0.223562
      68     C        3          3.776978                              0.223022
      69     C        3          3.786086                              0.213914
      70     C        3          3.800246                              0.199754
      71     C        3          3.809798                              0.190202
      72     C        3          3.787988                              0.212012
      73     C        3          4.009913                             -0.009913
      74     C        3          4.037137                             -0.037137
      75     C        3          4.042473                             -0.042473
      76     C        3          4.010891                             -0.010891
      77     C        3          4.033064                             -0.033064
      78     C        3          4.024216                             -0.024216
      79     C        3          4.021273                             -0.021273
      80     C        3          4.046298                             -0.046298
      81     C        3          4.048420                             -0.048420
      82     C        3          4.000423                             -0.000423
      83     C        3          4.017623                             -0.017623
      84     C        3          4.036739                             -0.036739
      85     C        3          3.978149                              0.021851
      86     C        3          4.021277                             -0.021277
      87     C        3          4.020359                             -0.020359
      88     C        3          3.997967                              0.002033
      89     N        4          5.012583                             -0.012583
      90     N        4          5.064730                             -0.064730
      91     N        4          5.035090                             -0.035090
      92     N        4          5.035784                             -0.035784
      93     O        5          6.356936                             -0.356936
      94     O        5          6.313411                             -0.313411
      95     O        5          6.321386                             -0.321386
      96     O        5          6.287326                             -0.287326
      97     O        5          6.318902                             -0.318902
      98     O        5          6.328668                             -0.328668
      99     O        5          6.291856                             -0.291856
     100     O        5          6.279628                             -0.279628
     101     O        5          6.457938                             -0.457938
     102     O        5          6.502241                             -0.502241
     103     O        5          6.502233                             -0.502233
     104     O        5          6.456512                             -0.456512
     105     O        5          6.460212                             -0.460212
     106     O        5          6.513456                             -0.513456
     107     O        5          6.507684                             -0.507684
     108     O        5          6.456869                             -0.456869
     109     O        5          6.362894                             -0.362894
     110     O        5          6.355011                             -0.355011
     111     O        5          6.333669                             -0.333669
     112     O        5          6.337857                             -0.337857
     113     O        5          6.406419                             -0.406419
     114     O        5          6.300358                             -0.300358
     115     O        5          6.357237                             -0.357237
     116     O        5          6.353375                             -0.353375
     117     O        5          6.304460                             -0.304460
     118     O        5          6.323335                             -0.323335
     119     O        5          6.302076                             -0.302076
     120     O        5          6.379086                             -0.379086
     121     O        5          6.540690                             -0.540690
     122     O        5          6.535557                             -0.535557
     123     O        5          6.510743                             -0.510743
     124     O        5          6.503988                             -0.503988
     125     N        4          4.869445                              0.130555
     126     N        4          4.833456                              0.166544
     127     C        3          3.910802                              0.089198
     128     C        3          3.978110                              0.021890
     129     C        3          4.168704                             -0.168704
     130     H        2          0.926588                              0.073412
     131     H        2          0.932335                              0.067665
     132     H        2          0.911362                              0.088638
     133     H        2          0.910791                              0.089209
     134     H        2          0.907451                              0.092549
     135     C        3          3.978710                              0.021290
     136     C        3          4.129825                             -0.129825
     137     H        2          0.916110                              0.083890
     138     H        2          0.909860                              0.090140
     139     H        2          0.916853                              0.083147
     140     C        3          4.260532                             -0.260532
     141     H        2          0.916655                              0.083345
     142     H        2          0.929741                              0.070259
     143     H        2          0.907613                              0.092387
     144     C        3          4.104093                             -0.104093
     145     C        3          4.154489                             -0.154489
     146     H        2          0.908115                              0.091885
     147     H        2          0.911488                              0.088512
     148     H        2          0.915210                              0.084790
     149     H        2          0.939679                              0.060321
     150     F        6          6.985091                              0.014909
     151     F        6          6.925423                              0.074577
     152     F        6          7.209916                             -0.209916
     153     F        6          6.990748                              0.009252
     154     O        5          6.453764                             -0.453764
     155     C        3          3.849022                              0.150978
     156     F        6          7.057882                             -0.057882
     157     C        3          3.803249                              0.196751
     158     F        6          7.186436                             -0.186436
     159     S        7          6.395970                             -0.395970
     160     S        7          6.329393                             -0.329393
     161     O        5          5.844480                              0.155520
     162     O        5          5.699612                              0.300388
     163     O        5          6.166196                             -0.166196
     164     N        4          4.982458                              0.017542
 # Total charge                            674.000000                  0.000000

 !-----------------------------------------------------------------------------!

 !-----------------------------------------------------------------------------!
                           Hirshfeld Charges

  #Atom  Element  Kind  Ref Charge     Population                    Net charge
      1       Ti     1      12.000         13.350                        -1.350
      2       Ti     1      12.000         13.377                        -1.377
      3       Ti     1      12.000         13.175                        -1.175
      4       Ti     1      12.000         13.182                        -1.182
      5       Ti     1      12.000         13.427                        -1.427
      6       Ti     1      12.000         13.413                        -1.413
      7       Ti     1      12.000         13.190                        -1.190
      8       Ti     1      12.000         13.233                        -1.233
      9       H      2       1.000          0.547                         0.453
     10       H      2       1.000          0.543                         0.457
     11       H      2       1.000          0.550                         0.450
     12       H      2       1.000          0.539                         0.461
     13       H      2       1.000          0.546                         0.454
     14       H      2       1.000          0.543                         0.457
     15       H      2       1.000          0.541                         0.459
     16       H      2       1.000          0.541                         0.459
     17       H      2       1.000          0.545                         0.455
     18       H      2       1.000          0.544                         0.456
     19       H      2       1.000          0.543                         0.457
     20       H      2       1.000          0.546                         0.454
     21       H      2       1.000          0.419                         0.581
     22       H      2       1.000          0.419                         0.581
     23       H      2       1.000          0.543                         0.457
     24       H      2       1.000          0.543                         0.457
     25       H      2       1.000          0.546                         0.454
     26       H      2       1.000          0.544                         0.456
     27       H      2       1.000          0.537                         0.463
     28       H      2       1.000          0.545                         0.455
     29       H      2       1.000          0.462                         0.538
     30       H      2       1.000          0.489                         0.511
     31       H      2       1.000          0.418                         0.582
     32       H      2       1.000          0.419                         0.581
     33       H      2       1.000          0.481                         0.519
     34       H      2       1.000          0.465                         0.535
     35       H      2       1.000          0.476                         0.524
     36       H      2       1.000          0.463                         0.537
     37       H      2       1.000          0.476                         0.524
     38       H      2       1.000          0.462                         0.538
     39       H      2       1.000          0.545                         0.455
     40       H      2       1.000          0.542                         0.458
     41       H      2       1.000          0.547                         0.453
     42       H      2       1.000          0.545                         0.455
     43       C      3       4.000          3.470                         0.530
     44       C      3       4.000          3.456                         0.544
     45       C      3       4.000          3.473                         0.527
     46       C      3       4.000          3.459                         0.541
     47       C      3       4.000          4.026                        -0.026
     48       C      3       4.000          3.984                         0.016
     49       C      3       4.000          4.026                        -0.026
     50       C      3       4.000          3.987                         0.013
     51       C      3       4.000          3.860                         0.140
     52       C      3       4.000          4.411                        -0.411
     53       C      3       4.000          3.859                         0.141
     54       C      3       4.000          4.413                        -0.413
     55       C      3       4.000          4.407                        -0.407
     56       C      3       4.000          4.381                        -0.381
     57       C      3       4.000          4.372                        -0.372
     58       C      3       4.000          4.416                        -0.416
     59       C      3       4.000          3.998                         0.002
     60       C      3       4.000          4.356                        -0.356
     61       C      3       4.000          4.336                        -0.336
     62       C      3       4.000          3.997                         0.003
     63       C      3       4.000          3.990                         0.010
     64       C      3       4.000          4.039                        -0.039
     65       C      3       4.000          4.026                        -0.026
     66       C      3       4.000          3.993                         0.007
     67       C      3       4.000          3.462                         0.538
     68       C      3       4.000          3.462                         0.538
     69       C      3       4.000          3.482                         0.518
     70       C      3       4.000          3.540                         0.460
     71       C      3       4.000          3.554                         0.446
     72       C      3       4.000          3.484                         0.516
     73       C      3       4.000          4.371                        -0.371
     74       C      3       4.000          4.412                        -0.412
     75       C      3       4.000          4.404                        -0.404
     76       C      3       4.000          4.364                        -0.364
     77       C      3       4.000          4.404                        -0.404
     78       C      3       4.000          4.388                        -0.388
     79       C      3       4.000          4.380                        -0.380
     80       C      3       4.000          4.431                        -0.431
     81       C      3       4.000          4.372                        -0.372
     82       C      3       4.000          4.367                        -0.367
     83       C      3       4.000          4.382                        -0.382
     84       C      3       4.000          4.389                        -0.389
     85       C      3       4.000          3.873                         0.127
     86       C      3       4.000          4.393                        -0.393
     87       C      3       4.000          4.411                        -0.411
     88       C      3       4.000          3.880                         0.120
     89       N      4       5.000          5.900                        -0.900
     90       N      4       5.000          5.947                        -0.947
     91       N      4       5.000          5.915                        -0.915
     92       N      4       5.000          5.907                        -0.907
     93       O      5       6.000          6.169                        -0.169
     94       O      5       6.000          6.114                        -0.114
     95       O      5       6.000          6.166                        -0.166
     96       O      5       6.000          6.127                        -0.127
     97       O      5       6.000          6.119                        -0.119
     98       O      5       6.000          6.121                        -0.121
     99       O      5       6.000          6.105                        -0.105
    100       O      5       6.000          6.107                        -0.107
    101       O      5       6.000          5.708                         0.292
    102       O      5       6.000          5.728                         0.272
    103       O      5       6.000          5.732                         0.268
    104       O      5       6.000          5.700                         0.300
    105       O      5       6.000          5.685                         0.315
    106       O      5       6.000          5.763                         0.237
    107       O      5       6.000          5.755                         0.245
    108       O      5       6.000          5.686                         0.314
    109       O      5       6.000          6.127                        -0.127
    110       O      5       6.000          6.111                        -0.111
    111       O      5       6.000          6.123                        -0.123
    112       O      5       6.000          6.085                        -0.085
    113       O      5       6.000          6.117                        -0.117
    114       O      5       6.000          6.076                        -0.076
    115       O      5       6.000          6.113                        -0.113
    116       O      5       6.000          6.116                        -0.116
    117       O      5       6.000          6.028                        -0.028
    118       O      5       6.000          6.104                        -0.104
    119       O      5       6.000          6.076                        -0.076
    120       O      5       6.000          6.058                        -0.058
    121       O      5       6.000          5.990                         0.010
    122       O      5       6.000          5.990                         0.010
    123       O      5       6.000          6.054                        -0.054
    124       O      5       6.000          6.033                        -0.033
    125       N      4       5.000          5.156                        -0.156
    126       N      4       5.000          5.136                        -0.136
    127       C      3       4.000          4.180                        -0.180
    128       C      3       4.000          4.267                        -0.267
    129       C      3       4.000          4.952                        -0.952
    130       H      2       1.000          0.525                         0.475
    131       H      2       1.000          0.527                         0.473
    132       H      2       1.000          0.543                         0.457
    133       H      2       1.000          0.536                         0.464
    134       H      2       1.000          0.543                         0.457
    135       C      3       4.000          4.284                        -0.284
    136       C      3       4.000          4.781                        -0.781
    137       H      2       1.000          0.556                         0.444
    138       H      2       1.000          0.551                         0.449
    139       H      2       1.000          0.566                         0.434
    140       C      3       4.000          5.283                        -1.283
    141       H      2       1.000          0.556                         0.444
    142       H      2       1.000          0.565                         0.435
    143       H      2       1.000          0.552                         0.448
    144       C      3       4.000          4.558                        -0.558
    145       C      3       4.000          4.779                        -0.779
    146       H      2       1.000          0.546                         0.454
    147       H      2       1.000          0.554                         0.446
    148       H      2       1.000          0.560                         0.440
    149       H      2       1.000          0.528                         0.472
    150       F      6       7.000          7.218                        -0.218
    151       F      6       7.000          7.189                        -0.189
    152       F      6       7.000          7.375                        -0.375
