
 *******************************************************************************
 **                 BAND EVALUATION OF ENERGIES AND FORCES                    **
 *******************************************************************************
 **                                                                           **
 **                                                                           **
 ** Replica Env Nr. :    6              Replica Band Nr. :   14               **
 ** Band  Step  Nr. :    0                                                    **
 *******************************************************************************

 Number of electrons:                                                        674
 Number of occupied orbitals:                                                361
 Number of molecular orbitals:                                               437

 Number of orbital functions:                                               1844
 Number of independent orbital functions:                                   1844

 Parameters for the always stable predictor-corrector (ASPC) method:

  ASPC order: 0

  B(1) =   1.000000

 *** WARNING in fm/cp_fm_elpa.F:521 :: Setting real_kernel for ELPA failed ***


 Extrapolation method: ASPC


 SCF WAVEFUNCTION OPTIMIZATION

  Step     Update method      Time    Convergence         Total energy    Change
  ------------------------------------------------------------------------------

 *** WARNING in fm/cp_fm_elpa.F:521 :: Setting real_kernel for ELPA failed ***

     1 Broy./Diag. 0.15E+00    8.6     0.00032547     -1622.7073675181 -1.62E+03

 *** WARNING in fm/cp_fm_elpa.F:521 :: Setting real_kernel for ELPA failed ***

     2 Broy./Diag. 0.15E+00   11.9     0.00022299     -1622.7064595559  9.08E-04

 *** WARNING in fm/cp_fm_elpa.F:521 :: Setting real_kernel for ELPA failed ***

     3 Broy./Diag. 0.15E+00   12.7     0.00006743     -1622.7069063758 -4.47E-04

 *** WARNING in fm/cp_fm_elpa.F:521 :: Setting real_kernel for ELPA failed ***

     4 Broy./Diag. 0.15E+00   12.3     0.00004316     -1622.7071233429 -2.17E-04

  *** SCF run converged in     4 steps ***


  Electronic density on regular grids:       -673.9999999300        0.0000000700
  Core density on regular grids:              673.9999999671       -0.0000000329
  Total charge density on r-space grids:        0.0000000372
  Total charge density g-space grids:           0.0000000372

  Overlap energy of the core charge distribution:               0.00320396655074
  Self energy of the core charge distribution:              -3774.19779000501012
  Core Hamiltonian energy:                                   1086.78784043760402
  Hartree energy:                                            1417.73793761608476
  Exchange-correlation energy:                               -352.80361553571419
  Dispersion energy:                                           -0.22329054490354
  Electronic entropic energy:                                  -0.01141136012317
  Fermi energy:                                                -0.01904538121402

  Total energy:                                             -1622.70712334293285

 !-----------------------------------------------------------------------------!
                     Mulliken Population Analysis

 #  Atom  Element  Kind  Atomic population                           Net charge
       1     Ti       1         11.021578                              0.978422
       2     Ti       1         11.009703                              0.990297
       3     Ti       1         10.940747                              1.059253
       4     Ti       1         10.932299                              1.067701
       5     Ti       1         11.016525                              0.983475
       6     Ti       1         11.027822                              0.972178
       7     Ti       1         10.964745                              1.035255
       8     Ti       1         10.961195                              1.038805
       9     H        2          0.932288                              0.067712
      10     H        2          0.925021                              0.074979
      11     H        2          0.931362                              0.068638
      12     H        2          0.915476                              0.084524
      13     H        2          0.935902                              0.064098
      14     H        2          0.941598                              0.058402
      15     H        2          0.919915                              0.080085
      16     H        2          0.945232                              0.054768
      17     H        2          0.927550                              0.072450
      18     H        2          0.928003                              0.071997
      19     H        2          0.927570                              0.072430
      20     H        2          0.922254                              0.077746
      21     H        2          0.862185                              0.137815
      22     H        2          0.860909                              0.139091
      23     H        2          0.936268                              0.063732
      24     H        2          0.941544                              0.058456
      25     H        2          0.937935                              0.062065
      26     H        2          0.929279                              0.070721
      27     H        2          0.920789                              0.079211
      28     H        2          0.935606                              0.064394
      29     H        2          0.879785                              0.120215
      30     H        2          0.919626                              0.080374
      31     H        2          0.840172                              0.159828
      32     H        2          0.839465                              0.160535
      33     H        2          0.886521                              0.113479
      34     H        2          0.888409                              0.111591
      35     H        2          0.893205                              0.106795
      36     H        2          0.883299                              0.116701
      37     H        2          0.897116                              0.102884
      38     H        2          0.894573                              0.105427
      39     H        2          0.937731                              0.062269
      40     H        2          0.922916                              0.077084
      41     H        2          0.936651                              0.063349
      42     H        2          0.877251                              0.122749
      43     C        3          3.771851                              0.228149
      44     C        3          3.774928                              0.225072
      45     C        3          3.785861                              0.214139
      46     C        3          3.776712                              0.223288
      47     C        3          4.070199                             -0.070199
      48     C        3          4.029547                             -0.029547
      49     C        3          4.090472                             -0.090472
      50     C        3          4.069085                             -0.069085
      51     C        3          3.964627                              0.035373
      52     C        3          4.019091                             -0.019091
      53     C        3          3.908994                              0.091006
      54     C        3          3.940120                              0.059880
      55     C        3          4.027897                             -0.027897
      56     C        3          3.994697                              0.005303
      57     C        3          4.003887                             -0.003887
      58     C        3          4.043765                             -0.043765
      59     C        3          4.034244                             -0.034244
      60     C        3          4.044359                             -0.044359
      61     C        3          4.011489                             -0.011489
      62     C        3          4.083864                             -0.083864
      63     C        3          3.998593                              0.001407
      64     C        3          4.042791                             -0.042791
      65     C        3          4.007069                             -0.007069
      66     C        3          4.014181                             -0.014181
      67     C        3          3.775423                              0.224577
      68     C        3          3.801512                              0.198488
      69     C        3          3.781611                              0.218389
      70     C        3          3.804379                              0.195621
      71     C        3          3.798337                              0.201663
      72     C        3          3.784505                              0.215495
      73     C        3          4.011746                             -0.011746
      74     C        3          4.038636                             -0.038636
      75     C        3          3.966024                              0.033976
      76     C        3          3.999139                              0.000861
      77     C        3          4.030953                             -0.030953
      78     C        3          4.034429                             -0.034429
      79     C        3          4.021212                             -0.021212
      80     C        3          3.967836                              0.032164
      81     C        3          4.025239                             -0.025239
      82     C        3          3.993090                              0.006910
      83     C        3          4.022268                             -0.022268
      84     C        3          4.036314                             -0.036314
      85     C        3          3.993385                              0.006615
      86     C        3          4.014843                             -0.014843
      87     C        3          3.951510                              0.048490
      88     C        3          4.023550                             -0.023550
      89     N        4          4.964331                              0.035669
      90     N        4          5.065517                             -0.065517
      91     N        4          5.050191                             -0.050191
      92     N        4          5.052706                             -0.052706
      93     O        5          6.357775                             -0.357775
      94     O        5          6.329879                             -0.329879
      95     O        5          6.303652                             -0.303652
      96     O        5          6.295111                             -0.295111
      97     O        5          6.329635                             -0.329635
      98     O        5          6.341734                             -0.341734
      99     O        5          6.292214                             -0.292214
     100     O        5          6.257991                             -0.257991
     101     O        5          6.437978                             -0.437978
     102     O        5          6.514764                             -0.514764
     103     O        5          6.501534                             -0.501534
     104     O        5          6.449690                             -0.449690
     105     O        5          6.460324                             -0.460324
     106     O        5          6.534169                             -0.534169
     107     O        5          6.511194                             -0.511194
     108     O        5          6.421676                             -0.421676
     109     O        5          6.364932                             -0.364932
     110     O        5          6.367425                             -0.367425
     111     O        5          6.390282                             -0.390282
     112     O        5          6.330152                             -0.330152
     113     O        5          6.508684                             -0.508684
     114     O        5          6.262430                             -0.262430
     115     O        5          6.371791                             -0.371791
     116     O        5          6.352186                             -0.352186
     117     O        5          6.286852                             -0.286852
     118     O        5          6.405050                             -0.405050
     119     O        5          6.254591                             -0.254591
     120     O        5          6.460234                             -0.460234
     121     O        5          6.534746                             -0.534746
     122     O        5          6.533009                             -0.533009
     123     O        5          6.496351                             -0.496351
     124     O        5          6.471609                             -0.471609
     125     N        4          4.867743                              0.132257
     126     N        4          4.840850                              0.159150
     127     C        3          3.918193                              0.081807
     128     C        3          3.974785                              0.025215
     129     C        3          4.182023                             -0.182023
     130     H        2          0.928786                              0.071214
     131     H        2          0.936914                              0.063086
     132     H        2          0.917552                              0.082448
     133     H        2          0.915507                              0.084493
     134     H        2          0.918313                              0.081687
     135     C        3          3.982822                              0.017178
     136     C        3          4.148751                             -0.148751
     137     H        2          0.919853                              0.080147
     138     H        2          0.914341                              0.085659
     139     H        2          0.920551                              0.079449
     140     C        3          4.261207                             -0.261207
     141     H        2          0.920690                              0.079310
     142     H        2          0.919607                              0.080393
     143     H        2          0.907072                              0.092928
     144     C        3          4.083693                             -0.083693
     145     C        3          4.154115                             -0.154115
     146     H        2          0.902458                              0.097542
     147     H        2          0.907697                              0.092303
     148     H        2          0.918472                              0.081528
     149     H        2          0.940068                              0.059932
     150     F        6          6.986805                              0.013195
     151     F        6          6.932035                              0.067965
     152     F        6          7.204684                             -0.204684
     153     F        6          6.981430                              0.018570
     154     O        5          6.432717                             -0.432717
     155     C        3          3.848699                              0.151301
     156     F        6          7.060084                             -0.060084
     157     C        3          3.804291                              0.195709
     158     F        6          7.176244                             -0.176244
     159     S        7          6.338168                             -0.338168
     160     S        7          6.321375                             -0.321375
     161     O        5          5.832139                              0.167861
     162     O        5          5.673183                              0.326817
     163     O        5          6.151525                             -0.151525
     164     N        4          4.959884                              0.040116
 # Total charge                            674.000000                  0.000000

 !-----------------------------------------------------------------------------!

 !-----------------------------------------------------------------------------!
                           Hirshfeld Charges

  #Atom  Element  Kind  Ref Charge     Population                    Net charge
      1       Ti     1      12.000         13.289                        -1.289
      2       Ti     1      12.000         13.468                        -1.468
      3       Ti     1      12.000         13.186                        -1.186
      4       Ti     1      12.000         13.183                        -1.183
      5       Ti     1      12.000         13.504                        -1.504
      6       Ti     1      12.000         13.305                        -1.305
      7       Ti     1      12.000         13.209                        -1.209
      8       Ti     1      12.000         13.266                        -1.266
      9       H      2       1.000          0.546                         0.454
     10       H      2       1.000          0.536                         0.464
     11       H      2       1.000          0.548                         0.452
     12       H      2       1.000          0.504                         0.496
     13       H      2       1.000          0.552                         0.448
     14       H      2       1.000          0.519                         0.481
     15       H      2       1.000          0.521                         0.479
     16       H      2       1.000          0.523                         0.477
     17       H      2       1.000          0.551                         0.449
     18       H      2       1.000          0.545                         0.455
     19       H      2       1.000          0.542                         0.458
     20       H      2       1.000          0.548                         0.452
     21       H      2       1.000          0.427                         0.573
     22       H      2       1.000          0.432                         0.568
     23       H      2       1.000          0.544                         0.456
     24       H      2       1.000          0.546                         0.454
     25       H      2       1.000          0.561                         0.439
     26       H      2       1.000          0.558                         0.442
     27       H      2       1.000          0.523                         0.477
     28       H      2       1.000          0.559                         0.441
     29       H      2       1.000          0.434                         0.566
     30       H      2       1.000          0.566                         0.434
     31       H      2       1.000          0.419                         0.581
     32       H      2       1.000          0.419                         0.581
     33       H      2       1.000          0.481                         0.519
     34       H      2       1.000          0.467                         0.533
     35       H      2       1.000          0.478                         0.522
     36       H      2       1.000          0.458                         0.542
     37       H      2       1.000          0.485                         0.515
     38       H      2       1.000          0.468                         0.532
     39       H      2       1.000          0.543                         0.457
     40       H      2       1.000          0.542                         0.458
     41       H      2       1.000          0.539                         0.461
     42       H      2       1.000          0.604                         0.396
     43       C      3       4.000          3.472                         0.528
     44       C      3       4.000          3.468                         0.532
     45       C      3       4.000          3.489                         0.511
     46       C      3       4.000          3.474                         0.526
     47       C      3       4.000          4.020                        -0.020
     48       C      3       4.000          3.973                         0.027
     49       C      3       4.000          4.016                        -0.016
     50       C      3       4.000          3.977                         0.023
     51       C      3       4.000          3.881                         0.119
     52       C      3       4.000          4.417                        -0.417
     53       C      3       4.000          3.872                         0.128
     54       C      3       4.000          4.356                        -0.356
     55       C      3       4.000          4.340                        -0.340
     56       C      3       4.000          4.389                        -0.389
     57       C      3       4.000          4.355                        -0.355
     58       C      3       4.000          4.403                        -0.403
     59       C      3       4.000          4.000                         0.000
     60       C      3       4.000          4.355                        -0.355
     61       C      3       4.000          4.268                        -0.268
     62       C      3       4.000          3.997                         0.003
     63       C      3       4.000          4.004                        -0.004
     64       C      3       4.000          4.049                        -0.049
     65       C      3       4.000          4.016                        -0.016
     66       C      3       4.000          4.039                        -0.039
     67       C      3       4.000          3.461                         0.539
     68       C      3       4.000          3.500                         0.500
     69       C      3       4.000          3.493                         0.507
     70       C      3       4.000          3.699                         0.301
     71       C      3       4.000          3.707                         0.293
     72       C      3       4.000          3.518                         0.482
     73       C      3       4.000          4.373                        -0.373
     74       C      3       4.000          4.414                        -0.414
     75       C      3       4.000          4.381                        -0.381
     76       C      3       4.000          4.350                        -0.350
     77       C      3       4.000          4.385                        -0.385
     78       C      3       4.000          4.368                        -0.368
     79       C      3       4.000          4.372                        -0.372
     80       C      3       4.000          4.419                        -0.419
     81       C      3       4.000          4.227                        -0.227
     82       C      3       4.000          4.320                        -0.320
     83       C      3       4.000          4.387                        -0.387
     84       C      3       4.000          4.389                        -0.389
     85       C      3       4.000          3.878                         0.122
     86       C      3       4.000          4.339                        -0.339
     87       C      3       4.000          4.426                        -0.426
     88       C      3       4.000          3.912                         0.088
     89       N      4       5.000          5.761                        -0.761
     90       N      4       5.000          5.907                        -0.907
     91       N      4       5.000          5.907                        -0.907
     92       N      4       5.000          5.931                        -0.931
     93       O      5       6.000          6.169                        -0.169
     94       O      5       6.000          6.127                        -0.127
     95       O      5       6.000          6.156                        -0.156
     96       O      5       6.000          6.140                        -0.140
     97       O      5       6.000          6.127                        -0.127
     98       O      5       6.000          6.131                        -0.131
     99       O      5       6.000          6.114                        -0.114
    100       O      5       6.000          6.100                        -0.100
    101       O      5       6.000          5.694                         0.306
    102       O      5       6.000          5.738                         0.262
    103       O      5       6.000          5.771                         0.229
    104       O      5       6.000          5.685                         0.315
    105       O      5       6.000          5.678                         0.322
    106       O      5       6.000          5.805                         0.195
    107       O      5       6.000          5.757                         0.243
    108       O      5       6.000          5.663                         0.337
    109       O      5       6.000          6.129                        -0.129
    110       O      5       6.000          6.130                        -0.130
    111       O      5       6.000          6.116                        -0.116
    112       O      5       6.000          6.062                        -0.062
    113       O      5       6.000          6.163                        -0.163
    114       O      5       6.000          6.020                        -0.020
    115       O      5       6.000          6.127                        -0.127
    116       O      5       6.000          6.114                        -0.114
    117       O      5       6.000          5.982                         0.018
    118       O      5       6.000          6.107                        -0.107
    119       O      5       6.000          6.011                        -0.011
    120       O      5       6.000          6.091                        -0.091
    121       O      5       6.000          5.987                         0.013
    122       O      5       6.000          5.988                         0.012
    123       O      5       6.000          6.261                        -0.261
    124       O      5       6.000          6.181                        -0.181
    125       N      4       5.000          5.156                        -0.156
    126       N      4       5.000          5.144                        -0.144
    127       C      3       4.000          4.179                        -0.179
    128       C      3       4.000          4.278                        -0.278
    129       C      3       4.000          4.902                        -0.902
    130       H      2       1.000          0.525                         0.475
    131       H      2       1.000          0.525                         0.475
    132       H      2       1.000          0.548                         0.452
    133       H      2       1.000          0.510                         0.490
    134       H      2       1.000          0.554                         0.446
    135       C      3       4.000          4.298                        -0.298
    136       C      3       4.000          4.808                        -0.808
    137       H      2       1.000          0.548                         0.452
    138       H      2       1.000          0.567                         0.433
    139       H      2       1.000          0.561                         0.439
    140       C      3       4.000          5.303                        -1.303
    141       H      2       1.000          0.561                         0.439
    142       H      2       1.000          0.557                         0.443
    143       H      2       1.000          0.552                         0.448
    144       C      3       4.000          4.535                        -0.535
    145       C      3       4.000          4.781                        -0.781
    146       H      2       1.000          0.540                         0.460
    147       H      2       1.000          0.550                         0.450
    148       H      2       1.000          0.563                         0.437
    149       H      2       1.000          0.527                         0.473
    150       F      6       7.000          7.220                        -0.220
    151       F      6       7.000          7.197                        -0.197
    152       F      6       7.000          7.360                        -0.360
    153       F      6       7.000          7.216                        -0.216
    154       O      5       6.000          6.452                        -0.452
    155       C      3       4.000          3.225                         0.775
    156       F      6       7.000          7.277                        -0.277
    157       C      3       4.000          3.216                         0.784
    158       F      6       7.000          7.341                        -0.341
    159       S      7       6.000          5.479                         0.521
    160       S      7       6.000          5.391                         0.609
    161       O      5       6.000          6.371                        -0.371
    162       O      5       6.000          6.346                        -0.346
    163       O      5       6.000          6.385                        -0.385
    164       N      4       5.000          5.222                        -0.222

  Total Charge                                                            0.056
 !-----------------------------------------------------------------------------!

 ENERGY| Total FORCE_EVAL ( QS ) energy [hartree]          -1622.707367543283453

 *******************************************************************************
 **                 BAND EVALUATION OF ENERGIES AND FORCES                    **
 *******************************************************************************
 **                                                                           **
 **                                                                           **
 ** Replica Env Nr. :    6              Replica Band Nr. :   14               **
 ** Band  Step  Nr. :    1                                                    **
 *******************************************************************************

 Number of electrons:                                                        674
 Number of occupied orbitals:                                                361
 Number of molecular orbitals:                                               437

 Number of orbital functions:                                               1844
 Number of independent orbital functions:                                   1844

 Parameters for the always stable predictor-corrector (ASPC) method:

  ASPC order: 1

  B(1) =   2.500000
  B(2) =  -2.000000
  B(3) =   0.500000

 *** WARNING in fm/cp_fm_elpa.F:521 :: Setting real_kernel for ELPA failed ***


 Extrapolation method: ASPC


 SCF WAVEFUNCTION OPTIMIZATION

  Step     Update method      Time    Convergence         Total energy    Change
  ------------------------------------------------------------------------------

 *** WARNING in fm/cp_fm_elpa.F:521 :: Setting real_kernel for ELPA failed ***

     1 Broy./Diag. 0.15E+00    9.0     0.00038766     -1622.7076794009 -1.62E+03

 *** WARNING in fm/cp_fm_elpa.F:521 :: Setting real_kernel for ELPA failed ***

     2 Broy./Diag. 0.15E+00   12.4     0.00026061     -1622.7043013571  3.38E-03

 *** WARNING in fm/cp_fm_elpa.F:521 :: Setting real_kernel for ELPA failed ***

     3 Broy./Diag. 0.15E+00   12.7     0.00012007     -1622.7056282089 -1.33E-03

 *** WARNING in fm/cp_fm_elpa.F:521 :: Setting real_kernel for ELPA failed ***

     4 Broy./Diag. 0.15E+00   12.5     0.00008305     -1622.7069650340 -1.34E-03

 *** WARNING in fm/cp_fm_elpa.F:521 :: Setting real_kernel for ELPA failed ***

     5 Broy./Diag. 0.15E+00   12.5     0.00005159     -1622.7081974058 -1.23E-03

 *** WARNING in fm/cp_fm_elpa.F:521 :: Setting real_kernel for ELPA failed ***

     6 Broy./Diag. 0.15E+00   12.4     0.00002126     -1622.7080068058  1.91E-04

  *** SCF run converged in     6 steps ***


  Electronic density on regular grids:       -673.9999999300        0.0000000700
  Core density on regular grids:              673.9999999671       -0.0000000329
  Total charge density on r-space grids:        0.0000000372
  Total charge density g-space grids:           0.0000000372

  Overlap energy of the core charge distribution:               0.00320281488051
  Self energy of the core charge distribution:              -3774.19779000501012
  Core Hamiltonian energy:                                   1086.78668842194952
  Hartree energy:                                            1417.73804593346108
  Exchange-correlation energy:                               -352.80345280576523
  Dispersion energy:                                           -0.22329062937179
  Electronic entropic energy:                                  -0.01141127485973
  Fermi energy:                                                -0.01905080609516

  Total energy:                                             -1622.70800680584057

 !-----------------------------------------------------------------------------!
                     Mulliken Population Analysis

 #  Atom  Element  Kind  Atomic population                           Net charge
       1     Ti       1         11.021599                              0.978401
       2     Ti       1         11.009724                              0.990276
       3     Ti       1         10.940729                              1.059271
       4     Ti       1         10.932302                              1.067698
       5     Ti       1         11.016528                              0.983472
       6     Ti       1         11.027837                              0.972163
       7     Ti       1         10.964748                              1.035252
       8     Ti       1         10.961182                              1.038818
       9     H        2          0.932280                              0.067720
      10     H        2          0.925027                              0.074973
      11     H        2          0.931363                              0.068637
      12     H        2          0.915484                              0.084516
      13     H        2          0.935894                              0.064106
      14     H        2          0.941609                              0.058391
      15     H        2          0.919916                              0.080084
      16     H        2          0.945232                              0.054768
      17     H        2          0.927559                              0.072441
      18     H        2          0.927995                              0.072005
      19     H        2          0.927559                              0.072441
      20     H        2          0.922253                              0.077747
      21     H        2          0.862192                              0.137808
      22     H        2          0.860907                              0.139093
      23     H        2          0.936267                              0.063733
      24     H        2          0.941543                              0.058457
      25     H        2          0.937934                              0.062066
      26     H        2          0.929267                              0.070733
      27     H        2          0.920781                              0.079219
      28     H        2          0.935601                              0.064399
      29     H        2          0.879788                              0.120212
      30     H        2          0.919628                              0.080372
      31     H        2          0.840172                              0.159828
      32     H        2          0.839469                              0.160531
      33     H        2          0.886529                              0.113471
      34     H        2          0.888420                              0.111580
      35     H        2          0.893200                              0.106800
      36     H        2          0.883299                              0.116701
      37     H        2          0.897109                              0.102891
      38     H        2          0.894565                              0.105435
      39     H        2          0.937720                              0.062280
      40     H        2          0.922908                              0.077092
      41     H        2          0.936650                              0.063350
      42     H        2          0.877234                              0.122766
      43     C        3          3.771839                              0.228161
      44     C        3          3.774939                              0.225061
      45     C        3          3.785859                              0.214141
      46     C        3          3.776719                              0.223281
      47     C        3          4.070203                             -0.070203
      48     C        3          4.029557                             -0.029557
      49     C        3          4.090479                             -0.090479
      50     C        3          4.069095                             -0.069095
      51     C        3          3.964631                              0.035369
      52     C        3          4.019084                             -0.019084
      53     C        3          3.909004                              0.090996
      54     C        3          3.940130                              0.059870
      55     C        3          4.027901                             -0.027901
      56     C        3          3.994702                              0.005298
      57     C        3          4.003881                             -0.003881
      58     C        3          4.043775                             -0.043775
      59     C        3          4.034252                             -0.034252
      60     C        3          4.044360                             -0.044360
      61     C        3          4.011489                             -0.011489
      62     C        3          4.083854                             -0.083854
      63     C        3          3.998584                              0.001416
      64     C        3          4.042781                             -0.042781
      65     C        3          4.007076                             -0.007076
      66     C        3          4.014180                             -0.014180
      67     C        3          3.775430                              0.224570
      68     C        3          3.801492                              0.198508
      69     C        3          3.781620                              0.218380
      70     C        3          3.804355                              0.195645
      71     C        3          3.798337                              0.201663
      72     C        3          3.784504                              0.215496
      73     C        3          4.011752                             -0.011752
      74     C        3          4.038645                             -0.038645
      75     C        3          3.966017                              0.033983
      76     C        3          3.999144                              0.000856
      77     C        3          4.030938                             -0.030938
      78     C        3          4.034420                             -0.034420
      79     C        3          4.021211                             -0.021211
      80     C        3          3.967821                              0.032179
      81     C        3          4.025227                             -0.025227
      82     C        3          3.993090                              0.006910
      83     C        3          4.022276                             -0.022276
      84     C        3          4.036314                             -0.036314
      85     C        3          3.993410                              0.006590
      86     C        3          4.014855                             -0.014855
      87     C        3          3.951483                              0.048517
      88     C        3          4.023557                             -0.023557
      89     N        4          4.964310                              0.035690
      90     N        4          5.065504                             -0.065504
      91     N        4          5.050181                             -0.050181
      92     N        4          5.052691                             -0.052691
      93     O        5          6.357773                             -0.357773
      94     O        5          6.329870                             -0.329870
      95     O        5          6.303649                             -0.303649
      96     O        5          6.295109                             -0.295109
      97     O        5          6.329633                             -0.329633
      98     O        5          6.341731                             -0.341731
      99     O        5          6.292208                             -0.292208
     100     O        5          6.257992                             -0.257992
     101     O        5          6.437976                             -0.437976
     102     O        5          6.514776                             -0.514776
     103     O        5          6.501533                             -0.501533
     104     O        5          6.449701                             -0.449701
     105     O        5          6.460315                             -0.460315
     106     O        5          6.534164                             -0.534164
     107     O        5          6.511195                             -0.511195
     108     O        5          6.421692                             -0.421692
     109     O        5          6.364927                             -0.364927
     110     O        5          6.367420                             -0.367420
     111     O        5          6.390273                             -0.390273
     112     O        5          6.330154                             -0.330154
     113     O        5          6.508693                             -0.508693
     114     O        5          6.262440                             -0.262440
     115     O        5          6.371790                             -0.371790
     116     O        5          6.352186                             -0.352186
     117     O        5          6.286852                             -0.286852
     118     O        5          6.405060                             -0.405060
     119     O        5          6.254583                             -0.254583
     120     O        5          6.460230                             -0.460230
     121     O        5          6.534754                             -0.534754
     122     O        5          6.533012                             -0.533012
     123     O        5          6.496352                             -0.496352
     124     O        5          6.471619                             -0.471619
     125     N        4          4.867741                              0.132259
     126     N        4          4.840843                              0.159157
     127     C        3          3.918182                              0.081818
     128     C        3          3.974788                              0.025212
     129     C        3          4.182011                             -0.182011
     130     H        2          0.928782                              0.071218
     131     H        2          0.936916                              0.063084
     132     H        2          0.917556                              0.082444
     133     H        2          0.915504                              0.084496
     134     H        2          0.918313                              0.081687
     135     C        3          3.982836                              0.017164
     136     C        3          4.148772                             -0.148772
     137     H        2          0.919847                              0.080153
     138     H        2          0.914336                              0.085664
     139     H        2          0.920540                              0.079460
     140     C        3          4.261221                             -0.261221
     141     H        2          0.920684                              0.079316
     142     H        2          0.919598                              0.080402
     143     H        2          0.907057                              0.092943
     144     C        3          4.083692                             -0.083692
     145     C        3          4.154131                             -0.154131
     146     H        2          0.902458                              0.097542
     147     H        2          0.907690                              0.092310
     148     H        2          0.918471                              0.081529
     149     H        2          0.940078                              0.059922
     150     F        6          6.986808                              0.013192
     151     F        6          6.932047                              0.067953
     152     F        6          7.204675                             -0.204675
     153     F        6          6.981431                              0.018569
     154     O        5          6.432708                             -0.432708
     155     C        3          3.848700                              0.151300
     156     F        6          7.060086                             -0.060086
     157     C        3          3.804285                              0.195715
     158     F        6          7.176236                             -0.176236
     159     S        7          6.338125                             -0.338125
     160     S        7          6.321314                             -0.321314
     161     O        5          5.832210                              0.167790
     162     O        5          5.673275                              0.326725
     163     O        5          6.151520                             -0.151520
     164     N        4          4.959911                              0.040089
 # Total charge                            674.000000                  0.000000

 !-----------------------------------------------------------------------------!

 !-----------------------------------------------------------------------------!
                           Hirshfeld Charges

  #Atom  Element  Kind  Ref Charge     Population                    Net charge
      1       Ti     1      12.000         13.289                        -1.289
      2       Ti     1      12.000         13.468                        -1.468
      3       Ti     1      12.000         13.186                        -1.186
      4       Ti     1      12.000         13.183                        -1.183
      5       Ti     1      12.000         13.504                        -1.504
      6       Ti     1      12.000         13.305                        -1.305
      7       Ti     1      12.000         13.209                        -1.209
      8       Ti     1      12.000         13.266                        -1.266
      9       H      2       1.000          0.546                         0.454
     10       H      2       1.000          0.536                         0.464
     11       H      2       1.000          0.548                         0.452
     12       H      2       1.000          0.504                         0.496
     13       H      2       1.000          0.552                         0.448
     14       H      2       1.000          0.519                         0.481
     15       H      2       1.000          0.521                         0.479
     16       H      2       1.000          0.523                         0.477
     17       H      2       1.000          0.551                         0.449
     18       H      2       1.000          0.545                         0.455
     19       H      2       1.000          0.542                         0.458
     20       H      2       1.000          0.548                         0.452
     21       H      2       1.000          0.427                         0.573
     22       H      2       1.000          0.432                         0.568
     23       H      2       1.000          0.544                         0.456
     24       H      2       1.000          0.546                         0.454
     25       H      2       1.000          0.561                         0.439
     26       H      2       1.000          0.558                         0.442
     27       H      2       1.000          0.523                         0.477
     28       H      2       1.000          0.559                         0.441
     29       H      2       1.000          0.434                         0.566
     30       H      2       1.000          0.566                         0.434
     31       H      2       1.000          0.419                         0.581
     32       H      2       1.000          0.419                         0.581
     33       H      2       1.000          0.481                         0.519
     34       H      2       1.000          0.467                         0.533
     35       H      2       1.000          0.478                         0.522
     36       H      2       1.000          0.458                         0.542
     37       H      2       1.000          0.485                         0.515
     38       H      2       1.000          0.468                         0.532
     39       H      2       1.000          0.543                         0.457
     40       H      2       1.000          0.542                         0.458
     41       H      2       1.000          0.539                         0.461
     42       H      2       1.000          0.604                         0.396
     43       C      3       4.000          3.472                         0.528
     44       C      3       4.000          3.468                         0.532
     45       C      3       4.000          3.489                         0.511
     46       C      3       4.000          3.474                         0.526
     47       C      3       4.000          4.020                        -0.020
     48       C      3       4.000          3.973                         0.027
     49       C      3       4.000          4.016                        -0.016
     50       C      3       4.000          3.977                         0.023
     51       C      3       4.000          3.881                         0.119
     52       C      3       4.000          4.417                        -0.417
     53       C      3       4.000          3.872                         0.128
     54       C      3       4.000          4.356                        -0.356
     55       C      3       4.000          4.340                        -0.340
     56       C      3       4.000          4.389                        -0.389
     57       C      3       4.000          4.355                        -0.355
     58       C      3       4.000          4.403                        -0.403
     59       C      3       4.000          4.000                         0.000
     60       C      3       4.000          4.355                        -0.355
     61       C      3       4.000          4.268                        -0.268
     62       C      3       4.000          3.997                         0.003
     63       C      3       4.000          4.004                        -0.004
     64       C      3       4.000          4.049                        -0.049
     65       C      3       4.000          4.016                        -0.016
     66       C      3       4.000          4.039                        -0.039
     67       C      3       4.000          3.461                         0.539
     68       C      3       4.000          3.500                         0.500
     69       C      3       4.000          3.493                         0.507
     70       C      3       4.000          3.699                         0.301
     71       C      3       4.000          3.707                         0.293
     72       C      3       4.000          3.518                         0.482
     73       C      3       4.000          4.373                        -0.373
     74       C      3       4.000          4.414                        -0.414
     75       C      3       4.000          4.381                        -0.381
     76       C      3       4.000          4.350                        -0.350
     77       C      3       4.000          4.385                        -0.385
     78       C      3       4.000          4.368                        -0.368
     79       C      3       4.000          4.372                        -0.372
     80       C      3       4.000          4.419                        -0.419
     81       C      3       4.000          4.227                        -0.227
     82       C      3       4.000          4.320                        -0.320
     83       C      3       4.000          4.387                        -0.387
     84       C      3       4.000          4.389                        -0.389
     85       C      3       4.000          3.878                         0.122
     86       C      3       4.000          4.339                        -0.339
     87       C      3       4.000          4.426                        -0.426
     88       C      3       4.000          3.912                         0.088
     89       N      4       5.000          5.761                        -0.761
     90       N      4       5.000          5.907                        -0.907
     91       N      4       5.000          5.907                        -0.907
     92       N      4       5.000          5.931                        -0.931
     93       O      5       6.000          6.169                        -0.169
     94       O      5       6.000          6.127                        -0.127
     95       O      5       6.000          6.156                        -0.156
     96       O      5       6.000          6.140                        -0.140
     97       O      5       6.000          6.127                        -0.127
     98       O      5       6.000          6.131                        -0.131
     99       O      5       6.000          6.114                        -0.114
    100       O      5       6.000          6.100                        -0.100
    101       O      5       6.000          5.694                         0.306
    102       O      5       6.000          5.738                         0.262
    103       O      5       6.000          5.771                         0.229
    104       O      5       6.000          5.685                         0.315
    105       O      5       6.000          5.678                         0.322
    106       O      5       6.000          5.805                         0.195
    107       O      5       6.000          5.757                         0.243
    108       O      5       6.000          5.663                         0.337
    109       O      5       6.000          6.129                        -0.129
    110       O      5       6.000          6.130                        -0.130
    111       O      5       6.000          6.116                        -0.116
    112       O      5       6.000          6.062                        -0.062
    113       O      5       6.000          6.163                        -0.163
    114       O      5       6.000          6.020                        -0.020
    115       O      5       6.000          6.127                        -0.127
    116       O      5       6.000          6.114                        -0.114
    117       O      5       6.000          5.982                         0.018
    118       O      5       6.000          6.107                        -0.107
    119       O      5       6.000          6.011                        -0.011
    120       O      5       6.000          6.091                        -0.091
    121       O      5       6.000          5.987                         0.013
    122       O      5       6.000          5.988                         0.012
    123       O      5       6.000          6.261                        -0.261
    124       O      5       6.000          6.181                        -0.181
    125       N      4       5.000          5.155                        -0.155
    126       N      4       5.000          5.144                        -0.144
    127       C      3       4.000          4.179                        -0.179
    128       C      3       4.000          4.278                        -0.278
    129       C      3       4.000          4.902                        -0.902
    130       H      2       1.000          0.525                         0.475
    131       H      2       1.000          0.525                         0.475
    132       H      2       1.000          0.548                         0.452
    133       H      2       1.000          0.510                         0.490
    134       H      2       1.000          0.554                         0.446
    135       C      3       4.000          4.298                        -0.298
    136       C      3       4.000          4.808                        -0.808
    137       H      2       1.000          0.548                         0.452
    138       H      2       1.000          0.567                         0.433
    139       H      2       1.000          0.561                         0.439
    140       C      3       4.000          5.303                        -1.303
    141       H      2       1.000          0.561                         0.439
    142       H      2       1.000          0.557                         0.443
    143       H      2       1.000          0.552                         0.448
    144       C      3       4.000          4.535                        -0.535
    145       C      3       4.000          4.781                        -0.781
    146       H      2       1.000          0.540                         0.460
    147       H      2       1.000          0.550                         0.450
    148       H      2       1.000          0.563                         0.437
    149       H      2       1.000          0.527                         0.473
    150       F      6       7.000          7.220                        -0.220
    151       F      6       7.000          7.197                        -0.197
    152       F      6       7.000          7.360                        -0.360
    153       F      6       7.000          7.216                        -0.216
    154       O      5       6.000          6.452                        -0.452
    155       C      3       4.000          3.225                         0.775
    156       F      6       7.000          7.277                        -0.277
    157       C      3       4.000          3.216                         0.784
    158       F      6       7.000          7.341                        -0.341
    159       S      7       6.000          5.479                         0.521
    160       S      7       6.000          5.391                         0.609
    161       O      5       6.000          6.371                        -0.371
    162       O      5       6.000          6.346                        -0.346
    163       O      5       6.000          6.385                        -0.385
    164       N      4       5.000          5.222                        -0.222

  Total Charge                                                            0.056
 !-----------------------------------------------------------------------------!

 ENERGY| Total FORCE_EVAL ( QS ) energy [hartree]          -1622.707679962629754

 *******************************************************************************
 **                 BAND EVALUATION OF ENERGIES AND FORCES                    **
 *******************************************************************************
 **                                                                           **
 **                                                                           **
 ** Replica Env Nr. :    6              Replica Band Nr. :   14               **
 ** Band  Step  Nr. :    0                                                    **
 *******************************************************************************

 Number of electrons:                                                        674
 Number of occupied orbitals:                                                361
 Number of molecular orbitals:                                               437

 Number of orbital functions:                                               1844
 Number of independent orbital functions:                                   1844

 Parameters for the always stable predictor-corrector (ASPC) method:

  ASPC order: 0

  B(1) =   1.000000

 *** WARNING in fm/cp_fm_elpa.F:521 :: Setting real_kernel for ELPA failed ***


 Extrapolation method: ASPC


 SCF WAVEFUNCTION OPTIMIZATION

  Step     Update method      Time    Convergence         Total energy    Change
  ------------------------------------------------------------------------------

 *** WARNING in fm/cp_fm_elpa.F:521 :: Setting real_kernel for ELPA failed ***

     1 Broy./Diag. 0.15E+00    8.7     0.00018300     -1622.7073675573 -1.62E+03

 *** WARNING in fm/cp_fm_elpa.F:521 :: Setting real_kernel for ELPA failed ***

     2 Broy./Diag. 0.15E+00   11.9     0.00010783     -1622.7090747551 -1.71E-03

 *** WARNING in fm/cp_fm_elpa.F:521 :: Setting real_kernel for ELPA failed ***

     3 Broy./Diag. 0.15E+00   12.3     0.00003981     -1622.7081363621  9.38E-04

  *** SCF run converged in     3 steps ***


  Electronic density on regular grids:       -673.9999999300        0.0000000700
  Core density on regular grids:              673.9999999671       -0.0000000329
  Total charge density on r-space grids:        0.0000000372
  Total charge density g-space grids:           0.0000000372

  Overlap energy of the core charge distribution:               0.00320396655074
  Self energy of the core charge distribution:              -3774.19779000501012
  Core Hamiltonian energy:                                   1086.78649737060482
  Hartree energy:                                            1417.73824964644018
  Exchange-correlation energy:                               -352.80359435907906
  Dispersion energy:                                           -0.22329054490354
  Electronic entropic energy:                                  -0.01141115423903
  Fermi energy:                                                -0.01903127998876

  Total energy:                                             -1622.70813636211142

 !-----------------------------------------------------------------------------!
                     Mulliken Population Analysis

 #  Atom  Element  Kind  Atomic population                           Net charge
       1     Ti       1         11.021577                              0.978423
       2     Ti       1         11.009672                              0.990328
       3     Ti       1         10.940710                              1.059290
       4     Ti       1         10.932254                              1.067746
       5     Ti       1         11.016461                              0.983539
       6     Ti       1         11.027772                              0.972228
       7     Ti       1         10.964746                              1.035254
       8     Ti       1         10.961113                              1.038887
       9     H        2          0.932298                              0.067702
      10     H        2          0.925026                              0.074974
      11     H        2          0.931365                              0.068635
      12     H        2          0.915501                              0.084499
      13     H        2          0.935891                              0.064109
      14     H        2          0.941642                              0.058358
      15     H        2          0.919915                              0.080085
      16     H        2          0.945246                              0.054754
      17     H        2          0.927564                              0.072436
      18     H        2          0.928012                              0.071988
      19     H        2          0.927566                              0.072434
      20     H        2          0.922264                              0.077736
      21     H        2          0.862152                              0.137848
      22     H        2          0.860853                              0.139147
      23     H        2          0.936270                              0.063730
      24     H        2          0.941558                              0.058442
      25     H        2          0.937952                              0.062048
      26     H        2          0.929259                              0.070741
      27     H        2          0.920784                              0.079216
      28     H        2          0.935602                              0.064398
      29     H        2          0.879786                              0.120214
      30     H        2          0.919632                              0.080368
      31     H        2          0.840133                              0.159867
      32     H        2          0.839442                              0.160558
      33     H        2          0.886566                              0.113434
      34     H        2          0.888437                              0.111563
      35     H        2          0.893226                              0.106774
      36     H        2          0.883304                              0.116696
      37     H        2          0.897129                              0.102871
      38     H        2          0.894567                              0.105433
      39     H        2          0.937707                              0.062293
      40     H        2          0.922916                              0.077084
      41     H        2          0.936624                              0.063376
      42     H        2          0.877217                              0.122783
      43     C        3          3.771836                              0.228164
      44     C        3          3.774969                              0.225031
      45     C        3          3.785887                              0.214113
      46     C        3          3.776732                              0.223268
      47     C        3          4.070209                             -0.070209
      48     C        3          4.029580                             -0.029580
      49     C        3          4.090512                             -0.090512
      50     C        3          4.069118                             -0.069118
      51     C        3          3.964657                              0.035343
      52     C        3          4.019094                             -0.019094
      53     C        3          3.909031                              0.090969
      54     C        3          3.940132                              0.059868
      55     C        3          4.027932                             -0.027932
      56     C        3          3.994717                              0.005283
      57     C        3          4.003881                             -0.003881
      58     C        3          4.043813                             -0.043813
      59     C        3          4.034264                             -0.034264
      60     C        3          4.044358                             -0.044358
      61     C        3          4.011461                             -0.011461
      62     C        3          4.083853                             -0.083853
      63     C        3          3.998585                              0.001415
      64     C        3          4.042783                             -0.042783
      65     C        3          4.007093                             -0.007093
      66     C        3          4.014199                             -0.014199
      67     C        3          3.775437                              0.224563
      68     C        3          3.801489                              0.198511
      69     C        3          3.781602                              0.218398
      70     C        3          3.804318                              0.195682
      71     C        3          3.798331                              0.201669
      72     C        3          3.784491                              0.215509
      73     C        3          4.011770                             -0.011770
      74     C        3          4.038675                             -0.038675
      75     C        3          3.966027                              0.033973
      76     C        3          3.999147                              0.000853
      77     C        3          4.030942                             -0.030942
      78     C        3          4.034433                             -0.034433
      79     C        3          4.021219                             -0.021219
      80     C        3          3.967861                              0.032139
      81     C        3          4.025213                             -0.025213
      82     C        3          3.993101                              0.006899
      83     C        3          4.022308                             -0.022308
      84     C        3          4.036327                             -0.036327
      85     C        3          3.993437                              0.006563
      86     C        3          4.014867                             -0.014867
      87     C        3          3.951519                              0.048481
      88     C        3          4.023557                             -0.023557
      89     N        4          4.964350                              0.035650
      90     N        4          5.065592                             -0.065592
      91     N        4          5.050204                             -0.050204
      92     N        4          5.052730                             -0.052730
      93     O        5          6.357782                             -0.357782
      94     O        5          6.329890                             -0.329890
      95     O        5          6.303669                             -0.303669
      96     O        5          6.295111                             -0.295111
      97     O        5          6.329658                             -0.329658
      98     O        5          6.341742                             -0.341742
      99     O        5          6.292186                             -0.292186
     100     O        5          6.258015                             -0.258015
     101     O        5          6.437905                             -0.437905
     102     O        5          6.514783                             -0.514783
     103     O        5          6.501478                             -0.501478
     104     O        5          6.449682                             -0.449682
     105     O        5          6.460261                             -0.460261
     106     O        5          6.534129                             -0.534129
     107     O        5          6.511202                             -0.511202
     108     O        5          6.421644                             -0.421644
     109     O        5          6.364928                             -0.364928
     110     O        5          6.367431                             -0.367431
     111     O        5          6.390276                             -0.390276
     112     O        5          6.330142                             -0.330142
     113     O        5          6.508697                             -0.508697
     114     O        5          6.262436                             -0.262436
     115     O        5          6.371783                             -0.371783
     116     O        5          6.352187                             -0.352187
     117     O        5          6.286828                             -0.286828
     118     O        5          6.405079                             -0.405079
     119     O        5          6.254560                             -0.254560
     120     O        5          6.460206                             -0.460206
     121     O        5          6.534703                             -0.534703
     122     O        5          6.532981                             -0.532981
     123     O        5          6.496289                             -0.496289
     124     O        5          6.471573                             -0.471573
     125     N        4          4.867737                              0.132263
     126     N        4          4.840831                              0.159169
     127     C        3          3.918130                              0.081870
     128     C        3          3.974802                              0.025198
     129     C        3          4.182005                             -0.182005
     130     H        2          0.928757                              0.071243
     131     H        2          0.936926                              0.063074
     132     H        2          0.917559                              0.082441
     133     H        2          0.915485                              0.084515
     134     H        2          0.918310                              0.081690
     135     C        3          3.982878                              0.017122
     136     C        3          4.148756                             -0.148756
     137     H        2          0.919830                              0.080170
     138     H        2          0.914346                              0.085654
     139     H        2          0.920538                              0.079462
     140     C        3          4.261220                             -0.261220
     141     H        2          0.920702                              0.079298
     142     H        2          0.919613                              0.080387
     143     H        2          0.907054                              0.092946
     144     C        3          4.083680                             -0.083680
     145     C        3          4.154156                             -0.154156
     146     H        2          0.902453                              0.097547
     147     H        2          0.907715                              0.092285
     148     H        2          0.918505                              0.081495
     149     H        2          0.940102                              0.059898
     150     F        6          6.986823                              0.013177
     151     F        6          6.932063                              0.067937
     152     F        6          7.204682                             -0.204682
     153     F        6          6.981438                              0.018562
     154     O        5          6.432767                             -0.432767
     155     C        3          3.848708                              0.151292
     156     F        6          7.060102                             -0.060102
     157     C        3          3.804284                              0.195716
     158     F        6          7.176227                             -0.176227
     159     S        7          6.338172                             -0.338172
     160     S        7          6.321322                             -0.321322
     161     O        5          5.832137                              0.167863
     162     O        5          5.673168                              0.326832
     163     O        5          6.151486                             -0.151486
     164     N        4          4.959943                              0.040057
 # Total charge                            674.000000                  0.000000

 !-----------------------------------------------------------------------------!

 !-----------------------------------------------------------------------------!
                           Hirshfeld Charges

  #Atom  Element  Kind  Ref Charge     Population                    Net charge
      1       Ti     1      12.000         13.289                        -1.289
      2       Ti     1      12.000         13.468                        -1.468
      3       Ti     1      12.000         13.186                        -1.186
      4       Ti     1      12.000         13.183                        -1.183
      5       Ti     1      12.000         13.504                        -1.504
      6       Ti     1      12.000         13.305                        -1.305
      7       Ti     1      12.000         13.209                        -1.209
      8       Ti     1      12.000         13.266                        -1.266
      9       H      2       1.000          0.546                         0.454
     10       H      2       1.000          0.536                         0.464
     11       H      2       1.000          0.548                         0.452
     12       H      2       1.000          0.504                         0.496
     13       H      2       1.000          0.552                         0.448
     14       H      2       1.000          0.519                         0.481
     15       H      2       1.000          0.521                         0.479
     16       H      2       1.000          0.523                         0.477
     17       H      2       1.000          0.551                         0.449
     18       H      2       1.000          0.545                         0.455
     19       H      2       1.000          0.542                         0.458
     20       H      2       1.000          0.548                         0.452
     21       H      2       1.000          0.427                         0.573
     22       H      2       1.000          0.432                         0.568
     23       H      2       1.000          0.544                         0.456
     24       H      2       1.000          0.546                         0.454
     25       H      2       1.000          0.561                         0.439
     26       H      2       1.000          0.558                         0.442
     27       H      2       1.000          0.523                         0.477
     28       H      2       1.000          0.559                         0.441
     29       H      2       1.000          0.434                         0.566
     30       H      2       1.000          0.566                         0.434
     31       H      2       1.000          0.419                         0.581
     32       H      2       1.000          0.419                         0.581
     33       H      2       1.000          0.481                         0.519
     34       H      2       1.000          0.467                         0.533
     35       H      2       1.000          0.478                         0.522
     36       H      2       1.000          0.458                         0.542
     37       H      2       1.000          0.485                         0.515
     38       H      2       1.000          0.468                         0.532
     39       H      2       1.000          0.543                         0.457
     40       H      2       1.000          0.542                         0.458
     41       H      2       1.000          0.539                         0.461
     42       H      2       1.000          0.604                         0.396
     43       C      3       4.000          3.472                         0.528
     44       C      3       4.000          3.468                         0.532
     45       C      3       4.000          3.489                         0.511
     46       C      3       4.000          3.474                         0.526
     47       C      3       4.000          4.020                        -0.020
     48       C      3       4.000          3.973                         0.027
     49       C      3       4.000          4.016                        -0.016
     50       C      3       4.000          3.977                         0.023
     51       C      3       4.000          3.881                         0.119
     52       C      3       4.000          4.417                        -0.417
     53       C      3       4.000          3.872                         0.128
     54       C      3       4.000          4.356                        -0.356
     55       C      3       4.000          4.340                        -0.340
     56       C      3       4.000          4.389                        -0.389
     57       C      3       4.000          4.355                        -0.355
     58       C      3       4.000          4.403                        -0.403
     59       C      3       4.000          4.000                         0.000
     60       C      3       4.000          4.355                        -0.355
     61       C      3       4.000          4.268                        -0.268
     62       C      3       4.000          3.997                         0.003
     63       C      3       4.000          4.004                        -0.004
     64       C      3       4.000          4.049                        -0.049
     65       C      3       4.000          4.016                        -0.016
     66       C      3       4.000          4.039                        -0.039
     67       C      3       4.000          3.461                         0.539
     68       C      3       4.000          3.500                         0.500
     69       C      3       4.000          3.493                         0.507
     70       C      3       4.000          3.699                         0.301
     71       C      3       4.000          3.707                         0.293
     72       C      3       4.000          3.518                         0.482
     73       C      3       4.000          4.373                        -0.373
     74       C      3       4.000          4.414                        -0.414
     75       C      3       4.000          4.381                        -0.381
     76       C      3       4.000          4.350                        -0.350
     77       C      3       4.000          4.385                        -0.385
     78       C      3       4.000          4.368                        -0.368
     79       C      3       4.000          4.372                        -0.372
     80       C      3       4.000          4.419                        -0.419
     81       C      3       4.000          4.227                        -0.227
     82       C      3       4.000          4.320                        -0.320
     83       C      3       4.000          4.387                        -0.387
     84       C      3       4.000          4.389                        -0.389
     85       C      3       4.000          3.878                         0.122
     86       C      3       4.000          4.339                        -0.339
     87       C      3       4.000          4.426                        -0.426
     88       C      3       4.000          3.912                         0.088
     89       N      4       5.000          5.761                        -0.761
     90       N      4       5.000          5.907                        -0.907
     91       N      4       5.000          5.907                        -0.907
     92       N      4       5.000          5.931                        -0.931
     93       O      5       6.000          6.169                        -0.169
     94       O      5       6.000          6.127                        -0.127
     95       O      5       6.000          6.156                        -0.156
     96       O      5       6.000          6.140                        -0.140
     97       O      5       6.000          6.127                        -0.127
     98       O      5       6.000          6.131                        -0.131
     99       O      5       6.000          6.114                        -0.114
    100       O      5       6.000          6.100                        -0.100
    101       O      5       6.000          5.694                         0.306
    102       O      5       6.000          5.738                         0.262
    103       O      5       6.000          5.771                         0.229
    104       O      5       6.000          5.685                         0.315
    105       O      5       6.000          5.678                         0.322
    106       O      5       6.000          5.805                         0.195
    107       O      5       6.000          5.757                         0.243
    108       O      5       6.000          5.663                         0.337
    109       O      5       6.000          6.129                        -0.129
    110       O      5       6.000          6.130                        -0.130
    111       O      5       6.000          6.116                        -0.116
    112       O      5       6.000          6.062                        -0.062
    113       O      5       6.000          6.163                        -0.163
    114       O      5       6.000          6.020                        -0.020
    115       O      5       6.000          6.127                        -0.127
    116       O      5       6.000          6.114                        -0.114
    117       O      5       6.000          5.982                         0.018
    118       O      5       6.000          6.107                        -0.107
    119       O      5       6.000          6.011                        -0.011
    120       O      5       6.000          6.091                        -0.091
    121       O      5       6.000          5.987                         0.013
    122       O      5       6.000          5.988                         0.012
    123       O      5       6.000          6.260                        -0.260
    124       O      5       6.000          6.181                        -0.181
    125       N      4       5.000          5.155                        -0.155
    126       N      4       5.000          5.144                        -0.144
    127       C      3       4.000          4.179                        -0.179
    128       C      3       4.000          4.278                        -0.278
    129       C      3       4.000          4.902                        -0.902
    130       H      2       1.000          0.525                         0.475
    131       H      2       1.000          0.525                         0.475
    132       H      2       1.000          0.548                         0.452
    133       H      2       1.000          0.510                         0.490
    134       H      2       1.000          0.554                         0.446
    135       C      3       4.000          4.298                        -0.298
    136       C      3       4.000          4.808                        -0.808
    137       H      2       1.000          0.548                         0.452
    138       H      2       1.000          0.567                         0.433
    139       H      2       1.000          0.561                         0.439
    140       C      3       4.000          5.303                        -1.303
    141       H      2       1.000          0.561                         0.439
    142       H      2       1.000          0.557                         0.443
    143       H      2       1.000          0.552                         0.448
    144       C      3       4.000          4.535                        -0.535
    145       C      3       4.000          4.781                        -0.781
    146       H      2       1.000          0.540                         0.460
    147       H      2       1.000          0.550                         0.450
    148       H      2       1.000          0.563                         0.437
    149       H      2       1.000          0.527                         0.473
    150       F      6       7.000          7.220                        -0.220
    151       F      6       7.000          7.197                        -0.197
    152       F      6       7.000          7.360                        -0.360
    153       F      6       7.000          7.216                        -0.216
    154       O      5       6.000          6.452                        -0.452
    155       C      3       4.000          3.225                         0.775
    156       F      6       7.000          7.277                        -0.277
    157       C      3       4.000          3.216                         0.784
    158       F      6       7.000          7.341                        -0.341
    159       S      7       6.000          5.479                         0.521
    160       S      7       6.000          5.391                         0.609
    161       O      5       6.000          6.371                        -0.371
    162       O      5       6.000          6.346                        -0.346
    163       O      5       6.000          6.385                        -0.385
    164       N      4       5.000          5.222                        -0.222

  Total Charge                                                            0.056
 !-----------------------------------------------------------------------------!

 ENERGY| Total FORCE_EVAL ( QS ) energy [hartree]          -1622.707367537669143

 *******************************************************************************
 **                 BAND EVALUATION OF ENERGIES AND FORCES                    **
 *******************************************************************************
 **                                                                           **
 **                                                                           **
 ** Replica Env Nr. :    6              Replica Band Nr. :   14               **
 ** Band  Step  Nr. :    1                                                    **
 *******************************************************************************

 Number of electrons:                                                        674
 Number of occupied orbitals:                                                361
 Number of molecular orbitals:                                               437

 Number of orbital functions:                                               1844
 Number of independent orbital functions:                                   1844

 Parameters for the always stable predictor-corrector (ASPC) method:

  ASPC order: 1

  B(1) =   2.500000
  B(2) =  -2.000000
  B(3) =   0.500000

 *** WARNING in fm/cp_fm_elpa.F:521 :: Setting real_kernel for ELPA failed ***


 Extrapolation method: ASPC


 SCF WAVEFUNCTION OPTIMIZATION

  Step     Update method      Time    Convergence         Total energy    Change
  ------------------------------------------------------------------------------

 *** WARNING in fm/cp_fm_elpa.F:521 :: Setting real_kernel for ELPA failed ***

     1 Broy./Diag. 0.15E+00    9.0     0.00022321     -1622.7076796907 -1.62E+03

 *** WARNING in fm/cp_fm_elpa.F:521 :: Setting real_kernel for ELPA failed ***

     2 Broy./Diag. 0.15E+00   12.2     0.00015791     -1622.7086965578 -1.02E-03

 *** WARNING in fm/cp_fm_elpa.F:521 :: Setting real_kernel for ELPA failed ***

     3 Broy./Diag. 0.15E+00   12.8     0.00011369     -1622.7080650292  6.32E-04

 *** WARNING in fm/cp_fm_elpa.F:521 :: Setting real_kernel for ELPA failed ***

     4 Broy./Diag. 0.15E+00   12.7     0.00005877     -1622.7077236886  3.41E-04

 *** WARNING in fm/cp_fm_elpa.F:521 :: Setting real_kernel for ELPA failed ***

     5 Broy./Diag. 0.15E+00   13.2     0.00002198     -1622.7074641134  2.60E-04

  *** SCF run converged in     5 steps ***


  Electronic density on regular grids:       -673.9999999300        0.0000000700
  Core density on regular grids:              673.9999999671       -0.0000000329
  Total charge density on r-space grids:        0.0000000372
  Total charge density g-space grids:           0.0000000372

  Overlap energy of the core charge distribution:               0.00320281486976
  Self energy of the core charge distribution:              -3774.19779000501012
  Core Hamiltonian energy:                                   1086.78642834777747
  Hartree energy:                                            1417.73887330758953
  Exchange-correlation energy:                               -352.80347532424292
  Dispersion energy:                                           -0.22329062937351
  Electronic entropic energy:                                  -0.01141169344528
  Fermi energy:                                                -0.01902806484815

  Total energy:                                             -1622.70746411336722

 !-----------------------------------------------------------------------------!
                     Mulliken Population Analysis

 #  Atom  Element  Kind  Atomic population                           Net charge
       1     Ti       1         11.021576                              0.978424
       2     Ti       1         11.009664                              0.990336
       3     Ti       1         10.940714                              1.059286
       4     Ti       1         10.932262                              1.067738
       5     Ti       1         11.016470                              0.983530
       6     Ti       1         11.027775                              0.972225
       7     Ti       1         10.964746                              1.035254
       8     Ti       1         10.961129                              1.038871
       9     H        2          0.932305                              0.067695
      10     H        2          0.925025                              0.074975
      11     H        2          0.931366                              0.068634
      12     H        2          0.915498                              0.084502
      13     H        2          0.935895                              0.064105
      14     H        2          0.941631                              0.058369
      15     H        2          0.919913                              0.080087
      16     H        2          0.945246                              0.054754
      17     H        2          0.927560                              0.072440
      18     H        2          0.928019                              0.071981
      19     H        2          0.927573                              0.072427
      20     H        2          0.922261                              0.077739
      21     H        2          0.862149                              0.137851
      22     H        2          0.860852                              0.139148
      23     H        2          0.936282                              0.063718
      24     H        2          0.941568                              0.058432
      25     H        2          0.937957                              0.062043
      26     H        2          0.929269                              0.070731
      27     H        2          0.920791                              0.079209
      28     H        2          0.935613                              0.064387
      29     H        2          0.879789                              0.120211
      30     H        2          0.919638                              0.080362
      31     H        2          0.840127                              0.159873
      32     H        2          0.839440                              0.160560
      33     H        2          0.886559                              0.113441
      34     H        2          0.888428                              0.111572
      35     H        2          0.893232                              0.106768
      36     H        2          0.883308                              0.116692
      37     H        2          0.897138                              0.102862
      38     H        2          0.894572                              0.105428
      39     H        2          0.937714                              0.062286
      40     H        2          0.922923                              0.077077
      41     H        2          0.936629                              0.063371
      42     H        2          0.877234                              0.122766
      43     C        3          3.771844                              0.228156
      44     C        3          3.774945                              0.225055
      45     C        3          3.785870                              0.214130
      46     C        3          3.776722                              0.223278
      47     C        3          4.070211                             -0.070211
      48     C        3          4.029570                             -0.029570
      49     C        3          4.090489                             -0.090489
      50     C        3          4.069102                             -0.069102
      51     C        3          3.964648                              0.035352
      52     C        3          4.019094                             -0.019094
      53     C        3          3.909025                              0.090975
      54     C        3          3.940135                              0.059865
      55     C        3          4.027925                             -0.027925
      56     C        3          3.994713                              0.005287
      57     C        3          4.003883                             -0.003883
      58     C        3          4.043802                             -0.043802
      59     C        3          4.034266                             -0.034266
      60     C        3          4.044354                             -0.044354
      61     C        3          4.011464                             -0.011464
      62     C        3          4.083847                             -0.083847
      63     C        3          3.998579                              0.001421
      64     C        3          4.042779                             -0.042779
      65     C        3          4.007089                             -0.007089
      66     C        3          4.014193                             -0.014193
      67     C        3          3.775433                              0.224567
      68     C        3          3.801488                              0.198512
      69     C        3          3.781605                              0.218395
      70     C        3          3.804342                              0.195658
      71     C        3          3.798335                              0.201665
      72     C        3          3.784493                              0.215507
      73     C        3          4.011762                             -0.011762
      74     C        3          4.038661                             -0.038661
      75     C        3          3.966022                              0.033978
      76     C        3          3.999144                              0.000856
      77     C        3          4.030934                             -0.030934
      78     C        3          4.034428                             -0.034428
      79     C        3          4.021218                             -0.021218
      80     C        3          3.967858                              0.032142
      81     C        3          4.025220                             -0.025220
      82     C        3          3.993100                              0.006900
      83     C        3          4.022297                             -0.022297
      84     C        3          4.036322                             -0.036322
      85     C        3          3.993426                              0.006574
      86     C        3          4.014865                             -0.014865
      87     C        3          3.951514                              0.048486
      88     C        3          4.023554                             -0.023554
      89     N        4          4.964338                              0.035662
      90     N        4          5.065609                             -0.065609
      91     N        4          5.050207                             -0.050207
      92     N        4          5.052729                             -0.052729
      93     O        5          6.357792                             -0.357792
      94     O        5          6.329898                             -0.329898
      95     O        5          6.303675                             -0.303675
      96     O        5          6.295118                             -0.295118
      97     O        5          6.329668                             -0.329668
      98     O        5          6.341753                             -0.341753
      99     O        5          6.292199                             -0.292199
     100     O        5          6.258020                             -0.258020
     101     O        5          6.437908                             -0.437908
     102     O        5          6.514785                             -0.514785
     103     O        5          6.501488                             -0.501488
     104     O        5          6.449679                             -0.449679
     105     O        5          6.460261                             -0.460261
     106     O        5          6.534133                             -0.534133
     107     O        5          6.511208                             -0.511208
     108     O        5          6.421644                             -0.421644
     109     O        5          6.364937                             -0.364937
     110     O        5          6.367428                             -0.367428
     111     O        5          6.390282                             -0.390282
     112     O        5          6.330148                             -0.330148
     113     O        5          6.508698                             -0.508698
     114     O        5          6.262437                             -0.262437
     115     O        5          6.371783                             -0.371783
     116     O        5          6.352193                             -0.352193
     117     O        5          6.286835                             -0.286835
     118     O        5          6.405080                             -0.405080
     119     O        5          6.254567                             -0.254567
     120     O        5          6.460219                             -0.460219
     121     O        5          6.534698                             -0.534698
     122     O        5          6.532975                             -0.532975
     123     O        5          6.496280                             -0.496280
     124     O        5          6.471562                             -0.471562
     125     N        4          4.867743                              0.132257
     126     N        4          4.840830                              0.159170
     127     C        3          3.918149                              0.081851
     128     C        3          3.974794                              0.025206
     129     C        3          4.182017                             -0.182017
     130     H        2          0.928755                              0.071245
     131     H        2          0.936922                              0.063078
     132     H        2          0.917550                              0.082450
     133     H        2          0.915489                              0.084511
     134     H        2          0.918304                              0.081696
     135     C        3          3.982864                              0.017136
     136     C        3          4.148746                             -0.148746
     137     H        2          0.919832                              0.080168
     138     H        2          0.914354                              0.085646
     139     H        2          0.920546                              0.079454
     140     C        3          4.261207                             -0.261207
     141     H        2          0.920709                              0.079291
     142     H        2          0.919618                              0.080382
     143     H        2          0.907066                              0.092934
     144     C        3          4.083686                             -0.083686
     145     C        3          4.154138                             -0.154138
     146     H        2          0.902449                              0.097551
     147     H        2          0.907716                              0.092284
     148     H        2          0.918507                              0.081493
     149     H        2          0.940094                              0.059906
     150     F        6          6.986830                              0.013170
     151     F        6          6.932071                              0.067929
     152     F        6          7.204678                             -0.204678
     153     F        6          6.981441                              0.018559
     154     O        5          6.432736                             -0.432736
     155     C        3          3.848714                              0.151286
     156     F        6          7.060100                             -0.060100
     157     C        3          3.804291                              0.195709
     158     F        6          7.176224                             -0.176224
     159     S        7          6.338087                             -0.338087
     160     S        7          6.321239                             -0.321239
     161     O        5          5.832193                              0.167807
     162     O        5          5.673248                              0.326752
     163     O        5          6.151477                             -0.151477
     164     N        4          4.959936                              0.040064
 # Total charge                            674.000000                  0.000000

 !-----------------------------------------------------------------------------!

 !-----------------------------------------------------------------------------!
                           Hirshfeld Charges

  #Atom  Element  Kind  Ref Charge     Population                    Net charge
      1       Ti     1      12.000         13.289                        -1.289
      2       Ti     1      12.000         13.468                        -1.468
      3       Ti     1      12.000         13.186                        -1.186
      4       Ti     1      12.000         13.183                        -1.183
      5       Ti     1      12.000         13.504                        -1.504
      6       Ti     1      12.000         13.305                        -1.305
      7       Ti     1      12.000         13.209                        -1.209
      8       Ti     1      12.000         13.266                        -1.266
      9       H      2       1.000          0.546                         0.454
     10       H      2       1.000          0.536                         0.464
     11       H      2       1.000          0.548                         0.452
     12       H      2       1.000          0.504                         0.496
     13       H      2       1.000          0.552                         0.448
     14       H      2       1.000          0.519                         0.481
     15       H      2       1.000          0.521                         0.479
     16       H      2       1.000          0.523                         0.477
     17       H      2       1.000          0.551                         0.449
     18       H      2       1.000          0.545                         0.455
     19       H      2       1.000          0.542                         0.458
     20       H      2       1.000          0.548                         0.452
     21       H      2       1.000          0.427                         0.573
     22       H      2       1.000          0.432                         0.568
     23       H      2       1.000          0.544                         0.456
     24       H      2       1.000          0.546                         0.454
     25       H      2       1.000          0.561                         0.439
     26       H      2       1.000          0.558                         0.442
     27       H      2       1.000          0.523                         0.477
     28       H      2       1.000          0.559                         0.441
     29       H      2       1.000          0.434                         0.566
     30       H      2       1.000          0.566                         0.434
     31       H      2       1.000          0.419                         0.581
     32       H      2       1.000          0.419                         0.581
     33       H      2       1.000          0.481                         0.519
     34       H      2       1.000          0.467                         0.533
     35       H      2       1.000          0.478                         0.522
     36       H      2       1.000          0.458                         0.542
     37       H      2       1.000          0.485                         0.515
     38       H      2       1.000          0.468                         0.532
     39       H      2       1.000          0.543                         0.457
     40       H      2       1.000          0.542                         0.458
     41       H      2       1.000          0.539                         0.461
     42       H      2       1.000          0.604                         0.396
     43       C      3       4.000          3.472                         0.528
     44       C      3       4.000          3.468                         0.532
     45       C      3       4.000          3.489                         0.511
     46       C      3       4.000          3.474                         0.526
     47       C      3       4.000          4.020                        -0.020
     48       C      3       4.000          3.973                         0.027
     49       C      3       4.000          4.016                        -0.016
     50       C      3       4.000          3.977                         0.023
     51       C      3       4.000          3.881                         0.119
     52       C      3       4.000          4.417                        -0.417
     53       C      3       4.000          3.872                         0.128
     54       C      3       4.000          4.356                        -0.356
     55       C      3       4.000          4.340                        -0.340
     56       C      3       4.000          4.389                        -0.389
     57       C      3       4.000          4.355                        -0.355
     58       C      3       4.000          4.403                        -0.403
     59       C      3       4.000          4.000                         0.000
     60       C      3       4.000          4.355                        -0.355
     61       C      3       4.000          4.268                        -0.268
     62       C      3       4.000          3.997                         0.003
     63       C      3       4.000          4.004                        -0.004
     64       C      3       4.000          4.049                        -0.049
     65       C      3       4.000          4.016                        -0.016
     66       C      3       4.000          4.039                        -0.039
     67       C      3       4.000          3.461                         0.539
     68       C      3       4.000          3.500                         0.500
     69       C      3       4.000          3.493                         0.507
     70       C      3       4.000          3.699                         0.301
     71       C      3       4.000          3.707                         0.293
     72       C      3       4.000          3.518                         0.482
     73       C      3       4.000          4.373                        -0.373
     74       C      3       4.000          4.414                        -0.414
     75       C      3       4.000          4.381                        -0.381
     76       C      3       4.000          4.350                        -0.350
     77       C      3       4.000          4.385                        -0.385
     78       C      3       4.000          4.368                        -0.368
     79       C      3       4.000          4.372                        -0.372
     80       C      3       4.000          4.419                        -0.419
     81       C      3       4.000          4.227                        -0.227
     82       C      3       4.000          4.320                        -0.320
     83       C      3       4.000          4.387                        -0.387
     84       C      3       4.000          4.389                        -0.389
     85       C      3       4.000          3.878                         0.122
     86       C      3       4.000          4.339                        -0.339
     87       C      3       4.000          4.426                        -0.426
     88       C      3       4.000          3.912                         0.088
     89       N      4       5.000          5.761                        -0.761
     90       N      4       5.000          5.907                        -0.907
     91       N      4       5.000          5.907                        -0.907
     92       N      4       5.000          5.931                        -0.931
     93       O      5       6.000          6.169                        -0.169
     94       O      5       6.000          6.127                        -0.127
     95       O      5       6.000          6.156                        -0.156
     96       O      5       6.000          6.140                        -0.140
     97       O      5       6.000          6.127                        -0.127
     98       O      5       6.000          6.131                        -0.131
     99       O      5       6.000          6.114                        -0.114
    100       O      5       6.000          6.100                        -0.100
    101       O      5       6.000          5.694                         0.306
    102       O      5       6.000          5.738                         0.262
    103       O      5       6.000          5.771                         0.229
    104       O      5       6.000          5.685                         0.315
    105       O      5       6.000          5.678                         0.322
    106       O      5       6.000          5.805                         0.195
    107       O      5       6.000          5.757                         0.243
    108       O      5       6.000          5.663                         0.337
    109       O      5       6.000          6.129                        -0.129
    110       O      5       6.000          6.130                        -0.130
    111       O      5       6.000          6.116                        -0.116
    112       O      5       6.000          6.062                        -0.062
    113       O      5       6.000          6.163                        -0.163
    114       O      5       6.000          6.020                        -0.020
    115       O      5       6.000          6.127                        -0.127
    116       O      5       6.000          6.114                        -0.114
    117       O      5       6.000          5.982                         0.018
    118       O      5       6.000          6.107                        -0.107
    119       O      5       6.000          6.011                        -0.011
    120       O      5       6.000          6.091                        -0.091
    121       O      5       6.000          5.987                         0.013
    122       O      5       6.000          5.988                         0.012
    123       O      5       6.000          6.260                        -0.260
    124       O      5       6.000          6.181                        -0.181
    125       N      4       5.000          5.156                        -0.156
    126       N      4       5.000          5.144                        -0.144
    127       C      3       4.000          4.179                        -0.179
    128       C      3       4.000          4.278                        -0.278
    129       C      3       4.000          4.902                        -0.902
    130       H      2       1.000          0.525                         0.475
    131       H      2       1.000          0.525                         0.475
    132       H      2       1.000          0.548                         0.452
    133       H      2       1.000          0.510                         0.490
    134       H      2       1.000          0.554                         0.446
    135       C      3       4.000          4.298                        -0.298
    136       C      3       4.000          4.808                        -0.808
    137       H      2       1.000          0.548                         0.452
    138       H      2       1.000          0.567                         0.433
    139       H      2       1.000          0.561                         0.439
    140       C      3       4.000          5.303                        -1.303
    141       H      2       1.000          0.561                         0.439
    142       H      2       1.000          0.557                         0.443
    143       H      2       1.000          0.552                         0.448
    144       C      3       4.000          4.535                        -0.535
    145       C      3       4.000          4.781                        -0.781
    146       H      2       1.000          0.540                         0.460
    147       H      2       1.000          0.550                         0.450
    148       H      2       1.000          0.563                         0.437
    149       H      2       1.000          0.527                         0.473
    150       F      6       7.000          7.220                        -0.220
    151       F      6       7.000          7.197                        -0.197
    152       F      6       7.000          7.360                        -0.360
    153       F      6       7.000          7.216                        -0.216
    154       O      5       6.000          6.452                        -0.452
    155       C      3       4.000          3.225                         0.775
    156       F      6       7.000          7.277                        -0.277
    157       C      3       4.000          3.216                         0.784
    158       F      6       7.000          7.341                        -0.341
    159       S      7       6.000          5.479                         0.521
    160       S      7       6.000          5.391                         0.609
    161       O      5       6.000          6.371                        -0.371
    162       O      5       6.000          6.346                        -0.346
    163       O      5       6.000          6.385                        -0.385
    164       N      4       5.000          5.222                        -0.222

  Total Charge                                                            0.056
 !-----------------------------------------------------------------------------!

 ENERGY| Total FORCE_EVAL ( QS ) energy [hartree]          -1622.707679960933319

 *******************************************************************************
 **                 BAND EVALUATION OF ENERGIES AND FORCES                    **
 *******************************************************************************
 **                                                                           **
 **                                                                           **
 ** Replica Env Nr. :    6              Replica Band Nr. :   14               **
 ** Band  Step  Nr. :    0                                                    **
 *******************************************************************************

 Number of electrons:                                                        674
 Number of occupied orbitals:                                                361
 Number of molecular orbitals:                                               437

 Number of orbital functions:                                               1844
 Number of independent orbital functions:                                   1844

 Parameters for the always stable predictor-corrector (ASPC) method:

  ASPC order: 0

  B(1) =   1.000000

 *** WARNING in fm/cp_fm_elpa.F:521 :: Setting real_kernel for ELPA failed ***


 Extrapolation method: ASPC


 SCF WAVEFUNCTION OPTIMIZATION

  Step     Update method      Time    Convergence         Total energy    Change
  ------------------------------------------------------------------------------

 *** WARNING in fm/cp_fm_elpa.F:521 :: Setting real_kernel for ELPA failed ***

     1 Broy./Diag. 0.15E+00    8.2     0.00035160     -1622.7073675444 -1.62E+03

 *** WARNING in fm/cp_fm_elpa.F:521 :: Setting real_kernel for ELPA failed ***

     2 Broy./Diag. 0.15E+00   12.2     0.00043872     -1622.7048957861  2.47E-03

 *** WARNING in fm/cp_fm_elpa.F:521 :: Setting real_kernel for ELPA failed ***

     3 Broy./Diag. 0.15E+00   12.4     0.00012758     -1622.7063273054 -1.43E-03

 *** WARNING in fm/cp_fm_elpa.F:521 :: Setting real_kernel for ELPA failed ***

     4 Broy./Diag. 0.15E+00   12.1     0.00003468     -1622.7068190113 -4.92E-04

  *** SCF run converged in     4 steps ***


  Electronic density on regular grids:       -673.9999999300        0.0000000700
  Core density on regular grids:              673.9999999671       -0.0000000329
  Total charge density on r-space grids:        0.0000000372
  Total charge density g-space grids:           0.0000000372

  Overlap energy of the core charge distribution:               0.00320396655074
  Self energy of the core charge distribution:              -3774.19779000501012
  Core Hamiltonian energy:                                   1086.78844127130242
  Hartree energy:                                            1417.73767247719320
  Exchange-correlation energy:                               -352.80364703720591
  Dispersion energy:                                           -0.22329054490354
  Electronic entropic energy:                                  -0.01141061544758
  Fermi energy:                                                -0.01904164220774

  Total energy:                                             -1622.70681901134526

 !-----------------------------------------------------------------------------!
                     Mulliken Population Analysis

 #  Atom  Element  Kind  Atomic population                           Net charge
       1     Ti       1         11.021585                              0.978415
       2     Ti       1         11.009680                              0.990320
       3     Ti       1         10.940729                              1.059271
       4     Ti       1         10.932330                              1.067670
       5     Ti       1         11.016512                              0.983488
       6     Ti       1         11.027800                              0.972200
       7     Ti       1         10.964757                              1.035243
       8     Ti       1         10.961204                              1.038796
       9     H        2          0.932284                              0.067716
      10     H        2          0.925018                              0.074982
      11     H        2          0.931364                              0.068636
      12     H        2          0.915478                              0.084522
      13     H        2          0.935888                              0.064112
      14     H        2          0.941599                              0.058401
      15     H        2          0.919912                              0.080088
      16     H        2          0.945223                              0.054777
      17     H        2          0.927555                              0.072445
      18     H        2          0.928002                              0.071998
      19     H        2          0.927563                              0.072437
      20     H        2          0.922248                              0.077752
      21     H        2          0.862196                              0.137804
      22     H        2          0.860903                              0.139097
      23     H        2          0.936271                              0.063729
      24     H        2          0.941552                              0.058448
      25     H        2          0.937933                              0.062067
      26     H        2          0.929268                              0.070732
      27     H        2          0.920786                              0.079214
      28     H        2          0.935607                              0.064393
      29     H        2          0.879784                              0.120216
      30     H        2          0.919620                              0.080380
      31     H        2          0.840172                              0.159828
      32     H        2          0.839472                              0.160528
      33     H        2          0.886523                              0.113477
      34     H        2          0.888409                              0.111591
      35     H        2          0.893208                              0.106792
      36     H        2          0.883310                              0.116690
      37     H        2          0.897119                              0.102881
      38     H        2          0.894560                              0.105440
      39     H        2          0.937724                              0.062276
      40     H        2          0.922916                              0.077084
      41     H        2          0.936660                              0.063340
      42     H        2          0.877240                              0.122760
      43     C        3          3.771845                              0.228155
      44     C        3          3.774922                              0.225078
      45     C        3          3.785847                              0.214153
      46     C        3          3.776721                              0.223279
      47     C        3          4.070196                             -0.070196
      48     C        3          4.029550                             -0.029550
      49     C        3          4.090477                             -0.090477
      50     C        3          4.069085                             -0.069085
      51     C        3          3.964622                              0.035378
      52     C        3          4.019078                             -0.019078
      53     C        3          3.908990                              0.091010
      54     C        3          3.940126                              0.059874
      55     C        3          4.027906                             -0.027906
      56     C        3          3.994702                              0.005298
      57     C        3          4.003877                             -0.003877
      58     C        3          4.043767                             -0.043767
      59     C        3          4.034260                             -0.034260
      60     C        3          4.044355                             -0.044355
      61     C        3          4.011480                             -0.011480
      62     C        3          4.083874                             -0.083874
      63     C        3          3.998564                              0.001436
      64     C        3          4.042772                             -0.042772
      65     C        3          4.007077                             -0.007077
      66     C        3          4.014176                             -0.014176
      67     C        3          3.775449                              0.224551
      68     C        3          3.801500                              0.198500
      69     C        3          3.781618                              0.218382
      70     C        3          3.804365                              0.195635
      71     C        3          3.798322                              0.201678
      72     C        3          3.784504                              0.215496
      73     C        3          4.011755                             -0.011755
      74     C        3          4.038639                             -0.038639
      75     C        3          3.966027                              0.033973
      76     C        3          3.999141                              0.000859
      77     C        3          4.030926                             -0.030926
      78     C        3          4.034392                             -0.034392
      79     C        3          4.021206                             -0.021206
      80     C        3          3.967840                              0.032160
      81     C        3          4.025233                             -0.025233
      82     C        3          3.993088                              0.006912
      83     C        3          4.022279                             -0.022279
      84     C        3          4.036309                             -0.036309
      85     C        3          3.993393                              0.006607
      86     C        3          4.014853                             -0.014853
      87     C        3          3.951478                              0.048522
      88     C        3          4.023550                             -0.023550
      89     N        4          4.964329                              0.035671
      90     N        4          5.065535                             -0.065535
      91     N        4          5.050197                             -0.050197
      92     N        4          5.052698                             -0.052698
      93     O        5          6.357788                             -0.357788
      94     O        5          6.329875                             -0.329875
      95     O        5          6.303647                             -0.303647
      96     O        5          6.295111                             -0.295111
      97     O        5          6.329656                             -0.329656
      98     O        5          6.341732                             -0.341732
      99     O        5          6.292200                             -0.292200
     100     O        5          6.257991                             -0.257991
     101     O        5          6.437975                             -0.437975
     102     O        5          6.514784                             -0.514784
     103     O        5          6.501538                             -0.501538
     104     O        5          6.449696                             -0.449696
     105     O        5          6.460291                             -0.460291
     106     O        5          6.534179                             -0.534179
     107     O        5          6.511203                             -0.511203
     108     O        5          6.421702                             -0.421702
     109     O        5          6.364939                             -0.364939
     110     O        5          6.367421                             -0.367421
     111     O        5          6.390261                             -0.390261
     112     O        5          6.330156                             -0.330156
     113     O        5          6.508681                             -0.508681
     114     O        5          6.262441                             -0.262441
     115     O        5          6.371782                             -0.371782
     116     O        5          6.352201                             -0.352201
     117     O        5          6.286848                             -0.286848
     118     O        5          6.405056                             -0.405056
     119     O        5          6.254574                             -0.254574
     120     O        5          6.460227                             -0.460227
     121     O        5          6.534763                             -0.534763
     122     O        5          6.533005                             -0.533005
     123     O        5          6.496351                             -0.496351
     124     O        5          6.471620                             -0.471620
     125     N        4          4.867745                              0.132255
     126     N        4          4.840844                              0.159156
     127     C        3          3.918188                              0.081812
     128     C        3          3.974787                              0.025213
     129     C        3          4.182017                             -0.182017
     130     H        2          0.928784                              0.071216
     131     H        2          0.936911                              0.063089
     132     H        2          0.917544                              0.082456
     133     H        2          0.915508                              0.084492
     134     H        2          0.918309                              0.081691
     135     C        3          3.982848                              0.017152
     136     C        3          4.148760                             -0.148760
     137     H        2          0.919850                              0.080150
     138     H        2          0.914352                              0.085648
     139     H        2          0.920548                              0.079452
     140     C        3          4.261206                             -0.261206
     141     H        2          0.920694                              0.079306
     142     H        2          0.919598                              0.080402
     143     H        2          0.907062                              0.092938
     144     C        3          4.083694                             -0.083694
     145     C        3          4.154125                             -0.154125
     146     H        2          0.902458                              0.097542
     147     H        2          0.907694                              0.092306
     148     H        2          0.918485                              0.081515
     149     H        2          0.940079                              0.059921
     150     F        6          6.986814                              0.013186
     151     F        6          6.932047                              0.067953
     152     F        6          7.204689                             -0.204689
     153     F        6          6.981428                              0.018572
     154     O        5          6.432734                             -0.432734
     155     C        3          3.848692                              0.151308
     156     F        6          7.060093                             -0.060093
     157     C        3          3.804288                              0.195712
     158     F        6          7.176227                             -0.176227
     159     S        7          6.338186                             -0.338186
     160     S        7          6.321390                             -0.321390
     161     O        5          5.832158                              0.167842
     162     O        5          5.673194                              0.326806
     163     O        5          6.151511                             -0.151511
     164     N        4          4.959901                              0.040099
 # Total charge                            674.000000                  0.000000

 !-----------------------------------------------------------------------------!

 !-----------------------------------------------------------------------------!
                           Hirshfeld Charges

  #Atom  Element  Kind  Ref Charge     Population                    Net charge
      1       Ti     1      12.000         13.289                        -1.289
      2       Ti     1      12.000         13.468                        -1.468
      3       Ti     1      12.000         13.186                        -1.186
      4       Ti     1      12.000         13.183                        -1.183
      5       Ti     1      12.000         13.504                        -1.504
      6       Ti     1      12.000         13.305                        -1.305
      7       Ti     1      12.000         13.209                        -1.209
      8       Ti     1      12.000         13.266                        -1.266
      9       H      2       1.000          0.546                         0.454
     10       H      2       1.000          0.536                         0.464
     11       H      2       1.000          0.548                         0.452
     12       H      2       1.000          0.504                         0.496
     13       H      2       1.000          0.552                         0.448
     14       H      2       1.000          0.519                         0.481
     15       H      2       1.000          0.521                         0.479
     16       H      2       1.000          0.523                         0.477
     17       H      2       1.000          0.551                         0.449
     18       H      2       1.000          0.545                         0.455
     19       H      2       1.000          0.542                         0.458
     20       H      2       1.000          0.548                         0.452
     21       H      2       1.000          0.427                         0.573
     22       H      2       1.000          0.432                         0.568
     23       H      2       1.000          0.544                         0.456
     24       H      2       1.000          0.546                         0.454
     25       H      2       1.000          0.561                         0.439
     26       H      2       1.000          0.558                         0.442
     27       H      2       1.000          0.523                         0.477
     28       H      2       1.000          0.559                         0.441
     29       H      2       1.000          0.434                         0.566
     30       H      2       1.000          0.566                         0.434
     31       H      2       1.000          0.419                         0.581
     32       H      2       1.000          0.419                         0.581
     33       H      2       1.000          0.481                         0.519
     34       H      2       1.000          0.467                         0.533
     35       H      2       1.000          0.478                         0.522
     36       H      2       1.000          0.458                         0.542
     37       H      2       1.000          0.485                         0.515
     38       H      2       1.000          0.468                         0.532
     39       H      2       1.000          0.543                         0.457
     40       H      2       1.000          0.542                         0.458
     41       H      2       1.000          0.539                         0.461
     42       H      2       1.000          0.604                         0.396
     43       C      3       4.000          3.472                         0.528
     44       C      3       4.000          3.468                         0.532
     45       C      3       4.000          3.489                         0.511
     46       C      3       4.000          3.474                         0.526
     47       C      3       4.000          4.020                        -0.020
     48       C      3       4.000          3.973                         0.027
     49       C      3       4.000          4.016                        -0.016
     50       C      3       4.000          3.977                         0.023
     51       C      3       4.000          3.881                         0.119
     52       C      3       4.000          4.417                        -0.417
     53       C      3       4.000          3.872                         0.128
     54       C      3       4.000          4.356                        -0.356
     55       C      3       4.000          4.340                        -0.340
     56       C      3       4.000          4.389                        -0.389
     57       C      3       4.000          4.355                        -0.355
     58       C      3       4.000          4.403                        -0.403
     59       C      3       4.000          4.000                         0.000
     60       C      3       4.000          4.355                        -0.355
     61       C      3       4.000          4.268                        -0.268
     62       C      3       4.000          3.997                         0.003
     63       C      3       4.000          4.004                        -0.004
     64       C      3       4.000          4.049                        -0.049
     65       C      3       4.000          4.016                        -0.016
     66       C      3       4.000          4.039                        -0.039
     67       C      3       4.000          3.461                         0.539
     68       C      3       4.000          3.500                         0.500
     69       C      3       4.000          3.493                         0.507
     70       C      3       4.000          3.699                         0.301
     71       C      3       4.000          3.707                         0.293
     72       C      3       4.000          3.518                         0.482
     73       C      3       4.000          4.373                        -0.373
     74       C      3       4.000          4.414                        -0.414
     75       C      3       4.000          4.381                        -0.381
     76       C      3       4.000          4.350                        -0.350
     77       C      3       4.000          4.385                        -0.385
     78       C      3       4.000          4.368                        -0.368
     79       C      3       4.000          4.372                        -0.372
     80       C      3       4.000          4.419                        -0.419
     81       C      3       4.000          4.227                        -0.227
     82       C      3       4.000          4.320                        -0.320
     83       C      3       4.000          4.387                        -0.387
     84       C      3       4.000          4.389                        -0.389
     85       C      3       4.000          3.878                         0.122
     86       C      3       4.000          4.339                        -0.339
     87       C      3       4.000          4.426                        -0.426
     88       C      3       4.000          3.912                         0.088
     89       N      4       5.000          5.761                        -0.761
     90       N      4       5.000          5.907                        -0.907
     91       N      4       5.000          5.907                        -0.907
     92       N      4       5.000          5.931                        -0.931
     93       O      5       6.000          6.169                        -0.169
     94       O      5       6.000          6.127                        -0.127
     95       O      5       6.000          6.156                        -0.156
     96       O      5       6.000          6.140                        -0.140
     97       O      5       6.000          6.127                        -0.127
     98       O      5       6.000          6.131                        -0.131
     99       O      5       6.000          6.114                        -0.114
    100       O      5       6.000          6.100                        -0.100
    101       O      5       6.000          5.694                         0.306
    102       O      5       6.000          5.738                         0.262
    103       O      5       6.000          5.771                         0.229
    104       O      5       6.000          5.685                         0.315
    105       O      5       6.000          5.678                         0.322
    106       O      5       6.000          5.805                         0.195
    107       O      5       6.000          5.757                         0.243
    108       O      5       6.000          5.663                         0.337
    109       O      5       6.000          6.129                        -0.129
    110       O      5       6.000          6.130                        -0.130
    111       O      5       6.000          6.116                        -0.116
    112       O      5       6.000          6.062                        -0.062
    113       O      5       6.000          6.163                        -0.163
    114       O      5       6.000          6.020                        -0.020
    115       O      5       6.000          6.127                        -0.127
    116       O      5       6.000          6.114                        -0.114
    117       O      5       6.000          5.982                         0.018
    118       O      5       6.000          6.107                        -0.107
    119       O      5       6.000          6.011                        -0.011
    120       O      5       6.000          6.091                        -0.091
    121       O      5       6.000          5.987                         0.013
    122       O      5       6.000          5.988                         0.012
    123       O      5       6.000          6.261                        -0.261
    124       O      5       6.000          6.181                        -0.181
    125       N      4       5.000          5.156                        -0.156
    126       N      4       5.000          5.144                        -0.144
    127       C      3       4.000          4.179                        -0.179
    128       C      3       4.000          4.278                        -0.278
    129       C      3       4.000          4.902                        -0.902
    130       H      2       1.000          0.525                         0.475
    131       H      2       1.000          0.525                         0.475
    132       H      2       1.000          0.548                         0.452
    133       H      2       1.000          0.510                         0.490
    134       H      2       1.000          0.554                         0.446
    135       C      3       4.000          4.298                        -0.298
    136       C      3       4.000          4.808                        -0.808
    137       H      2       1.000          0.548                         0.452
    138       H      2       1.000          0.567                         0.433
    139       H      2       1.000          0.561                         0.439
    140       C      3       4.000          5.303                        -1.303
    141       H      2       1.000          0.561                         0.439
    142       H      2       1.000          0.557                         0.443
    143       H      2       1.000          0.552                         0.448
    144       C      3       4.000          4.535                        -0.535
    145       C      3       4.000          4.781                        -0.781
    146       H      2       1.000          0.540                         0.460
    147       H      2       1.000          0.550                         0.450
    148       H      2       1.000          0.563                         0.437
    149       H      2       1.000          0.527                         0.473
    150       F      6       7.000          7.220                        -0.220
    151       F      6       7.000          7.197                        -0.197
    152       F      6       7.000          7.360                        -0.360
    153       F      6       7.000          7.216                        -0.216
    154       O      5       6.000          6.452                        -0.452
    155       C      3       4.000          3.225                         0.775
    156       F      6       7.000          7.277                        -0.277
    157       C      3       4.000          3.216                         0.784
    158       F      6       7.000          7.341                        -0.341
    159       S      7       6.000          5.479                         0.521
    160       S      7       6.000          5.391                         0.609
    161       O      5       6.000          6.371                        -0.371
    162       O      5       6.000          6.346                        -0.346
    163       O      5       6.000          6.385                        -0.385
    164       N      4       5.000          5.222                        -0.222

  Total Charge                                                            0.056
 !-----------------------------------------------------------------------------!

 ENERGY| Total FORCE_EVAL ( QS ) energy [hartree]          -1622.707367550021218

 *******************************************************************************
 **                 BAND EVALUATION OF ENERGIES AND FORCES                    **
 *******************************************************************************
 **                                                                           **
 **                                                                           **
 ** Replica Env Nr. :    6              Replica Band Nr. :   14               **
 ** Band  Step  Nr. :    1                                                    **
 *******************************************************************************

 Number of electrons:                                                        674
 Number of occupied orbitals:                                                361
 Number of molecular orbitals:                                               437

 Number of orbital functions:                                               1844
 Number of independent orbital functions:                                   1844

 Parameters for the always stable predictor-corrector (ASPC) method:

  ASPC order: 1

  B(1) =   2.500000
  B(2) =  -2.000000
  B(3) =   0.500000

 *** WARNING in fm/cp_fm_elpa.F:521 :: Setting real_kernel for ELPA failed ***


 Extrapolation method: ASPC


 SCF WAVEFUNCTION OPTIMIZATION

  Step     Update method      Time    Convergence         Total energy    Change
  ------------------------------------------------------------------------------

 *** WARNING in fm/cp_fm_elpa.F:521 :: Setting real_kernel for ELPA failed ***

     1 Broy./Diag. 0.15E+00    8.0     0.00028235     -1622.7076796501 -1.62E+03

 *** WARNING in fm/cp_fm_elpa.F:521 :: Setting real_kernel for ELPA failed ***

     2 Broy./Diag. 0.15E+00   11.9     0.00039596     -1622.7061627399  1.52E-03

 *** WARNING in fm/cp_fm_elpa.F:521 :: Setting real_kernel for ELPA failed ***

     3 Broy./Diag. 0.15E+00   12.8     0.00015243     -1622.7071641557 -1.00E-03

 *** WARNING in fm/cp_fm_elpa.F:521 :: Setting real_kernel for ELPA failed ***

     4 Broy./Diag. 0.15E+00   12.9     0.00006655     -1622.7073422803 -1.78E-04

 *** WARNING in fm/cp_fm_elpa.F:521 :: Setting real_kernel for ELPA failed ***

     5 Broy./Diag. 0.15E+00   13.2     0.00001641     -1622.7080328077 -6.91E-04

  *** SCF run converged in     5 steps ***


  Electronic density on regular grids:       -673.9999999300        0.0000000700
  Core density on regular grids:              673.9999999671       -0.0000000329
  Total charge density on r-space grids:        0.0000000372
  Total charge density g-space grids:           0.0000000372

  Overlap energy of the core charge distribution:               0.00320281487996
  Self energy of the core charge distribution:              -3774.19779000501012
  Core Hamiltonian energy:                                   1086.78677355793616
  Hartree energy:                                            1417.73795813511128
  Exchange-correlation energy:                               -352.80347610409899
  Dispersion energy:                                           -0.22329062936973
  Electronic entropic energy:                                  -0.01141055493049
  Fermi energy:                                                -0.01904598571539

  Total energy:                                             -1622.70803280773362

 !-----------------------------------------------------------------------------!
                     Mulliken Population Analysis

 #  Atom  Element  Kind  Atomic population                           Net charge
       1     Ti       1         11.021591                              0.978409
       2     Ti       1         11.009704                              0.990296
       3     Ti       1         10.940728                              1.059272
       4     Ti       1         10.932323                              1.067677
       5     Ti       1         11.016527                              0.983473
       6     Ti       1         11.027810                              0.972190
       7     Ti       1         10.964755                              1.035245
       8     Ti       1         10.961191                              1.038809
       9     H        2          0.932281                              0.067719
      10     H        2          0.925022                              0.074978
      11     H        2          0.931364                              0.068636
      12     H        2          0.915476                              0.084524
      13     H        2          0.935885                              0.064115
      14     H        2          0.941604                              0.058396
      15     H        2          0.919912                              0.080088
      16     H        2          0.945220                              0.054780
      17     H        2          0.927557                              0.072443
      18     H        2          0.927998                              0.072002
      19     H        2          0.927559                              0.072441
      20     H        2          0.922250                              0.077750
      21     H        2          0.862197                              0.137803
      22     H        2          0.860905                              0.139095
      23     H        2          0.936267                              0.063733
      24     H        2          0.941547                              0.058453
      25     H        2          0.937927                              0.062073
      26     H        2          0.929261                              0.070739
      27     H        2          0.920778                              0.079222
      28     H        2          0.935600                              0.064400
      29     H        2          0.879787                              0.120213
      30     H        2          0.919624                              0.080376
      31     H        2          0.840178                              0.159822
      32     H        2          0.839473                              0.160527
      33     H        2          0.886527                              0.113473
      34     H        2          0.888417                              0.111583
      35     H        2          0.893201                              0.106799
      36     H        2          0.883305                              0.116695
      37     H        2          0.897110                              0.102890
      38     H        2          0.894559                              0.105441
      39     H        2          0.937722                              0.062278
      40     H        2          0.922913                              0.077087
      41     H        2          0.936655                              0.063345
      42     H        2          0.877225                              0.122775
      43     C        3          3.771836                              0.228164
      44     C        3          3.774940                              0.225060
      45     C        3          3.785865                              0.214135
      46     C        3          3.776720                              0.223280
      47     C        3          4.070199                             -0.070199
      48     C        3          4.029552                             -0.029552
      49     C        3          4.090471                             -0.090471
      50     C        3          4.069104                             -0.069104
      51     C        3          3.964629                              0.035371
      52     C        3          4.019082                             -0.019082
      53     C        3          3.909005                              0.090995
      54     C        3          3.940128                              0.059872
      55     C        3          4.027903                             -0.027903
      56     C        3          3.994700                              0.005300
      57     C        3          4.003875                             -0.003875
      58     C        3          4.043773                             -0.043773
      59     C        3          4.034259                             -0.034259
      60     C        3          4.044356                             -0.044356
      61     C        3          4.011494                             -0.011494
      62     C        3          4.083865                             -0.083865
      63     C        3          3.998579                              0.001421
      64     C        3          4.042785                             -0.042785
      65     C        3          4.007078                             -0.007078
      66     C        3          4.014177                             -0.014177
      67     C        3          3.775437                              0.224563
      68     C        3          3.801493                              0.198507
      69     C        3          3.781611                              0.218389
      70     C        3          3.804345                              0.195655
      71     C        3          3.798328                              0.201672
      72     C        3          3.784508                              0.215492
      73     C        3          4.011759                             -0.011759
      74     C        3          4.038648                             -0.038648
      75     C        3          3.966024                              0.033976
      76     C        3          3.999139                              0.000861
      77     C        3          4.030929                             -0.030929
      78     C        3          4.034412                             -0.034412
      79     C        3          4.021207                             -0.021207
      80     C        3          3.967820                              0.032180
      81     C        3          4.025229                             -0.025229
      82     C        3          3.993092                              0.006908
      83     C        3          4.022282                             -0.022282
      84     C        3          4.036315                             -0.036315
      85     C        3          3.993403                              0.006597
      86     C        3          4.014852                             -0.014852
      87     C        3          3.951479                              0.048521
      88     C        3          4.023553                             -0.023553
      89     N        4          4.964310                              0.035690
      90     N        4          5.065507                             -0.065507
      91     N        4          5.050192                             -0.050192
      92     N        4          5.052687                             -0.052687
      93     O        5          6.357777                             -0.357777
      94     O        5          6.329866                             -0.329866
      95     O        5          6.303637                             -0.303637
      96     O        5          6.295106                             -0.295106
      97     O        5          6.329646                             -0.329646
      98     O        5          6.341723                             -0.341723
      99     O        5          6.292190                             -0.292190
     100     O        5          6.257981                             -0.257981
     101     O        5          6.437972                             -0.437972
     102     O        5          6.514785                             -0.514785
     103     O        5          6.501538                             -0.501538
     104     O        5          6.449699                             -0.449699
     105     O        5          6.460295                             -0.460295
     106     O        5          6.534179                             -0.534179
     107     O        5          6.511202                             -0.511202
     108     O        5          6.421702                             -0.421702
     109     O        5          6.364934                             -0.364934
     110     O        5          6.367418                             -0.367418
     111     O        5          6.390253                             -0.390253
     112     O        5          6.330154                             -0.330154
     113     O        5          6.508683                             -0.508683
     114     O        5          6.262439                             -0.262439
     115     O        5          6.371781                             -0.371781
     116     O        5          6.352199                             -0.352199
     117     O        5          6.286844                             -0.286844
     118     O        5          6.405050                             -0.405050
     119     O        5          6.254570                             -0.254570
     120     O        5          6.460226                             -0.460226
     121     O        5          6.534772                             -0.534772
     122     O        5          6.533016                             -0.533016
     123     O        5          6.496368                             -0.496368
     124     O        5          6.471639                             -0.471639
     125     N        4          4.867740                              0.132260
     126     N        4          4.840845                              0.159155
     127     C        3          3.918181                              0.081819
     128     C        3          3.974791                              0.025209
     129     C        3          4.182007                             -0.182007
     130     H        2          0.928787                              0.071213
     131     H        2          0.936916                              0.063084
     132     H        2          0.917554                              0.082446
     133     H        2          0.915505                              0.084495
     134     H        2          0.918313                              0.081687
     135     C        3          3.982852                              0.017148
     136     C        3          4.148767                             -0.148767
     137     H        2          0.919851                              0.080149
     138     H        2          0.914346                              0.085654
     139     H        2          0.920545                              0.079455
     140     C        3          4.261215                             -0.261215
     141     H        2          0.920687                              0.079313
     142     H        2          0.919593                              0.080407
     143     H        2          0.907052                              0.092948
     144     C        3          4.083686                             -0.083686
     145     C        3          4.154134                             -0.154134
     146     H        2          0.902463                              0.097537
     147     H        2          0.907694                              0.092306
     148     H        2          0.918483                              0.081517
     149     H        2          0.940085                              0.059915
     150     F        6          6.986815                              0.013185
     151     F        6          6.932053                              0.067947
     152     F        6          7.204677                             -0.204677
     153     F        6          6.981430                              0.018570
     154     O        5          6.432716                             -0.432716
     155     C        3          3.848701                              0.151299
     156     F        6          7.060091                             -0.060091
     157     C        3          3.804289                              0.195711
     158     F        6          7.176223                             -0.176223
     159     S        7          6.338134                             -0.338134
     160     S        7          6.321311                             -0.321311
     161     O        5          5.832210                              0.167790
     162     O        5          5.673273                              0.326727
     163     O        5          6.151517                             -0.151517
     164     N        4          4.959948                              0.040052
 # Total charge                            674.000000                  0.000000

 !-----------------------------------------------------------------------------!

 !-----------------------------------------------------------------------------!
                           Hirshfeld Charges

  #Atom  Element  Kind  Ref Charge     Population                    Net charge
      1       Ti     1      12.000         13.289                        -1.289
      2       Ti     1      12.000         13.468                        -1.468
      3       Ti     1      12.000         13.186                        -1.186
      4       Ti     1      12.000         13.183                        -1.183
      5       Ti     1      12.000         13.505                        -1.505
      6       Ti     1      12.000         13.305                        -1.305
      7       Ti     1      12.000         13.209                        -1.209
      8       Ti     1      12.000         13.266                        -1.266
      9       H      2       1.000          0.546                         0.454
     10       H      2       1.000          0.536                         0.464
     11       H      2       1.000          0.548                         0.452
     12       H      2       1.000          0.504                         0.496
     13       H      2       1.000          0.552                         0.448
     14       H      2       1.000          0.519                         0.481
     15       H      2       1.000          0.521                         0.479
     16       H      2       1.000          0.523                         0.477
     17       H      2       1.000          0.551                         0.449
     18       H      2       1.000          0.545                         0.455
     19       H      2       1.000          0.542                         0.458
     20       H      2       1.000          0.548                         0.452
     21       H      2       1.000          0.427                         0.573
     22       H      2       1.000          0.432                         0.568
     23       H      2       1.000          0.544                         0.456
     24       H      2       1.000          0.546                         0.454
     25       H      2       1.000          0.561                         0.439
     26       H      2       1.000          0.558                         0.442
     27       H      2       1.000          0.523                         0.477
     28       H      2       1.000          0.559                         0.441
     29       H      2       1.000          0.434                         0.566
     30       H      2       1.000          0.566                         0.434
     31       H      2       1.000          0.419                         0.581
     32       H      2       1.000          0.419                         0.581
     33       H      2       1.000          0.481                         0.519
     34       H      2       1.000          0.467                         0.533
     35       H      2       1.000          0.478                         0.522
     36       H      2       1.000          0.458                         0.542
     37       H      2       1.000          0.485                         0.515
     38       H      2       1.000          0.468                         0.532
     39       H      2       1.000          0.543                         0.457
     40       H      2       1.000          0.542                         0.458
     41       H      2       1.000          0.539                         0.461
     42       H      2       1.000          0.604                         0.396
     43       C      3       4.000          3.472                         0.528
     44       C      3       4.000          3.468                         0.532
     45       C      3       4.000          3.489                         0.511
     46       C      3       4.000          3.474                         0.526
     47       C      3       4.000          4.020                        -0.020
     48       C      3       4.000          3.973                         0.027
     49       C      3       4.000          4.016                        -0.016
     50       C      3       4.000          3.977                         0.023
     51       C      3       4.000          3.881                         0.119
     52       C      3       4.000          4.417                        -0.417
     53       C      3       4.000          3.872                         0.128
     54       C      3       4.000          4.356                        -0.356
     55       C      3       4.000          4.340                        -0.340
     56       C      3       4.000          4.389                        -0.389
     57       C      3       4.000          4.355                        -0.355
     58       C      3       4.000          4.403                        -0.403
     59       C      3       4.000          4.000                         0.000
     60       C      3       4.000          4.355                        -0.355
     61       C      3       4.000          4.268                        -0.268
     62       C      3       4.000          3.997                         0.003
     63       C      3       4.000          4.004                        -0.004
     64       C      3       4.000          4.049                        -0.049
     65       C      3       4.000          4.016                        -0.016
     66       C      3       4.000          4.039                        -0.039
     67       C      3       4.000          3.461                         0.539
     68       C      3       4.000          3.500                         0.500
     69       C      3       4.000          3.493                         0.507
     70       C      3       4.000          3.699                         0.301
     71       C      3       4.000          3.707                         0.293
     72       C      3       4.000          3.518                         0.482
     73       C      3       4.000          4.373                        -0.373
     74       C      3       4.000          4.414                        -0.414
     75       C      3       4.000          4.381                        -0.381
     76       C      3       4.000          4.350                        -0.350
     77       C      3       4.000          4.385                        -0.385
     78       C      3       4.000          4.368                        -0.368
     79       C      3       4.000          4.372                        -0.372
     80       C      3       4.000          4.419                        -0.419
     81       C      3       4.000          4.227                        -0.227
     82       C      3       4.000          4.320                        -0.320
     83       C      3       4.000          4.387                        -0.387
     84       C      3       4.000          4.389                        -0.389
     85       C      3       4.000          3.878                         0.122
     86       C      3       4.000          4.339                        -0.339
     87       C      3       4.000          4.426                        -0.426
     88       C      3       4.000          3.912                         0.088
     89       N      4       5.000          5.761                        -0.761
     90       N      4       5.000          5.907                        -0.907
     91       N      4       5.000          5.907                        -0.907
     92       N      4       5.000          5.931                        -0.931
     93       O      5       6.000          6.169                        -0.169
     94       O      5       6.000          6.127                        -0.127
     95       O      5       6.000          6.156                        -0.156
     96       O      5       6.000          6.140                        -0.140
     97       O      5       6.000          6.127                        -0.127
     98       O      5       6.000          6.131                        -0.131
     99       O      5       6.000          6.114                        -0.114
    100       O      5       6.000          6.100                        -0.100
    101       O      5       6.000          5.694                         0.306
    102       O      5       6.000          5.738                         0.262
    103       O      5       6.000          5.771                         0.229
    104       O      5       6.000          5.685                         0.315
    105       O      5       6.000          5.678                         0.322
    106       O      5       6.000          5.805                         0.195
    107       O      5       6.000          5.757                         0.243
    108       O      5       6.000          5.663                         0.337
    109       O      5       6.000          6.129                        -0.129
    110       O      5       6.000          6.130                        -0.130
    111       O      5       6.000          6.116                        -0.116
    112       O      5       6.000          6.062                        -0.062
    113       O      5       6.000          6.163                        -0.163
    114       O      5       6.000          6.020                        -0.020
    115       O      5       6.000          6.127                        -0.127
    116       O      5       6.000          6.114                        -0.114
    117       O      5       6.000          5.982                         0.018
    118       O      5       6.000          6.107                        -0.107
    119       O      5       6.000          6.011                        -0.011
    120       O      5       6.000          6.091                        -0.091
    121       O      5       6.000          5.987                         0.013
    122       O      5       6.000          5.988                         0.012
    123       O      5       6.000          6.261                        -0.261
    124       O      5       6.000          6.181                        -0.181
    125       N      4       5.000          5.156                        -0.156
    126       N      4       5.000          5.144                        -0.144
    127       C      3       4.000          4.179                        -0.179
    128       C      3       4.000          4.278                        -0.278
    129       C      3       4.000          4.902                        -0.902
    130       H      2       1.000          0.525                         0.475
    131       H      2       1.000          0.525                         0.475
    132       H      2       1.000          0.548                         0.452
    133       H      2       1.000          0.510                         0.490
    134       H      2       1.000          0.554                         0.446
    135       C      3       4.000          4.298                        -0.298
    136       C      3       4.000          4.808                        -0.808
    137       H      2       1.000          0.548                         0.452
    138       H      2       1.000          0.567                         0.433
    139       H      2       1.000          0.561                         0.439
    140       C      3       4.000          5.303                        -1.303
    141       H      2       1.000          0.561                         0.439
    142       H      2       1.000          0.557                         0.443
    143       H      2       1.000          0.552                         0.448
    144       C      3       4.000          4.535                        -0.535
    145       C      3       4.000          4.781                        -0.781
    146       H      2       1.000          0.540                         0.460
    147       H      2       1.000          0.550                         0.450
    148       H      2       1.000          0.563                         0.437
    149       H      2       1.000          0.527                         0.473
    150       F      6       7.000          7.220                        -0.220
    151       F      6       7.000          7.197                        -0.197
    152       F      6       7.000          7.360                        -0.360
    153       F      6       7.000          7.216                        -0.216
    154       O      5       6.000          6.452                        -0.452
    155       C      3       4.000          3.225                         0.775
    156       F      6       7.000          7.277                        -0.277
    157       C      3       4.000          3.216                         0.784
    158       F      6       7.000          7.341                        -0.341
    159       S      7       6.000          5.479                         0.521
    160       S      7       6.000          5.391                         0.609
    161       O      5       6.000          6.371                        -0.371
    162       O      5       6.000          6.346                        -0.346
    163       O      5       6.000          6.385                        -0.385
    164       N      4       5.000          5.222                        -0.222

  Total Charge                                                            0.056
 !-----------------------------------------------------------------------------!

 ENERGY| Total FORCE_EVAL ( QS ) energy [hartree]          -1622.707679953614843

 *******************************************************************************
 **                 BAND EVALUATION OF ENERGIES AND FORCES                    **
 *******************************************************************************
 **                                                                           **
 **                                                                           **
 ** Replica Env Nr. :    6              Replica Band Nr. :   14               **
 ** Band  Step  Nr. :    0                                                    **
 *******************************************************************************

 Number of electrons:                                                        674
 Number of occupied orbitals:                                                361
 Number of molecular orbitals:                                               437

 Number of orbital functions:                                               1844
 Number of independent orbital functions:                                   1844

 Parameters for the always stable predictor-corrector (ASPC) method:

  ASPC order: 0

  B(1) =   1.000000

 *** WARNING in fm/cp_fm_elpa.F:521 :: Setting real_kernel for ELPA failed ***


 Extrapolation method: ASPC


 SCF WAVEFUNCTION OPTIMIZATION

  Step     Update method      Time    Convergence         Total energy    Change
  ------------------------------------------------------------------------------

 *** WARNING in fm/cp_fm_elpa.F:521 :: Setting real_kernel for ELPA failed ***

     1 Broy./Diag. 0.15E+00    8.6     0.00037449     -1622.7073675349 -1.62E+03

 *** WARNING in fm/cp_fm_elpa.F:521 :: Setting real_kernel for ELPA failed ***

     2 Broy./Diag. 0.15E+00   12.2     0.00048445     -1622.7103396776 -2.97E-03

 *** WARNING in fm/cp_fm_elpa.F:521 :: Setting real_kernel for ELPA failed ***

     3 Broy./Diag. 0.15E+00   13.1     0.00014598     -1622.7086815111  1.66E-03

 *** WARNING in fm/cp_fm_elpa.F:521 :: Setting real_kernel for ELPA failed ***

     4 Broy./Diag. 0.15E+00   12.5     0.00003990     -1622.7080658113  6.16E-04

  *** SCF run converged in     4 steps ***


  Electronic density on regular grids:       -673.9999999300        0.0000000700
  Core density on regular grids:              673.9999999671       -0.0000000329
  Total charge density on r-space grids:        0.0000000372
  Total charge density g-space grids:           0.0000000372

  Overlap energy of the core charge distribution:               0.00320396655074
  Self energy of the core charge distribution:              -3774.19779000501012
  Core Hamiltonian energy:                                   1086.78631807802026
  Hartree energy:                                            1417.73846468017723
  Exchange-correlation energy:                               -352.80355733423141
  Dispersion energy:                                           -0.22329054490354
  Electronic entropic energy:                                  -0.01141272105349
  Fermi energy:                                                -0.01903390063463

  Total energy:                                             -1622.70806581131683

 !-----------------------------------------------------------------------------!
                     Mulliken Population Analysis

 #  Atom  Element  Kind  Atomic population                           Net charge
       1     Ti       1         11.021586                              0.978414
       2     Ti       1         11.009689                              0.990311
       3     Ti       1         10.940714                              1.059286
       4     Ti       1         10.932243                              1.067757
       5     Ti       1         11.016493                              0.983507
       6     Ti       1         11.027790                              0.972210
       7     Ti       1         10.964740                              1.035260
       8     Ti       1         10.961112                              1.038888
       9     H        2          0.932302                              0.067698
      10     H        2          0.925025                              0.074975
      11     H        2          0.931360                              0.068640
      12     H        2          0.915504                              0.084496
      13     H        2          0.935898                              0.064102
      14     H        2          0.941639                              0.058361
      15     H        2          0.919916                              0.080084
      16     H        2          0.945252                              0.054748
      17     H        2          0.927563                              0.072437
      18     H        2          0.928014                              0.071986
      19     H        2          0.927572                              0.072428
      20     H        2          0.922261                              0.077739
      21     H        2          0.862147                              0.137853
      22     H        2          0.860852                              0.139148
      23     H        2          0.936271                              0.063729
      24     H        2          0.941555                              0.058445
      25     H        2          0.937954                              0.062046
      26     H        2          0.929264                              0.070736
      27     H        2          0.920784                              0.079216
      28     H        2          0.935606                              0.064394
      29     H        2          0.879787                              0.120213
      30     H        2          0.919634                              0.080366
      31     H        2          0.840130                              0.159870
      32     H        2          0.839439                              0.160561
      33     H        2          0.886564                              0.113436
      34     H        2          0.888437                              0.111563
      35     H        2          0.893224                              0.106776
      36     H        2          0.883298                              0.116702
      37     H        2          0.897129                              0.102871
      38     H        2          0.894574                              0.105426
      39     H        2          0.937713                              0.062287
      40     H        2          0.922918                              0.077082
      41     H        2          0.936619                              0.063381
      42     H        2          0.877227                              0.122773
      43     C        3          3.771837                              0.228163
      44     C        3          3.774966                              0.225034
      45     C        3          3.785890                              0.214110
      46     C        3          3.776722                              0.223278
      47     C        3          4.070216                             -0.070216
      48     C        3          4.029574                             -0.029574
      49     C        3          4.090499                             -0.090499
      50     C        3          4.069124                             -0.069124
      51     C        3          3.964656                              0.035344
      52     C        3          4.019100                             -0.019100
      53     C        3          3.909032                              0.090968
      54     C        3          3.940131                              0.059869
      55     C        3          4.027922                             -0.027922
      56     C        3          3.994720                              0.005280
      57     C        3          4.003884                             -0.003884
      58     C        3          4.043812                             -0.043812
      59     C        3          4.034260                             -0.034260
      60     C        3          4.044357                             -0.044357
      61     C        3          4.011470                             -0.011470
      62     C        3          4.083844                             -0.083844
      63     C        3          3.998601                              0.001399
      64     C        3          4.042794                             -0.042794
      65     C        3          4.007090                             -0.007090
      66     C        3          4.014196                             -0.014196
      67     C        3          3.775418                              0.224582
      68     C        3          3.801480                              0.198520
      69     C        3          3.781605                              0.218395
      70     C        3          3.804336                              0.195664
      71     C        3          3.798344                              0.201656
      72     C        3          3.784499                              0.215501
      73     C        3          4.011764                             -0.011764
      74     C        3          4.038670                             -0.038670
      75     C        3          3.966013                              0.033987
      76     C        3          3.999144                              0.000856
      77     C        3          4.030947                             -0.030947
      78     C        3          4.034454                             -0.034454
      79     C        3          4.021221                             -0.021221
      80     C        3          3.967840                              0.032160
      81     C        3          4.025205                             -0.025205
      82     C        3          3.993097                              0.006903
      83     C        3          4.022298                             -0.022298
      84     C        3          4.036330                             -0.036330
      85     C        3          3.993432                              0.006568
      86     C        3          4.014867                             -0.014867
      87     C        3          3.951528                              0.048472
      88     C        3          4.023559                             -0.023559
      89     N        4          4.964347                              0.035653
      90     N        4          5.065577                             -0.065577
      91     N        4          5.050199                             -0.050199
      92     N        4          5.052729                             -0.052729
      93     O        5          6.357774                             -0.357774
      94     O        5          6.329887                             -0.329887
      95     O        5          6.303669                             -0.303669
      96     O        5          6.295113                             -0.295113
      97     O        5          6.329646                             -0.329646
      98     O        5          6.341744                             -0.341744
      99     O        5          6.292193                             -0.292193
     100     O        5          6.258016                             -0.258016
     101     O        5          6.437907                             -0.437907
     102     O        5          6.514780                             -0.514780
     103     O        5          6.501485                             -0.501485
     104     O        5          6.449681                             -0.449681
     105     O        5          6.460275                             -0.460275
     106     O        5          6.534124                             -0.534124
     107     O        5          6.511200                             -0.511200
     108     O        5          6.421637                             -0.421637
     109     O        5          6.364923                             -0.364923
     110     O        5          6.367423                             -0.367423
     111     O        5          6.390286                             -0.390286
     112     O        5          6.330150                             -0.330150
     113     O        5          6.508702                             -0.508702
     114     O        5          6.262437                             -0.262437
     115     O        5          6.371781                             -0.371781
     116     O        5          6.352179                             -0.352179
     117     O        5          6.286836                             -0.286836
     118     O        5          6.405078                             -0.405078
     119     O        5          6.254571                             -0.254571
     120     O        5          6.460234                             -0.460234
     121     O        5          6.534696                             -0.534696
     122     O        5          6.532984                             -0.532984
     123     O        5          6.496299                             -0.496299
     124     O        5          6.471581                             -0.471581
     125     N        4          4.867736                              0.132264
     126     N        4          4.840833                              0.159167
     127     C        3          3.918141                              0.081859
     128     C        3          3.974801                              0.025199
     129     C        3          4.182007                             -0.182007
     130     H        2          0.928757                              0.071243
     131     H        2          0.936930                              0.063070
     132     H        2          0.917561                              0.082439
     133     H        2          0.915486                              0.084514
     134     H        2          0.918308                              0.081692
     135     C        3          3.982864                              0.017136
     136     C        3          4.148754                             -0.148754
     137     H        2          0.919833                              0.080167
     138     H        2          0.914345                              0.085655
     139     H        2          0.920543                              0.079457
     140     C        3          4.261219                             -0.261219
     141     H        2          0.920699                              0.079301
     142     H        2          0.919616                              0.080384
     143     H        2          0.907060                              0.092940
     144     C        3          4.083679                             -0.083679
     145     C        3          4.154147                             -0.154147
     146     H        2          0.902453                              0.097547
     147     H        2          0.907715                              0.092285
     148     H        2          0.918499                              0.081501
     149     H        2          0.940097                              0.059903
     150     F        6          6.986819                              0.013181
     151     F        6          6.932058                              0.067942
     152     F        6          7.204679                             -0.204679
     153     F        6          6.981436                              0.018564
     154     O        5          6.432737                             -0.432737
     155     C        3          3.848709                              0.151291
     156     F        6          7.060098                             -0.060098
     157     C        3          3.804283                              0.195717
     158     F        6          7.176232                             -0.176232
     159     S        7          6.338160                             -0.338160
     160     S        7          6.321310                             -0.321310
     161     O        5          5.832131                              0.167869
     162     O        5          5.673166                              0.326834
     163     O        5          6.151488                             -0.151488
     164     N        4          4.959924                              0.040076
 # Total charge                            674.000000                  0.000000

 !-----------------------------------------------------------------------------!

 !-----------------------------------------------------------------------------!
                           Hirshfeld Charges

  #Atom  Element  Kind  Ref Charge     Population                    Net charge
      1       Ti     1      12.000         13.289                        -1.289
      2       Ti     1      12.000         13.468                        -1.468
      3       Ti     1      12.000         13.186                        -1.186
      4       Ti     1      12.000         13.183                        -1.183
      5       Ti     1      12.000         13.504                        -1.504
      6       Ti     1      12.000         13.305                        -1.305
      7       Ti     1      12.000         13.209                        -1.209
      8       Ti     1      12.000         13.266                        -1.266
      9       H      2       1.000          0.546                         0.454
     10       H      2       1.000          0.536                         0.464
     11       H      2       1.000          0.548                         0.452
     12       H      2       1.000          0.504                         0.496
     13       H      2       1.000          0.552                         0.448
     14       H      2       1.000          0.519                         0.481
     15       H      2       1.000          0.521                         0.479
     16       H      2       1.000          0.523                         0.477
     17       H      2       1.000          0.551                         0.449
     18       H      2       1.000          0.545                         0.455
     19       H      2       1.000          0.542                         0.458
     20       H      2       1.000          0.548                         0.452
     21       H      2       1.000          0.427                         0.573
     22       H      2       1.000          0.432                         0.568
     23       H      2       1.000          0.544                         0.456
     24       H      2       1.000          0.546                         0.454
     25       H      2       1.000          0.561                         0.439
     26       H      2       1.000          0.558                         0.442
     27       H      2       1.000          0.523                         0.477
     28       H      2       1.000          0.559                         0.441
     29       H      2       1.000          0.434                         0.566
     30       H      2       1.000          0.566                         0.434
     31       H      2       1.000          0.419                         0.581
     32       H      2       1.000          0.419                         0.581
     33       H      2       1.000          0.481                         0.519
     34       H      2       1.000          0.467                         0.533
     35       H      2       1.000          0.478                         0.522
     36       H      2       1.000          0.458                         0.542
     37       H      2       1.000          0.485                         0.515
     38       H      2       1.000          0.468                         0.532
     39       H      2       1.000          0.543                         0.457
     40       H      2       1.000          0.542                         0.458
     41       H      2       1.000          0.539                         0.461
     42       H      2       1.000          0.604                         0.396
     43       C      3       4.000          3.472                         0.528
     44       C      3       4.000          3.468                         0.532
     45       C      3       4.000          3.489                         0.511
     46       C      3       4.000          3.474                         0.526
     47       C      3       4.000          4.020                        -0.020
     48       C      3       4.000          3.973                         0.027
     49       C      3       4.000          4.016                        -0.016
     50       C      3       4.000          3.977                         0.023
     51       C      3       4.000          3.881                         0.119
     52       C      3       4.000          4.417                        -0.417
     53       C      3       4.000          3.872                         0.128
     54       C      3       4.000          4.356                        -0.356
     55       C      3       4.000          4.340                        -0.340
     56       C      3       4.000          4.389                        -0.389
     57       C      3       4.000          4.355                        -0.355
     58       C      3       4.000          4.403                        -0.403
     59       C      3       4.000          4.000                         0.000
     60       C      3       4.000          4.355                        -0.355
     61       C      3       4.000          4.268                        -0.268
     62       C      3       4.000          3.997                         0.003
     63       C      3       4.000          4.004                        -0.004
     64       C      3       4.000          4.049                        -0.049
     65       C      3       4.000          4.016                        -0.016
     66       C      3       4.000          4.039                        -0.039
     67       C      3       4.000          3.461                         0.539
     68       C      3       4.000          3.500                         0.500
     69       C      3       4.000          3.493                         0.507
     70       C      3       4.000          3.699                         0.301
     71       C      3       4.000          3.707                         0.293
     72       C      3       4.000          3.518                         0.482
     73       C      3       4.000          4.373                        -0.373
     74       C      3       4.000          4.414                        -0.414
     75       C      3       4.000          4.381                        -0.381
     76       C      3       4.000          4.350                        -0.350
     77       C      3       4.000          4.385                        -0.385
     78       C      3       4.000          4.368                        -0.368
     79       C      3       4.000          4.372                        -0.372
     80       C      3       4.000          4.419                        -0.419
     81       C      3       4.000          4.227                        -0.227
     82       C      3       4.000          4.320                        -0.320
     83       C      3       4.000          4.387                        -0.387
     84       C      3       4.000          4.389                        -0.389
     85       C      3       4.000          3.878                         0.122
     86       C      3       4.000          4.339                        -0.339
     87       C      3       4.000          4.427                        -0.427
     88       C      3       4.000          3.912                         0.088
     89       N      4       5.000          5.761                        -0.761
     90       N      4       5.000          5.907                        -0.907
     91       N      4       5.000          5.907                        -0.907
     92       N      4       5.000          5.931                        -0.931
     93       O      5       6.000          6.169                        -0.169
     94       O      5       6.000          6.127                        -0.127
     95       O      5       6.000          6.156                        -0.156
     96       O      5       6.000          6.140                        -0.140
     97       O      5       6.000          6.127                        -0.127
     98       O      5       6.000          6.131                        -0.131
     99       O      5       6.000          6.114                        -0.114
    100       O      5       6.000          6.100                        -0.100
    101       O      5       6.000          5.694                         0.306
    102       O      5       6.000          5.738                         0.262
    103       O      5       6.000          5.771                         0.229
    104       O      5       6.000          5.685                         0.315
    105       O      5       6.000          5.678                         0.322
    106       O      5       6.000          5.805                         0.195
    107       O      5       6.000          5.757                         0.243
    108       O      5       6.000          5.663                         0.337
    109       O      5       6.000          6.129                        -0.129
    110       O      5       6.000          6.130                        -0.130
    111       O      5       6.000          6.116                        -0.116
    112       O      5       6.000          6.062                        -0.062
    113       O      5       6.000          6.163                        -0.163
    114       O      5       6.000          6.020                        -0.020
    115       O      5       6.000          6.127                        -0.127
    116       O      5       6.000          6.114                        -0.114
    117       O      5       6.000          5.982                         0.018
    118       O      5       6.000          6.107                        -0.107
    119       O      5       6.000          6.011                        -0.011
    120       O      5       6.000          6.091                        -0.091
    121       O      5       6.000          5.987                         0.013
    122       O      5       6.000          5.988                         0.012
    123       O      5       6.000          6.260                        -0.260
    124       O      5       6.000          6.181                        -0.181
    125       N      4       5.000          5.155                        -0.155
    126       N      4       5.000          5.144                        -0.144
    127       C      3       4.000          4.179                        -0.179
    128       C      3       4.000          4.278                        -0.278
    129       C      3       4.000          4.902                        -0.902
    130       H      2       1.000          0.525                         0.475
    131       H      2       1.000          0.525                         0.475
    132       H      2       1.000          0.548                         0.452
    133       H      2       1.000          0.510                         0.490
    134       H      2       1.000          0.554                         0.446
    135       C      3       4.000          4.298                        -0.298
    136       C      3       4.000          4.808                        -0.808
    137       H      2       1.000          0.548                         0.452
    138       H      2       1.000          0.567                         0.433
    139       H      2       1.000          0.561                         0.439
    140       C      3       4.000          5.303                        -1.303
    141       H      2       1.000          0.561                         0.439
    142       H      2       1.000          0.557                         0.443
    143       H      2       1.000          0.552                         0.448
    144       C      3       4.000          4.535                        -0.535
    145       C      3       4.000          4.781                        -0.781
    146       H      2       1.000          0.540                         0.460
    147       H      2       1.000          0.550                         0.450
    148       H      2       1.000          0.563                         0.437
    149       H      2       1.000          0.527                         0.473
    150       F      6       7.000          7.220                        -0.220
    151       F      6       7.000          7.197                        -0.197
    152       F      6       7.000          7.360                        -0.360
    153       F      6       7.000          7.216                        -0.216
    154       O      5       6.000          6.452                        -0.452
    155       C      3       4.000          3.225                         0.775
    156       F      6       7.000          7.277                        -0.277
    157       C      3       4.000          3.216                         0.784
    158       F      6       7.000          7.341                        -0.341
    159       S      7       6.000          5.479                         0.521
    160       S      7       6.000          5.391                         0.609
    161       O      5       6.000          6.371                        -0.371
    162       O      5       6.000          6.346                        -0.346
    163       O      5       6.000          6.385                        -0.385
    164       N      4       5.000          5.222                        -0.222

  Total Charge                                                            0.056
 !-----------------------------------------------------------------------------!

 ENERGY| Total FORCE_EVAL ( QS ) energy [hartree]          -1622.707367541524036

 *******************************************************************************
 **                 BAND EVALUATION OF ENERGIES AND FORCES                    **
 *******************************************************************************
 **                                                                           **
 **                                                                           **
 ** Replica Env Nr. :    6              Replica Band Nr. :   14               **
 ** Band  Step  Nr. :    1                                                    **
 *******************************************************************************

 Number of electrons:                                                        674
 Number of occupied orbitals:                                                361
 Number of molecular orbitals:                                               437

 Number of orbital functions:                                               1844
 Number of independent orbital functions:                                   1844

 Parameters for the always stable predictor-corrector (ASPC) method:

  ASPC order: 1

  B(1) =   2.500000
  B(2) =  -2.000000
  B(3) =   0.500000

 *** WARNING in fm/cp_fm_elpa.F:521 :: Setting real_kernel for ELPA failed ***


 Extrapolation method: ASPC


 SCF WAVEFUNCTION OPTIMIZATION

  Step     Update method      Time    Convergence         Total energy    Change
  ------------------------------------------------------------------------------

 *** WARNING in fm/cp_fm_elpa.F:521 :: Setting real_kernel for ELPA failed ***

     1 Broy./Diag. 0.15E+00    8.2     0.00023451     -1622.7076796093 -1.62E+03

 *** WARNING in fm/cp_fm_elpa.F:521 :: Setting real_kernel for ELPA failed ***

     2 Broy./Diag. 0.15E+00   12.0     0.00024005     -1622.7075782274  1.01E-04

 *** WARNING in fm/cp_fm_elpa.F:521 :: Setting real_kernel for ELPA failed ***

     3 Broy./Diag. 0.15E+00   12.3     0.00012113     -1622.7074505508  1.28E-04

 *** WARNING in fm/cp_fm_elpa.F:521 :: Setting real_kernel for ELPA failed ***

     4 Broy./Diag. 0.15E+00   12.4     0.00006178     -1622.7075327085 -8.22E-05

 *** WARNING in fm/cp_fm_elpa.F:521 :: Setting real_kernel for ELPA failed ***

     5 Broy./Diag. 0.15E+00   12.7     0.00003348     -1622.7074096513  1.23E-04

  *** SCF run converged in     5 steps ***


  Electronic density on regular grids:       -673.9999999300        0.0000000700
  Core density on regular grids:              673.9999999671       -0.0000000329
  Total charge density on r-space grids:        0.0000000372
  Total charge density g-space grids:           0.0000000372

  Overlap energy of the core charge distribution:               0.00320281486925
  Self energy of the core charge distribution:              -3774.19779000501012
  Core Hamiltonian energy:                                   1086.78647400675891
  Hartree energy:                                            1417.73888005248682
  Exchange-correlation energy:                               -352.80347227980326
  Dispersion energy:                                           -0.22329062937508
  Electronic entropic energy:                                  -0.01141216433761
  Fermi energy:                                                -0.01902984160800

  Total energy:                                             -1622.70740965125697

 !-----------------------------------------------------------------------------!
                     Mulliken Population Analysis

 #  Atom  Element  Kind  Atomic population                           Net charge
       1     Ti       1         11.021579                              0.978421
       2     Ti       1         11.009671                              0.990329
       3     Ti       1         10.940714                              1.059286
       4     Ti       1         10.932251                              1.067749
       5     Ti       1         11.016471                              0.983529
       6     Ti       1         11.027780                              0.972220
       7     Ti       1         10.964742                              1.035258
       8     Ti       1         10.961123                              1.038877
       9     H        2          0.932304                              0.067696
      10     H        2          0.925027                              0.074973
      11     H        2          0.931363                              0.068637
      12     H        2          0.915503                              0.084497
      13     H        2          0.935899                              0.064101
      14     H        2          0.941633                              0.058367
      15     H        2          0.919916                              0.080084
      16     H        2          0.945252                              0.054748
      17     H        2          0.927562                              0.072438
      18     H        2          0.928017                              0.071983
      19     H        2          0.927575                              0.072425
      20     H        2          0.922261                              0.077739
      21     H        2          0.862146                              0.137854
      22     H        2          0.860850                              0.139150
      23     H        2          0.936282                              0.063718
      24     H        2          0.941565                              0.058435
      25     H        2          0.937960                              0.062040
      26     H        2          0.929272                              0.070728
      27     H        2          0.920792                              0.079208
      28     H        2          0.935615                              0.064385
      29     H        2          0.879790                              0.120210
      30     H        2          0.919640                              0.080360
      31     H        2          0.840125                              0.159875
      32     H        2          0.839439                              0.160561
      33     H        2          0.886560                              0.113440
      34     H        2          0.888429                              0.111571
      35     H        2          0.893232                              0.106768
      36     H        2          0.883304                              0.116696
      37     H        2          0.897138                              0.102862
      38     H        2          0.894575                              0.105425
      39     H        2          0.937713                              0.062287
      40     H        2          0.922921                              0.077079
      41     H        2          0.936627                              0.063373
      42     H        2          0.877238                              0.122762
      43     C        3          3.771848                              0.228152
      44     C        3          3.774948                              0.225052
      45     C        3          3.785869                              0.214131
      46     C        3          3.776727                              0.223273
      47     C        3          4.070211                             -0.070211
      48     C        3          4.029574                             -0.029574
      49     C        3          4.090498                             -0.090498
      50     C        3          4.069092                             -0.069092
      51     C        3          3.964649                              0.035351
      52     C        3          4.019094                             -0.019094
      53     C        3          3.909024                              0.090976
      54     C        3          3.940136                              0.059864
      55     C        3          4.027927                             -0.027927
      56     C        3          3.994713                              0.005287
      57     C        3          4.003887                             -0.003887
      58     C        3          4.043805                             -0.043805
      59     C        3          4.034260                             -0.034260
      60     C        3          4.044358                             -0.044358
      61     C        3          4.011447                             -0.011447
      62     C        3          4.083835                             -0.083835
      63     C        3          3.998577                              0.001423
      64     C        3          4.042783                             -0.042783
      65     C        3          4.007091                             -0.007091
      66     C        3          4.014195                             -0.014195
      67     C        3          3.775436                              0.224564
      68     C        3          3.801493                              0.198507
      69     C        3          3.781616                              0.218384
      70     C        3          3.804337                              0.195663
      71     C        3          3.798339                              0.201661
      72     C        3          3.784495                              0.215505
      73     C        3          4.011761                             -0.011761
      74     C        3          4.038662                             -0.038662
      75     C        3          3.966021                              0.033979
      76     C        3          3.999145                              0.000855
      77     C        3          4.030946                             -0.030946
      78     C        3          4.034431                             -0.034431
      79     C        3          4.021220                             -0.021220
      80     C        3          3.967861                              0.032139
      81     C        3          4.025216                             -0.025216
      82     C        3          3.993094                              0.006906
      83     C        3          4.022296                             -0.022296
      84     C        3          4.036324                             -0.036324
      85     C        3          3.993424                              0.006576
      86     C        3          4.014867                             -0.014867
      87     C        3          3.951528                              0.048472
      88     C        3          4.023560                             -0.023560
      89     N        4          4.964339                              0.035661
      90     N        4          5.065606                             -0.065606
      91     N        4          5.050203                             -0.050203
      92     N        4          5.052734                             -0.052734
      93     O        5          6.357785                             -0.357785
      94     O        5          6.329896                             -0.329896
      95     O        5          6.303681                             -0.303681
      96     O        5          6.295120                             -0.295120
      97     O        5          6.329656                             -0.329656
      98     O        5          6.341753                             -0.341753
      99     O        5          6.292204                             -0.292204
     100     O        5          6.258028                             -0.258028
     101     O        5          6.437909                             -0.437909
     102     O        5          6.514780                             -0.514780
     103     O        5          6.501481                             -0.501481
     104     O        5          6.449678                             -0.449678
     105     O        5          6.460271                             -0.460271
     106     O        5          6.534123                             -0.534123
     107     O        5          6.511201                             -0.511201
     108     O        5          6.421636                             -0.421636
     109     O        5          6.364927                             -0.364927
     110     O        5          6.367426                             -0.367426
     111     O        5          6.390295                             -0.390295
     112     O        5          6.330149                             -0.330149
     113     O        5          6.508701                             -0.508701
     114     O        5          6.262439                             -0.262439
     115     O        5          6.371783                             -0.371783
     116     O        5          6.352181                             -0.352181
     117     O        5          6.286839                             -0.286839
     118     O        5          6.405085                             -0.405085
     119     O        5          6.254574                             -0.254574
     120     O        5          6.460223                             -0.460223
     121     O        5          6.534687                             -0.534687
     122     O        5          6.532971                             -0.532971
     123     O        5          6.496280                             -0.496280
     124     O        5          6.471560                             -0.471560
     125     N        4          4.867741                              0.132259
     126     N        4          4.840831                              0.159169
     127     C        3          3.918144                              0.081856
     128     C        3          3.974798                              0.025202
     129     C        3          4.182018                             -0.182018
     130     H        2          0.928753                              0.071247
     131     H        2          0.936923                              0.063077
     132     H        2          0.917550                              0.082450
     133     H        2          0.915489                              0.084511
     134     H        2          0.918302                              0.081698
     135     C        3          3.982861                              0.017139
     136     C        3          4.148747                             -0.148747
     137     H        2          0.919831                              0.080169
     138     H        2          0.914351                              0.085649
     139     H        2          0.920546                              0.079454
     140     C        3          4.261210                             -0.261210
     141     H        2          0.920707                              0.079293
     142     H        2          0.919621                              0.080379
     143     H        2          0.907070                              0.092930
     144     C        3          4.083688                             -0.083688
     145     C        3          4.154140                             -0.154140
     146     H        2          0.902447                              0.097553
     147     H        2          0.907713                              0.092287
     148     H        2          0.918500                              0.081500
     149     H        2          0.940090                              0.059910
     150     F        6          6.986828                              0.013172
     151     F        6          6.932070                              0.067930
     152     F        6          7.204675                             -0.204675
     153     F        6          6.981442                              0.018558
     154     O        5          6.432737                             -0.432737
     155     C        3          3.848714                              0.151286
     156     F        6          7.060100                             -0.060100
     157     C        3          3.804290                              0.195710
     158     F        6          7.176227                             -0.176227
     159     S        7          6.338085                             -0.338085
     160     S        7          6.321243                             -0.321243
     161     O        5          5.832190                              0.167810
     162     O        5          5.673243                              0.326757
     163     O        5          6.151472                             -0.151472
     164     N        4          4.959932                              0.040068
 # Total charge                            674.000000                  0.000000

 !-----------------------------------------------------------------------------!

 !-----------------------------------------------------------------------------!
                           Hirshfeld Charges

  #Atom  Element  Kind  Ref Charge     Population                    Net charge
      1       Ti     1      12.000         13.289                        -1.289
      2       Ti     1      12.000         13.468                        -1.468
      3       Ti     1      12.000         13.186                        -1.186
      4       Ti     1      12.000         13.183                        -1.183
      5       Ti     1      12.000         13.504                        -1.504
      6       Ti     1      12.000         13.305                        -1.305
      7       Ti     1      12.000         13.209                        -1.209
      8       Ti     1      12.000         13.266                        -1.266
      9       H      2       1.000          0.546                         0.454
     10       H      2       1.000          0.536                         0.464
     11       H      2       1.000          0.548                         0.452
     12       H      2       1.000          0.504                         0.496
     13       H      2       1.000          0.552                         0.448
     14       H      2       1.000          0.519                         0.481
     15       H      2       1.000          0.521                         0.479
     16       H      2       1.000          0.523                         0.477
     17       H      2       1.000          0.551                         0.449
     18       H      2       1.000          0.545                         0.455
     19       H      2       1.000          0.542                         0.458
     20       H      2       1.000          0.548                         0.452
     21       H      2       1.000          0.427                         0.573
     22       H      2       1.000          0.432                         0.568
     23       H      2       1.000          0.544                         0.456
     24       H      2       1.000          0.546                         0.454
     25       H      2       1.000          0.561                         0.439
     26       H      2       1.000          0.558                         0.442
     27       H      2       1.000          0.523                         0.477
     28       H      2       1.000          0.559                         0.441
     29       H      2       1.000          0.434                         0.566
     30       H      2       1.000          0.566                         0.434
     31       H      2       1.000          0.419                         0.581
     32       H      2       1.000          0.419                         0.581
     33       H      2       1.000          0.481                         0.519
     34       H      2       1.000          0.467                         0.533
     35       H      2       1.000          0.478                         0.522
     36       H      2       1.000          0.458                         0.542
     37       H      2       1.000          0.485                         0.515
     38       H      2       1.000          0.468                         0.532
     39       H      2       1.000          0.543                         0.457
     40       H      2       1.000          0.542                         0.458
     41       H      2       1.000          0.539                         0.461
     42       H      2       1.000          0.604                         0.396
     43       C      3       4.000          3.472                         0.528
     44       C      3       4.000          3.468                         0.532
     45       C      3       4.000          3.489                         0.511
     46       C      3       4.000          3.474                         0.526
     47       C      3       4.000          4.020                        -0.020
     48       C      3       4.000          3.973                         0.027
     49       C      3       4.000          4.016                        -0.016
     50       C      3       4.000          3.977                         0.023
     51       C      3       4.000          3.881                         0.119
     52       C      3       4.000          4.417                        -0.417
     53       C      3       4.000          3.872                         0.128
     54       C      3       4.000          4.356                        -0.356
     55       C      3       4.000          4.340                        -0.340
     56       C      3       4.000          4.389                        -0.389
     57       C      3       4.000          4.355                        -0.355
     58       C      3       4.000          4.403                        -0.403
     59       C      3       4.000          4.000                         0.000
     60       C      3       4.000          4.355                        -0.355
     61       C      3       4.000          4.268                        -0.268
     62       C      3       4.000          3.997                         0.003
     63       C      3       4.000          4.004                        -0.004
     64       C      3       4.000          4.049                        -0.049
     65       C      3       4.000          4.016                        -0.016
     66       C      3       4.000          4.039                        -0.039
     67       C      3       4.000          3.461                         0.539
     68       C      3       4.000          3.500                         0.500
     69       C      3       4.000          3.493                         0.507
     70       C      3       4.000          3.699                         0.301
     71       C      3       4.000          3.707                         0.293
     72       C      3       4.000          3.518                         0.482
     73       C      3       4.000          4.373                        -0.373
     74       C      3       4.000          4.414                        -0.414
     75       C      3       4.000          4.381                        -0.381
     76       C      3       4.000          4.350                        -0.350
     77       C      3       4.000          4.385                        -0.385
     78       C      3       4.000          4.368                        -0.368
     79       C      3       4.000          4.372                        -0.372
     80       C      3       4.000          4.419                        -0.419
     81       C      3       4.000          4.227                        -0.227
     82       C      3       4.000          4.320                        -0.320
     83       C      3       4.000          4.387                        -0.387
     84       C      3       4.000          4.389                        -0.389
     85       C      3       4.000          3.878                         0.122
     86       C      3       4.000          4.339                        -0.339
     87       C      3       4.000          4.427                        -0.427
     88       C      3       4.000          3.912                         0.088
     89       N      4       5.000          5.761                        -0.761
     90       N      4       5.000          5.907                        -0.907
     91       N      4       5.000          5.907                        -0.907
     92       N      4       5.000          5.931                        -0.931
     93       O      5       6.000          6.169                        -0.169
     94       O      5       6.000          6.127                        -0.127
     95       O      5       6.000          6.156                        -0.156
     96       O      5       6.000          6.140                        -0.140
     97       O      5       6.000          6.127                        -0.127
     98       O      5       6.000          6.131                        -0.131
     99       O      5       6.000          6.114                        -0.114
    100       O      5       6.000          6.100                        -0.100
    101       O      5       6.000          5.694                         0.306
    102       O      5       6.000          5.738                         0.262
    103       O      5       6.000          5.771                         0.229
    104       O      5       6.000          5.685                         0.315
    105       O      5       6.000          5.678                         0.322
    106       O      5       6.000          5.805                         0.195
    107       O      5       6.000          5.757                         0.243
    108       O      5       6.000          5.663                         0.337
    109       O      5       6.000          6.129                        -0.129
    110       O      5       6.000          6.130                        -0.130
    111       O      5       6.000          6.116                        -0.116
    112       O      5       6.000          6.062                        -0.062
    113       O      5       6.000          6.163                        -0.163
    114       O      5       6.000          6.020                        -0.020
    115       O      5       6.000          6.127                        -0.127
    116       O      5       6.000          6.114                        -0.114
    117       O      5       6.000          5.982                         0.018
    118       O      5       6.000          6.107                        -0.107
    119       O      5       6.000          6.011                        -0.011
    120       O      5       6.000          6.091                        -0.091
    121       O      5       6.000          5.987                         0.013
    122       O      5       6.000          5.988                         0.012
    123       O      5       6.000          6.260                        -0.260
    124       O      5       6.000          6.181                        -0.181
    125       N      4       5.000          5.156                        -0.156
    126       N      4       5.000          5.144                        -0.144
    127       C      3       4.000          4.179                        -0.179
    128       C      3       4.000          4.278                        -0.278
    129       C      3       4.000          4.902                        -0.902
    130       H      2       1.000          0.525                         0.475
    131       H      2       1.000          0.525                         0.475
    132       H      2       1.000          0.548                         0.452
    133       H      2       1.000          0.510                         0.490
    134       H      2       1.000          0.554                         0.446
    135       C      3       4.000          4.298                        -0.298
    136       C      3       4.000          4.808                        -0.808
    137       H      2       1.000          0.548                         0.452
    138       H      2       1.000          0.567                         0.433
    139       H      2       1.000          0.561                         0.439
    140       C      3       4.000          5.303                        -1.303
    141       H      2       1.000          0.561                         0.439
    142       H      2       1.000          0.557                         0.443
    143       H      2       1.000          0.552                         0.448
    144       C      3       4.000          4.535                        -0.535
    145       C      3       4.000          4.781                        -0.781
    146       H      2       1.000          0.540                         0.460
    147       H      2       1.000          0.550                         0.450
    148       H      2       1.000          0.563                         0.437
    149       H      2       1.000          0.527                         0.473
    150       F      6       7.000          7.220                        -0.220
    151       F      6       7.000          7.197                        -0.197
    152       F      6       7.000          7.360                        -0.360
    153       F      6       7.000          7.216                        -0.216
    154       O      5       6.000          6.452                        -0.452
    155       C      3       4.000          3.225                         0.775
    156       F      6       7.000          7.277                        -0.277
    157       C      3       4.000          3.216                         0.784
    158       F      6       7.000          7.341                        -0.341
    159       S      7       6.000          5.479                         0.521
    160       S      7       6.000          5.391                         0.609
    161       O      5       6.000          6.371                        -0.371
    162       O      5       6.000          6.346                        -0.346
    163       O      5       6.000          6.385                        -0.385
    164       N      4       5.000          5.222                        -0.222

  Total Charge                                                            0.056
 !-----------------------------------------------------------------------------!

 ENERGY| Total FORCE_EVAL ( QS ) energy [hartree]          -1622.707679950537567

 *******************************************************************************
 **                 BAND EVALUATION OF ENERGIES AND FORCES                    **
 *******************************************************************************
 **                                                                           **
 **                                                                           **
 ** Replica Env Nr. :    6              Replica Band Nr. :   14               **
 ** Band  Step  Nr. :    0                                                    **
 *******************************************************************************

 Number of electrons:                                                        674
 Number of occupied orbitals:                                                361
 Number of molecular orbitals:                                               437

 Number of orbital functions:                                               1844
 Number of independent orbital functions:                                   1844

 Parameters for the always stable predictor-corrector (ASPC) method:

  ASPC order: 0

  B(1) =   1.000000

 *** WARNING in fm/cp_fm_elpa.F:521 :: Setting real_kernel for ELPA failed ***


 Extrapolation method: ASPC


 SCF WAVEFUNCTION OPTIMIZATION

  Step     Update method      Time    Convergence         Total energy    Change
  ------------------------------------------------------------------------------

 *** WARNING in fm/cp_fm_elpa.F:521 :: Setting real_kernel for ELPA failed ***

     1 Broy./Diag. 0.15E+00    8.1     0.00035160     -1622.7073675578 -1.62E+03

 *** WARNING in fm/cp_fm_elpa.F:521 :: Setting real_kernel for ELPA failed ***

     2 Broy./Diag. 0.15E+00   12.0     0.00044026     -1622.7056246552  1.74E-03

 *** WARNING in fm/cp_fm_elpa.F:521 :: Setting real_kernel for ELPA failed ***

     3 Broy./Diag. 0.15E+00   12.5     0.00012151     -1622.7067811180 -1.16E-03

 *** WARNING in fm/cp_fm_elpa.F:521 :: Setting real_kernel for ELPA failed ***

     4 Broy./Diag. 0.15E+00   12.6     0.00002611     -1622.7070311179 -2.50E-04

  *** SCF run converged in     4 steps ***


  Electronic density on regular grids:       -673.9999999300        0.0000000700
  Core density on regular grids:              673.9999999671       -0.0000000329
  Total charge density on r-space grids:        0.0000000372
  Total charge density g-space grids:           0.0000000372

  Overlap energy of the core charge distribution:               0.00320396655074
  Self energy of the core charge distribution:              -3774.19779000501012
  Core Hamiltonian energy:                                   1086.78814007999972
  Hartree energy:                                            1417.73775331115553
  Exchange-correlation energy:                               -352.80363857523918
  Dispersion energy:                                           -0.22329054490354
  Electronic entropic energy:                                  -0.01141054195940
  Fermi energy:                                                -0.01904034622418

  Total energy:                                             -1622.70703111792091

 !-----------------------------------------------------------------------------!
                     Mulliken Population Analysis

 #  Atom  Element  Kind  Atomic population                           Net charge
       1     Ti       1         11.021584                              0.978416
       2     Ti       1         11.009679                              0.990321
       3     Ti       1         10.940728                              1.059272
       4     Ti       1         10.932328                              1.067672
       5     Ti       1         11.016512                              0.983488
       6     Ti       1         11.027798                              0.972202
       7     Ti       1         10.964757                              1.035243
       8     Ti       1         10.961199                              1.038801
       9     H        2          0.932285                              0.067715
      10     H        2          0.925018                              0.074982
      11     H        2          0.931365                              0.068635
      12     H        2          0.915479                              0.084521
      13     H        2          0.935888                              0.064112
      14     H        2          0.941602                              0.058398
      15     H        2          0.919912                              0.080088
      16     H        2          0.945223                              0.054777
      17     H        2          0.927555                              0.072445
      18     H        2          0.928003                              0.071997
      19     H        2          0.927562                              0.072438
      20     H        2          0.922250                              0.077750
      21     H        2          0.862192                              0.137808
      22     H        2          0.860898                              0.139102
      23     H        2          0.936271                              0.063729
      24     H        2          0.941554                              0.058446
      25     H        2          0.937934                              0.062066
      26     H        2          0.929267                              0.070733
      27     H        2          0.920786                              0.079214
      28     H        2          0.935606                              0.064394
      29     H        2          0.879784                              0.120216
      30     H        2          0.919621                              0.080379
      31     H        2          0.840169                              0.159831
      32     H        2          0.839470                              0.160530
      33     H        2          0.886527                              0.113473
      34     H        2          0.888412                              0.111588
      35     H        2          0.893210                              0.106790
      36     H        2          0.883311                              0.116689
      37     H        2          0.897121                              0.102879
      38     H        2          0.894560                              0.105440
      39     H        2          0.937723                              0.062277
      40     H        2          0.922916                              0.077084
      41     H        2          0.936659                              0.063341
      42     H        2          0.877240                              0.122760
      43     C        3          3.771843                              0.228157
      44     C        3          3.774927                              0.225073
      45     C        3          3.785849                              0.214151
      46     C        3          3.776723                              0.223277
      47     C        3          4.070197                             -0.070197
      48     C        3          4.029550                             -0.029550
      49     C        3          4.090477                             -0.090477
      50     C        3          4.069090                             -0.069090
      51     C        3          3.964624                              0.035376
      52     C        3          4.019080                             -0.019080
      53     C        3          3.908995                              0.091005
      54     C        3          3.940126                              0.059874
      55     C        3          4.027908                             -0.027908
      56     C        3          3.994703                              0.005297
      57     C        3          4.003876                             -0.003876
      58     C        3          4.043770                             -0.043770
      59     C        3          4.034263                             -0.034263
      60     C        3          4.044356                             -0.044356
      61     C        3          4.011484                             -0.011484
      62     C        3          4.083872                             -0.083872
      63     C        3          3.998565                              0.001435
      64     C        3          4.042771                             -0.042771
      65     C        3          4.007077                             -0.007077
      66     C        3          4.014174                             -0.014174
      67     C        3          3.775451                              0.224549
      68     C        3          3.801500                              0.198500
      69     C        3          3.781615                              0.218385
      70     C        3          3.804363                              0.195637
      71     C        3          3.798322                              0.201678
      72     C        3          3.784500                              0.215500
      73     C        3          4.011757                             -0.011757
      74     C        3          4.038643                             -0.038643
      75     C        3          3.966029                              0.033971
      76     C        3          3.999141                              0.000859
      77     C        3          4.030925                             -0.030925
      78     C        3          4.034393                             -0.034393
      79     C        3          4.021205                             -0.021205
      80     C        3          3.967837                              0.032163
      81     C        3          4.025232                             -0.025232
      82     C        3          3.993091                              0.006909
      83     C        3          4.022282                             -0.022282
      84     C        3          4.036311                             -0.036311
      85     C        3          3.993395                              0.006605
      86     C        3          4.014853                             -0.014853
      87     C        3          3.951478                              0.048522
      88     C        3          4.023548                             -0.023548
      89     N        4          4.964331                              0.035669
      90     N        4          5.065537                             -0.065537
      91     N        4          5.050198                             -0.050198
      92     N        4          5.052699                             -0.052699
      93     O        5          6.357787                             -0.357787
      94     O        5          6.329877                             -0.329877
      95     O        5          6.303647                             -0.303647
      96     O        5          6.295111                             -0.295111
      97     O        5          6.329658                             -0.329658
      98     O        5          6.341732                             -0.341732
      99     O        5          6.292198                             -0.292198
     100     O        5          6.257991                             -0.257991
     101     O        5          6.437968                             -0.437968
     102     O        5          6.514785                             -0.514785
     103     O        5          6.501535                             -0.501535
     104     O        5          6.449696                             -0.449696
     105     O        5          6.460287                             -0.460287
     106     O        5          6.534178                             -0.534178
     107     O        5          6.511204                             -0.511204
     108     O        5          6.421698                             -0.421698
     109     O        5          6.364938                             -0.364938
     110     O        5          6.367421                             -0.367421
     111     O        5          6.390260                             -0.390260
     112     O        5          6.330155                             -0.330155
     113     O        5          6.508682                             -0.508682
     114     O        5          6.262439                             -0.262439
     115     O        5          6.371781                             -0.371781
     116     O        5          6.352201                             -0.352201
     117     O        5          6.286847                             -0.286847
     118     O        5          6.405056                             -0.405056
     119     O        5          6.254571                             -0.254571
     120     O        5          6.460227                             -0.460227
     121     O        5          6.534759                             -0.534759
     122     O        5          6.533004                             -0.533004
     123     O        5          6.496349                             -0.496349
     124     O        5          6.471619                             -0.471619
     125     N        4          4.867744                              0.132256
     126     N        4          4.840843                              0.159157
     127     C        3          3.918186                              0.081814
     128     C        3          3.974787                              0.025213
     129     C        3          4.182016                             -0.182016
     130     H        2          0.928781                              0.071219
     131     H        2          0.936911                              0.063089
     132     H        2          0.917545                              0.082455
     133     H        2          0.915506                              0.084494
     134     H        2          0.918309                              0.081691
     135     C        3          3.982851                              0.017149
     136     C        3          4.148760                             -0.148760
     137     H        2          0.919848                              0.080152
     138     H        2          0.914352                              0.085648
     139     H        2          0.920547                              0.079453
     140     C        3          4.261206                             -0.261206
     141     H        2          0.920696                              0.079304
     142     H        2          0.919599                              0.080401
     143     H        2          0.907061                              0.092939
     144     C        3          4.083693                             -0.083693
     145     C        3          4.154128                             -0.154128
     146     H        2          0.902457                              0.097543
     147     H        2          0.907696                              0.092304
     148     H        2          0.918488                              0.081512
     149     H        2          0.940082                              0.059918
     150     F        6          6.986816                              0.013184
     151     F        6          6.932049                              0.067951
     152     F        6          7.204690                             -0.204690
     153     F        6          6.981429                              0.018571
     154     O        5          6.432733                             -0.432733
     155     C        3          3.848694                              0.151306
     156     F        6          7.060094                             -0.060094
     157     C        3          3.804288                              0.195712
     158     F        6          7.176226                             -0.176226
     159     S        7          6.338188                             -0.338188
     160     S        7          6.321385                             -0.321385
     161     O        5          5.832158                              0.167842
     162     O        5          5.673194                              0.326806
     163     O        5          6.151511                             -0.151511
     164     N        4          4.959904                              0.040096
 # Total charge                            674.000000                  0.000000

 !-----------------------------------------------------------------------------!

 !-----------------------------------------------------------------------------!
                           Hirshfeld Charges

  #Atom  Element  Kind  Ref Charge     Population                    Net charge
      1       Ti     1      12.000         13.289                        -1.289
      2       Ti     1      12.000         13.468                        -1.468
      3       Ti     1      12.000         13.186                        -1.186
      4       Ti     1      12.000         13.183                        -1.183
      5       Ti     1      12.000         13.504                        -1.504
      6       Ti     1      12.000         13.305                        -1.305
      7       Ti     1      12.000         13.209                        -1.209
      8       Ti     1      12.000         13.266                        -1.266
      9       H      2       1.000          0.546                         0.454
     10       H      2       1.000          0.536                         0.464
     11       H      2       1.000          0.548                         0.452
     12       H      2       1.000          0.504                         0.496
     13       H      2       1.000          0.552                         0.448
     14       H      2       1.000          0.519                         0.481
     15       H      2       1.000          0.521                         0.479
     16       H      2       1.000          0.523                         0.477
     17       H      2       1.000          0.551                         0.449
     18       H      2       1.000          0.545                         0.455
     19       H      2       1.000          0.542                         0.458
     20       H      2       1.000          0.548                         0.452
     21       H      2       1.000          0.427                         0.573
     22       H      2       1.000          0.432                         0.568
     23       H      2       1.000          0.544                         0.456
     24       H      2       1.000          0.546                         0.454
     25       H      2       1.000          0.561                         0.439
     26       H      2       1.000          0.558                         0.442
     27       H      2       1.000          0.523                         0.477
     28       H      2       1.000          0.559                         0.441
     29       H      2       1.000          0.434                         0.566
     30       H      2       1.000          0.566                         0.434
     31       H      2       1.000          0.419                         0.581
     32       H      2       1.000          0.419                         0.581
     33       H      2       1.000          0.481                         0.519
     34       H      2       1.000          0.467                         0.533
     35       H      2       1.000          0.478                         0.522
     36       H      2       1.000          0.458                         0.542
     37       H      2       1.000          0.485                         0.515
     38       H      2       1.000          0.468                         0.532
     39       H      2       1.000          0.543                         0.457
     40       H      2       1.000          0.542                         0.458
     41       H      2       1.000          0.539                         0.461
     42       H      2       1.000          0.604                         0.396
     43       C      3       4.000          3.472                         0.528
     44       C      3       4.000          3.468                         0.532
     45       C      3       4.000          3.489                         0.511
     46       C      3       4.000          3.474                         0.526
     47       C      3       4.000          4.020                        -0.020
     48       C      3       4.000          3.973                         0.027
     49       C      3       4.000          4.016                        -0.016
     50       C      3       4.000          3.977                         0.023
     51       C      3       4.000          3.881                         0.119
     52       C      3       4.000          4.417                        -0.417
     53       C      3       4.000          3.872                         0.128
     54       C      3       4.000          4.356                        -0.356
     55       C      3       4.000          4.340                        -0.340
     56       C      3       4.000          4.389                        -0.389
     57       C      3       4.000          4.355                        -0.355
     58       C      3       4.000          4.403                        -0.403
     59       C      3       4.000          4.000                         0.000
     60       C      3       4.000          4.355                        -0.355
     61       C      3       4.000          4.268                        -0.268
     62       C      3       4.000          3.997                         0.003
     63       C      3       4.000          4.004                        -0.004
     64       C      3       4.000          4.049                        -0.049
     65       C      3       4.000          4.016                        -0.016
     66       C      3       4.000          4.039                        -0.039
     67       C      3       4.000          3.461                         0.539
     68       C      3       4.000          3.500                         0.500
     69       C      3       4.000          3.493                         0.507
     70       C      3       4.000          3.699                         0.301
     71       C      3       4.000          3.707                         0.293
     72       C      3       4.000          3.518                         0.482
     73       C      3       4.000          4.373                        -0.373
     74       C      3       4.000          4.414                        -0.414
     75       C      3       4.000          4.381                        -0.381
     76       C      3       4.000          4.350                        -0.350
     77       C      3       4.000          4.385                        -0.385
     78       C      3       4.000          4.368                        -0.368
     79       C      3       4.000          4.372                        -0.372
     80       C      3       4.000          4.419                        -0.419
     81       C      3       4.000          4.227                        -0.227
     82       C      3       4.000          4.320                        -0.320
     83       C      3       4.000          4.387                        -0.387
     84       C      3       4.000          4.389                        -0.389
     85       C      3       4.000          3.878                         0.122
     86       C      3       4.000          4.339                        -0.339
     87       C      3       4.000          4.426                        -0.426
     88       C      3       4.000          3.912                         0.088
     89       N      4       5.000          5.761                        -0.761
     90       N      4       5.000          5.907                        -0.907
     91       N      4       5.000          5.907                        -0.907
     92       N      4       5.000          5.931                        -0.931
     93       O      5       6.000          6.169                        -0.169
     94       O      5       6.000          6.127                        -0.127
     95       O      5       6.000          6.156                        -0.156
     96       O      5       6.000          6.140                        -0.140
     97       O      5       6.000          6.127                        -0.127
     98       O      5       6.000          6.131                        -0.131
     99       O      5       6.000          6.114                        -0.114
    100       O      5       6.000          6.100                        -0.100
    101       O      5       6.000          5.694                         0.306
    102       O      5       6.000          5.738                         0.262
    103       O      5       6.000          5.771                         0.229
    104       O      5       6.000          5.685                         0.315
    105       O      5       6.000          5.678                         0.322
    106       O      5       6.000          5.805                         0.195
    107       O      5       6.000          5.757                         0.243
    108       O      5       6.000          5.663                         0.337
    109       O      5       6.000          6.129                        -0.129
    110       O      5       6.000          6.130                        -0.130
    111       O      5       6.000          6.116                        -0.116
    112       O      5       6.000          6.062                        -0.062
    113       O      5       6.000          6.163                        -0.163
    114       O      5       6.000          6.020                        -0.020
    115       O      5       6.000          6.127                        -0.127
    116       O      5       6.000          6.114                        -0.114
    117       O      5       6.000          5.982                         0.018
    118       O      5       6.000          6.107                        -0.107
    119       O      5       6.000          6.011                        -0.011
    120       O      5       6.000          6.091                        -0.091
    121       O      5       6.000          5.987                         0.013
    122       O      5       6.000          5.988                         0.012
    123       O      5       6.000          6.261                        -0.261
    124       O      5       6.000          6.181                        -0.181
    125       N      4       5.000          5.156                        -0.156
    126       N      4       5.000          5.144                        -0.144
    127       C      3       4.000          4.179                        -0.179
    128       C      3       4.000          4.278                        -0.278
    129       C      3       4.000          4.902                        -0.902
    130       H      2       1.000          0.525                         0.475
    131       H      2       1.000          0.525                         0.475
    132       H      2       1.000          0.548                         0.452
    133       H      2       1.000          0.510                         0.490
    134       H      2       1.000          0.554                         0.446
    135       C      3       4.000          4.298                        -0.298
    136       C      3       4.000          4.808                        -0.808
    137       H      2       1.000          0.548                         0.452
    138       H      2       1.000          0.567                         0.433
    139       H      2       1.000          0.561                         0.439
    140       C      3       4.000          5.303                        -1.303
    141       H      2       1.000          0.561                         0.439
    142       H      2       1.000          0.557                         0.443
    143       H      2       1.000          0.552                         0.448
    144       C      3       4.000          4.535                        -0.535
    145       C      3       4.000          4.781                        -0.781
    146       H      2       1.000          0.540                         0.460
    147       H      2       1.000          0.550                         0.450
    148       H      2       1.000          0.563                         0.437
    149       H      2       1.000          0.527                         0.473
    150       F      6       7.000          7.220                        -0.220
    151       F      6       7.000          7.197                        -0.197
    152       F      6       7.000          7.360                        -0.360
    153       F      6       7.000          7.216                        -0.216
    154       O      5       6.000          6.452                        -0.452
    155       C      3       4.000          3.225                         0.775
    156       F      6       7.000          7.277                        -0.277
    157       C      3       4.000          3.216                         0.784
    158       F      6       7.000          7.341                        -0.341
    159       S      7       6.000          5.479                         0.521
    160       S      7       6.000          5.391                         0.609
    161       O      5       6.000          6.371                        -0.371
    162       O      5       6.000          6.346                        -0.346
    163       O      5       6.000          6.385                        -0.385
    164       N      4       5.000          5.222                        -0.222

  Total Charge                                                            0.056
 !-----------------------------------------------------------------------------!

 ENERGY| Total FORCE_EVAL ( QS ) energy [hartree]          -1622.707367557881298

 *******************************************************************************
 **                 BAND EVALUATION OF ENERGIES AND FORCES                    **
 *******************************************************************************
 **                                                                           **
 **                                                                           **
 ** Replica Env Nr. :    6              Replica Band Nr. :   14               **
 ** Band  Step  Nr. :    1                                                    **
 *******************************************************************************

 Number of electrons:                                                        674
 Number of occupied orbitals:                                                361
 Number of molecular orbitals:                                               437

 Number of orbital functions:                                               1844
 Number of independent orbital functions:                                   1844

 Parameters for the always stable predictor-corrector (ASPC) method:

  ASPC order: 1

  B(1) =   2.500000
  B(2) =  -2.000000
  B(3) =   0.500000

 *** WARNING in fm/cp_fm_elpa.F:521 :: Setting real_kernel for ELPA failed ***


 Extrapolation method: ASPC


 SCF WAVEFUNCTION OPTIMIZATION

  Step     Update method      Time    Convergence         Total energy    Change
  ------------------------------------------------------------------------------

 *** WARNING in fm/cp_fm_elpa.F:521 :: Setting real_kernel for ELPA failed ***

     1 Broy./Diag. 0.15E+00    8.7     0.00049800     -1622.7076794868 -1.62E+03

 *** WARNING in fm/cp_fm_elpa.F:521 :: Setting real_kernel for ELPA failed ***

     2 Broy./Diag. 0.15E+00   13.0     0.00037640     -1622.7021829990  5.50E-03

 *** WARNING in fm/cp_fm_elpa.F:521 :: Setting real_kernel for ELPA failed ***

     3 Broy./Diag. 0.15E+00   13.4     0.00017186     -1622.7049076026 -2.72E-03

 *** WARNING in fm/cp_fm_elpa.F:521 :: Setting real_kernel for ELPA failed ***

     4 Broy./Diag. 0.15E+00   13.2     0.00009746     -1622.7066497458 -1.74E-03

 *** WARNING in fm/cp_fm_elpa.F:521 :: Setting real_kernel for ELPA failed ***

     5 Broy./Diag. 0.15E+00   13.4     0.00003253     -1622.7085208467 -1.87E-03

  *** SCF run converged in     5 steps ***


  Electronic density on regular grids:       -673.9999999300        0.0000000700
  Core density on regular grids:              673.9999999671       -0.0000000329
  Total charge density on r-space grids:        0.0000000372
  Total charge density g-space grids:           0.0000000372

  Overlap energy of the core charge distribution:               0.00320281487843
  Self energy of the core charge distribution:              -3774.19779000501012
  Core Hamiltonian energy:                                   1086.78675727703876
  Hartree energy:                                            1417.73754897287381
  Exchange-correlation energy:                               -352.80354076093494
  Dispersion energy:                                           -0.22329062936994
  Electronic entropic energy:                                  -0.01141078296553
  Fermi energy:                                                -0.01904701232785

  Total energy:                                             -1622.70852084674834

 !-----------------------------------------------------------------------------!
                     Mulliken Population Analysis

 #  Atom  Element  Kind  Atomic population                           Net charge
       1     Ti       1         11.021595                              0.978405
       2     Ti       1         11.009721                              0.990279
       3     Ti       1         10.940724                              1.059276
       4     Ti       1         10.932338                              1.067662
       5     Ti       1         11.016544                              0.983456
       6     Ti       1         11.027813                              0.972187
       7     Ti       1         10.964757                              1.035243
       8     Ti       1         10.961206                              1.038794
       9     H        2          0.932272                              0.067728
      10     H        2          0.925022                              0.074978
      11     H        2          0.931372                              0.068628
      12     H        2          0.915465                              0.084535
      13     H        2          0.935878                              0.064122
      14     H        2          0.941584                              0.058416
      15     H        2          0.919907                              0.080093
      16     H        2          0.945205                              0.054795
      17     H        2          0.927550                              0.072450
      18     H        2          0.927994                              0.072006
      19     H        2          0.927554                              0.072446
      20     H        2          0.922244                              0.077756
      21     H        2          0.862217                              0.137783
      22     H        2          0.860921                              0.139079
      23     H        2          0.936268                              0.063732
      24     H        2          0.941549                              0.058451
      25     H        2          0.937916                              0.062084
      26     H        2          0.929260                              0.070740
      27     H        2          0.920780                              0.079220
      28     H        2          0.935600                              0.064400
      29     H        2          0.879788                              0.120212
      30     H        2          0.919619                              0.080381
      31     H        2          0.840198                              0.159802
      32     H        2          0.839487                              0.160513
      33     H        2          0.886509                              0.113491
      34     H        2          0.888402                              0.111598
      35     H        2          0.893195                              0.106805
      36     H        2          0.883314                              0.116686
      37     H        2          0.897106                              0.102894
      38     H        2          0.894549                              0.105451
      39     H        2          0.937726                              0.062274
      40     H        2          0.922913                              0.077087
      41     H        2          0.936676                              0.063324
      42     H        2          0.877210                              0.122790
      43     C        3          3.771846                              0.228154
      44     C        3          3.774932                              0.225068
      45     C        3          3.785854                              0.214146
      46     C        3          3.776728                              0.223272
      47     C        3          4.070185                             -0.070185
      48     C        3          4.029559                             -0.029559
      49     C        3          4.090490                             -0.090490
      50     C        3          4.069088                             -0.069088
      51     C        3          3.964621                              0.035379
      52     C        3          4.019066                             -0.019066
      53     C        3          3.908992                              0.091008
      54     C        3          3.940126                              0.059874
      55     C        3          4.027902                             -0.027902
      56     C        3          3.994686                              0.005314
      57     C        3          4.003877                             -0.003877
      58     C        3          4.043767                             -0.043767
      59     C        3          4.034252                             -0.034252
      60     C        3          4.044359                             -0.044359
      61     C        3          4.011482                             -0.011482
      62     C        3          4.083857                             -0.083857
      63     C        3          3.998575                              0.001425
      64     C        3          4.042784                             -0.042784
      65     C        3          4.007094                             -0.007094
      66     C        3          4.014191                             -0.014191
      67     C        3          3.775465                              0.224535
      68     C        3          3.801504                              0.198496
      69     C        3          3.781629                              0.218371
      70     C        3          3.804365                              0.195635
      71     C        3          3.798338                              0.201662
      72     C        3          3.784508                              0.215492
      73     C        3          4.011758                             -0.011758
      74     C        3          4.038643                             -0.038643
      75     C        3          3.966037                              0.033963
      76     C        3          3.999140                              0.000860
      77     C        3          4.030933                             -0.030933
      78     C        3          4.034395                             -0.034395
      79     C        3          4.021209                             -0.021209
      80     C        3          3.967828                              0.032172
      81     C        3          4.025230                             -0.025230
      82     C        3          3.993090                              0.006910
      83     C        3          4.022283                             -0.022283
      84     C        3          4.036310                             -0.036310
      85     C        3          3.993410                              0.006590
      86     C        3          4.014853                             -0.014853
      87     C        3          3.951473                              0.048527
      88     C        3          4.023558                             -0.023558
      89     N        4          4.964308                              0.035692
      90     N        4          5.065505                             -0.065505
      91     N        4          5.050192                             -0.050192
      92     N        4          5.052683                             -0.052683
      93     O        5          6.357777                             -0.357777
      94     O        5          6.329863                             -0.329863
      95     O        5          6.303632                             -0.303632
      96     O        5          6.295103                             -0.295103
      97     O        5          6.329649                             -0.329649
      98     O        5          6.341716                             -0.341716
      99     O        5          6.292186                             -0.292186
     100     O        5          6.257974                             -0.257974
     101     O        5          6.437978                             -0.437978
     102     O        5          6.514786                             -0.514786
     103     O        5          6.501543                             -0.501543
     104     O        5          6.449702                             -0.449702
     105     O        5          6.460290                             -0.460290
     106     O        5          6.534189                             -0.534189
     107     O        5          6.511201                             -0.511201
     108     O        5          6.421712                             -0.421712
     109     O        5          6.364940                             -0.364940
     110     O        5          6.367419                             -0.367419
     111     O        5          6.390238                             -0.390238
     112     O        5          6.330145                             -0.330145
     113     O        5          6.508678                             -0.508678
     114     O        5          6.262432                             -0.262432
     115     O        5          6.371780                             -0.371780
     116     O        5          6.352207                             -0.352207
     117     O        5          6.286839                             -0.286839
     118     O        5          6.405037                             -0.405037
     119     O        5          6.254564                             -0.254564
     120     O        5          6.460219                             -0.460219
     121     O        5          6.534788                             -0.534788
     122     O        5          6.533018                             -0.533018
     123     O        5          6.496377                             -0.496377
     124     O        5          6.471644                             -0.471644
     125     N        4          4.867739                              0.132261
     126     N        4          4.840844                              0.159156
     127     C        3          3.918184                              0.081816
     128     C        3          3.974798                              0.025202
     129     C        3          4.182013                             -0.182013
     130     H        2          0.928798                              0.071202
     131     H        2          0.936907                              0.063093
     132     H        2          0.917546                              0.082454
     133     H        2          0.915517                              0.084483
     134     H        2          0.918315                              0.081685
     135     C        3          3.982863                              0.017137
     136     C        3          4.148767                             -0.148767
     137     H        2          0.919858                              0.080142
     138     H        2          0.914351                              0.085649
     139     H        2          0.920547                              0.079453
     140     C        3          4.261211                             -0.261211
     141     H        2          0.920687                              0.079313
     142     H        2          0.919584                              0.080416
     143     H        2          0.907052                              0.092948
     144     C        3          4.083691                             -0.083691
     145     C        3          4.154130                             -0.154130
     146     H        2          0.902465                              0.097535
     147     H        2          0.907684                              0.092316
     148     H        2          0.918479                              0.081521
     149     H        2          0.940079                              0.059921
     150     F        6          6.986812                              0.013188
     151     F        6          6.932051                              0.067949
     152     F        6          7.204678                             -0.204678
     153     F        6          6.981425                              0.018575
     154     O        5          6.432703                             -0.432703
     155     C        3          3.848692                              0.151308
     156     F        6          7.060090                             -0.060090
     157     C        3          3.804288                              0.195712
     158     F        6          7.176221                             -0.176221
     159     S        7          6.338146                             -0.338146
     160     S        7          6.321342                             -0.321342
     161     O        5          5.832199                              0.167801
     162     O        5          5.673269                              0.326731
     163     O        5          6.151516                             -0.151516
     164     N        4          4.959933                              0.040067
 # Total charge                            674.000000                  0.000000

 !-----------------------------------------------------------------------------!

 !-----------------------------------------------------------------------------!
                           Hirshfeld Charges

  #Atom  Element  Kind  Ref Charge     Population                    Net charge
      1       Ti     1      12.000         13.289                        -1.289
      2       Ti     1      12.000         13.468                        -1.468
      3       Ti     1      12.000         13.186                        -1.186
      4       Ti     1      12.000         13.183                        -1.183
      5       Ti     1      12.000         13.505                        -1.505
      6       Ti     1      12.000         13.305                        -1.305
      7       Ti     1      12.000         13.209                        -1.209
      8       Ti     1      12.000         13.266                        -1.266
      9       H      2       1.000          0.546                         0.454
     10       H      2       1.000          0.536                         0.464
     11       H      2       1.000          0.548                         0.452
     12       H      2       1.000          0.504                         0.496
     13       H      2       1.000          0.552                         0.448
     14       H      2       1.000          0.519                         0.481
     15       H      2       1.000          0.521                         0.479
     16       H      2       1.000          0.523                         0.477
     17       H      2       1.000          0.551                         0.449
     18       H      2       1.000          0.545                         0.455
     19       H      2       1.000          0.542                         0.458
     20       H      2       1.000          0.548                         0.452
     21       H      2       1.000          0.427                         0.573
     22       H      2       1.000          0.432                         0.568
     23       H      2       1.000          0.544                         0.456
     24       H      2       1.000          0.546                         0.454
     25       H      2       1.000          0.561                         0.439
     26       H      2       1.000          0.558                         0.442
     27       H      2       1.000          0.523                         0.477
     28       H      2       1.000          0.559                         0.441
     29       H      2       1.000          0.434                         0.566
     30       H      2       1.000          0.566                         0.434
     31       H      2       1.000          0.419                         0.581
     32       H      2       1.000          0.420                         0.580
     33       H      2       1.000          0.481                         0.519
     34       H      2       1.000          0.467                         0.533
     35       H      2       1.000          0.478                         0.522
     36       H      2       1.000          0.458                         0.542
     37       H      2       1.000          0.485                         0.515
     38       H      2       1.000          0.468                         0.532
     39       H      2       1.000          0.543                         0.457
     40       H      2       1.000          0.542                         0.458
     41       H      2       1.000          0.539                         0.461
     42       H      2       1.000          0.604                         0.396
     43       C      3       4.000          3.472                         0.528
     44       C      3       4.000          3.468                         0.532
     45       C      3       4.000          3.489                         0.511
     46       C      3       4.000          3.474                         0.526
     47       C      3       4.000          4.020                        -0.020
     48       C      3       4.000          3.973                         0.027
     49       C      3       4.000          4.016                        -0.016
     50       C      3       4.000          3.977                         0.023
     51       C      3       4.000          3.881                         0.119
     52       C      3       4.000          4.417                        -0.417
     53       C      3       4.000          3.872                         0.128
     54       C      3       4.000          4.356                        -0.356
     55       C      3       4.000          4.340                        -0.340
     56       C      3       4.000          4.389                        -0.389
     57       C      3       4.000          4.355                        -0.355
     58       C      3       4.000          4.403                        -0.403
     59       C      3       4.000          4.000                         0.000
     60       C      3       4.000          4.355                        -0.355
     61       C      3       4.000          4.268                        -0.268
     62       C      3       4.000          3.997                         0.003
     63       C      3       4.000          4.004                        -0.004
     64       C      3       4.000          4.049                        -0.049
     65       C      3       4.000          4.016                        -0.016
     66       C      3       4.000          4.039                        -0.039
     67       C      3       4.000          3.461                         0.539
     68       C      3       4.000          3.500                         0.500
     69       C      3       4.000          3.493                         0.507
     70       C      3       4.000          3.699                         0.301
     71       C      3       4.000          3.707                         0.293
     72       C      3       4.000          3.518                         0.482
     73       C      3       4.000          4.373                        -0.373
     74       C      3       4.000          4.414                        -0.414
     75       C      3       4.000          4.381                        -0.381
     76       C      3       4.000          4.350                        -0.350
     77       C      3       4.000          4.385                        -0.385
     78       C      3       4.000          4.368                        -0.368
     79       C      3       4.000          4.372                        -0.372
     80       C      3       4.000          4.419                        -0.419
     81       C      3       4.000          4.227                        -0.227
     82       C      3       4.000          4.320                        -0.320
     83       C      3       4.000          4.387                        -0.387
     84       C      3       4.000          4.389                        -0.389
     85       C      3       4.000          3.878                         0.122
     86       C      3       4.000          4.339                        -0.339
     87       C      3       4.000          4.426                        -0.426
     88       C      3       4.000          3.912                         0.088
     89       N      4       5.000          5.761                        -0.761
     90       N      4       5.000          5.907                        -0.907
     91       N      4       5.000          5.907                        -0.907
     92       N      4       5.000          5.931                        -0.931
     93       O      5       6.000          6.169                        -0.169
     94       O      5       6.000          6.127                        -0.127
     95       O      5       6.000          6.156                        -0.156
     96       O      5       6.000          6.140                        -0.140
     97       O      5       6.000          6.127                        -0.127
     98       O      5       6.000          6.131                        -0.131
     99       O      5       6.000          6.114                        -0.114
    100       O      5       6.000          6.100                        -0.100
    101       O      5       6.000          5.694                         0.306
    102       O      5       6.000          5.738                         0.262
    103       O      5       6.000          5.771                         0.229
    104       O      5       6.000          5.685                         0.315
    105       O      5       6.000          5.678                         0.322
    106       O      5       6.000          5.805                         0.195
    107       O      5       6.000          5.757                         0.243
    108       O      5       6.000          5.663                         0.337
    109       O      5       6.000          6.129                        -0.129
    110       O      5       6.000          6.130                        -0.130
    111       O      5       6.000          6.116                        -0.116
    112       O      5       6.000          6.062                        -0.062
    113       O      5       6.000          6.163                        -0.163
    114       O      5       6.000          6.020                        -0.020
    115       O      5       6.000          6.127                        -0.127
    116       O      5       6.000          6.114                        -0.114
    117       O      5       6.000          5.982                         0.018
    118       O      5       6.000          6.107                        -0.107
    119       O      5       6.000          6.011                        -0.011
    120       O      5       6.000          6.091                        -0.091
    121       O      5       6.000          5.987                         0.013
    122       O      5       6.000          5.988                         0.012
    123       O      5       6.000          6.261                        -0.261
    124       O      5       6.000          6.181                        -0.181
    125       N      4       5.000          5.156                        -0.156
    126       N      4       5.000          5.144                        -0.144
    127       C      3       4.000          4.179                        -0.179
    128       C      3       4.000          4.278                        -0.278
    129       C      3       4.000          4.902                        -0.902
    130       H      2       1.000          0.525                         0.475
    131       H      2       1.000          0.525                         0.475
    132       H      2       1.000          0.548                         0.452
    133       H      2       1.000          0.510                         0.490
    134       H      2       1.000          0.554                         0.446
    135       C      3       4.000          4.298                        -0.298
    136       C      3       4.000          4.808                        -0.808
    137       H      2       1.000          0.548                         0.452
    138       H      2       1.000          0.567                         0.433
    139       H      2       1.000          0.561                         0.439
    140       C      3       4.000          5.303                        -1.303
    141       H      2       1.000          0.561                         0.439
    142       H      2       1.000          0.557                         0.443
    143       H      2       1.000          0.552                         0.448
    144       C      3       4.000          4.535                        -0.535
    145       C      3       4.000          4.781                        -0.781
    146       H      2       1.000          0.540                         0.460
    147       H      2       1.000          0.550                         0.450
    148       H      2       1.000          0.563                         0.437
    149       H      2       1.000          0.527                         0.473
    150       F      6       7.000          7.220                        -0.220
    151       F      6       7.000          7.197                        -0.197
    152       F      6       7.000          7.360                        -0.360
    153       F      6       7.000          7.216                        -0.216
    154       O      5       6.000          6.452                        -0.452
    155       C      3       4.000          3.225                         0.775
    156       F      6       7.000          7.277                        -0.277
    157       C      3       4.000          3.216                         0.784
    158       F      6       7.000          7.341                        -0.341
    159       S      7       6.000          5.479                         0.521
    160       S      7       6.000          5.391                         0.609
    161       O      5       6.000          6.371                        -0.371
    162       O      5       6.000          6.346                        -0.346
    163       O      5       6.000          6.385                        -0.385
    164       N      4       5.000          5.222                        -0.222

  Total Charge                                                            0.056
 !-----------------------------------------------------------------------------!

 ENERGY| Total FORCE_EVAL ( QS ) energy [hartree]          -1622.707679893654813

 *******************************************************************************
 **                 BAND EVALUATION OF ENERGIES AND FORCES                    **
 *******************************************************************************
 **                                                                           **
 **                                                                           **
 ** Replica Env Nr. :    6              Replica Band Nr. :   14               **
 ** Band  Step  Nr. :    0                                                    **
 *******************************************************************************

 Number of electrons:                                                        674
 Number of occupied orbitals:                                                361
 Number of molecular orbitals:                                               437

 Number of orbital functions:                                               1844
 Number of independent orbital functions:                                   1844

 Parameters for the always stable predictor-corrector (ASPC) method:

  ASPC order: 0

  B(1) =   1.000000

 *** WARNING in fm/cp_fm_elpa.F:521 :: Setting real_kernel for ELPA failed ***


 Extrapolation method: ASPC


 SCF WAVEFUNCTION OPTIMIZATION

  Step     Update method      Time    Convergence         Total energy    Change
  ------------------------------------------------------------------------------

 *** WARNING in fm/cp_fm_elpa.F:521 :: Setting real_kernel for ELPA failed ***

     1 Broy./Diag. 0.15E+00    8.2     0.00033570     -1622.7073675208 -1.62E+03

 *** WARNING in fm/cp_fm_elpa.F:521 :: Setting real_kernel for ELPA failed ***

     2 Broy./Diag. 0.15E+00   12.0     0.00036865     -1622.7099215123 -2.55E-03

 *** WARNING in fm/cp_fm_elpa.F:521 :: Setting real_kernel for ELPA failed ***

     3 Broy./Diag. 0.15E+00   12.3     0.00013714     -1622.7085743713  1.35E-03

 *** WARNING in fm/cp_fm_elpa.F:521 :: Setting real_kernel for ELPA failed ***

     4 Broy./Diag. 0.15E+00   12.6     0.00004317     -1622.7079415383  6.33E-04

  *** SCF run converged in     4 steps ***


  Electronic density on regular grids:       -673.9999999300        0.0000000700
  Core density on regular grids:              673.9999999671       -0.0000000329
  Total charge density on r-space grids:        0.0000000372
  Total charge density g-space grids:           0.0000000372

  Overlap energy of the core charge distribution:               0.00320396655074
  Self energy of the core charge distribution:              -3774.19779000501012
  Core Hamiltonian energy:                                   1086.78643208802805
  Hartree energy:                                            1417.73848186451119
  Exchange-correlation energy:                               -352.80356712001679
  Dispersion energy:                                           -0.22329054490354
  Electronic entropic energy:                                  -0.01141291784302
  Fermi energy:                                                -0.01903313808480

  Total energy:                                             -1622.70794153833003

 !-----------------------------------------------------------------------------!
                     Mulliken Population Analysis

 #  Atom  Element  Kind  Atomic population                           Net charge
       1     Ti       1         11.021577                              0.978423
       2     Ti       1         11.009690                              0.990310
       3     Ti       1         10.940716                              1.059284
       4     Ti       1         10.932229                              1.067771
       5     Ti       1         11.016492                              0.983508
       6     Ti       1         11.027791                              0.972209
       7     Ti       1         10.964737                              1.035263
       8     Ti       1         10.961105                              1.038895
       9     H        2          0.932305                              0.067695
      10     H        2          0.925028                              0.074972
      11     H        2          0.931357                              0.068643
      12     H        2          0.915502                              0.084498
      13     H        2          0.935898                              0.064102
      14     H        2          0.941644                              0.058356
      15     H        2          0.919919                              0.080081
      16     H        2          0.945255                              0.054745
      17     H        2          0.927565                              0.072435
      18     H        2          0.928016                              0.071984
      19     H        2          0.927572                              0.072428
      20     H        2          0.922261                              0.077739
      21     H        2          0.862143                              0.137857
      22     H        2          0.860850                              0.139150
      23     H        2          0.936272                              0.063728
      24     H        2          0.941554                              0.058446
      25     H        2          0.937956                              0.062044
      26     H        2          0.929265                              0.070735
      27     H        2          0.920783                              0.079217
      28     H        2          0.935605                              0.064395
      29     H        2          0.879783                              0.120217
      30     H        2          0.919635                              0.080365
      31     H        2          0.840125                              0.159875
      32     H        2          0.839435                              0.160565
      33     H        2          0.886569                              0.113431
      34     H        2          0.888440                              0.111560
      35     H        2          0.893226                              0.106774
      36     H        2          0.883297                              0.116703
      37     H        2          0.897129                              0.102871
      38     H        2          0.894576                              0.105424
      39     H        2          0.937711                              0.062289
      40     H        2          0.922918                              0.077082
      41     H        2          0.936613                              0.063387
      42     H        2          0.877225                              0.122775
      43     C        3          3.771840                              0.228160
      44     C        3          3.774967                              0.225033
      45     C        3          3.785895                              0.214105
      46     C        3          3.776718                              0.223282
      47     C        3          4.070218                             -0.070218
      48     C        3          4.029578                             -0.029578
      49     C        3          4.090504                             -0.090504
      50     C        3          4.069123                             -0.069123
      51     C        3          3.964660                              0.035340
      52     C        3          4.019099                             -0.019099
      53     C        3          3.909035                              0.090965
      54     C        3          3.940131                              0.059869
      55     C        3          4.027923                             -0.027923
      56     C        3          3.994723                              0.005277
      57     C        3          4.003887                             -0.003887
      58     C        3          4.043815                             -0.043815
      59     C        3          4.034259                             -0.034259
      60     C        3          4.044356                             -0.044356
      61     C        3          4.011463                             -0.011463
      62     C        3          4.083840                             -0.083840
      63     C        3          3.998600                              0.001400
      64     C        3          4.042789                             -0.042789
      65     C        3          4.007095                             -0.007095
      66     C        3          4.014204                             -0.014204
      67     C        3          3.775416                              0.224584
      68     C        3          3.801481                              0.198519
      69     C        3          3.781610                              0.218390
      70     C        3          3.804358                              0.195642
      71     C        3          3.798341                              0.201659
      72     C        3          3.784497                              0.215503
      73     C        3          4.011765                             -0.011765
      74     C        3          4.038674                             -0.038674
      75     C        3          3.966009                              0.033991
      76     C        3          3.999148                              0.000852
      77     C        3          4.030950                             -0.030950
      78     C        3          4.034451                             -0.034451
      79     C        3          4.021226                             -0.021226
      80     C        3          3.967843                              0.032157
      81     C        3          4.025205                             -0.025205
      82     C        3          3.993097                              0.006903
      83     C        3          4.022302                             -0.022302
      84     C        3          4.036329                             -0.036329
      85     C        3          3.993441                              0.006559
      86     C        3          4.014871                             -0.014871
      87     C        3          3.951526                              0.048474
      88     C        3          4.023561                             -0.023561
      89     N        4          4.964343                              0.035657
      90     N        4          5.065585                             -0.065585
      91     N        4          5.050200                             -0.050200
      92     N        4          5.052734                             -0.052734
      93     O        5          6.357775                             -0.357775
      94     O        5          6.329887                             -0.329887
      95     O        5          6.303675                             -0.303675
      96     O        5          6.295110                             -0.295110
      97     O        5          6.329644                             -0.329644
      98     O        5          6.341747                             -0.341747
      99     O        5          6.292196                             -0.292196
     100     O        5          6.258018                             -0.258018
     101     O        5          6.437906                             -0.437906
     102     O        5          6.514775                             -0.514775
     103     O        5          6.501478                             -0.501478
     104     O        5          6.449682                             -0.449682
     105     O        5          6.460277                             -0.460277
     106     O        5          6.534111                             -0.534111
     107     O        5          6.511201                             -0.511201
     108     O        5          6.421632                             -0.421632
     109     O        5          6.364924                             -0.364924
     110     O        5          6.367424                             -0.367424
     111     O        5          6.390289                             -0.390289
     112     O        5          6.330141                             -0.330141
     113     O        5          6.508706                             -0.508706
     114     O        5          6.262433                             -0.262433
     115     O        5          6.371784                             -0.371784
     116     O        5          6.352177                             -0.352177
     117     O        5          6.286837                             -0.286837
     118     O        5          6.405081                             -0.405081
     119     O        5          6.254574                             -0.254574
     120     O        5          6.460237                             -0.460237
     121     O        5          6.534691                             -0.534691
     122     O        5          6.532982                             -0.532982
     123     O        5          6.496292                             -0.496292
     124     O        5          6.471567                             -0.471567
     125     N        4          4.867736                              0.132264
     126     N        4          4.840832                              0.159168
     127     C        3          3.918134                              0.081866
     128     C        3          3.974799                              0.025201
     129     C        3          4.182003                             -0.182003
     130     H        2          0.928756                              0.071244
     131     H        2          0.936930                              0.063070
     132     H        2          0.917561                              0.082439
     133     H        2          0.915482                              0.084518
     134     H        2          0.918308                              0.081692
     135     C        3          3.982865                              0.017135
     136     C        3          4.148754                             -0.148754
     137     H        2          0.919833                              0.080167
     138     H        2          0.914343                              0.085657
     139     H        2          0.920543                              0.079457
     140     C        3          4.261221                             -0.261221
     141     H        2          0.920699                              0.079301
     142     H        2          0.919618                              0.080382
     143     H        2          0.907060                              0.092940
     144     C        3          4.083678                             -0.083678
     145     C        3          4.154150                             -0.154150
     146     H        2          0.902453                              0.097547
     147     H        2          0.907718                              0.092282
     148     H        2          0.918499                              0.081501
     149     H        2          0.940099                              0.059901
     150     F        6          6.986821                              0.013179
     151     F        6          6.932060                              0.067940
     152     F        6          7.204680                             -0.204680
     153     F        6          6.981440                              0.018560
     154     O        5          6.432739                             -0.432739
     155     C        3          3.848707                              0.151293
     156     F        6          7.060099                             -0.060099
     157     C        3          3.804285                              0.195715
     158     F        6          7.176232                             -0.176232
     159     S        7          6.338170                             -0.338170
     160     S        7          6.321316                             -0.321316
     161     O        5          5.832124                              0.167876
     162     O        5          5.673161                              0.326839
     163     O        5          6.151483                             -0.151483
     164     N        4          4.959905                              0.040095
 # Total charge                            674.000000                  0.000000

 !-----------------------------------------------------------------------------!

 !-----------------------------------------------------------------------------!
                           Hirshfeld Charges

  #Atom  Element  Kind  Ref Charge     Population                    Net charge
      1       Ti     1      12.000         13.289                        -1.289
      2       Ti     1      12.000         13.468                        -1.468
      3       Ti     1      12.000         13.186                        -1.186
      4       Ti     1      12.000         13.183                        -1.183
      5       Ti     1      12.000         13.504                        -1.504
      6       Ti     1      12.000         13.305                        -1.305
      7       Ti     1      12.000         13.209                        -1.209
      8       Ti     1      12.000         13.266                        -1.266
      9       H      2       1.000          0.546                         0.454
     10       H      2       1.000          0.536                         0.464
     11       H      2       1.000          0.548                         0.452
     12       H      2       1.000          0.504                         0.496
     13       H      2       1.000          0.552                         0.448
     14       H      2       1.000          0.519                         0.481
     15       H      2       1.000          0.521                         0.479
     16       H      2       1.000          0.523                         0.477
     17       H      2       1.000          0.551                         0.449
     18       H      2       1.000          0.545                         0.455
     19       H      2       1.000          0.542                         0.458
     20       H      2       1.000          0.548                         0.452
     21       H      2       1.000          0.427                         0.573
     22       H      2       1.000          0.432                         0.568
     23       H      2       1.000          0.544                         0.456
     24       H      2       1.000          0.546                         0.454
     25       H      2       1.000          0.561                         0.439
     26       H      2       1.000          0.558                         0.442
     27       H      2       1.000          0.523                         0.477
     28       H      2       1.000          0.559                         0.441
     29       H      2       1.000          0.434                         0.566
     30       H      2       1.000          0.566                         0.434
     31       H      2       1.000          0.419                         0.581
     32       H      2       1.000          0.419                         0.581
     33       H      2       1.000          0.481                         0.519
     34       H      2       1.000          0.467                         0.533
     35       H      2       1.000          0.478                         0.522
     36       H      2       1.000          0.458                         0.542
     37       H      2       1.000          0.485                         0.515
     38       H      2       1.000          0.468                         0.532
     39       H      2       1.000          0.543                         0.457
     40       H      2       1.000          0.542                         0.458
     41       H      2       1.000          0.539                         0.461
     42       H      2       1.000          0.604                         0.396
     43       C      3       4.000          3.472                         0.528
     44       C      3       4.000          3.468                         0.532
     45       C      3       4.000          3.489                         0.511
     46       C      3       4.000          3.474                         0.526
     47       C      3       4.000          4.020                        -0.020
     48       C      3       4.000          3.973                         0.027
     49       C      3       4.000          4.016                        -0.016
     50       C      3       4.000          3.977                         0.023
     51       C      3       4.000          3.881                         0.119
     52       C      3       4.000          4.417                        -0.417
     53       C      3       4.000          3.872                         0.128
     54       C      3       4.000          4.356                        -0.356
     55       C      3       4.000          4.340                        -0.340
     56       C      3       4.000          4.389                        -0.389
     57       C      3       4.000          4.355                        -0.355
     58       C      3       4.000          4.403                        -0.403
     59       C      3       4.000          4.000                         0.000
     60       C      3       4.000          4.355                        -0.355
     61       C      3       4.000          4.268                        -0.268
     62       C      3       4.000          3.997                         0.003
     63       C      3       4.000          4.004                        -0.004
     64       C      3       4.000          4.049                        -0.049
     65       C      3       4.000          4.016                        -0.016
     66       C      3       4.000          4.039                        -0.039
     67       C      3       4.000          3.461                         0.539
     68       C      3       4.000          3.500                         0.500
     69       C      3       4.000          3.493                         0.507
     70       C      3       4.000          3.699                         0.301
     71       C      3       4.000          3.707                         0.293
     72       C      3       4.000          3.518                         0.482
     73       C      3       4.000          4.373                        -0.373
     74       C      3       4.000          4.414                        -0.414
     75       C      3       4.000          4.381                        -0.381
     76       C      3       4.000          4.350                        -0.350
     77       C      3       4.000          4.385                        -0.385
     78       C      3       4.000          4.368                        -0.368
     79       C      3       4.000          4.372                        -0.372
     80       C      3       4.000          4.419                        -0.419
     81       C      3       4.000          4.227                        -0.227
     82       C      3       4.000          4.320                        -0.320
     83       C      3       4.000          4.387                        -0.387
     84       C      3       4.000          4.389                        -0.389
     85       C      3       4.000          3.878                         0.122
     86       C      3       4.000          4.339                        -0.339
     87       C      3       4.000          4.427                        -0.427
     88       C      3       4.000          3.912                         0.088
     89       N      4       5.000          5.761                        -0.761
     90       N      4       5.000          5.907                        -0.907
     91       N      4       5.000          5.907                        -0.907
     92       N      4       5.000          5.931                        -0.931
     93       O      5       6.000          6.169                        -0.169
     94       O      5       6.000          6.127                        -0.127
     95       O      5       6.000          6.156                        -0.156
     96       O      5       6.000          6.140                        -0.140
     97       O      5       6.000          6.127                        -0.127
     98       O      5       6.000          6.131                        -0.131
     99       O      5       6.000          6.114                        -0.114
    100       O      5       6.000          6.100                        -0.100
    101       O      5       6.000          5.694                         0.306
    102       O      5       6.000          5.738                         0.262
    103       O      5       6.000          5.771                         0.229
    104       O      5       6.000          5.685                         0.315
    105       O      5       6.000          5.678                         0.322
    106       O      5       6.000          5.805                         0.195
    107       O      5       6.000          5.757                         0.243
    108       O      5       6.000          5.663                         0.337
    109       O      5       6.000          6.129                        -0.129
    110       O      5       6.000          6.130                        -0.130
    111       O      5       6.000          6.116                        -0.116
    112       O      5       6.000          6.062                        -0.062
    113       O      5       6.000          6.163                        -0.163
    114       O      5       6.000          6.020                        -0.020
    115       O      5       6.000          6.127                        -0.127
    116       O      5       6.000          6.114                        -0.114
    117       O      5       6.000          5.982                         0.018
    118       O      5       6.000          6.107                        -0.107
    119       O      5       6.000          6.011                        -0.011
    120       O      5       6.000          6.091                        -0.091
    121       O      5       6.000          5.987                         0.013
    122       O      5       6.000          5.988                         0.012
    123       O      5       6.000          6.260                        -0.260
    124       O      5       6.000          6.181                        -0.181
    125       N      4       5.000          5.155                        -0.155
    126       N      4       5.000          5.144                        -0.144
    127       C      3       4.000          4.179                        -0.179
    128       C      3       4.000          4.278                        -0.278
    129       C      3       4.000          4.902                        -0.902
    130       H      2       1.000          0.525                         0.475
    131       H      2       1.000          0.525                         0.475
    132       H      2       1.000          0.548                         0.452
    133       H      2       1.000          0.510                         0.490
    134       H      2       1.000          0.554                         0.446
    135       C      3       4.000          4.298                        -0.298
    136       C      3       4.000          4.808                        -0.808
    137       H      2       1.000          0.548                         0.452
    138       H      2       1.000          0.567                         0.433
    139       H      2       1.000          0.561                         0.439
    140       C      3       4.000          5.303                        -1.303
    141       H      2       1.000          0.561                         0.439
    142       H      2       1.000          0.557                         0.443
    143       H      2       1.000          0.552                         0.448
    144       C      3       4.000          4.535                        -0.535
    145       C      3       4.000          4.781                        -0.781
    146       H      2       1.000          0.540                         0.460
    147       H      2       1.000          0.550                         0.450
    148       H      2       1.000          0.563                         0.437
    149       H      2       1.000          0.527                         0.473
    150       F      6       7.000          7.220                        -0.220
    151       F      6       7.000          7.197                        -0.197
    152       F      6       7.000          7.360                        -0.360
    153       F      6       7.000          7.216                        -0.216
    154       O      5       6.000          6.452                        -0.452
    155       C      3       4.000          3.225                         0.775
    156       F      6       7.000          7.277                        -0.277
    157       C      3       4.000          3.216                         0.784
    158       F      6       7.000          7.341                        -0.341
    159       S      7       6.000          5.479                         0.521
    160       S      7       6.000          5.391                         0.609
    161       O      5       6.000          6.371                        -0.371
    162       O      5       6.000          6.346                        -0.346
    163       O      5       6.000          6.385                        -0.385
    164       N      4       5.000          5.222                        -0.222

  Total Charge                                                            0.056
 !-----------------------------------------------------------------------------!

 ENERGY| Total FORCE_EVAL ( QS ) energy [hartree]          -1622.707367520751404

 *******************************************************************************
 **                 BAND EVALUATION OF ENERGIES AND FORCES                    **
 *******************************************************************************
 **                                                                           **
 **                                                                           **
 ** Replica Env Nr. :    6              Replica Band Nr. :   14               **
 ** Band  Step  Nr. :    1                                                    **
 *******************************************************************************

 Number of electrons:                                                        674
 Number of occupied orbitals:                                                361
 Number of molecular orbitals:                                               437

 Number of orbital functions:                                               1844
 Number of independent orbital functions:                                   1844

 Parameters for the always stable predictor-corrector (ASPC) method:

  ASPC order: 1

  B(1) =   2.500000
  B(2) =  -2.000000
  B(3) =   0.500000

 *** WARNING in fm/cp_fm_elpa.F:521 :: Setting real_kernel for ELPA failed ***


 Extrapolation method: ASPC


 SCF WAVEFUNCTION OPTIMIZATION

  Step     Update method      Time    Convergence         Total energy    Change
  ------------------------------------------------------------------------------

 *** WARNING in fm/cp_fm_elpa.F:521 :: Setting real_kernel for ELPA failed ***

     1 Broy./Diag. 0.15E+00    8.1     0.00022639     -1622.7076795683 -1.62E+03

 *** WARNING in fm/cp_fm_elpa.F:521 :: Setting real_kernel for ELPA failed ***

     2 Broy./Diag. 0.15E+00   11.6     0.00023972     -1622.7081021032 -4.23E-04

 *** WARNING in fm/cp_fm_elpa.F:521 :: Setting real_kernel for ELPA failed ***

     3 Broy./Diag. 0.15E+00   12.4     0.00011071     -1622.7074688990  6.33E-04

 *** WARNING in fm/cp_fm_elpa.F:521 :: Setting real_kernel for ELPA failed ***

     4 Broy./Diag. 0.15E+00   12.4     0.00008186     -1622.7076271870 -1.58E-04

 *** WARNING in fm/cp_fm_elpa.F:521 :: Setting real_kernel for ELPA failed ***

     5 Broy./Diag. 0.15E+00   12.6     0.00002810     -1622.7075510024  7.62E-05

  *** SCF run converged in     5 steps ***


  Electronic density on regular grids:       -673.9999999300        0.0000000700
  Core density on regular grids:              673.9999999671       -0.0000000329
  Total charge density on r-space grids:        0.0000000372
  Total charge density g-space grids:           0.0000000372

  Overlap energy of the core charge distribution:               0.00320281486863
  Self energy of the core charge distribution:              -3774.19779000501012
  Core Hamiltonian energy:                                   1086.78638206325672
  Hartree energy:                                            1417.73884380478898
  Exchange-correlation energy:                               -352.80348715688302
  Dispersion energy:                                           -0.22329062937510
  Electronic entropic energy:                                  -0.01141252096138
  Fermi energy:                                                -0.01902986278623

  Total energy:                                             -1622.70755100241354

 !-----------------------------------------------------------------------------!
                     Mulliken Population Analysis

 #  Atom  Element  Kind  Atomic population                           Net charge
       1     Ti       1         11.021576                              0.978424
       2     Ti       1         11.009664                              0.990336
       3     Ti       1         10.940714                              1.059286
       4     Ti       1         10.932246                              1.067754
       5     Ti       1         11.016475                              0.983525
       6     Ti       1         11.027782                              0.972218
       7     Ti       1         10.964741                              1.035259
       8     Ti       1         10.961121                              1.038879
       9     H        2          0.932303                              0.067697
      10     H        2          0.925028                              0.074972
      11     H        2          0.931362                              0.068638
      12     H        2          0.915501                              0.084499
      13     H        2          0.935899                              0.064101
      14     H        2          0.941632                              0.058368
      15     H        2          0.919916                              0.080084
      16     H        2          0.945251                              0.054749
      17     H        2          0.927561                              0.072439
      18     H        2          0.928017                              0.071983
      19     H        2          0.927573                              0.072427
      20     H        2          0.922260                              0.077740
      21     H        2          0.862148                              0.137852
      22     H        2          0.860852                              0.139148
      23     H        2          0.936283                              0.063717
      24     H        2          0.941564                              0.058436
      25     H        2          0.937959                              0.062041
      26     H        2          0.929273                              0.070727
      27     H        2          0.920791                              0.079209
      28     H        2          0.935615                              0.064385
      29     H        2          0.879789                              0.120211
      30     H        2          0.919640                              0.080360
      31     H        2          0.840127                              0.159873
      32     H        2          0.839439                              0.160561
      33     H        2          0.886559                              0.113441
      34     H        2          0.888428                              0.111572
      35     H        2          0.893232                              0.106768
      36     H        2          0.883305                              0.116695
      37     H        2          0.897137                              0.102863
      38     H        2          0.894574                              0.105426
      39     H        2          0.937712                              0.062288
      40     H        2          0.922920                              0.077080
      41     H        2          0.936628                              0.063372
      42     H        2          0.877236                              0.122764
      43     C        3          3.771846                              0.228154
      44     C        3          3.774950                              0.225050
      45     C        3          3.785869                              0.214131
      46     C        3          3.776727                              0.223273
      47     C        3          4.070212                             -0.070212
      48     C        3          4.029574                             -0.029574
      49     C        3          4.090501                             -0.090501
      50     C        3          4.069091                             -0.069091
      51     C        3          3.964650                              0.035350
      52     C        3          4.019093                             -0.019093
      53     C        3          3.909025                              0.090975
      54     C        3          3.940137                              0.059863
      55     C        3          4.027927                             -0.027927
      56     C        3          3.994713                              0.005287
      57     C        3          4.003888                             -0.003888
      58     C        3          4.043807                             -0.043807
      59     C        3          4.034259                             -0.034259
      60     C        3          4.044357                             -0.044357
      61     C        3          4.011445                             -0.011445
      62     C        3          4.083835                             -0.083835
      63     C        3          3.998585                              0.001415
      64     C        3          4.042782                             -0.042782
      65     C        3          4.007094                             -0.007094
      66     C        3          4.014198                             -0.014198
      67     C        3          3.775435                              0.224565
      68     C        3          3.801491                              0.198509
      69     C        3          3.781615                              0.218385
      70     C        3          3.804359                              0.195641
      71     C        3          3.798336                              0.201664
      72     C        3          3.784491                              0.215509
      73     C        3          4.011761                             -0.011761
      74     C        3          4.038665                             -0.038665
      75     C        3          3.966020                              0.033980
      76     C        3          3.999147                              0.000853
      77     C        3          4.030946                             -0.030946
      78     C        3          4.034432                             -0.034432
      79     C        3          4.021224                             -0.021224
      80     C        3          3.967866                              0.032134
      81     C        3          4.025214                             -0.025214
      82     C        3          3.993093                              0.006907
      83     C        3          4.022299                             -0.022299
      84     C        3          4.036323                             -0.036323
      85     C        3          3.993430                              0.006570
      86     C        3          4.014870                             -0.014870
      87     C        3          3.951529                              0.048471
      88     C        3          4.023558                             -0.023558
      89     N        4          4.964336                              0.035664
      90     N        4          5.065611                             -0.065611
      91     N        4          5.050203                             -0.050203
      92     N        4          5.052735                             -0.052735
      93     O        5          6.357788                             -0.357788
      94     O        5          6.329896                             -0.329896
      95     O        5          6.303682                             -0.303682
      96     O        5          6.295117                             -0.295117
      97     O        5          6.329656                             -0.329656
      98     O        5          6.341755                             -0.341755
      99     O        5          6.292208                             -0.292208
     100     O        5          6.258027                             -0.258027
     101     O        5          6.437910                             -0.437910
     102     O        5          6.514775                             -0.514775
     103     O        5          6.501484                             -0.501484
     104     O        5          6.449678                             -0.449678
     105     O        5          6.460272                             -0.460272
     106     O        5          6.534117                             -0.534117
     107     O        5          6.511200                             -0.511200
     108     O        5          6.421637                             -0.421637
     109     O        5          6.364928                             -0.364928
     110     O        5          6.367425                             -0.367425
     111     O        5          6.390296                             -0.390296
     112     O        5          6.330147                             -0.330147
     113     O        5          6.508700                             -0.508700
     114     O        5          6.262438                             -0.262438
     115     O        5          6.371785                             -0.371785
     116     O        5          6.352181                             -0.352181
     117     O        5          6.286841                             -0.286841
     118     O        5          6.405085                             -0.405085
     119     O        5          6.254578                             -0.254578
     120     O        5          6.460231                             -0.460231
     121     O        5          6.534684                             -0.534684
     122     O        5          6.532970                             -0.532970
     123     O        5          6.496276                             -0.496276
     124     O        5          6.471552                             -0.471552
     125     N        4          4.867743                              0.132257
     126     N        4          4.840828                              0.159172
     127     C        3          3.918142                              0.081858
     128     C        3          3.974797                              0.025203
     129     C        3          4.182019                             -0.182019
     130     H        2          0.928753                              0.071247
     131     H        2          0.936921                              0.063079
     132     H        2          0.917549                              0.082451
     133     H        2          0.915489                              0.084511
     134     H        2          0.918301                              0.081699
     135     C        3          3.982863                              0.017137
     136     C        3          4.148747                             -0.148747
     137     H        2          0.919831                              0.080169
     138     H        2          0.914351                              0.085649
     139     H        2          0.920546                              0.079454
     140     C        3          4.261210                             -0.261210
     141     H        2          0.920708                              0.079292
     142     H        2          0.919621                              0.080379
     143     H        2          0.907071                              0.092929
     144     C        3          4.083688                             -0.083688
     145     C        3          4.154142                             -0.154142
     146     H        2          0.902447                              0.097553
     147     H        2          0.907712                              0.092288
     148     H        2          0.918499                              0.081501
     149     H        2          0.940088                              0.059912
     150     F        6          6.986828                              0.013172
     151     F        6          6.932070                              0.067930
     152     F        6          7.204675                             -0.204675
     153     F        6          6.981442                              0.018558
     154     O        5          6.432731                             -0.432731
     155     C        3          3.848713                              0.151287
     156     F        6          7.060100                             -0.060100
     157     C        3          3.804289                              0.195711
     158     F        6          7.176228                             -0.176228
     159     S        7          6.338087                             -0.338087
     160     S        7          6.321241                             -0.321241
     161     O        5          5.832186                              0.167814
     162     O        5          5.673243                              0.326757
     163     O        5          6.151470                             -0.151470
     164     N        4          4.959921                              0.040079
 # Total charge                            674.000000                  0.000000

 !-----------------------------------------------------------------------------!

 !-----------------------------------------------------------------------------!
                           Hirshfeld Charges

  #Atom  Element  Kind  Ref Charge     Population                    Net charge
      1       Ti     1      12.000         13.289                        -1.289
      2       Ti     1      12.000         13.468                        -1.468
      3       Ti     1      12.000         13.186                        -1.186
      4       Ti     1      12.000         13.183                        -1.183
      5       Ti     1      12.000         13.504                        -1.504
      6       Ti     1      12.000         13.305                        -1.305
      7       Ti     1      12.000         13.209                        -1.209
      8       Ti     1      12.000         13.266                        -1.266
      9       H      2       1.000          0.546                         0.454
     10       H      2       1.000          0.536                         0.464
     11       H      2       1.000          0.548                         0.452
     12       H      2       1.000          0.504                         0.496
     13       H      2       1.000          0.552                         0.448
     14       H      2       1.000          0.519                         0.481
     15       H      2       1.000          0.521                         0.479
     16       H      2       1.000          0.523                         0.477
     17       H      2       1.000          0.551                         0.449
     18       H      2       1.000          0.545                         0.455
     19       H      2       1.000          0.542                         0.458
     20       H      2       1.000          0.548                         0.452
     21       H      2       1.000          0.427                         0.573
     22       H      2       1.000          0.432                         0.568
     23       H      2       1.000          0.544                         0.456
     24       H      2       1.000          0.546                         0.454
     25       H      2       1.000          0.561                         0.439
     26       H      2       1.000          0.558                         0.442
     27       H      2       1.000          0.523                         0.477
     28       H      2       1.000          0.559                         0.441
     29       H      2       1.000          0.434                         0.566
     30       H      2       1.000          0.566                         0.434
     31       H      2       1.000          0.419                         0.581
     32       H      2       1.000          0.419                         0.581
     33       H      2       1.000          0.481                         0.519
     34       H      2       1.000          0.467                         0.533
     35       H      2       1.000          0.478                         0.522
     36       H      2       1.000          0.458                         0.542
     37       H      2       1.000          0.485                         0.515
     38       H      2       1.000          0.468                         0.532
     39       H      2       1.000          0.543                         0.457
     40       H      2       1.000          0.542                         0.458
     41       H      2       1.000          0.539                         0.461
     42       H      2       1.000          0.604                         0.396
     43       C      3       4.000          3.472                         0.528
     44       C      3       4.000          3.468                         0.532
     45       C      3       4.000          3.489                         0.511
     46       C      3       4.000          3.474                         0.526
     47       C      3       4.000          4.020                        -0.020
     48       C      3       4.000          3.973                         0.027
     49       C      3       4.000          4.016                        -0.016
     50       C      3       4.000          3.977                         0.023
     51       C      3       4.000          3.881                         0.119
     52       C      3       4.000          4.417                        -0.417
     53       C      3       4.000          3.872                         0.128
     54       C      3       4.000          4.356                        -0.356
     55       C      3       4.000          4.340                        -0.340
     56       C      3       4.000          4.389                        -0.389
     57       C      3       4.000          4.355                        -0.355
     58       C      3       4.000          4.403                        -0.403
     59       C      3       4.000          4.000                         0.000
     60       C      3       4.000          4.355                        -0.355
     61       C      3       4.000          4.268                        -0.268
     62       C      3       4.000          3.997                         0.003
     63       C      3       4.000          4.004                        -0.004
     64       C      3       4.000          4.049                        -0.049
     65       C      3       4.000          4.016                        -0.016
     66       C      3       4.000          4.039                        -0.039
     67       C      3       4.000          3.461                         0.539
     68       C      3       4.000          3.500                         0.500
     69       C      3       4.000          3.493                         0.507
     70       C      3       4.000          3.699                         0.301
     71       C      3       4.000          3.707                         0.293
     72       C      3       4.000          3.518                         0.482
     73       C      3       4.000          4.373                        -0.373
     74       C      3       4.000          4.414                        -0.414
     75       C      3       4.000          4.381                        -0.381
     76       C      3       4.000          4.350                        -0.350
     77       C      3       4.000          4.385                        -0.385
     78       C      3       4.000          4.368                        -0.368
     79       C      3       4.000          4.372                        -0.372
     80       C      3       4.000          4.419                        -0.419
     81       C      3       4.000          4.227                        -0.227
     82       C      3       4.000          4.320                        -0.320
     83       C      3       4.000          4.387                        -0.387
     84       C      3       4.000          4.389                        -0.389
     85       C      3       4.000          3.878                         0.122
     86       C      3       4.000          4.339                        -0.339
     87       C      3       4.000          4.427                        -0.427
     88       C      3       4.000          3.912                         0.088
     89       N      4       5.000          5.761                        -0.761
     90       N      4       5.000          5.907                        -0.907
     91       N      4       5.000          5.907                        -0.907
     92       N      4       5.000          5.931                        -0.931
     93       O      5       6.000          6.169                        -0.169
     94       O      5       6.000          6.127                        -0.127
     95       O      5       6.000          6.156                        -0.156
     96       O      5       6.000          6.140                        -0.140
     97       O      5       6.000          6.127                        -0.127
     98       O      5       6.000          6.131                        -0.131
     99       O      5       6.000          6.114                        -0.114
    100       O      5       6.000          6.100                        -0.100
    101       O      5       6.000          5.694                         0.306
    102       O      5       6.000          5.738                         0.262
    103       O      5       6.000          5.771                         0.229
    104       O      5       6.000          5.685                         0.315
    105       O      5       6.000          5.678                         0.322
    106       O      5       6.000          5.805                         0.195
    107       O      5       6.000          5.757                         0.243
    108       O      5       6.000          5.663                         0.337
    109       O      5       6.000          6.129                        -0.129
    110       O      5       6.000          6.130                        -0.130
    111       O      5       6.000          6.116                        -0.116
    112       O      5       6.000          6.062                        -0.062
    113       O      5       6.000          6.163                        -0.163
    114       O      5       6.000          6.020                        -0.020
    115       O      5       6.000          6.127                        -0.127
    116       O      5       6.000          6.114                        -0.114
    117       O      5       6.000          5.982                         0.018
    118       O      5       6.000          6.107                        -0.107
    119       O      5       6.000          6.011                        -0.011
    120       O      5       6.000          6.091                        -0.091
    121       O      5       6.000          5.987                         0.013
    122       O      5       6.000          5.988                         0.012
    123       O      5       6.000          6.260                        -0.260
    124       O      5       6.000          6.181                        -0.181
    125       N      4       5.000          5.156                        -0.156
    126       N      4       5.000          5.144                        -0.144
    127       C      3       4.000          4.179                        -0.179
    128       C      3       4.000          4.278                        -0.278
    129       C      3       4.000          4.902                        -0.902
    130       H      2       1.000          0.525                         0.475
    131       H      2       1.000          0.525                         0.475
    132       H      2       1.000          0.548                         0.452
    133       H      2       1.000          0.510                         0.490
    134       H      2       1.000          0.554                         0.446
    135       C      3       4.000          4.298                        -0.298
    136       C      3       4.000          4.808                        -0.808
    137       H      2       1.000          0.548                         0.452
    138       H      2       1.000          0.567                         0.433
    139       H      2       1.000          0.561                         0.439
    140       C      3       4.000          5.303                        -1.303
    141       H      2       1.000          0.561                         0.439
    142       H      2       1.000          0.557                         0.443
    143       H      2       1.000          0.552                         0.448
    144       C      3       4.000          4.535                        -0.535
    145       C      3       4.000          4.781                        -0.781
    146       H      2       1.000          0.540                         0.460
    147       H      2       1.000          0.550                         0.450
    148       H      2       1.000          0.563                         0.437
    149       H      2       1.000          0.527                         0.473
    150       F      6       7.000          7.220                        -0.220
    151       F      6       7.000          7.197                        -0.197
    152       F      6       7.000          7.360                        -0.360
    153       F      6       7.000          7.216                        -0.216
    154       O      5       6.000          6.452                        -0.452
    155       C      3       4.000          3.225                         0.775
    156       F      6       7.000          7.277                        -0.277
    157       C      3       4.000          3.216                         0.784
    158       F      6       7.000          7.341                        -0.341
    159       S      7       6.000          5.479                         0.521
    160       S      7       6.000          5.391                         0.609
    161       O      5       6.000          6.371                        -0.371
    162       O      5       6.000          6.346                        -0.346
    163       O      5       6.000          6.385                        -0.385
    164       N      4       5.000          5.222                        -0.222

  Total Charge                                                            0.056
 !-----------------------------------------------------------------------------!

 ENERGY| Total FORCE_EVAL ( QS ) energy [hartree]          -1622.707679946585813

 *******************************************************************************
 **                 BAND EVALUATION OF ENERGIES AND FORCES                    **
 *******************************************************************************
 **                                                                           **
 **                                                                           **
 ** Replica Env Nr. :    6              Replica Band Nr. :   14               **
 ** Band  Step  Nr. :    0                                                    **
 *******************************************************************************

 Number of electrons:                                                        674
 Number of occupied orbitals:                                                361
 Number of molecular orbitals:                                               437

 Number of orbital functions:                                               1844
 Number of independent orbital functions:                                   1844

 Parameters for the always stable predictor-corrector (ASPC) method:

  ASPC order: 0

  B(1) =   1.000000

 *** WARNING in fm/cp_fm_elpa.F:521 :: Setting real_kernel for ELPA failed ***


 Extrapolation method: ASPC


 SCF WAVEFUNCTION OPTIMIZATION

  Step     Update method      Time    Convergence         Total energy    Change
  ------------------------------------------------------------------------------

 *** WARNING in fm/cp_fm_elpa.F:521 :: Setting real_kernel for ELPA failed ***

     1 Broy./Diag. 0.15E+00    8.6     0.00022898     -1622.7073675567 -1.62E+03

 *** WARNING in fm/cp_fm_elpa.F:521 :: Setting real_kernel for ELPA failed ***

     2 Broy./Diag. 0.15E+00   12.2     0.00020015     -1622.7052051766  2.16E-03

 *** WARNING in fm/cp_fm_elpa.F:521 :: Setting real_kernel for ELPA failed ***

     3 Broy./Diag. 0.15E+00   12.5     0.00007544     -1622.7063554966 -1.15E-03

 *** WARNING in fm/cp_fm_elpa.F:521 :: Setting real_kernel for ELPA failed ***

     4 Broy./Diag. 0.15E+00   12.9     0.00003544     -1622.7069225726 -5.67E-04

  *** SCF run converged in     4 steps ***


  Electronic density on regular grids:       -673.9999999300        0.0000000700
  Core density on regular grids:              673.9999999671       -0.0000000329
  Total charge density on r-space grids:        0.0000000372
  Total charge density g-space grids:           0.0000000372

  Overlap energy of the core charge distribution:               0.00320396655074
  Self energy of the core charge distribution:              -3774.19779000501012
  Core Hamiltonian energy:                                   1086.78827881838856
  Hartree energy:                                            1417.73772445054988
  Exchange-correlation energy:                               -352.80363819445699
  Dispersion energy:                                           -0.22329054490354
  Electronic entropic energy:                                  -0.01141033289656
  Fermi energy:                                                -0.01904000586068

  Total energy:                                             -1622.70692257262704

 !-----------------------------------------------------------------------------!
                     Mulliken Population Analysis

 #  Atom  Element  Kind  Atomic population                           Net charge
       1     Ti       1         11.021590                              0.978410
       2     Ti       1         11.009675                              0.990325
       3     Ti       1         10.940727                              1.059273
       4     Ti       1         10.932330                              1.067670
       5     Ti       1         11.016504                              0.983496
       6     Ti       1         11.027798                              0.972202
       7     Ti       1         10.964760                              1.035240
       8     Ti       1         10.961197                              1.038803
       9     H        2          0.932285                              0.067715
      10     H        2          0.925019                              0.074981
      11     H        2          0.931366                              0.068634
      12     H        2          0.915483                              0.084517
      13     H        2          0.935887                              0.064113
      14     H        2          0.941603                              0.058397
      15     H        2          0.919910                              0.080090
      16     H        2          0.945225                              0.054775
      17     H        2          0.927553                              0.072447
      18     H        2          0.928002                              0.071998
      19     H        2          0.927563                              0.072437
      20     H        2          0.922252                              0.077748
      21     H        2          0.862192                              0.137808
      22     H        2          0.860897                              0.139103
      23     H        2          0.936271                              0.063729
      24     H        2          0.941554                              0.058446
      25     H        2          0.937935                              0.062065
      26     H        2          0.929265                              0.070735
      27     H        2          0.920786                              0.079214
      28     H        2          0.935606                              0.064394
      29     H        2          0.879786                              0.120214
      30     H        2          0.919621                              0.080379
      31     H        2          0.840169                              0.159831
      32     H        2          0.839470                              0.160530
      33     H        2          0.886528                              0.113472
      34     H        2          0.888412                              0.111588
      35     H        2          0.893211                              0.106789
      36     H        2          0.883311                              0.116689
      37     H        2          0.897121                              0.102879
      38     H        2          0.894560                              0.105440
      39     H        2          0.937724                              0.062276
      40     H        2          0.922916                              0.077084
      41     H        2          0.936659                              0.063341
      42     H        2          0.877238                              0.122762
      43     C        3          3.771841                              0.228159
      44     C        3          3.774928                              0.225072
      45     C        3          3.785849                              0.214151
      46     C        3          3.776724                              0.223276
      47     C        3          4.070196                             -0.070196
      48     C        3          4.029551                             -0.029551
      49     C        3          4.090479                             -0.090479
      50     C        3          4.069088                             -0.069088
      51     C        3          3.964624                              0.035376
      52     C        3          4.019080                             -0.019080
      53     C        3          3.908993                              0.091007
      54     C        3          3.940126                              0.059874
      55     C        3          4.027909                             -0.027909
      56     C        3          3.994702                              0.005298
      57     C        3          4.003874                             -0.003874
      58     C        3          4.043771                             -0.043771
      59     C        3          4.034262                             -0.034262
      60     C        3          4.044357                             -0.044357
      61     C        3          4.011486                             -0.011486
      62     C        3          4.083870                             -0.083870
      63     C        3          3.998564                              0.001436
      64     C        3          4.042773                             -0.042773
      65     C        3          4.007075                             -0.007075
      66     C        3          4.014173                             -0.014173
      67     C        3          3.775450                              0.224550
      68     C        3          3.801502                              0.198498
      69     C        3          3.781611                              0.218389
      70     C        3          3.804344                              0.195656
      71     C        3          3.798324                              0.201676
      72     C        3          3.784501                              0.215499
      73     C        3          4.011756                             -0.011756
      74     C        3          4.038642                             -0.038642
      75     C        3          3.966031                              0.033969
      76     C        3          3.999141                              0.000859
      77     C        3          4.030923                             -0.030923
      78     C        3          4.034395                             -0.034395
      79     C        3          4.021202                             -0.021202
      80     C        3          3.967837                              0.032163
      81     C        3          4.025233                             -0.025233
      82     C        3          3.993093                              0.006907
      83     C        3          4.022281                             -0.022281
      84     C        3          4.036312                             -0.036312
      85     C        3          3.993390                              0.006610
      86     C        3          4.014848                             -0.014848
      87     C        3          3.951482                              0.048518
      88     C        3          4.023546                             -0.023546
      89     N        4          4.964333                              0.035667
      90     N        4          5.065538                             -0.065538
      91     N        4          5.050198                             -0.050198
      92     N        4          5.052699                             -0.052699
      93     O        5          6.357787                             -0.357787
      94     O        5          6.329878                             -0.329878
      95     O        5          6.303648                             -0.303648
      96     O        5          6.295113                             -0.295113
      97     O        5          6.329659                             -0.329659
      98     O        5          6.341733                             -0.341733
      99     O        5          6.292196                             -0.292196
     100     O        5          6.257994                             -0.257994
     101     O        5          6.437966                             -0.437966
     102     O        5          6.514789                             -0.514789
     103     O        5          6.501534                             -0.501534
     104     O        5          6.449696                             -0.449696
     105     O        5          6.460287                             -0.460287
     106     O        5          6.534180                             -0.534180
     107     O        5          6.511204                             -0.511204
     108     O        5          6.421698                             -0.421698
     109     O        5          6.364938                             -0.364938
     110     O        5          6.367424                             -0.367424
     111     O        5          6.390260                             -0.390260
     112     O        5          6.330158                             -0.330158
     113     O        5          6.508680                             -0.508680
     114     O        5          6.262440                             -0.262440
     115     O        5          6.371783                             -0.371783
     116     O        5          6.352202                             -0.352202
     117     O        5          6.286843                             -0.286843
     118     O        5          6.405056                             -0.405056
     119     O        5          6.254568                             -0.254568
     120     O        5          6.460220                             -0.460220
     121     O        5          6.534760                             -0.534760
     122     O        5          6.533005                             -0.533005
     123     O        5          6.496345                             -0.496345
     124     O        5          6.471620                             -0.471620
     125     N        4          4.867744                              0.132256
     126     N        4          4.840843                              0.159157
     127     C        3          3.918185                              0.081815
     128     C        3          3.974790                              0.025210
     129     C        3          4.182018                             -0.182018
     130     H        2          0.928780                              0.071220
     131     H        2          0.936913                              0.063087
     132     H        2          0.917546                              0.082454
     133     H        2          0.915506                              0.084494
     134     H        2          0.918309                              0.081691
     135     C        3          3.982852                              0.017148
     136     C        3          4.148759                             -0.148759
     137     H        2          0.919846                              0.080154
     138     H        2          0.914352                              0.085648
     139     H        2          0.920546                              0.079454
     140     C        3          4.261206                             -0.261206
     141     H        2          0.920696                              0.079304
     142     H        2          0.919599                              0.080401
     143     H        2          0.907060                              0.092940
     144     C        3          4.083693                             -0.083693
     145     C        3          4.154128                             -0.154128
     146     H        2          0.902457                              0.097543
     147     H        2          0.907695                              0.092305
     148     H        2          0.918488                              0.081512
     149     H        2          0.940082                              0.059918
     150     F        6          6.986814                              0.013186
     151     F        6          6.932048                              0.067952
     152     F        6          7.204689                             -0.204689
     153     F        6          6.981428                              0.018572
     154     O        5          6.432742                             -0.432742
     155     C        3          3.848696                              0.151304
     156     F        6          7.060094                             -0.060094
     157     C        3          3.804287                              0.195713
     158     F        6          7.176227                             -0.176227
     159     S        7          6.338174                             -0.338174
     160     S        7          6.321378                             -0.321378
     161     O        5          5.832162                              0.167838
     162     O        5          5.673193                              0.326807
     163     O        5          6.151513                             -0.151513
     164     N        4          4.959925                              0.040075
 # Total charge                            674.000000                  0.000000

 !-----------------------------------------------------------------------------!

 !-----------------------------------------------------------------------------!
                           Hirshfeld Charges

  #Atom  Element  Kind  Ref Charge     Population                    Net charge
      1       Ti     1      12.000         13.289                        -1.289
      2       Ti     1      12.000         13.468                        -1.468
      3       Ti     1      12.000         13.186                        -1.186
      4       Ti     1      12.000         13.183                        -1.183
      5       Ti     1      12.000         13.504                        -1.504
      6       Ti     1      12.000         13.305                        -1.305
      7       Ti     1      12.000         13.209                        -1.209
      8       Ti     1      12.000         13.266                        -1.266
      9       H      2       1.000          0.546                         0.454
     10       H      2       1.000          0.536                         0.464
     11       H      2       1.000          0.548                         0.452
     12       H      2       1.000          0.504                         0.496
     13       H      2       1.000          0.552                         0.448
     14       H      2       1.000          0.519                         0.481
     15       H      2       1.000          0.521                         0.479
     16       H      2       1.000          0.523                         0.477
     17       H      2       1.000          0.551                         0.449
     18       H      2       1.000          0.545                         0.455
     19       H      2       1.000          0.542                         0.458
     20       H      2       1.000          0.548                         0.452
     21       H      2       1.000          0.427                         0.573
     22       H      2       1.000          0.432                         0.568
     23       H      2       1.000          0.544                         0.456
     24       H      2       1.000          0.546                         0.454
     25       H      2       1.000          0.561                         0.439
     26       H      2       1.000          0.558                         0.442
     27       H      2       1.000          0.523                         0.477
     28       H      2       1.000          0.559                         0.441
     29       H      2       1.000          0.434                         0.566
     30       H      2       1.000          0.566                         0.434
     31       H      2       1.000          0.419                         0.581
     32       H      2       1.000          0.419                         0.581
     33       H      2       1.000          0.481                         0.519
     34       H      2       1.000          0.467                         0.533
     35       H      2       1.000          0.478                         0.522
     36       H      2       1.000          0.458                         0.542
     37       H      2       1.000          0.485                         0.515
     38       H      2       1.000          0.468                         0.532
     39       H      2       1.000          0.543                         0.457
     40       H      2       1.000          0.542                         0.458
     41       H      2       1.000          0.539                         0.461
     42       H      2       1.000          0.604                         0.396
     43       C      3       4.000          3.472                         0.528
     44       C      3       4.000          3.468                         0.532
     45       C      3       4.000          3.489                         0.511
     46       C      3       4.000          3.474                         0.526
     47       C      3       4.000          4.020                        -0.020
     48       C      3       4.000          3.973                         0.027
     49       C      3       4.000          4.016                        -0.016
     50       C      3       4.000          3.977                         0.023
     51       C      3       4.000          3.881                         0.119
     52       C      3       4.000          4.417                        -0.417
     53       C      3       4.000          3.872                         0.128
     54       C      3       4.000          4.356                        -0.356
     55       C      3       4.000          4.340                        -0.340
     56       C      3       4.000          4.389                        -0.389
     57       C      3       4.000          4.355                        -0.355
     58       C      3       4.000          4.403                        -0.403
     59       C      3       4.000          4.000                         0.000
     60       C      3       4.000          4.355                        -0.355
     61       C      3       4.000          4.268                        -0.268
     62       C      3       4.000          3.997                         0.003
     63       C      3       4.000          4.004                        -0.004
     64       C      3       4.000          4.049                        -0.049
     65       C      3       4.000          4.016                        -0.016
     66       C      3       4.000          4.039                        -0.039
     67       C      3       4.000          3.461                         0.539
     68       C      3       4.000          3.500                         0.500
     69       C      3       4.000          3.493                         0.507
     70       C      3       4.000          3.699                         0.301
     71       C      3       4.000          3.707                         0.293
     72       C      3       4.000          3.518                         0.482
     73       C      3       4.000          4.373                        -0.373
     74       C      3       4.000          4.414                        -0.414
     75       C      3       4.000          4.381                        -0.381
     76       C      3       4.000          4.350                        -0.350
     77       C      3       4.000          4.385                        -0.385
     78       C      3       4.000          4.368                        -0.368
     79       C      3       4.000          4.372                        -0.372
     80       C      3       4.000          4.419                        -0.419
     81       C      3       4.000          4.227                        -0.227
     82       C      3       4.000          4.320                        -0.320
     83       C      3       4.000          4.387                        -0.387
     84       C      3       4.000          4.389                        -0.389
     85       C      3       4.000          3.878                         0.122
     86       C      3       4.000          4.339                        -0.339
     87       C      3       4.000          4.426                        -0.426
     88       C      3       4.000          3.912                         0.088
     89       N      4       5.000          5.761                        -0.761
     90       N      4       5.000          5.907                        -0.907
     91       N      4       5.000          5.907                        -0.907
     92       N      4       5.000          5.931                        -0.931
     93       O      5       6.000          6.169                        -0.169
     94       O      5       6.000          6.127                        -0.127
     95       O      5       6.000          6.156                        -0.156
     96       O      5       6.000          6.140                        -0.140
     97       O      5       6.000          6.127                        -0.127
     98       O      5       6.000          6.131                        -0.131
     99       O      5       6.000          6.114                        -0.114
    100       O      5       6.000          6.100                        -0.100
    101       O      5       6.000          5.694                         0.306
    102       O      5       6.000          5.738                         0.262
    103       O      5       6.000          5.771                         0.229
    104       O      5       6.000          5.685                         0.315
    105       O      5       6.000          5.678                         0.322
    106       O      5       6.000          5.805                         0.195
    107       O      5       6.000          5.757                         0.243
    108       O      5       6.000          5.663                         0.337
    109       O      5       6.000          6.129                        -0.129
    110       O      5       6.000          6.130                        -0.130
    111       O      5       6.000          6.116                        -0.116
    112       O      5       6.000          6.062                        -0.062
    113       O      5       6.000          6.163                        -0.163
    114       O      5       6.000          6.020                        -0.020
    115       O      5       6.000          6.127                        -0.127
    116       O      5       6.000          6.114                        -0.114
    117       O      5       6.000          5.982                         0.018
    118       O      5       6.000          6.107                        -0.107
    119       O      5       6.000          6.011                        -0.011
    120       O      5       6.000          6.091                        -0.091
    121       O      5       6.000          5.987                         0.013
    122       O      5       6.000          5.988                         0.012
    123       O      5       6.000          6.261                        -0.261
    124       O      5       6.000          6.181                        -0.181
    125       N      4       5.000          5.156                        -0.156
    126       N      4       5.000          5.144                        -0.144
    127       C      3       4.000          4.179                        -0.179
    128       C      3       4.000          4.278                        -0.278
    129       C      3       4.000          4.902                        -0.902
    130       H      2       1.000          0.525                         0.475
    131       H      2       1.000          0.525                         0.475
    132       H      2       1.000          0.548                         0.452
    133       H      2       1.000          0.510                         0.490
    134       H      2       1.000          0.554                         0.446
    135       C      3       4.000          4.298                        -0.298
    136       C      3       4.000          4.808                        -0.808
    137       H      2       1.000          0.548                         0.452
    138       H      2       1.000          0.567                         0.433
    139       H      2       1.000          0.561                         0.439
    140       C      3       4.000          5.303                        -1.303
    141       H      2       1.000          0.561                         0.439
    142       H      2       1.000          0.557                         0.443
    143       H      2       1.000          0.552                         0.448
    144       C      3       4.000          4.535                        -0.535
    145       C      3       4.000          4.781                        -0.781
    146       H      2       1.000          0.540                         0.460
    147       H      2       1.000          0.550                         0.450
    148       H      2       1.000          0.563                         0.437
    149       H      2       1.000          0.527                         0.473
    150       F      6       7.000          7.220                        -0.220
    151       F      6       7.000          7.197                        -0.197
    152       F      6       7.000          7.360                        -0.360
    153       F      6       7.000          7.216                        -0.216
    154       O      5       6.000          6.452                        -0.452
    155       C      3       4.000          3.225                         0.775
    156       F      6       7.000          7.277                        -0.277
    157       C      3       4.000          3.216                         0.784
    158       F      6       7.000          7.341                        -0.341
    159       S      7       6.000          5.479                         0.521
    160       S      7       6.000          5.391                         0.609
    161       O      5       6.000          6.371                        -0.371
    162       O      5       6.000          6.346                        -0.346
    163       O      5       6.000          6.385                        -0.385
    164       N      4       5.000          5.222                        -0.222

  Total Charge                                                            0.056
 !-----------------------------------------------------------------------------!

 ENERGY| Total FORCE_EVAL ( QS ) energy [hartree]          -1622.707367558324222

 *******************************************************************************
 **                 BAND EVALUATION OF ENERGIES AND FORCES                    **
 *******************************************************************************
 **                                                                           **
 **                                                                           **
 ** Replica Env Nr. :    6              Replica Band Nr. :   14               **
 ** Band  Step  Nr. :    1                                                    **
 *******************************************************************************

 Number of electrons:                                                        674
 Number of occupied orbitals:                                                361
 Number of molecular orbitals:                                               437

 Number of orbital functions:                                               1844
 Number of independent orbital functions:                                   1844

 Parameters for the always stable predictor-corrector (ASPC) method:

  ASPC order: 1

  B(1) =   2.500000
  B(2) =  -2.000000
  B(3) =   0.500000

 *** WARNING in fm/cp_fm_elpa.F:521 :: Setting real_kernel for ELPA failed ***


 Extrapolation method: ASPC


 SCF WAVEFUNCTION OPTIMIZATION

  Step     Update method      Time    Convergence         Total energy    Change
  ------------------------------------------------------------------------------

 *** WARNING in fm/cp_fm_elpa.F:521 :: Setting real_kernel for ELPA failed ***

     1 Broy./Diag. 0.15E+00    8.3     0.00037011     -1622.7076796929 -1.62E+03

 *** WARNING in fm/cp_fm_elpa.F:521 :: Setting real_kernel for ELPA failed ***

     2 Broy./Diag. 0.15E+00   12.2     0.00038747     -1622.7052609338  2.42E-03

 *** WARNING in fm/cp_fm_elpa.F:521 :: Setting real_kernel for ELPA failed ***

     3 Broy./Diag. 0.15E+00   12.5     0.00013934     -1622.7065293304 -1.27E-03

 *** WARNING in fm/cp_fm_elpa.F:521 :: Setting real_kernel for ELPA failed ***

     4 Broy./Diag. 0.15E+00   12.6     0.00005997     -1622.7071744590 -6.45E-04

 *** WARNING in fm/cp_fm_elpa.F:521 :: Setting real_kernel for ELPA failed ***

     5 Broy./Diag. 0.15E+00   12.8     0.00002196     -1622.7081705034 -9.96E-04

  *** SCF run converged in     5 steps ***


  Electronic density on regular grids:       -673.9999999300        0.0000000700
  Core density on regular grids:              673.9999999671       -0.0000000329
  Total charge density on r-space grids:        0.0000000372
  Total charge density g-space grids:           0.0000000372

  Overlap energy of the core charge distribution:               0.00320281487892
  Self energy of the core charge distribution:              -3774.19779000501012
  Core Hamiltonian energy:                                   1086.78674933828529
  Hartree energy:                                            1417.73786379240119
  Exchange-correlation energy:                               -352.80349617283787
  Dispersion energy:                                           -0.22329062937005
  Electronic entropic energy:                                  -0.01141094011880
  Fermi energy:                                                -0.01904452631994

  Total energy:                                             -1622.70817050341998

 !-----------------------------------------------------------------------------!
                     Mulliken Population Analysis

 #  Atom  Element  Kind  Atomic population                           Net charge
       1     Ti       1         11.021595                              0.978405
       2     Ti       1         11.009702                              0.990298
       3     Ti       1         10.940726                              1.059274
       4     Ti       1         10.932320                              1.067680
       5     Ti       1         11.016527                              0.983473
       6     Ti       1         11.027806                              0.972194
       7     Ti       1         10.964757                              1.035243
       8     Ti       1         10.961187                              1.038813
       9     H        2          0.932279                              0.067721
      10     H        2          0.925021                              0.074979
      11     H        2          0.931369                              0.068631
      12     H        2          0.915476                              0.084524
      13     H        2          0.935882                              0.064118
      14     H        2          0.941598                              0.058402
      15     H        2          0.919907                              0.080093
      16     H        2          0.945216                              0.054784
      17     H        2          0.927553                              0.072447
      18     H        2          0.927997                              0.072003
      19     H        2          0.927560                              0.072440
      20     H        2          0.922250                              0.077750
      21     H        2          0.862201                              0.137799
      22     H        2          0.860905                              0.139095
      23     H        2          0.936267                              0.063733
      24     H        2          0.941550                              0.058450
      25     H        2          0.937925                              0.062075
      26     H        2          0.929258                              0.070742
      27     H        2          0.920779                              0.079221
      28     H        2          0.935600                              0.064400
      29     H        2          0.879789                              0.120211
      30     H        2          0.919623                              0.080377
      31     H        2          0.840183                              0.159817
      32     H        2          0.839477                              0.160523
      33     H        2          0.886522                              0.113478
      34     H        2          0.888412                              0.111588
      35     H        2          0.893201                              0.106799
      36     H        2          0.883308                              0.116692
      37     H        2          0.897111                              0.102889
      38     H        2          0.894556                              0.105444
      39     H        2          0.937725                              0.062275
      40     H        2          0.922913                              0.077087
      41     H        2          0.936661                              0.063339
      42     H        2          0.877219                              0.122781
      43     C        3          3.771840                              0.228160
      44     C        3          3.774940                              0.225060
      45     C        3          3.785863                              0.214137
      46     C        3          3.776723                              0.223277
      47     C        3          4.070195                             -0.070195
      48     C        3          4.029556                             -0.029556
      49     C        3          4.090480                             -0.090480
      50     C        3          4.069101                             -0.069101
      51     C        3          3.964628                              0.035372
      52     C        3          4.019077                             -0.019077
      53     C        3          3.909004                              0.090996
      54     C        3          3.940128                              0.059872
      55     C        3          4.027905                             -0.027905
      56     C        3          3.994695                              0.005305
      57     C        3          4.003875                             -0.003875
      58     C        3          4.043776                             -0.043776
      59     C        3          4.034257                             -0.034257
      60     C        3          4.044357                             -0.044357
      61     C        3          4.011489                             -0.011489
      62     C        3          4.083867                             -0.083867
      63     C        3          3.998581                              0.001419
      64     C        3          4.042782                             -0.042782
      65     C        3          4.007088                             -0.007088
      66     C        3          4.014183                             -0.014183
      67     C        3          3.775446                              0.224554
      68     C        3          3.801495                              0.198505
      69     C        3          3.781618                              0.218382
      70     C        3          3.804358                              0.195642
      71     C        3          3.798332                              0.201668
      72     C        3          3.784504                              0.215496
      73     C        3          4.011759                             -0.011759
      74     C        3          4.038649                             -0.038649
      75     C        3          3.966029                              0.033971
      76     C        3          3.999138                              0.000862
      77     C        3          4.030929                             -0.030929
      78     C        3          4.034411                             -0.034411
      79     C        3          4.021207                             -0.021207
      80     C        3          3.967826                              0.032174
      81     C        3          4.025229                             -0.025229
      82     C        3          3.993095                              0.006905
      83     C        3          4.022284                             -0.022284
      84     C        3          4.036316                             -0.036316
      85     C        3          3.993412                              0.006588
      86     C        3          4.014853                             -0.014853
      87     C        3          3.951484                              0.048516
      88     C        3          4.023554                             -0.023554
      89     N        4          4.964315                              0.035685
      90     N        4          5.065514                             -0.065514
      91     N        4          5.050194                             -0.050194
      92     N        4          5.052690                             -0.052690
      93     O        5          6.357776                             -0.357776
      94     O        5          6.329869                             -0.329869
      95     O        5          6.303638                             -0.303638
      96     O        5          6.295105                             -0.295105
      97     O        5          6.329650                             -0.329650
      98     O        5          6.341722                             -0.341722
      99     O        5          6.292185                             -0.292185
     100     O        5          6.257982                             -0.257982
     101     O        5          6.437965                             -0.437965
     102     O        5          6.514790                             -0.514790
     103     O        5          6.501536                             -0.501536
     104     O        5          6.449700                             -0.449700
     105     O        5          6.460289                             -0.460289
     106     O        5          6.534183                             -0.534183
     107     O        5          6.511205                             -0.511205
     108     O        5          6.421699                             -0.421699
     109     O        5          6.364935                             -0.364935
     110     O        5          6.367421                             -0.367421
     111     O        5          6.390250                             -0.390250
     112     O        5          6.330151                             -0.330151
     113     O        5          6.508683                             -0.508683
     114     O        5          6.262434                             -0.262434
     115     O        5          6.371781                             -0.371781
     116     O        5          6.352201                             -0.352201
     117     O        5          6.286839                             -0.286839
     118     O        5          6.405047                             -0.405047
     119     O        5          6.254565                             -0.254565
     120     O        5          6.460225                             -0.460225
     121     O        5          6.534771                             -0.534771
     122     O        5          6.533015                             -0.533015
     123     O        5          6.496366                             -0.496366
     124     O        5          6.471638                             -0.471638
     125     N        4          4.867738                              0.132262
     126     N        4          4.840843                              0.159157
     127     C        3          3.918181                              0.081819
     128     C        3          3.974796                              0.025204
     129     C        3          4.182008                             -0.182008
     130     H        2          0.928789                              0.071211
     131     H        2          0.936915                              0.063085
     132     H        2          0.917553                              0.082447
     133     H        2          0.915509                              0.084491
     134     H        2          0.918315                              0.081685
     135     C        3          3.982860                              0.017140
     136     C        3          4.148766                             -0.148766
     137     H        2          0.919852                              0.080148
     138     H        2          0.914347                              0.085653
     139     H        2          0.920544                              0.079456
     140     C        3          4.261214                             -0.261214
     141     H        2          0.920688                              0.079312
     142     H        2          0.919591                              0.080409
     143     H        2          0.907051                              0.092949
     144     C        3          4.083686                             -0.083686
     145     C        3          4.154133                             -0.154133
     146     H        2          0.902464                              0.097536
     147     H        2          0.907693                              0.092307
     148     H        2          0.918484                              0.081516
     149     H        2          0.940086                              0.059914
     150     F        6          6.986814                              0.013186
     151     F        6          6.932054                              0.067946
     152     F        6          7.204677                             -0.204677
     153     F        6          6.981428                              0.018572
     154     O        5          6.432694                             -0.432694
     155     C        3          3.848701                              0.151299
     156     F        6          7.060091                             -0.060091
     157     C        3          3.804288                              0.195712
     158     F        6          7.176221                             -0.176221
     159     S        7          6.338143                             -0.338143
     160     S        7          6.321317                             -0.321317
     161     O        5          5.832198                              0.167802
     162     O        5          5.673267                              0.326733
     163     O        5          6.151510                             -0.151510
     164     N        4          4.959933                              0.040067
 # Total charge                            674.000000                  0.000000

 !-----------------------------------------------------------------------------!

 !-----------------------------------------------------------------------------!
                           Hirshfeld Charges

  #Atom  Element  Kind  Ref Charge     Population                    Net charge
      1       Ti     1      12.000         13.289                        -1.289
      2       Ti     1      12.000         13.468                        -1.468
      3       Ti     1      12.000         13.186                        -1.186
      4       Ti     1      12.000         13.183                        -1.183
      5       Ti     1      12.000         13.505                        -1.505
      6       Ti     1      12.000         13.305                        -1.305
      7       Ti     1      12.000         13.209                        -1.209
      8       Ti     1      12.000         13.266                        -1.266
      9       H      2       1.000          0.546                         0.454
     10       H      2       1.000          0.536                         0.464
     11       H      2       1.000          0.548                         0.452
     12       H      2       1.000          0.504                         0.496
     13       H      2       1.000          0.552                         0.448
     14       H      2       1.000          0.519                         0.481
     15       H      2       1.000          0.521                         0.479
     16       H      2       1.000          0.523                         0.477
     17       H      2       1.000          0.551                         0.449
     18       H      2       1.000          0.545                         0.455
     19       H      2       1.000          0.542                         0.458
     20       H      2       1.000          0.548                         0.452
     21       H      2       1.000          0.427                         0.573
     22       H      2       1.000          0.432                         0.568
     23       H      2       1.000          0.544                         0.456
     24       H      2       1.000          0.546                         0.454
     25       H      2       1.000          0.561                         0.439
     26       H      2       1.000          0.558                         0.442
     27       H      2       1.000          0.523                         0.477
     28       H      2       1.000          0.559                         0.441
     29       H      2       1.000          0.434                         0.566
     30       H      2       1.000          0.566                         0.434
     31       H      2       1.000          0.419                         0.581
     32       H      2       1.000          0.419                         0.581
     33       H      2       1.000          0.481                         0.519
     34       H      2       1.000          0.467                         0.533
     35       H      2       1.000          0.478                         0.522
     36       H      2       1.000          0.458                         0.542
     37       H      2       1.000          0.485                         0.515
     38       H      2       1.000          0.468                         0.532
     39       H      2       1.000          0.543                         0.457
     40       H      2       1.000          0.542                         0.458
     41       H      2       1.000          0.539                         0.461
     42       H      2       1.000          0.604                         0.396
     43       C      3       4.000          3.472                         0.528
     44       C      3       4.000          3.468                         0.532
     45       C      3       4.000          3.489                         0.511
     46       C      3       4.000          3.474                         0.526
     47       C      3       4.000          4.020                        -0.020
     48       C      3       4.000          3.973                         0.027
     49       C      3       4.000          4.016                        -0.016
     50       C      3       4.000          3.977                         0.023
     51       C      3       4.000          3.881                         0.119
     52       C      3       4.000          4.417                        -0.417
     53       C      3       4.000          3.872                         0.128
     54       C      3       4.000          4.356                        -0.356
     55       C      3       4.000          4.340                        -0.340
     56       C      3       4.000          4.389                        -0.389
     57       C      3       4.000          4.355                        -0.355
     58       C      3       4.000          4.403                        -0.403
     59       C      3       4.000          4.000                         0.000
     60       C      3       4.000          4.355                        -0.355
     61       C      3       4.000          4.268                        -0.268
     62       C      3       4.000          3.997                         0.003
     63       C      3       4.000          4.004                        -0.004
     64       C      3       4.000          4.049                        -0.049
     65       C      3       4.000          4.016                        -0.016
     66       C      3       4.000          4.039                        -0.039
     67       C      3       4.000          3.461                         0.539
     68       C      3       4.000          3.500                         0.500
     69       C      3       4.000          3.493                         0.507
     70       C      3       4.000          3.699                         0.301
     71       C      3       4.000          3.707                         0.293
     72       C      3       4.000          3.518                         0.482
     73       C      3       4.000          4.373                        -0.373
     74       C      3       4.000          4.414                        -0.414
     75       C      3       4.000          4.381                        -0.381
     76       C      3       4.000          4.350                        -0.350
     77       C      3       4.000          4.385                        -0.385
     78       C      3       4.000          4.368                        -0.368
     79       C      3       4.000          4.372                        -0.372
     80       C      3       4.000          4.419                        -0.419
     81       C      3       4.000          4.227                        -0.227
     82       C      3       4.000          4.320                        -0.320
     83       C      3       4.000          4.387                        -0.387
     84       C      3       4.000          4.389                        -0.389
     85       C      3       4.000          3.878                         0.122
     86       C      3       4.000          4.339                        -0.339
     87       C      3       4.000          4.426                        -0.426
     88       C      3       4.000          3.912                         0.088
     89       N      4       5.000          5.761                        -0.761
     90       N      4       5.000          5.907                        -0.907
     91       N      4       5.000          5.907                        -0.907
     92       N      4       5.000          5.931                        -0.931
     93       O      5       6.000          6.169                        -0.169
     94       O      5       6.000          6.127                        -0.127
     95       O      5       6.000          6.156                        -0.156
     96       O      5       6.000          6.140                        -0.140
     97       O      5       6.000          6.127                        -0.127
     98       O      5       6.000          6.131                        -0.131
     99       O      5       6.000          6.114                        -0.114
    100       O      5       6.000          6.100                        -0.100
    101       O      5       6.000          5.694                         0.306
    102       O      5       6.000          5.738                         0.262
    103       O      5       6.000          5.771                         0.229
    104       O      5       6.000          5.685                         0.315
    105       O      5       6.000          5.678                         0.322
    106       O      5       6.000          5.805                         0.195
    107       O      5       6.000          5.757                         0.243
    108       O      5       6.000          5.663                         0.337
    109       O      5       6.000          6.129                        -0.129
    110       O      5       6.000          6.130                        -0.130
    111       O      5       6.000          6.116                        -0.116
    112       O      5       6.000          6.062                        -0.062
    113       O      5       6.000          6.163                        -0.163
    114       O      5       6.000          6.020                        -0.020
    115       O      5       6.000          6.127                        -0.127
    116       O      5       6.000          6.114                        -0.114
    117       O      5       6.000          5.982                         0.018
    118       O      5       6.000          6.107                        -0.107
    119       O      5       6.000          6.011                        -0.011
    120       O      5       6.000          6.091                        -0.091
    121       O      5       6.000          5.987                         0.013
    122       O      5       6.000          5.988                         0.012
    123       O      5       6.000          6.261                        -0.261
    124       O      5       6.000          6.181                        -0.181
    125       N      4       5.000          5.156                        -0.156
    126       N      4       5.000          5.144                        -0.144
    127       C      3       4.000          4.179                        -0.179
    128       C      3       4.000          4.278                        -0.278
    129       C      3       4.000          4.902                        -0.902
    130       H      2       1.000          0.525                         0.475
    131       H      2       1.000          0.525                         0.475
    132       H      2       1.000          0.548                         0.452
    133       H      2       1.000          0.510                         0.490
    134       H      2       1.000          0.554                         0.446
    135       C      3       4.000          4.298                        -0.298
    136       C      3       4.000          4.808                        -0.808
    137       H      2       1.000          0.548                         0.452
    138       H      2       1.000          0.567                         0.433
    139       H      2       1.000          0.561                         0.439
    140       C      3       4.000          5.303                        -1.303
    141       H      2       1.000          0.561                         0.439
    142       H      2       1.000          0.557                         0.443
    143       H      2       1.000          0.552                         0.448
    144       C      3       4.000          4.535                        -0.535
    145       C      3       4.000          4.781                        -0.781
    146       H      2       1.000          0.540                         0.460
    147       H      2       1.000          0.550                         0.450
    148       H      2       1.000          0.563                         0.437
    149       H      2       1.000          0.527                         0.473
    150       F      6       7.000          7.220                        -0.220
    151       F      6       7.000          7.197                        -0.197
    152       F      6       7.000          7.360                        -0.360
    153       F      6       7.000          7.216                        -0.216
    154       O      5       6.000          6.452                        -0.452
    155       C      3       4.000          3.225                         0.775
    156       F      6       7.000          7.277                        -0.277
    157       C      3       4.000          3.216                         0.784
    158       F      6       7.000          7.341                        -0.341
    159       S      7       6.000          5.479                         0.521
    160       S      7       6.000          5.391                         0.609
    161       O      5       6.000          6.371                        -0.371
    162       O      5       6.000          6.346                        -0.346
    163       O      5       6.000          6.385                        -0.385
    164       N      4       5.000          5.222                        -0.222

  Total Charge                                                            0.056
 !-----------------------------------------------------------------------------!

 ENERGY| Total FORCE_EVAL ( QS ) energy [hartree]          -1622.707679951166710

 *******************************************************************************
 **                 BAND EVALUATION OF ENERGIES AND FORCES                    **
 *******************************************************************************
 **                                                                           **
 **                                                                           **
 ** Replica Env Nr. :    6              Replica Band Nr. :   14               **
 ** Band  Step  Nr. :    0                                                    **
 *******************************************************************************

 Number of electrons:                                                        674
 Number of occupied orbitals:                                                361
 Number of molecular orbitals:                                               437

 Number of orbital functions:                                               1844
 Number of independent orbital functions:                                   1844

 Parameters for the always stable predictor-corrector (ASPC) method:

  ASPC order: 0

  B(1) =   1.000000

 *** WARNING in fm/cp_fm_elpa.F:521 :: Setting real_kernel for ELPA failed ***


 Extrapolation method: ASPC


 SCF WAVEFUNCTION OPTIMIZATION

  Step     Update method      Time    Convergence         Total energy    Change
  ------------------------------------------------------------------------------

 *** WARNING in fm/cp_fm_elpa.F:521 :: Setting real_kernel for ELPA failed ***

     1 Broy./Diag. 0.15E+00    8.7     0.00052752     -1622.7073675180 -1.62E+03

 *** WARNING in fm/cp_fm_elpa.F:521 :: Setting real_kernel for ELPA failed ***

     2 Broy./Diag. 0.15E+00   12.3     0.00066760     -1622.7110389444 -3.67E-03

 *** WARNING in fm/cp_fm_elpa.F:521 :: Setting real_kernel for ELPA failed ***

     3 Broy./Diag. 0.15E+00   12.7     0.00018592     -1622.7088581270  2.18E-03

 *** WARNING in fm/cp_fm_elpa.F:521 :: Setting real_kernel for ELPA failed ***

     4 Broy./Diag. 0.15E+00   13.1     0.00004447     -1622.7081876677  6.70E-04

  *** SCF run converged in     4 steps ***


  Electronic density on regular grids:       -673.9999999300        0.0000000700
  Core density on regular grids:              673.9999999671       -0.0000000329
  Total charge density on r-space grids:        0.0000000372
  Total charge density g-space grids:           0.0000000372

  Overlap energy of the core charge distribution:               0.00320396655074
  Self energy of the core charge distribution:              -3774.19779000501012
  Core Hamiltonian energy:                                   1086.78614637750479
  Hartree energy:                                            1417.73850674873529
  Exchange-correlation energy:                               -352.80354834826159
  Dispersion energy:                                           -0.22329054490354
  Electronic entropic energy:                                  -0.01141307656787
  Fermi energy:                                                -0.01903483933154

  Total energy:                                             -1622.70818766770140

 !-----------------------------------------------------------------------------!
                     Mulliken Population Analysis

 #  Atom  Element  Kind  Atomic population                           Net charge
       1     Ti       1         11.021587                              0.978413
       2     Ti       1         11.009703                              0.990297
       3     Ti       1         10.940712                              1.059288
       4     Ti       1         10.932227                              1.067773
       5     Ti       1         11.016477                              0.983523
       6     Ti       1         11.027793                              0.972207
       7     Ti       1         10.964730                              1.035270
       8     Ti       1         10.961104                              1.038896
       9     H        2          0.932305                              0.067695
      10     H        2          0.925026                              0.074974
      11     H        2          0.931357                              0.068643
      12     H        2          0.915504                              0.084496
      13     H        2          0.935900                              0.064100
      14     H        2          0.941642                              0.058358
      15     H        2          0.919919                              0.080081
      16     H        2          0.945253                              0.054747
      17     H        2          0.927566                              0.072434
      18     H        2          0.928016                              0.071984
      19     H        2          0.927571                              0.072429
      20     H        2          0.922258                              0.077742
      21     H        2          0.862143                              0.137857
      22     H        2          0.860850                              0.139150
      23     H        2          0.936271                              0.063729
      24     H        2          0.941553                              0.058447
      25     H        2          0.937955                              0.062045
      26     H        2          0.929266                              0.070734
      27     H        2          0.920782                              0.079218
      28     H        2          0.935606                              0.064394
      29     H        2          0.879785                              0.120215
      30     H        2          0.919635                              0.080365
      31     H        2          0.840128                              0.159872
      32     H        2          0.839436                              0.160564
      33     H        2          0.886567                              0.113433
      34     H        2          0.888440                              0.111560
      35     H        2          0.893225                              0.106775
      36     H        2          0.883296                              0.116704
      37     H        2          0.897128                              0.102872
      38     H        2          0.894577                              0.105423
      39     H        2          0.937711                              0.062289
      40     H        2          0.922917                              0.077083
      41     H        2          0.936613                              0.063387
      42     H        2          0.877225                              0.122775
      43     C        3          3.771842                              0.228158
      44     C        3          3.774966                              0.225034
      45     C        3          3.785895                              0.214105
      46     C        3          3.776719                              0.223281
      47     C        3          4.070217                             -0.070217
      48     C        3          4.029577                             -0.029577
      49     C        3          4.090502                             -0.090502
      50     C        3          4.069126                             -0.069126
      51     C        3          3.964659                              0.035341
      52     C        3          4.019098                             -0.019098
      53     C        3          3.909035                              0.090965
      54     C        3          3.940131                              0.059869
      55     C        3          4.027920                             -0.027920
      56     C        3          3.994721                              0.005279
      57     C        3          4.003888                             -0.003888
      58     C        3          4.043815                             -0.043815
      59     C        3          4.034258                             -0.034258
      60     C        3          4.044356                             -0.044356
      61     C        3          4.011460                             -0.011460
      62     C        3          4.083842                             -0.083842
      63     C        3          3.998605                              0.001395
      64     C        3          4.042798                             -0.042798
      65     C        3          4.007099                             -0.007099
      66     C        3          4.014207                             -0.014207
      67     C        3          3.775415                              0.224585
      68     C        3          3.801473                              0.198527
      69     C        3          3.781611                              0.218389
      70     C        3          3.804324                              0.195676
      71     C        3          3.798352                              0.201648
      72     C        3          3.784502                              0.215498
      73     C        3          4.011763                             -0.011763
      74     C        3          4.038674                             -0.038674
      75     C        3          3.966005                              0.033995
      76     C        3          3.999143                              0.000857
      77     C        3          4.030955                             -0.030955
      78     C        3          4.034460                             -0.034460
      79     C        3          4.021231                             -0.021231
      80     C        3          3.967850                              0.032150
      81     C        3          4.025200                             -0.025200
      82     C        3          3.993092                              0.006908
      83     C        3          4.022302                             -0.022302
      84     C        3          4.036329                             -0.036329
      85     C        3          3.993447                              0.006553
      86     C        3          4.014875                             -0.014875
      87     C        3          3.951539                              0.048461
      88     C        3          4.023564                             -0.023564
      89     N        4          4.964345                              0.035655
      90     N        4          5.065585                             -0.065585
      91     N        4          5.050199                             -0.050199
      92     N        4          5.052734                             -0.052734
      93     O        5          6.357773                             -0.357773
      94     O        5          6.329883                             -0.329883
      95     O        5          6.303674                             -0.303674
      96     O        5          6.295113                             -0.295113
      97     O        5          6.329641                             -0.329641
      98     O        5          6.341744                             -0.341744
      99     O        5          6.292197                             -0.292197
     100     O        5          6.258018                             -0.258018
     101     O        5          6.437905                             -0.437905
     102     O        5          6.514773                             -0.514773
     103     O        5          6.501479                             -0.501479
     104     O        5          6.449676                             -0.449676
     105     O        5          6.460275                             -0.460275
     106     O        5          6.534114                             -0.534114
     107     O        5          6.511199                             -0.511199
     108     O        5          6.421629                             -0.421629
     109     O        5          6.364922                             -0.364922
     110     O        5          6.367418                             -0.367418
     111     O        5          6.390293                             -0.390293
     112     O        5          6.330147                             -0.330147
     113     O        5          6.508712                             -0.508712
     114     O        5          6.262438                             -0.262438
     115     O        5          6.371779                             -0.371779
     116     O        5          6.352175                             -0.352175
     117     O        5          6.286840                             -0.286840
     118     O        5          6.405085                             -0.405085
     119     O        5          6.254576                             -0.254576
     120     O        5          6.460221                             -0.460221
     121     O        5          6.534688                             -0.534688
     122     O        5          6.532978                             -0.532978
     123     O        5          6.496296                             -0.496296
     124     O        5          6.471575                             -0.471575
     125     N        4          4.867735                              0.132265
     126     N        4          4.840832                              0.159168
     127     C        3          3.918134                              0.081866
     128     C        3          3.974802                              0.025198
     129     C        3          4.182004                             -0.182004
     130     H        2          0.928756                              0.071244
     131     H        2          0.936932                              0.063068
     132     H        2          0.917563                              0.082437
     133     H        2          0.915483                              0.084517
     134     H        2          0.918307                              0.081693
     135     C        3          3.982865                              0.017135
     136     C        3          4.148754                             -0.148754
     137     H        2          0.919834                              0.080166
     138     H        2          0.914343                              0.085657
     139     H        2          0.920544                              0.079456
     140     C        3          4.261220                             -0.261220
     141     H        2          0.920697                              0.079303
     142     H        2          0.919618                              0.080382
     143     H        2          0.907060                              0.092940
     144     C        3          4.083679                             -0.083679
     145     C        3          4.154149                             -0.154149
     146     H        2          0.902452                              0.097548
     147     H        2          0.907718                              0.092282
     148     H        2          0.918498                              0.081502
     149     H        2          0.940098                              0.059902
     150     F        6          6.986818                              0.013182
     151     F        6          6.932058                              0.067942
     152     F        6          7.204676                             -0.204676
     153     F        6          6.981438                              0.018562
     154     O        5          6.432738                             -0.432738
     155     C        3          3.848711                              0.151289
     156     F        6          7.060098                             -0.060098
     157     C        3          3.804282                              0.195718
     158     F        6          7.176233                             -0.176233
     159     S        7          6.338159                             -0.338159
     160     S        7          6.321304                             -0.321304
     161     O        5          5.832129                              0.167871
     162     O        5          5.673164                              0.326836
     163     O        5          6.151485                             -0.151485
     164     N        4          4.959927                              0.040073
 # Total charge                            674.000000                  0.000000

 !-----------------------------------------------------------------------------!

 !-----------------------------------------------------------------------------!
                           Hirshfeld Charges

  #Atom  Element  Kind  Ref Charge     Population                    Net charge
      1       Ti     1      12.000         13.289                        -1.289
      2       Ti     1      12.000         13.468                        -1.468
      3       Ti     1      12.000         13.186                        -1.186
      4       Ti     1      12.000         13.183                        -1.183
      5       Ti     1      12.000         13.504                        -1.504
      6       Ti     1      12.000         13.305                        -1.305
      7       Ti     1      12.000         13.209                        -1.209
      8       Ti     1      12.000         13.266                        -1.266
      9       H      2       1.000          0.546                         0.454
     10       H      2       1.000          0.536                         0.464
     11       H      2       1.000          0.548                         0.452
     12       H      2       1.000          0.504                         0.496
     13       H      2       1.000          0.552                         0.448
     14       H      2       1.000          0.519                         0.481
     15       H      2       1.000          0.521                         0.479
     16       H      2       1.000          0.523                         0.477
     17       H      2       1.000          0.551                         0.449
     18       H      2       1.000          0.545                         0.455
     19       H      2       1.000          0.542                         0.458
     20       H      2       1.000          0.548                         0.452
     21       H      2       1.000          0.427                         0.573
     22       H      2       1.000          0.432                         0.568
     23       H      2       1.000          0.544                         0.456
     24       H      2       1.000          0.546                         0.454
     25       H      2       1.000          0.561                         0.439
     26       H      2       1.000          0.558                         0.442
     27       H      2       1.000          0.523                         0.477
     28       H      2       1.000          0.559                         0.441
     29       H      2       1.000          0.434                         0.566
     30       H      2       1.000          0.566                         0.434
     31       H      2       1.000          0.419                         0.581
     32       H      2       1.000          0.419                         0.581
     33       H      2       1.000          0.481                         0.519
     34       H      2       1.000          0.467                         0.533
     35       H      2       1.000          0.478                         0.522
     36       H      2       1.000          0.458                         0.542
     37       H      2       1.000          0.485                         0.515
     38       H      2       1.000          0.468                         0.532
     39       H      2       1.000          0.543                         0.457
     40       H      2       1.000          0.542                         0.458
     41       H      2       1.000          0.539                         0.461
     42       H      2       1.000          0.604                         0.396
     43       C      3       4.000          3.472                         0.528
     44       C      3       4.000          3.468                         0.532
     45       C      3       4.000          3.489                         0.511
     46       C      3       4.000          3.474                         0.526
     47       C      3       4.000          4.020                        -0.020
     48       C      3       4.000          3.973                         0.027
     49       C      3       4.000          4.016                        -0.016
     50       C      3       4.000          3.977                         0.023
     51       C      3       4.000          3.881                         0.119
     52       C      3       4.000          4.417                        -0.417
     53       C      3       4.000          3.872                         0.128
     54       C      3       4.000          4.356                        -0.356
     55       C      3       4.000          4.340                        -0.340
     56       C      3       4.000          4.389                        -0.389
     57       C      3       4.000          4.355                        -0.355
     58       C      3       4.000          4.403                        -0.403
     59       C      3       4.000          4.000                         0.000
     60       C      3       4.000          4.355                        -0.355
     61       C      3       4.000          4.268                        -0.268
     62       C      3       4.000          3.997                         0.003
     63       C      3       4.000          4.004                        -0.004
     64       C      3       4.000          4.049                        -0.049
     65       C      3       4.000          4.016                        -0.016
     66       C      3       4.000          4.039                        -0.039
     67       C      3       4.000          3.461                         0.539
     68       C      3       4.000          3.500                         0.500
     69       C      3       4.000          3.493                         0.507
     70       C      3       4.000          3.699                         0.301
     71       C      3       4.000          3.707                         0.293
     72       C      3       4.000          3.518                         0.482
     73       C      3       4.000          4.373                        -0.373
     74       C      3       4.000          4.414                        -0.414
     75       C      3       4.000          4.381                        -0.381
     76       C      3       4.000          4.350                        -0.350
     77       C      3       4.000          4.385                        -0.385
     78       C      3       4.000          4.368                        -0.368
     79       C      3       4.000          4.372                        -0.372
     80       C      3       4.000          4.419                        -0.419
     81       C      3       4.000          4.227                        -0.227
     82       C      3       4.000          4.320                        -0.320
     83       C      3       4.000          4.387                        -0.387
     84       C      3       4.000          4.389                        -0.389
     85       C      3       4.000          3.878                         0.122
     86       C      3       4.000          4.339                        -0.339
     87       C      3       4.000          4.427                        -0.427
     88       C      3       4.000          3.912                         0.088
     89       N      4       5.000          5.761                        -0.761
     90       N      4       5.000          5.907                        -0.907
     91       N      4       5.000          5.907                        -0.907
     92       N      4       5.000          5.931                        -0.931
     93       O      5       6.000          6.169                        -0.169
     94       O      5       6.000          6.127                        -0.127
     95       O      5       6.000          6.156                        -0.156
     96       O      5       6.000          6.140                        -0.140
     97       O      5       6.000          6.127                        -0.127
     98       O      5       6.000          6.131                        -0.131
     99       O      5       6.000          6.114                        -0.114
    100       O      5       6.000          6.100                        -0.100
    101       O      5       6.000          5.694                         0.306
    102       O      5       6.000          5.738                         0.262
    103       O      5       6.000          5.771                         0.229
    104       O      5       6.000          5.685                         0.315
    105       O      5       6.000          5.678                         0.322
    106       O      5       6.000          5.805                         0.195
    107       O      5       6.000          5.757                         0.243
    108       O      5       6.000          5.663                         0.337
    109       O      5       6.000          6.129                        -0.129
    110       O      5       6.000          6.130                        -0.130
    111       O      5       6.000          6.116                        -0.116
    112       O      5       6.000          6.062                        -0.062
    113       O      5       6.000          6.163                        -0.163
    114       O      5       6.000          6.020                        -0.020
    115       O      5       6.000          6.127                        -0.127
    116       O      5       6.000          6.114                        -0.114
    117       O      5       6.000          5.982                         0.018
    118       O      5       6.000          6.107                        -0.107
    119       O      5       6.000          6.011                        -0.011
    120       O      5       6.000          6.091                        -0.091
    121       O      5       6.000          5.987                         0.013
    122       O      5       6.000          5.988                         0.012
    123       O      5       6.000          6.260                        -0.260
    124       O      5       6.000          6.181                        -0.181
    125       N      4       5.000          5.155                        -0.155
    126       N      4       5.000          5.144                        -0.144
    127       C      3       4.000          4.179                        -0.179
    128       C      3       4.000          4.278                        -0.278
    129       C      3       4.000          4.902                        -0.902
    130       H      2       1.000          0.525                         0.475
    131       H      2       1.000          0.525                         0.475
    132       H      2       1.000          0.548                         0.452
    133       H      2       1.000          0.510                         0.490
    134       H      2       1.000          0.554                         0.446
    135       C      3       4.000          4.298                        -0.298
    136       C      3       4.000          4.808                        -0.808
    137       H      2       1.000          0.548                         0.452
    138       H      2       1.000          0.567                         0.433
    139       H      2       1.000          0.561                         0.439
    140       C      3       4.000          5.303                        -1.303
    141       H      2       1.000          0.561                         0.439
    142       H      2       1.000          0.557                         0.443
    143       H      2       1.000          0.552                         0.448
    144       C      3       4.000          4.535                        -0.535
    145       C      3       4.000          4.781                        -0.781
    146       H      2       1.000          0.540                         0.460
    147       H      2       1.000          0.550                         0.450
    148       H      2       1.000          0.563                         0.437
    149       H      2       1.000          0.527                         0.473
    150       F      6       7.000          7.220                        -0.220
    151       F      6       7.000          7.197                        -0.197
    152       F      6       7.000          7.360                        -0.360
    153       F      6       7.000          7.216                        -0.216
    154       O      5       6.000          6.452                        -0.452
    155       C      3       4.000          3.225                         0.775
    156       F      6       7.000          7.277                        -0.277
    157       C      3       4.000          3.216                         0.784
    158       F      6       7.000          7.341                        -0.341
    159       S      7       6.000          5.479                         0.521
    160       S      7       6.000          5.391                         0.609
    161       O      5       6.000          6.371                        -0.371
    162       O      5       6.000          6.346                        -0.346
    163       O      5       6.000          6.385                        -0.385
    164       N      4       5.000          5.222                        -0.222

  Total Charge                                                            0.056
 !-----------------------------------------------------------------------------!

 ENERGY| Total FORCE_EVAL ( QS ) energy [hartree]          -1622.707367516875365

 *******************************************************************************
 **                 BAND EVALUATION OF ENERGIES AND FORCES                    **
 *******************************************************************************
 **                                                                           **
 **                                                                           **
 ** Replica Env Nr. :    6              Replica Band Nr. :   14               **
 ** Band  Step  Nr. :    1                                                    **
 *******************************************************************************

 Number of electrons:                                                        674
 Number of occupied orbitals:                                                361
 Number of molecular orbitals:                                               437

 Number of orbital functions:                                               1844
 Number of independent orbital functions:                                   1844

 Parameters for the always stable predictor-corrector (ASPC) method:

  ASPC order: 1

  B(1) =   2.500000
  B(2) =  -2.000000
  B(3) =   0.500000

 *** WARNING in fm/cp_fm_elpa.F:521 :: Setting real_kernel for ELPA failed ***


 Extrapolation method: ASPC


 SCF WAVEFUNCTION OPTIMIZATION

  Step     Update method      Time    Convergence         Total energy    Change
  ------------------------------------------------------------------------------

 *** WARNING in fm/cp_fm_elpa.F:521 :: Setting real_kernel for ELPA failed ***

     1 Broy./Diag. 0.15E+00    8.4     0.00034570     -1622.7076795355 -1.62E+03

 *** WARNING in fm/cp_fm_elpa.F:521 :: Setting real_kernel for ELPA failed ***

     2 Broy./Diag. 0.15E+00   12.0     0.00043863     -1622.7076677792  1.18E-05

 *** WARNING in fm/cp_fm_elpa.F:521 :: Setting real_kernel for ELPA failed ***

     3 Broy./Diag. 0.15E+00   12.5     0.00017449     -1622.7073926391  2.75E-04

 *** WARNING in fm/cp_fm_elpa.F:521 :: Setting real_kernel for ELPA failed ***

     4 Broy./Diag. 0.15E+00   12.3     0.00006439     -1622.7075659338 -1.73E-04

 *** WARNING in fm/cp_fm_elpa.F:521 :: Setting real_kernel for ELPA failed ***

     5 Broy./Diag. 0.15E+00   12.3     0.00001853     -1622.7073790386  1.87E-04

  *** SCF run converged in     5 steps ***


  Electronic density on regular grids:       -673.9999999300        0.0000000700
  Core density on regular grids:              673.9999999671       -0.0000000329
  Total charge density on r-space grids:        0.0000000372
  Total charge density g-space grids:           0.0000000372

  Overlap energy of the core charge distribution:               0.00320281486912
  Self energy of the core charge distribution:              -3774.19779000501012
  Core Hamiltonian energy:                                   1086.78649113122287
  Hartree energy:                                            1417.73889399431960
  Exchange-correlation energy:                               -352.80347299754806
  Dispersion energy:                                           -0.22329062937574
  Electronic entropic energy:                                  -0.01141251553584
  Fermi energy:                                                -0.01903029000637

  Total energy:                                             -1622.70737903855706

 !-----------------------------------------------------------------------------!
                     Mulliken Population Analysis

 #  Atom  Element  Kind  Atomic population                           Net charge
       1     Ti       1         11.021578                              0.978422
       2     Ti       1         11.009669                              0.990331
       3     Ti       1         10.940713                              1.059287
       4     Ti       1         10.932246                              1.067754
       5     Ti       1         11.016470                              0.983530
       6     Ti       1         11.027784                              0.972216
       7     Ti       1         10.964738                              1.035262
       8     Ti       1         10.961121                              1.038879
       9     H        2          0.932305                              0.067695
      10     H        2          0.925029                              0.074971
      11     H        2          0.931361                              0.068639
      12     H        2          0.915503                              0.084497
      13     H        2          0.935901                              0.064099
      14     H        2          0.941635                              0.058365
      15     H        2          0.919918                              0.080082
      16     H        2          0.945253                              0.054747
      17     H        2          0.927563                              0.072437
      18     H        2          0.928018                              0.071982
      19     H        2          0.927573                              0.072427
      20     H        2          0.922260                              0.077740
      21     H        2          0.862145                              0.137855
      22     H        2          0.860851                              0.139149
      23     H        2          0.936283                              0.063717
      24     H        2          0.941564                              0.058436
      25     H        2          0.937961                              0.062039
      26     H        2          0.929274                              0.070726
      27     H        2          0.920791                              0.079209
      28     H        2          0.935616                              0.064384
      29     H        2          0.879789                              0.120211
      30     H        2          0.919641                              0.080359
      31     H        2          0.840124                              0.159876
      32     H        2          0.839437                              0.160563
      33     H        2          0.886561                              0.113439
      34     H        2          0.888430                              0.111570
      35     H        2          0.893233                              0.106767
      36     H        2          0.883304                              0.116696
      37     H        2          0.897137                              0.102863
      38     H        2          0.894576                              0.105424
      39     H        2          0.937712                              0.062288
      40     H        2          0.922920                              0.077080
      41     H        2          0.936626                              0.063374
      42     H        2          0.877238                              0.122762
      43     C        3          3.771846                              0.228154
      44     C        3          3.774949                              0.225051
      45     C        3          3.785868                              0.214132
      46     C        3          3.776727                              0.223273
      47     C        3          4.070214                             -0.070214
      48     C        3          4.029573                             -0.029573
      49     C        3          4.090498                             -0.090498
      50     C        3          4.069091                             -0.069091
      51     C        3          3.964651                              0.035349
      52     C        3          4.019094                             -0.019094
      53     C        3          3.909024                              0.090976
      54     C        3          3.940137                              0.059863
      55     C        3          4.027927                             -0.027927
      56     C        3          3.994714                              0.005286
      57     C        3          4.003888                             -0.003888
      58     C        3          4.043806                             -0.043806
      59     C        3          4.034260                             -0.034260
      60     C        3          4.044357                             -0.044357
      61     C        3          4.011442                             -0.011442
      62     C        3          4.083825                             -0.083825
      63     C        3          3.998579                              0.001421
      64     C        3          4.042784                             -0.042784
      65     C        3          4.007093                             -0.007093
      66     C        3          4.014198                             -0.014198
      67     C        3          3.775434                              0.224566
      68     C        3          3.801493                              0.198507
      69     C        3          3.781617                              0.218383
      70     C        3          3.804343                              0.195657
      71     C        3          3.798337                              0.201663
      72     C        3          3.784495                              0.215505
      73     C        3          4.011760                             -0.011760
      74     C        3          4.038664                             -0.038664
      75     C        3          3.966020                              0.033980
      76     C        3          3.999147                              0.000853
      77     C        3          4.030949                             -0.030949
      78     C        3          4.034431                             -0.034431
      79     C        3          4.021224                             -0.021224
      80     C        3          3.967866                              0.032134
      81     C        3          4.025212                             -0.025212
      82     C        3          3.993091                              0.006909
      83     C        3          4.022298                             -0.022298
      84     C        3          4.036322                             -0.036322
      85     C        3          3.993427                              0.006573
      86     C        3          4.014870                             -0.014870
      87     C        3          3.951529                              0.048471
      88     C        3          4.023561                             -0.023561
      89     N        4          4.964336                              0.035664
      90     N        4          5.065614                             -0.065614
      91     N        4          5.050202                             -0.050202
      92     N        4          5.052737                             -0.052737
      93     O        5          6.357788                             -0.357788
      94     O        5          6.329893                             -0.329893
      95     O        5          6.303684                             -0.303684
      96     O        5          6.295120                             -0.295120
      97     O        5          6.329653                             -0.329653
      98     O        5          6.341755                             -0.341755
      99     O        5          6.292210                             -0.292210
     100     O        5          6.258029                             -0.258029
     101     O        5          6.437912                             -0.437912
     102     O        5          6.514774                             -0.514774
     103     O        5          6.501482                             -0.501482
     104     O        5          6.449675                             -0.449675
     105     O        5          6.460273                             -0.460273
     106     O        5          6.534117                             -0.534117
     107     O        5          6.511200                             -0.511200
     108     O        5          6.421635                             -0.421635
     109     O        5          6.364928                             -0.364928
     110     O        5          6.367422                             -0.367422
     111     O        5          6.390300                             -0.390300
     112     O        5          6.330151                             -0.330151
     113     O        5          6.508704                             -0.508704
     114     O        5          6.262442                             -0.262442
     115     O        5          6.371782                             -0.371782
     116     O        5          6.352179                             -0.352179
     117     O        5          6.286844                             -0.286844
     118     O        5          6.405088                             -0.405088
     119     O        5          6.254581                             -0.254581
     120     O        5          6.460226                             -0.460226
     121     O        5          6.534682                             -0.534682
     122     O        5          6.532967                             -0.532967
     123     O        5          6.496276                             -0.496276
     124     O        5          6.471552                             -0.471552
     125     N        4          4.867743                              0.132257
     126     N        4          4.840829                              0.159171
     127     C        3          3.918142                              0.081858
     128     C        3          3.974797                              0.025203
     129     C        3          4.182018                             -0.182018
     130     H        2          0.928752                              0.071248
     131     H        2          0.936922                              0.063078
     132     H        2          0.917549                              0.082451
     133     H        2          0.915488                              0.084512
     134     H        2          0.918300                              0.081700
     135     C        3          3.982859                              0.017141
     136     C        3          4.148746                             -0.148746
     137     H        2          0.919831                              0.080169
     138     H        2          0.914351                              0.085649
     139     H        2          0.920547                              0.079453
     140     C        3          4.261210                             -0.261210
     141     H        2          0.920707                              0.079293
     142     H        2          0.919622                              0.080378
     143     H        2          0.907071                              0.092929
     144     C        3          4.083688                             -0.083688
     145     C        3          4.154141                             -0.154141
     146     H        2          0.902447                              0.097553
     147     H        2          0.907714                              0.092286
     148     H        2          0.918501                              0.081499
     149     H        2          0.940089                              0.059911
     150     F        6          6.986828                              0.013172
     151     F        6          6.932070                              0.067930
     152     F        6          7.204675                             -0.204675
     153     F        6          6.981443                              0.018557
     154     O        5          6.432741                             -0.432741
     155     C        3          3.848712                              0.151288
     156     F        6          7.060100                             -0.060100
     157     C        3          3.804289                              0.195711
     158     F        6          7.176228                             -0.176228
     159     S        7          6.338081                             -0.338081
     160     S        7          6.321240                             -0.321240
     161     O        5          5.832189                              0.167811
     162     O        5          5.673242                              0.326758
     163     O        5          6.151471                             -0.151471
     164     N        4          4.959925                              0.040075
 # Total charge                            674.000000                  0.000000

 !-----------------------------------------------------------------------------!

 !-----------------------------------------------------------------------------!
                           Hirshfeld Charges

  #Atom  Element  Kind  Ref Charge     Population                    Net charge
      1       Ti     1      12.000         13.289                        -1.289
      2       Ti     1      12.000         13.468                        -1.468
      3       Ti     1      12.000         13.186                        -1.186
      4       Ti     1      12.000         13.183                        -1.183
      5       Ti     1      12.000         13.504                        -1.504
      6       Ti     1      12.000         13.305                        -1.305
      7       Ti     1      12.000         13.209                        -1.209
      8       Ti     1      12.000         13.266                        -1.266
      9       H      2       1.000          0.546                         0.454
     10       H      2       1.000          0.536                         0.464
     11       H      2       1.000          0.548                         0.452
     12       H      2       1.000          0.504                         0.496
     13       H      2       1.000          0.552                         0.448
     14       H      2       1.000          0.519                         0.481
     15       H      2       1.000          0.521                         0.479
     16       H      2       1.000          0.523                         0.477
     17       H      2       1.000          0.551                         0.449
     18       H      2       1.000          0.545                         0.455
     19       H      2       1.000          0.542                         0.458
     20       H      2       1.000          0.548                         0.452
     21       H      2       1.000          0.427                         0.573
     22       H      2       1.000          0.432                         0.568
     23       H      2       1.000          0.544                         0.456
     24       H      2       1.000          0.546                         0.454
     25       H      2       1.000          0.561                         0.439
     26       H      2       1.000          0.558                         0.442
     27       H      2       1.000          0.523                         0.477
     28       H      2       1.000          0.559                         0.441
     29       H      2       1.000          0.434                         0.566
     30       H      2       1.000          0.566                         0.434
     31       H      2       1.000          0.419                         0.581
     32       H      2       1.000          0.419                         0.581
     33       H      2       1.000          0.481                         0.519
     34       H      2       1.000          0.467                         0.533
     35       H      2       1.000          0.478                         0.522
     36       H      2       1.000          0.458                         0.542
     37       H      2       1.000          0.485                         0.515
     38       H      2       1.000          0.468                         0.532
     39       H      2       1.000          0.543                         0.457
     40       H      2       1.000          0.542                         0.458
     41       H      2       1.000          0.539                         0.461
     42       H      2       1.000          0.604                         0.396
     43       C      3       4.000          3.472                         0.528
     44       C      3       4.000          3.468                         0.532
     45       C      3       4.000          3.489                         0.511
     46       C      3       4.000          3.474                         0.526
     47       C      3       4.000          4.020                        -0.020
     48       C      3       4.000          3.973                         0.027
     49       C      3       4.000          4.016                        -0.016
     50       C      3       4.000          3.977                         0.023
     51       C      3       4.000          3.881                         0.119
     52       C      3       4.000          4.417                        -0.417
     53       C      3       4.000          3.872                         0.128
     54       C      3       4.000          4.356                        -0.356
     55       C      3       4.000          4.340                        -0.340
     56       C      3       4.000          4.389                        -0.389
     57       C      3       4.000          4.355                        -0.355
     58       C      3       4.000          4.403                        -0.403
     59       C      3       4.000          4.000                         0.000
     60       C      3       4.000          4.355                        -0.355
     61       C      3       4.000          4.268                        -0.268
     62       C      3       4.000          3.997                         0.003
     63       C      3       4.000          4.004                        -0.004
     64       C      3       4.000          4.049                        -0.049
     65       C      3       4.000          4.016                        -0.016
     66       C      3       4.000          4.039                        -0.039
     67       C      3       4.000          3.461                         0.539
     68       C      3       4.000          3.500                         0.500
     69       C      3       4.000          3.493                         0.507
     70       C      3       4.000          3.699                         0.301
     71       C      3       4.000          3.707                         0.293
     72       C      3       4.000          3.518                         0.482
     73       C      3       4.000          4.373                        -0.373
     74       C      3       4.000          4.414                        -0.414
     75       C      3       4.000          4.381                        -0.381
     76       C      3       4.000          4.350                        -0.350
     77       C      3       4.000          4.385                        -0.385
     78       C      3       4.000          4.368                        -0.368
     79       C      3       4.000          4.372                        -0.372
     80       C      3       4.000          4.419                        -0.419
     81       C      3       4.000          4.227                        -0.227
     82       C      3       4.000          4.320                        -0.320
     83       C      3       4.000          4.387                        -0.387
     84       C      3       4.000          4.389                        -0.389
     85       C      3       4.000          3.878                         0.122
     86       C      3       4.000          4.339                        -0.339
     87       C      3       4.000          4.427                        -0.427
     88       C      3       4.000          3.912                         0.088
     89       N      4       5.000          5.761                        -0.761
     90       N      4       5.000          5.907                        -0.907
     91       N      4       5.000          5.907                        -0.907
     92       N      4       5.000          5.931                        -0.931
     93       O      5       6.000          6.169                        -0.169
     94       O      5       6.000          6.127                        -0.127
     95       O      5       6.000          6.156                        -0.156
     96       O      5       6.000          6.140                        -0.140
     97       O      5       6.000          6.127                        -0.127
     98       O      5       6.000          6.131                        -0.131
     99       O      5       6.000          6.114                        -0.114
    100       O      5       6.000          6.100                        -0.100
    101       O      5       6.000          5.694                         0.306
    102       O      5       6.000          5.738                         0.262
    103       O      5       6.000          5.771                         0.229
    104       O      5       6.000          5.685                         0.315
    105       O      5       6.000          5.678                         0.322
    106       O      5       6.000          5.805                         0.195
    107       O      5       6.000          5.757                         0.243
    108       O      5       6.000          5.663                         0.337
    109       O      5       6.000          6.129                        -0.129
    110       O      5       6.000          6.130                        -0.130
    111       O      5       6.000          6.116                        -0.116
    112       O      5       6.000          6.062                        -0.062
    113       O      5       6.000          6.163                        -0.163
    114       O      5       6.000          6.020                        -0.020
    115       O      5       6.000          6.127                        -0.127
    116       O      5       6.000          6.114                        -0.114
    117       O      5       6.000          5.982                         0.018
    118       O      5       6.000          6.107                        -0.107
    119       O      5       6.000          6.011                        -0.011
    120       O      5       6.000          6.091                        -0.091
    121       O      5       6.000          5.987                         0.013
    122       O      5       6.000          5.988                         0.012
    123       O      5       6.000          6.260                        -0.260
    124       O      5       6.000          6.181                        -0.181
    125       N      4       5.000          5.156                        -0.156
    126       N      4       5.000          5.144                        -0.144
    127       C      3       4.000          4.179                        -0.179
    128       C      3       4.000          4.278                        -0.278
    129       C      3       4.000          4.902                        -0.902
    130       H      2       1.000          0.525                         0.475
    131       H      2       1.000          0.525                         0.475
    132       H      2       1.000          0.548                         0.452
    133       H      2       1.000          0.510                         0.490
    134       H      2       1.000          0.554                         0.446
    135       C      3       4.000          4.298                        -0.298
    136       C      3       4.000          4.808                        -0.808
    137       H      2       1.000          0.548                         0.452
    138       H      2       1.000          0.567                         0.433
    139       H      2       1.000          0.561                         0.439
    140       C      3       4.000          5.303                        -1.303
    141       H      2       1.000          0.561                         0.439
    142       H      2       1.000          0.557                         0.443
    143       H      2       1.000          0.552                         0.448
    144       C      3       4.000          4.535                        -0.535
    145       C      3       4.000          4.781                        -0.781
    146       H      2       1.000          0.540                         0.460
    147       H      2       1.000          0.550                         0.450
    148       H      2       1.000          0.563                         0.437
    149       H      2       1.000          0.527                         0.473
    150       F      6       7.000          7.220                        -0.220
    151       F      6       7.000          7.197                        -0.197
    152       F      6       7.000          7.360                        -0.360
    153       F      6       7.000          7.216                        -0.216
    154       O      5       6.000          6.452                        -0.452
    155       C      3       4.000          3.225                         0.775
    156       F      6       7.000          7.277                        -0.277
    157       C      3       4.000          3.216                         0.784
    158       F      6       7.000          7.341                        -0.341
    159       S      7       6.000          5.479                         0.521
    160       S      7       6.000          5.391                         0.609
    161       O      5       6.000          6.371                        -0.371
    162       O      5       6.000          6.346                        -0.346
    163       O      5       6.000          6.385                        -0.385
    164       N      4       5.000          5.222                        -0.222

  Total Charge                                                            0.056
 !-----------------------------------------------------------------------------!

 ENERGY| Total FORCE_EVAL ( QS ) energy [hartree]          -1622.707679940926482

 *******************************************************************************
 **                 BAND EVALUATION OF ENERGIES AND FORCES                    **
 *******************************************************************************
 **                                                                           **
 **                                                                           **
 ** Replica Env Nr. :    6              Replica Band Nr. :   14               **
 ** Band  Step  Nr. :    0                                                    **
 *******************************************************************************

 Number of electrons:                                                        674
 Number of occupied orbitals:                                                361
 Number of molecular orbitals:                                               437

 Number of orbital functions:                                               1844
 Number of independent orbital functions:                                   1844

 Parameters for the always stable predictor-corrector (ASPC) method:

  ASPC order: 0

  B(1) =   1.000000

 *** WARNING in fm/cp_fm_elpa.F:521 :: Setting real_kernel for ELPA failed ***


 Extrapolation method: ASPC


 SCF WAVEFUNCTION OPTIMIZATION

  Step     Update method      Time    Convergence         Total energy    Change
  ------------------------------------------------------------------------------

 *** WARNING in fm/cp_fm_elpa.F:521 :: Setting real_kernel for ELPA failed ***

     1 Broy./Diag. 0.15E+00    8.5     0.00027682     -1622.7073675237 -1.62E+03

 *** WARNING in fm/cp_fm_elpa.F:521 :: Setting real_kernel for ELPA failed ***

     2 Broy./Diag. 0.15E+00   11.8     0.00016287     -1622.7044748748  2.89E-03

 *** WARNING in fm/cp_fm_elpa.F:521 :: Setting real_kernel for ELPA failed ***

     3 Broy./Diag. 0.15E+00   12.1     0.00006296     -1622.7061004153 -1.63E-03

 *** WARNING in fm/cp_fm_elpa.F:521 :: Setting real_kernel for ELPA failed ***

     4 Broy./Diag. 0.15E+00   12.2     0.00004445     -1622.7070215122 -9.21E-04

  *** SCF run converged in     4 steps ***


  Electronic density on regular grids:       -673.9999999300        0.0000000700
  Core density on regular grids:              673.9999999671       -0.0000000329
  Total charge density on r-space grids:        0.0000000372
  Total charge density g-space grids:           0.0000000372

  Overlap energy of the core charge distribution:               0.00320396655074
  Self energy of the core charge distribution:              -3774.19779000501012
  Core Hamiltonian energy:                                   1086.78836555873750
  Hartree energy:                                            1417.73755935822146
  Exchange-correlation energy:                               -352.80365922807749
  Dispersion energy:                                           -0.22329054490354
  Electronic entropic energy:                                  -0.01140964540706
  Fermi energy:                                                -0.01904074544599

  Total energy:                                             -1622.70702151216187

 !-----------------------------------------------------------------------------!
                     Mulliken Population Analysis

 #  Atom  Element  Kind  Atomic population                           Net charge
       1     Ti       1         11.021591                              0.978409
       2     Ti       1         11.009679                              0.990321
       3     Ti       1         10.940727                              1.059273
       4     Ti       1         10.932338                              1.067662
       5     Ti       1         11.016494                              0.983506
       6     Ti       1         11.027796                              0.972204
       7     Ti       1         10.964763                              1.035237
       8     Ti       1         10.961204                              1.038796
       9     H        2          0.932281                              0.067719
      10     H        2          0.925018                              0.074982
      11     H        2          0.931369                              0.068631
      12     H        2          0.915478                              0.084522
      13     H        2          0.935885                              0.064115
      14     H        2          0.941597                              0.058403
      15     H        2          0.919908                              0.080092
      16     H        2          0.945219                              0.054781
      17     H        2          0.927552                              0.072448
      18     H        2          0.928000                              0.072000
      19     H        2          0.927562                              0.072438
      20     H        2          0.922252                              0.077748
      21     H        2          0.862200                              0.137800
      22     H        2          0.860904                              0.139096
      23     H        2          0.936270                              0.063730
      24     H        2          0.941554                              0.058446
      25     H        2          0.937931                              0.062069
      26     H        2          0.929264                              0.070736
      27     H        2          0.920787                              0.079213
      28     H        2          0.935605                              0.064395
      29     H        2          0.879787                              0.120213
      30     H        2          0.919619                              0.080381
      31     H        2          0.840177                              0.159823
      32     H        2          0.839476                              0.160524
      33     H        2          0.886521                              0.113479
      34     H        2          0.888407                              0.111593
      35     H        2          0.893208                              0.106792
      36     H        2          0.883313                              0.116687
      37     H        2          0.897119                              0.102881
      38     H        2          0.894556                              0.105444
      39     H        2          0.937724                              0.062276
      40     H        2          0.922916                              0.077084
      41     H        2          0.936666                              0.063334
      42     H        2          0.877235                              0.122765
      43     C        3          3.771843                              0.228157
      44     C        3          3.774925                              0.225075
      45     C        3          3.785843                              0.214157
      46     C        3          3.776727                              0.223273
      47     C        3          4.070193                             -0.070193
      48     C        3          4.029550                             -0.029550
      49     C        3          4.090481                             -0.090481
      50     C        3          4.069080                             -0.069080
      51     C        3          3.964620                              0.035380
      52     C        3          4.019077                             -0.019077
      53     C        3          3.908988                              0.091012
      54     C        3          3.940126                              0.059874
      55     C        3          4.027910                             -0.027910
      56     C        3          3.994699                              0.005301
      57     C        3          4.003874                             -0.003874
      58     C        3          4.043766                             -0.043766
      59     C        3          4.034261                             -0.034261
      60     C        3          4.044357                             -0.044357
      61     C        3          4.011483                             -0.011483
      62     C        3          4.083873                             -0.083873
      63     C        3          3.998560                              0.001440
      64     C        3          4.042769                             -0.042769
      65     C        3          4.007075                             -0.007075
      66     C        3          4.014177                             -0.014177
      67     C        3          3.775458                              0.224542
      68     C        3          3.801508                              0.198492
      69     C        3          3.781616                              0.218384
      70     C        3          3.804330                              0.195670
      71     C        3          3.798326                              0.201674
      72     C        3          3.784502                              0.215498
      73     C        3          4.011756                             -0.011756
      74     C        3          4.038638                             -0.038638
      75     C        3          3.966038                              0.033962
      76     C        3          3.999142                              0.000858
      77     C        3          4.030922                             -0.030922
      78     C        3          4.034385                             -0.034385
      79     C        3          4.021203                             -0.021203
      80     C        3          3.967838                              0.032162
      81     C        3          4.025236                             -0.025236
      82     C        3          3.993094                              0.006906
      83     C        3          4.022280                             -0.022280
      84     C        3          4.036310                             -0.036310
      85     C        3          3.993389                              0.006611
      86     C        3          4.014847                             -0.014847
      87     C        3          3.951475                              0.048525
      88     C        3          4.023544                             -0.023544
      89     N        4          4.964332                              0.035668
      90     N        4          5.065534                             -0.065534
      91     N        4          5.050197                             -0.050197
      92     N        4          5.052695                             -0.052695
      93     O        5          6.357789                             -0.357789
      94     O        5          6.329878                             -0.329878
      95     O        5          6.303645                             -0.303645
      96     O        5          6.295113                             -0.295113
      97     O        5          6.329662                             -0.329662
      98     O        5          6.341730                             -0.341730
      99     O        5          6.292196                             -0.292196
     100     O        5          6.257991                             -0.257991
     101     O        5          6.437974                             -0.437974
     102     O        5          6.514790                             -0.514790
     103     O        5          6.501538                             -0.501538
     104     O        5          6.449699                             -0.449699
     105     O        5          6.460286                             -0.460286
     106     O        5          6.534189                             -0.534189
     107     O        5          6.511203                             -0.511203
     108     O        5          6.421707                             -0.421707
     109     O        5          6.364941                             -0.364941
     110     O        5          6.367426                             -0.367426
     111     O        5          6.390254                             -0.390254
     112     O        5          6.330156                             -0.330156
     113     O        5          6.508677                             -0.508677
     114     O        5          6.262441                             -0.262441
     115     O        5          6.371784                             -0.371784
     116     O        5          6.352206                             -0.352206
     117     O        5          6.286843                             -0.286843
     118     O        5          6.405053                             -0.405053
     119     O        5          6.254567                             -0.254567
     120     O        5          6.460202                             -0.460202
     121     O        5          6.534769                             -0.534769
     122     O        5          6.533007                             -0.533007
     123     O        5          6.496349                             -0.496349
     124     O        5          6.471624                             -0.471624
     125     N        4          4.867746                              0.132254
     126     N        4          4.840843                              0.159157
     127     C        3          3.918188                              0.081812
     128     C        3          3.974789                              0.025211
     129     C        3          4.182020                             -0.182020
     130     H        2          0.928784                              0.071216
     131     H        2          0.936910                              0.063090
     132     H        2          0.917544                              0.082456
     133     H        2          0.915510                              0.084490
     134     H        2          0.918311                              0.081689
     135     C        3          3.982852                              0.017148
     136     C        3          4.148760                             -0.148760
     137     H        2          0.919848                              0.080152
     138     H        2          0.914353                              0.085647
     139     H        2          0.920546                              0.079454
     140     C        3          4.261205                             -0.261205
     141     H        2          0.920696                              0.079304
     142     H        2          0.919596                              0.080404
     143     H        2          0.907060                              0.092940
     144     C        3          4.083693                             -0.083693
     145     C        3          4.154126                             -0.154126
     146     H        2          0.902458                              0.097542
     147     H        2          0.907692                              0.092308
     148     H        2          0.918487                              0.081513
     149     H        2          0.940080                              0.059920
     150     F        6          6.986814                              0.013186
     151     F        6          6.932047                              0.067953
     152     F        6          7.204690                             -0.204690
     153     F        6          6.981426                              0.018574
     154     O        5          6.432751                             -0.432751
     155     C        3          3.848694                              0.151306
     156     F        6          7.060093                             -0.060093
     157     C        3          3.804287                              0.195713
     158     F        6          7.176226                             -0.176226
     159     S        7          6.338177                             -0.338177
     160     S        7          6.321387                             -0.321387
     161     O        5          5.832169                              0.167831
     162     O        5          5.673198                              0.326802
     163     O        5          6.151517                             -0.151517
     164     N        4          4.959934                              0.040066
 # Total charge                            674.000000                  0.000000

 !-----------------------------------------------------------------------------!

 !-----------------------------------------------------------------------------!
                           Hirshfeld Charges

  #Atom  Element  Kind  Ref Charge     Population                    Net charge
      1       Ti     1      12.000         13.289                        -1.289
      2       Ti     1      12.000         13.468                        -1.468
      3       Ti     1      12.000         13.186                        -1.186
      4       Ti     1      12.000         13.183                        -1.183
      5       Ti     1      12.000         13.504                        -1.504
      6       Ti     1      12.000         13.305                        -1.305
      7       Ti     1      12.000         13.209                        -1.209
      8       Ti     1      12.000         13.266                        -1.266
      9       H      2       1.000          0.546                         0.454
     10       H      2       1.000          0.536                         0.464
     11       H      2       1.000          0.548                         0.452
     12       H      2       1.000          0.504                         0.496
     13       H      2       1.000          0.552                         0.448
     14       H      2       1.000          0.519                         0.481
     15       H      2       1.000          0.521                         0.479
     16       H      2       1.000          0.523                         0.477
     17       H      2       1.000          0.551                         0.449
     18       H      2       1.000          0.545                         0.455
     19       H      2       1.000          0.542                         0.458
     20       H      2       1.000          0.548                         0.452
     21       H      2       1.000          0.427                         0.573
     22       H      2       1.000          0.432                         0.568
     23       H      2       1.000          0.544                         0.456
     24       H      2       1.000          0.546                         0.454
     25       H      2       1.000          0.561                         0.439
     26       H      2       1.000          0.558                         0.442
     27       H      2       1.000          0.523                         0.477
     28       H      2       1.000          0.559                         0.441
     29       H      2       1.000          0.434                         0.566
     30       H      2       1.000          0.566                         0.434
     31       H      2       1.000          0.419                         0.581
     32       H      2       1.000          0.419                         0.581
     33       H      2       1.000          0.481                         0.519
     34       H      2       1.000          0.467                         0.533
     35       H      2       1.000          0.478                         0.522
     36       H      2       1.000          0.458                         0.542
     37       H      2       1.000          0.485                         0.515
     38       H      2       1.000          0.468                         0.532
     39       H      2       1.000          0.543                         0.457
     40       H      2       1.000          0.542                         0.458
     41       H      2       1.000          0.539                         0.461
     42       H      2       1.000          0.604                         0.396
     43       C      3       4.000          3.472                         0.528
     44       C      3       4.000          3.468                         0.532
     45       C      3       4.000          3.489                         0.511
     46       C      3       4.000          3.474                         0.526
     47       C      3       4.000          4.020                        -0.020
     48       C      3       4.000          3.973                         0.027
     49       C      3       4.000          4.016                        -0.016
     50       C      3       4.000          3.977                         0.023
     51       C      3       4.000          3.881                         0.119
     52       C      3       4.000          4.417                        -0.417
     53       C      3       4.000          3.872                         0.128
     54       C      3       4.000          4.356                        -0.356
     55       C      3       4.000          4.340                        -0.340
     56       C      3       4.000          4.389                        -0.389
     57       C      3       4.000          4.355                        -0.355
     58       C      3       4.000          4.403                        -0.403
     59       C      3       4.000          4.000                         0.000
     60       C      3       4.000          4.355                        -0.355
     61       C      3       4.000          4.268                        -0.268
     62       C      3       4.000          3.997                         0.003
     63       C      3       4.000          4.004                        -0.004
     64       C      3       4.000          4.049                        -0.049
     65       C      3       4.000          4.016                        -0.016
     66       C      3       4.000          4.039                        -0.039
     67       C      3       4.000          3.461                         0.539
     68       C      3       4.000          3.500                         0.500
     69       C      3       4.000          3.493                         0.507
     70       C      3       4.000          3.699                         0.301
     71       C      3       4.000          3.707                         0.293
     72       C      3       4.000          3.518                         0.482
     73       C      3       4.000          4.373                        -0.373
     74       C      3       4.000          4.414                        -0.414
     75       C      3       4.000          4.381                        -0.381
     76       C      3       4.000          4.350                        -0.350
     77       C      3       4.000          4.385                        -0.385
     78       C      3       4.000          4.368                        -0.368
     79       C      3       4.000          4.372                        -0.372
     80       C      3       4.000          4.419                        -0.419
     81       C      3       4.000          4.227                        -0.227
     82       C      3       4.000          4.320                        -0.320
     83       C      3       4.000          4.387                        -0.387
     84       C      3       4.000          4.389                        -0.389
     85       C      3       4.000          3.878                         0.122
     86       C      3       4.000          4.339                        -0.339
     87       C      3       4.000          4.426                        -0.426
     88       C      3       4.000          3.912                         0.088
     89       N      4       5.000          5.761                        -0.761
     90       N      4       5.000          5.907                        -0.907
     91       N      4       5.000          5.907                        -0.907
     92       N      4       5.000          5.931                        -0.931
     93       O      5       6.000          6.169                        -0.169
     94       O      5       6.000          6.127                        -0.127
     95       O      5       6.000          6.156                        -0.156
     96       O      5       6.000          6.140                        -0.140
     97       O      5       6.000          6.127                        -0.127
     98       O      5       6.000          6.131                        -0.131
     99       O      5       6.000          6.114                        -0.114
    100       O      5       6.000          6.100                        -0.100
    101       O      5       6.000          5.694                         0.306
    102       O      5       6.000          5.738                         0.262
    103       O      5       6.000          5.771                         0.229
    104       O      5       6.000          5.685                         0.315
    105       O      5       6.000          5.678                         0.322
    106       O      5       6.000          5.805                         0.195
    107       O      5       6.000          5.757                         0.243
    108       O      5       6.000          5.663                         0.337
    109       O      5       6.000          6.129                        -0.129
    110       O      5       6.000          6.130                        -0.130
    111       O      5       6.000          6.116                        -0.116
    112       O      5       6.000          6.062                        -0.062
    113       O      5       6.000          6.163                        -0.163
    114       O      5       6.000          6.020                        -0.020
    115       O      5       6.000          6.127                        -0.127
    116       O      5       6.000          6.114                        -0.114
    117       O      5       6.000          5.982                         0.018
    118       O      5       6.000          6.107                        -0.107
    119       O      5       6.000          6.011                        -0.011
    120       O      5       6.000          6.091                        -0.091
    121       O      5       6.000          5.987                         0.013
    122       O      5       6.000          5.988                         0.012
    123       O      5       6.000          6.261                        -0.261
    124       O      5       6.000          6.181                        -0.181
    125       N      4       5.000          5.156                        -0.156
    126       N      4       5.000          5.144                        -0.144
    127       C      3       4.000          4.179                        -0.179
    128       C      3       4.000          4.278                        -0.278
    129       C      3       4.000          4.902                        -0.902
    130       H      2       1.000          0.525                         0.475
    131       H      2       1.000          0.525                         0.475
    132       H      2       1.000          0.548                         0.452
    133       H      2       1.000          0.510                         0.490
    134       H      2       1.000          0.554                         0.446
    135       C      3       4.000          4.298                        -0.298
    136       C      3       4.000          4.808                        -0.808
    137       H      2       1.000          0.548                         0.452
    138       H      2       1.000          0.567                         0.433
    139       H      2       1.000          0.561                         0.439
    140       C      3       4.000          5.303                        -1.303
    141       H      2       1.000          0.561                         0.439
    142       H      2       1.000          0.557                         0.443
    143       H      2       1.000          0.552                         0.448
    144       C      3       4.000          4.535                        -0.535
    145       C      3       4.000          4.781                        -0.781
    146       H      2       1.000          0.540                         0.460
    147       H      2       1.000          0.550                         0.450
    148       H      2       1.000          0.563                         0.437
    149       H      2       1.000          0.527                         0.473
    150       F      6       7.000          7.220                        -0.220
    151       F      6       7.000          7.197                        -0.197
    152       F      6       7.000          7.360                        -0.360
    153       F      6       7.000          7.216                        -0.216
    154       O      5       6.000          6.452                        -0.452
    155       C      3       4.000          3.225                         0.775
    156       F      6       7.000          7.277                        -0.277
    157       C      3       4.000          3.216                         0.784
    158       F      6       7.000          7.341                        -0.341
    159       S      7       6.000          5.479                         0.521
    160       S      7       6.000          5.391                         0.609
    161       O      5       6.000          6.371                        -0.371
    162       O      5       6.000          6.346                        -0.346
    163       O      5       6.000          6.385                        -0.385
    164       N      4       5.000          5.222                        -0.222

  Total Charge                                                            0.056
 !-----------------------------------------------------------------------------!

 ENERGY| Total FORCE_EVAL ( QS ) energy [hartree]          -1622.707367536020001

 *******************************************************************************
 **                 BAND EVALUATION OF ENERGIES AND FORCES                    **
 *******************************************************************************
 **                                                                           **
 **                                                                           **
 ** Replica Env Nr. :    6              Replica Band Nr. :   14               **
 ** Band  Step  Nr. :    1                                                    **
 *******************************************************************************

 Number of electrons:                                                        674
 Number of occupied orbitals:                                                361
 Number of molecular orbitals:                                               437

 Number of orbital functions:                                               1844
 Number of independent orbital functions:                                   1844

 Parameters for the always stable predictor-corrector (ASPC) method:

  ASPC order: 1

  B(1) =   2.500000
  B(2) =  -2.000000
  B(3) =   0.500000

 *** WARNING in fm/cp_fm_elpa.F:521 :: Setting real_kernel for ELPA failed ***


 Extrapolation method: ASPC


 SCF WAVEFUNCTION OPTIMIZATION

  Step     Update method      Time    Convergence         Total energy    Change
  ------------------------------------------------------------------------------

 *** WARNING in fm/cp_fm_elpa.F:521 :: Setting real_kernel for ELPA failed ***

     1 Broy./Diag. 0.15E+00    8.3     0.00020894     -1622.7076796550 -1.62E+03

 *** WARNING in fm/cp_fm_elpa.F:521 :: Setting real_kernel for ELPA failed ***

     2 Broy./Diag. 0.15E+00   12.2     0.00010379     -1622.7069290710  7.51E-04

 *** WARNING in fm/cp_fm_elpa.F:521 :: Setting real_kernel for ELPA failed ***

     3 Broy./Diag. 0.15E+00   12.5     0.00006652     -1622.7075248597 -5.96E-04

 *** WARNING in fm/cp_fm_elpa.F:521 :: Setting real_kernel for ELPA failed ***

     4 Broy./Diag. 0.15E+00   12.4     0.00005908     -1622.7077111805 -1.86E-04

 *** WARNING in fm/cp_fm_elpa.F:521 :: Setting real_kernel for ELPA failed ***

     5 Broy./Diag. 0.15E+00   12.8     0.00003589     -1622.7078256043 -1.14E-04

  *** SCF run converged in     5 steps ***


  Electronic density on regular grids:       -673.9999999300        0.0000000700
  Core density on regular grids:              673.9999999671       -0.0000000329
  Total charge density on r-space grids:        0.0000000372
  Total charge density g-space grids:           0.0000000372

  Overlap energy of the core charge distribution:               0.00320281488026
  Self energy of the core charge distribution:              -3774.19779000501012
  Core Hamiltonian energy:                                   1086.78684903224917
  Hartree energy:                                            1417.73806858673356
  Exchange-correlation energy:                               -352.80345403061114
  Dispersion energy:                                           -0.22329062936907
  Electronic entropic energy:                                  -0.01141021232007
  Fermi energy:                                                -0.01904443412541

  Total energy:                                             -1622.70782560430416

 !-----------------------------------------------------------------------------!
                     Mulliken Population Analysis

 #  Atom  Element  Kind  Atomic population                           Net charge
       1     Ti       1         11.021590                              0.978410
       2     Ti       1         11.009701                              0.990299
       3     Ti       1         10.940728                              1.059272
       4     Ti       1         10.932327                              1.067673
       5     Ti       1         11.016519                              0.983481
       6     Ti       1         11.027803                              0.972197
       7     Ti       1         10.964760                              1.035240
       8     Ti       1         10.961192                              1.038808
       9     H        2          0.932284                              0.067716
      10     H        2          0.925020                              0.074980
      11     H        2          0.931366                              0.068634
      12     H        2          0.915480                              0.084520
      13     H        2          0.935886                              0.064114
      14     H        2          0.941606                              0.058394
      15     H        2          0.919910                              0.080090
      16     H        2          0.945222                              0.054778
      17     H        2          0.927557                              0.072443
      18     H        2          0.928000                              0.072000
      19     H        2          0.927562                              0.072438
      20     H        2          0.922252                              0.077748
      21     H        2          0.862193                              0.137807
      22     H        2          0.860900                              0.139100
      23     H        2          0.936267                              0.063733
      24     H        2          0.941551                              0.058449
      25     H        2          0.937930                              0.062070
      26     H        2          0.929260                              0.070740
      27     H        2          0.920779                              0.079221
      28     H        2          0.935600                              0.064400
      29     H        2          0.879788                              0.120212
      30     H        2          0.919624                              0.080376
      31     H        2          0.840173                              0.159827
      32     H        2          0.839471                              0.160529
      33     H        2          0.886530                              0.113470
      34     H        2          0.888418                              0.111582
      35     H        2          0.893202                              0.106798
      36     H        2          0.883305                              0.116695
      37     H        2          0.897113                              0.102887
      38     H        2          0.894560                              0.105440
      39     H        2          0.937724                              0.062276
      40     H        2          0.922915                              0.077085
      41     H        2          0.936652                              0.063348
      42     H        2          0.877229                              0.122771
      43     C        3          3.771837                              0.228163
      44     C        3          3.774938                              0.225062
      45     C        3          3.785865                              0.214135
      46     C        3          3.776718                              0.223282
      47     C        3          4.070199                             -0.070199
      48     C        3          4.029550                             -0.029550
      49     C        3          4.090466                             -0.090466
      50     C        3          4.069104                             -0.069104
      51     C        3          3.964629                              0.035371
      52     C        3          4.019085                             -0.019085
      53     C        3          3.909006                              0.090994
      54     C        3          3.940127                              0.059873
      55     C        3          4.027904                             -0.027904
      56     C        3          3.994702                              0.005298
      57     C        3          4.003872                             -0.003872
      58     C        3          4.043771                             -0.043771
      59     C        3          4.034264                             -0.034264
      60     C        3          4.044354                             -0.044354
      61     C        3          4.011502                             -0.011502
      62     C        3          4.083878                             -0.083878
      63     C        3          3.998579                              0.001421
      64     C        3          4.042779                             -0.042779
      65     C        3          4.007076                             -0.007076
      66     C        3          4.014174                             -0.014174
      67     C        3          3.775434                              0.224566
      68     C        3          3.801492                              0.198508
      69     C        3          3.781607                              0.218393
      70     C        3          3.804341                              0.195659
      71     C        3          3.798327                              0.201673
      72     C        3          3.784505                              0.215495
      73     C        3          4.011758                             -0.011758
      74     C        3          4.038645                             -0.038645
      75     C        3          3.966025                              0.033975
      76     C        3          3.999137                              0.000863
      77     C        3          4.030922                             -0.030922
      78     C        3          4.034407                             -0.034407
      79     C        3          4.021202                             -0.021202
      80     C        3          3.967818                              0.032182
      81     C        3          4.025235                             -0.025235
      82     C        3          3.993096                              0.006904
      83     C        3          4.022280                             -0.022280
      84     C        3          4.036315                             -0.036315
      85     C        3          3.993398                              0.006602
      86     C        3          4.014848                             -0.014848
      87     C        3          3.951475                              0.048525
      88     C        3          4.023548                             -0.023548
      89     N        4          4.964315                              0.035685
      90     N        4          5.065509                             -0.065509
      91     N        4          5.050194                             -0.050194
      92     N        4          5.052685                             -0.052685
      93     O        5          6.357778                             -0.357778
      94     O        5          6.329871                             -0.329871
      95     O        5          6.303637                             -0.303637
      96     O        5          6.295107                             -0.295107
      97     O        5          6.329653                             -0.329653
      98     O        5          6.341724                             -0.341724
      99     O        5          6.292186                             -0.292186
     100     O        5          6.257982                             -0.257982
     101     O        5          6.437968                             -0.437968
     102     O        5          6.514790                             -0.514790
     103     O        5          6.501536                             -0.501536
     104     O        5          6.449701                             -0.449701
     105     O        5          6.460291                             -0.460291
     106     O        5          6.534185                             -0.534185
     107     O        5          6.511204                             -0.511204
     108     O        5          6.421702                             -0.421702
     109     O        5          6.364937                             -0.364937
     110     O        5          6.367424                             -0.367424
     111     O        5          6.390250                             -0.390250
     112     O        5          6.330153                             -0.330153
     113     O        5          6.508682                             -0.508682
     114     O        5          6.262437                             -0.262437
     115     O        5          6.371782                             -0.371782
     116     O        5          6.352204                             -0.352204
     117     O        5          6.286840                             -0.286840
     118     O        5          6.405049                             -0.405049
     119     O        5          6.254566                             -0.254566
     120     O        5          6.460222                             -0.460222
     121     O        5          6.534776                             -0.534776
     122     O        5          6.533019                             -0.533019
     123     O        5          6.496367                             -0.496367
     124     O        5          6.471641                             -0.471641
     125     N        4          4.867740                              0.132260
     126     N        4          4.840847                              0.159153
     127     C        3          3.918187                              0.081813
     128     C        3          3.974788                              0.025212
     129     C        3          4.182006                             -0.182006
     130     H        2          0.928785                              0.071215
     131     H        2          0.936919                              0.063081
     132     H        2          0.917555                              0.082445
     133     H        2          0.915504                              0.084496
     134     H        2          0.918315                              0.081685
     135     C        3          3.982852                              0.017148
     136     C        3          4.148766                             -0.148766
     137     H        2          0.919850                              0.080150
     138     H        2          0.914347                              0.085653
     139     H        2          0.920544                              0.079456
     140     C        3          4.261213                             -0.261213
     141     H        2          0.920688                              0.079312
     142     H        2          0.919594                              0.080406
     143     H        2          0.907051                              0.092949
     144     C        3          4.083686                             -0.083686
     145     C        3          4.154131                             -0.154131
     146     H        2          0.902463                              0.097537
     147     H        2          0.907697                              0.092303
     148     H        2          0.918486                              0.081514
     149     H        2          0.940089                              0.059911
     150     F        6          6.986815                              0.013185
     151     F        6          6.932053                              0.067947
     152     F        6          7.204678                             -0.204678
     153     F        6          6.981429                              0.018571
     154     O        5          6.432714                             -0.432714
     155     C        3          3.848704                              0.151296
     156     F        6          7.060091                             -0.060091
     157     C        3          3.804289                              0.195711
     158     F        6          7.176221                             -0.176221
     159     S        7          6.338135                             -0.338135
     160     S        7          6.321312                             -0.321312
     161     O        5          5.832212                              0.167788
     162     O        5          5.673274                              0.326726
     163     O        5          6.151514                             -0.151514
     164     N        4          4.959947                              0.040053
 # Total charge                            674.000000                  0.000000

 !-----------------------------------------------------------------------------!

 !-----------------------------------------------------------------------------!
                           Hirshfeld Charges

  #Atom  Element  Kind  Ref Charge     Population                    Net charge
      1       Ti     1      12.000         13.289                        -1.289
      2       Ti     1      12.000         13.468                        -1.468
      3       Ti     1      12.000         13.186                        -1.186
      4       Ti     1      12.000         13.183                        -1.183
      5       Ti     1      12.000         13.504                        -1.504
      6       Ti     1      12.000         13.305                        -1.305
      7       Ti     1      12.000         13.209                        -1.209
      8       Ti     1      12.000         13.266                        -1.266
      9       H      2       1.000          0.546                         0.454
     10       H      2       1.000          0.536                         0.464
     11       H      2       1.000          0.548                         0.452
     12       H      2       1.000          0.504                         0.496
     13       H      2       1.000          0.552                         0.448
     14       H      2       1.000          0.519                         0.481
     15       H      2       1.000          0.521                         0.479
     16       H      2       1.000          0.523                         0.477
     17       H      2       1.000          0.551                         0.449
     18       H      2       1.000          0.545                         0.455
     19       H      2       1.000          0.542                         0.458
     20       H      2       1.000          0.548                         0.452
     21       H      2       1.000          0.427                         0.573
     22       H      2       1.000          0.432                         0.568
     23       H      2       1.000          0.544                         0.456
     24       H      2       1.000          0.546                         0.454
     25       H      2       1.000          0.561                         0.439
     26       H      2       1.000          0.558                         0.442
     27       H      2       1.000          0.523                         0.477
     28       H      2       1.000          0.559                         0.441
     29       H      2       1.000          0.434                         0.566
     30       H      2       1.000          0.566                         0.434
     31       H      2       1.000          0.419                         0.581
     32       H      2       1.000          0.419                         0.581
     33       H      2       1.000          0.481                         0.519
     34       H      2       1.000          0.467                         0.533
     35       H      2       1.000          0.478                         0.522
     36       H      2       1.000          0.458                         0.542
     37       H      2       1.000          0.485                         0.515
     38       H      2       1.000          0.468                         0.532
     39       H      2       1.000          0.543                         0.457
     40       H      2       1.000          0.542                         0.458
     41       H      2       1.000          0.539                         0.461
     42       H      2       1.000          0.604                         0.396
     43       C      3       4.000          3.472                         0.528
     44       C      3       4.000          3.468                         0.532
     45       C      3       4.000          3.489                         0.511
     46       C      3       4.000          3.474                         0.526
     47       C      3       4.000          4.020                        -0.020
     48       C      3       4.000          3.973                         0.027
     49       C      3       4.000          4.016                        -0.016
     50       C      3       4.000          3.977                         0.023
     51       C      3       4.000          3.881                         0.119
     52       C      3       4.000          4.417                        -0.417
     53       C      3       4.000          3.872                         0.128
     54       C      3       4.000          4.356                        -0.356
     55       C      3       4.000          4.340                        -0.340
     56       C      3       4.000          4.389                        -0.389
     57       C      3       4.000          4.355                        -0.355
     58       C      3       4.000          4.403                        -0.403
     59       C      3       4.000          4.000                         0.000
     60       C      3       4.000          4.355                        -0.355
     61       C      3       4.000          4.268                        -0.268
     62       C      3       4.000          3.998                         0.002
     63       C      3       4.000          4.004                        -0.004
     64       C      3       4.000          4.049                        -0.049
     65       C      3       4.000          4.016                        -0.016
     66       C      3       4.000          4.039                        -0.039
     67       C      3       4.000          3.461                         0.539
     68       C      3       4.000          3.500                         0.500
     69       C      3       4.000          3.493                         0.507
     70       C      3       4.000          3.699                         0.301
     71       C      3       4.000          3.707                         0.293
     72       C      3       4.000          3.518                         0.482
     73       C      3       4.000          4.373                        -0.373
     74       C      3       4.000          4.414                        -0.414
     75       C      3       4.000          4.381                        -0.381
     76       C      3       4.000          4.350                        -0.350
     77       C      3       4.000          4.385                        -0.385
     78       C      3       4.000          4.368                        -0.368
     79       C      3       4.000          4.372                        -0.372
     80       C      3       4.000          4.419                        -0.419
     81       C      3       4.000          4.227                        -0.227
     82       C      3       4.000          4.320                        -0.320
     83       C      3       4.000          4.387                        -0.387
     84       C      3       4.000          4.389                        -0.389
     85       C      3       4.000          3.878                         0.122
     86       C      3       4.000          4.339                        -0.339
     87       C      3       4.000          4.426                        -0.426
     88       C      3       4.000          3.912                         0.088
     89       N      4       5.000          5.761                        -0.761
     90       N      4       5.000          5.907                        -0.907
     91       N      4       5.000          5.907                        -0.907
     92       N      4       5.000          5.931                        -0.931
     93       O      5       6.000          6.169                        -0.169
     94       O      5       6.000          6.127                        -0.127
     95       O      5       6.000          6.156                        -0.156
     96       O      5       6.000          6.140                        -0.140
     97       O      5       6.000          6.127                        -0.127
     98       O      5       6.000          6.131                        -0.131
     99       O      5       6.000          6.114                        -0.114
    100       O      5       6.000          6.100                        -0.100
    101       O      5       6.000          5.694                         0.306
    102       O      5       6.000          5.738                         0.262
    103       O      5       6.000          5.771                         0.229
    104       O      5       6.000          5.685                         0.315
    105       O      5       6.000          5.678                         0.322
    106       O      5       6.000          5.805                         0.195
    107       O      5       6.000          5.757                         0.243
    108       O      5       6.000          5.663                         0.337
    109       O      5       6.000          6.129                        -0.129
    110       O      5       6.000          6.130                        -0.130
    111       O      5       6.000          6.116                        -0.116
    112       O      5       6.000          6.062                        -0.062
    113       O      5       6.000          6.163                        -0.163
    114       O      5       6.000          6.020                        -0.020
    115       O      5       6.000          6.127                        -0.127
    116       O      5       6.000          6.114                        -0.114
    117       O      5       6.000          5.982                         0.018
    118       O      5       6.000          6.107                        -0.107
    119       O      5       6.000          6.011                        -0.011
    120       O      5       6.000          6.091                        -0.091
    121       O      5       6.000          5.987                         0.013
    122       O      5       6.000          5.988                         0.012
    123       O      5       6.000          6.261                        -0.261
    124       O      5       6.000          6.181                        -0.181
    125       N      4       5.000          5.156                        -0.156
    126       N      4       5.000          5.144                        -0.144
    127       C      3       4.000          4.179                        -0.179
    128       C      3       4.000          4.278                        -0.278
    129       C      3       4.000          4.902                        -0.902
    130       H      2       1.000          0.525                         0.475
    131       H      2       1.000          0.525                         0.475
    132       H      2       1.000          0.548                         0.452
    133       H      2       1.000          0.510                         0.490
    134       H      2       1.000          0.554                         0.446
    135       C      3       4.000          4.298                        -0.298
    136       C      3       4.000          4.808                        -0.808
    137       H      2       1.000          0.548                         0.452
    138       H      2       1.000          0.567                         0.433
    139       H      2       1.000          0.561                         0.439
    140       C      3       4.000          5.303                        -1.303
    141       H      2       1.000          0.561                         0.439
    142       H      2       1.000          0.557                         0.443
    143       H      2       1.000          0.552                         0.448
    144       C      3       4.000          4.535                        -0.535
    145       C      3       4.000          4.781                        -0.781
    146       H      2       1.000          0.540                         0.460
    147       H      2       1.000          0.550                         0.450
    148       H      2       1.000          0.563                         0.437
    149       H      2       1.000          0.527                         0.473
    150       F      6       7.000          7.220                        -0.220
    151       F      6       7.000          7.197                        -0.197
    152       F      6       7.000          7.360                        -0.360
    153       F      6       7.000          7.216                        -0.216
    154       O      5       6.000          6.452                        -0.452
    155       C      3       4.000          3.225                         0.775
    156       F      6       7.000          7.277                        -0.277
    157       C      3       4.000          3.216                         0.784
    158       F      6       7.000          7.341                        -0.341
    159       S      7       6.000          5.479                         0.521
    160       S      7       6.000          5.391                         0.609
    161       O      5       6.000          6.371                        -0.371
    162       O      5       6.000          6.346                        -0.346
    163       O      5       6.000          6.385                        -0.385
    164       N      4       5.000          5.222                        -0.222

  Total Charge                                                            0.056
 !-----------------------------------------------------------------------------!

 ENERGY| Total FORCE_EVAL ( QS ) energy [hartree]          -1622.707679955656204

 *******************************************************************************
 **                 BAND EVALUATION OF ENERGIES AND FORCES                    **
 *******************************************************************************
 **                                                                           **
 **                                                                           **
 ** Replica Env Nr. :    6              Replica Band Nr. :   14               **
 ** Band  Step  Nr. :    0                                                    **
 *******************************************************************************

 Number of electrons:                                                        674
 Number of occupied orbitals:                                                361
 Number of molecular orbitals:                                               437

 Number of orbital functions:                                               1844
 Number of independent orbital functions:                                   1844

 Parameters for the always stable predictor-corrector (ASPC) method:

  ASPC order: 0

  B(1) =   1.000000

 *** WARNING in fm/cp_fm_elpa.F:521 :: Setting real_kernel for ELPA failed ***


 Extrapolation method: ASPC


 SCF WAVEFUNCTION OPTIMIZATION

  Step     Update method      Time    Convergence         Total energy    Change
  ------------------------------------------------------------------------------

 *** WARNING in fm/cp_fm_elpa.F:521 :: Setting real_kernel for ELPA failed ***

     1 Broy./Diag. 0.15E+00    8.4     0.00026370     -1622.7073675337 -1.62E+03

 *** WARNING in fm/cp_fm_elpa.F:521 :: Setting real_kernel for ELPA failed ***

     2 Broy./Diag. 0.15E+00   11.7     0.00015395     -1622.7107076732 -3.34E-03

 *** WARNING in fm/cp_fm_elpa.F:521 :: Setting real_kernel for ELPA failed ***

     3 Broy./Diag. 0.15E+00   12.1     0.00005361     -1622.7088287188  1.88E-03

 *** WARNING in fm/cp_fm_elpa.F:521 :: Setting real_kernel for ELPA failed ***

     4 Broy./Diag. 0.15E+00   12.1     0.00004073     -1622.7078701702  9.59E-04

  *** SCF run converged in     4 steps ***


  Electronic density on regular grids:       -673.9999999300        0.0000000700
  Core density on regular grids:              673.9999999671       -0.0000000329
  Total charge density on r-space grids:        0.0000000372
  Total charge density g-space grids:           0.0000000372

  Overlap energy of the core charge distribution:               0.00320396655074
  Self energy of the core charge distribution:              -3774.19779000501012
  Core Hamiltonian energy:                                   1086.78647304103697
  Hartree energy:                                            1417.73850038192222
  Exchange-correlation energy:                               -352.80355380100718
  Dispersion energy:                                           -0.22329054490354
  Electronic entropic energy:                                  -0.01141327000234
  Fermi energy:                                                -0.01903459240063

  Total energy:                                             -1622.70787017020712

 !-----------------------------------------------------------------------------!
                     Mulliken Population Analysis

 #  Atom  Element  Kind  Atomic population                           Net charge
       1     Ti       1         11.021579                              0.978421
       2     Ti       1         11.009681                              0.990319
       3     Ti       1         10.940717                              1.059283
       4     Ti       1         10.932246                              1.067754
       5     Ti       1         11.016512                              0.983488
       6     Ti       1         11.027791                              0.972209
       7     Ti       1         10.964737                              1.035263
       8     Ti       1         10.961120                              1.038880
       9     H        2          0.932302                              0.067698
      10     H        2          0.925025                              0.074975
      11     H        2          0.931358                              0.068642
      12     H        2          0.915502                              0.084498
      13     H        2          0.935899                              0.064101
      14     H        2          0.941638                              0.058362
      15     H        2          0.919919                              0.080081
      16     H        2          0.945252                              0.054748
      17     H        2          0.927565                              0.072435
      18     H        2          0.928014                              0.071986
      19     H        2          0.927571                              0.072429
      20     H        2          0.922259                              0.077741
      21     H        2          0.862147                              0.137853
      22     H        2          0.860854                              0.139146
      23     H        2          0.936272                              0.063728
      24     H        2          0.941554                              0.058446
      25     H        2          0.937954                              0.062046
      26     H        2          0.929266                              0.070734
      27     H        2          0.920783                              0.079217
      28     H        2          0.935606                              0.064394
      29     H        2          0.879786                              0.120214
      30     H        2          0.919633                              0.080367
      31     H        2          0.840130                              0.159870
      32     H        2          0.839439                              0.160561
      33     H        2          0.886563                              0.113437
      34     H        2          0.888437                              0.111563
      35     H        2          0.893224                              0.106776
      36     H        2          0.883299                              0.116701
      37     H        2          0.897129                              0.102871
      38     H        2          0.894575                              0.105425
      39     H        2          0.937713                              0.062287
      40     H        2          0.922918                              0.077082
      41     H        2          0.936619                              0.063381
      42     H        2          0.877232                              0.122768
      43     C        3          3.771840                              0.228160
      44     C        3          3.774961                              0.225039
      45     C        3          3.785889                              0.214111
      46     C        3          3.776719                              0.223281
      47     C        3          4.070217                             -0.070217
      48     C        3          4.029572                             -0.029572
      49     C        3          4.090494                             -0.090494
      50     C        3          4.069126                             -0.069126
      51     C        3          3.964655                              0.035345
      52     C        3          4.019099                             -0.019099
      53     C        3          3.909031                              0.090969
      54     C        3          3.940131                              0.059869
      55     C        3          4.027919                             -0.027919
      56     C        3          3.994721                              0.005279
      57     C        3          4.003885                             -0.003885
      58     C        3          4.043808                             -0.043808
      59     C        3          4.034261                             -0.034261
      60     C        3          4.044356                             -0.044356
      61     C        3          4.011471                             -0.011471
      62     C        3          4.083848                             -0.083848
      63     C        3          3.998601                              0.001399
      64     C        3          4.042793                             -0.042793
      65     C        3          4.007090                             -0.007090
      66     C        3          4.014191                             -0.014191
      67     C        3          3.775416                              0.224584
      68     C        3          3.801478                              0.198522
      69     C        3          3.781604                              0.218396
      70     C        3          3.804373                              0.195627
      71     C        3          3.798336                              0.201664
      72     C        3          3.784498                              0.215502
      73     C        3          4.011763                             -0.011763
      74     C        3          4.038668                             -0.038668
      75     C        3          3.966009                              0.033991
      76     C        3          3.999143                              0.000857
      77     C        3          4.030946                             -0.030946
      78     C        3          4.034453                             -0.034453
      79     C        3          4.021220                             -0.021220
      80     C        3          3.967837                              0.032163
      81     C        3          4.025207                             -0.025207
      82     C        3          3.993094                              0.006906
      83     C        3          4.022297                             -0.022297
      84     C        3          4.036328                             -0.036328
      85     C        3          3.993431                              0.006569
      86     C        3          4.014868                             -0.014868
      87     C        3          3.951522                              0.048478
      88     C        3          4.023561                             -0.023561
      89     N        4          4.964344                              0.035656
      90     N        4          5.065573                             -0.065573
      91     N        4          5.050199                             -0.050199
      92     N        4          5.052728                             -0.052728
      93     O        5          6.357775                             -0.357775
      94     O        5          6.329884                             -0.329884
      95     O        5          6.303667                             -0.303667
      96     O        5          6.295112                             -0.295112
      97     O        5          6.329644                             -0.329644
      98     O        5          6.341744                             -0.341744
      99     O        5          6.292196                             -0.292196
     100     O        5          6.258013                             -0.258013
     101     O        5          6.437913                             -0.437913
     102     O        5          6.514777                             -0.514777
     103     O        5          6.501491                             -0.501491
     104     O        5          6.449680                             -0.449680
     105     O        5          6.460278                             -0.460278
     106     O        5          6.534125                             -0.534125
     107     O        5          6.511201                             -0.511201
     108     O        5          6.421640                             -0.421640
     109     O        5          6.364923                             -0.364923
     110     O        5          6.367420                             -0.367420
     111     O        5          6.390288                             -0.390288
     112     O        5          6.330152                             -0.330152
     113     O        5          6.508701                             -0.508701
     114     O        5          6.262436                             -0.262436
     115     O        5          6.371780                             -0.371780
     116     O        5          6.352178                             -0.352178
     117     O        5          6.286840                             -0.286840
     118     O        5          6.405078                             -0.405078
     119     O        5          6.254575                             -0.254575
     120     O        5          6.460256                             -0.460256
     121     O        5          6.534699                             -0.534699
     122     O        5          6.532984                             -0.532984
     123     O        5          6.496307                             -0.496307
     124     O        5          6.471583                             -0.471583
     125     N        4          4.867736                              0.132264
     126     N        4          4.840834                              0.159166
     127     C        3          3.918146                              0.081854
     128     C        3          3.974798                              0.025202
     129     C        3          4.182006                             -0.182006
     130     H        2          0.928758                              0.071242
     131     H        2          0.936929                              0.063071
     132     H        2          0.917560                              0.082440
     133     H        2          0.915486                              0.084514
     134     H        2          0.918307                              0.081693
     135     C        3          3.982861                              0.017139
     136     C        3          4.148755                             -0.148755
     137     H        2          0.919835                              0.080165
     138     H        2          0.914345                              0.085655
     139     H        2          0.920544                              0.079456
     140     C        3          4.261218                             -0.261218
     141     H        2          0.920698                              0.079302
     142     H        2          0.919616                              0.080384
     143     H        2          0.907061                              0.092939
     144     C        3          4.083681                             -0.083681
     145     C        3          4.154146                             -0.154146
     146     H        2          0.902453                              0.097547
     147     H        2          0.907714                              0.092286
     148     H        2          0.918497                              0.081503
     149     H        2          0.940096                              0.059904
     150     F        6          6.986818                              0.013182
     151     F        6          6.932057                              0.067943
     152     F        6          7.204679                             -0.204679
     153     F        6          6.981437                              0.018563
     154     O        5          6.432720                             -0.432720
     155     C        3          3.848706                              0.151294
     156     F        6          7.060098                             -0.060098
     157     C        3          3.804284                              0.195716
     158     F        6          7.176232                             -0.176232
     159     S        7          6.338167                             -0.338167
     160     S        7          6.321315                             -0.321315
     161     O        5          5.832124                              0.167876
     162     O        5          5.673166                              0.326834
     163     O        5          6.151484                             -0.151484
     164     N        4          4.959899                              0.040101
 # Total charge                            674.000000                  0.000000

 !-----------------------------------------------------------------------------!

 !-----------------------------------------------------------------------------!
                           Hirshfeld Charges

  #Atom  Element  Kind  Ref Charge     Population                    Net charge
      1       Ti     1      12.000         13.289                        -1.289
      2       Ti     1      12.000         13.468                        -1.468
      3       Ti     1      12.000         13.186                        -1.186
      4       Ti     1      12.000         13.183                        -1.183
      5       Ti     1      12.000         13.504                        -1.504
      6       Ti     1      12.000         13.305                        -1.305
      7       Ti     1      12.000         13.209                        -1.209
      8       Ti     1      12.000         13.266                        -1.266
      9       H      2       1.000          0.546                         0.454
     10       H      2       1.000          0.536                         0.464
     11       H      2       1.000          0.548                         0.452
     12       H      2       1.000          0.504                         0.496
     13       H      2       1.000          0.552                         0.448
     14       H      2       1.000          0.519                         0.481
     15       H      2       1.000          0.521                         0.479
     16       H      2       1.000          0.523                         0.477
     17       H      2       1.000          0.551                         0.449
     18       H      2       1.000          0.545                         0.455
     19       H      2       1.000          0.542                         0.458
     20       H      2       1.000          0.548                         0.452
     21       H      2       1.000          0.427                         0.573
     22       H      2       1.000          0.432                         0.568
     23       H      2       1.000          0.544                         0.456
     24       H      2       1.000          0.546                         0.454
     25       H      2       1.000          0.561                         0.439
     26       H      2       1.000          0.558                         0.442
     27       H      2       1.000          0.523                         0.477
     28       H      2       1.000          0.559                         0.441
     29       H      2       1.000          0.434                         0.566
     30       H      2       1.000          0.566                         0.434
     31       H      2       1.000          0.419                         0.581
     32       H      2       1.000          0.419                         0.581
     33       H      2       1.000          0.481                         0.519
     34       H      2       1.000          0.467                         0.533
     35       H      2       1.000          0.478                         0.522
     36       H      2       1.000          0.458                         0.542
     37       H      2       1.000          0.485                         0.515
     38       H      2       1.000          0.468                         0.532
     39       H      2       1.000          0.543                         0.457
     40       H      2       1.000          0.542                         0.458
     41       H      2       1.000          0.539                         0.461
     42       H      2       1.000          0.604                         0.396
     43       C      3       4.000          3.472                         0.528
     44       C      3       4.000          3.468                         0.532
     45       C      3       4.000          3.489                         0.511
     46       C      3       4.000          3.474                         0.526
     47       C      3       4.000          4.020                        -0.020
     48       C      3       4.000          3.973                         0.027
     49       C      3       4.000          4.016                        -0.016
     50       C      3       4.000          3.977                         0.023
     51       C      3       4.000          3.881                         0.119
     52       C      3       4.000          4.417                        -0.417
     53       C      3       4.000          3.872                         0.128
     54       C      3       4.000          4.356                        -0.356
     55       C      3       4.000          4.340                        -0.340
     56       C      3       4.000          4.389                        -0.389
     57       C      3       4.000          4.355                        -0.355
     58       C      3       4.000          4.403                        -0.403
     59       C      3       4.000          4.000                         0.000
     60       C      3       4.000          4.355                        -0.355
     61       C      3       4.000          4.268                        -0.268
     62       C      3       4.000          3.997                         0.003
     63       C      3       4.000          4.004                        -0.004
     64       C      3       4.000          4.049                        -0.049
     65       C      3       4.000          4.016                        -0.016
     66       C      3       4.000          4.039                        -0.039
     67       C      3       4.000          3.461                         0.539
     68       C      3       4.000          3.500                         0.500
     69       C      3       4.000          3.493                         0.507
     70       C      3       4.000          3.699                         0.301
     71       C      3       4.000          3.707                         0.293
     72       C      3       4.000          3.518                         0.482
     73       C      3       4.000          4.373                        -0.373
     74       C      3       4.000          4.414                        -0.414
     75       C      3       4.000          4.381                        -0.381
     76       C      3       4.000          4.350                        -0.350
     77       C      3       4.000          4.385                        -0.385
     78       C      3       4.000          4.368                        -0.368
     79       C      3       4.000          4.372                        -0.372
     80       C      3       4.000          4.419                        -0.419
     81       C      3       4.000          4.227                        -0.227
     82       C      3       4.000          4.320                        -0.320
     83       C      3       4.000          4.387                        -0.387
     84       C      3       4.000          4.389                        -0.389
     85       C      3       4.000          3.878                         0.122
     86       C      3       4.000          4.339                        -0.339
     87       C      3       4.000          4.426                        -0.426
     88       C      3       4.000          3.912                         0.088
     89       N      4       5.000          5.761                        -0.761
     90       N      4       5.000          5.907                        -0.907
     91       N      4       5.000          5.907                        -0.907
     92       N      4       5.000          5.931                        -0.931
     93       O      5       6.000          6.169                        -0.169
     94       O      5       6.000          6.127                        -0.127
     95       O      5       6.000          6.156                        -0.156
     96       O      5       6.000          6.140                        -0.140
     97       O      5       6.000          6.127                        -0.127
     98       O      5       6.000          6.131                        -0.131
     99       O      5       6.000          6.114                        -0.114
    100       O      5       6.000          6.100                        -0.100
    101       O      5       6.000          5.694                         0.306
    102       O      5       6.000          5.738                         0.262
    103       O      5       6.000          5.771                         0.229
    104       O      5       6.000          5.685                         0.315
    105       O      5       6.000          5.678                         0.322
    106       O      5       6.000          5.805                         0.195
    107       O      5       6.000          5.757                         0.243
    108       O      5       6.000          5.663                         0.337
    109       O      5       6.000          6.129                        -0.129
    110       O      5       6.000          6.130                        -0.130
    111       O      5       6.000          6.116                        -0.116
    112       O      5       6.000          6.062                        -0.062
    113       O      5       6.000          6.163                        -0.163
    114       O      5       6.000          6.020                        -0.020
    115       O      5       6.000          6.127                        -0.127
    116       O      5       6.000          6.114                        -0.114
    117       O      5       6.000          5.982                         0.018
    118       O      5       6.000          6.107                        -0.107
    119       O      5       6.000          6.011                        -0.011
    120       O      5       6.000          6.091                        -0.091
    121       O      5       6.000          5.987                         0.013
    122       O      5       6.000          5.988                         0.012
    123       O      5       6.000          6.261                        -0.261
    124       O      5       6.000          6.181                        -0.181
    125       N      4       5.000          5.155                        -0.155
    126       N      4       5.000          5.144                        -0.144
    127       C      3       4.000          4.179                        -0.179
    128       C      3       4.000          4.278                        -0.278
    129       C      3       4.000          4.902                        -0.902
    130       H      2       1.000          0.525                         0.475
    131       H      2       1.000          0.525                         0.475
    132       H      2       1.000          0.548                         0.452
    133       H      2       1.000          0.510                         0.490
    134       H      2       1.000          0.554                         0.446
    135       C      3       4.000          4.298                        -0.298
    136       C      3       4.000          4.808                        -0.808
    137       H      2       1.000          0.548                         0.452
    138       H      2       1.000          0.567                         0.433
    139       H      2       1.000          0.561                         0.439
    140       C      3       4.000          5.303                        -1.303
    141       H      2       1.000          0.561                         0.439
    142       H      2       1.000          0.557                         0.443
    143       H      2       1.000          0.552                         0.448
    144       C      3       4.000          4.535                        -0.535
    145       C      3       4.000          4.781                        -0.781
    146       H      2       1.000          0.540                         0.460
    147       H      2       1.000          0.550                         0.450
    148       H      2       1.000          0.563                         0.437
    149       H      2       1.000          0.527                         0.473
    150       F      6       7.000          7.220                        -0.220
    151       F      6       7.000          7.197                        -0.197
    152       F      6       7.000          7.360                        -0.360
    153       F      6       7.000          7.216                        -0.216
    154       O      5       6.000          6.452                        -0.452
    155       C      3       4.000          3.225                         0.775
    156       F      6       7.000          7.277                        -0.277
    157       C      3       4.000          3.216                         0.784
    158       F      6       7.000          7.341                        -0.341
    159       S      7       6.000          5.479                         0.521
    160       S      7       6.000          5.391                         0.609
    161       O      5       6.000          6.371                        -0.371
    162       O      5       6.000          6.346                        -0.346
    163       O      5       6.000          6.385                        -0.385
    164       N      4       5.000          5.222                        -0.222

  Total Charge                                                            0.056
 !-----------------------------------------------------------------------------!

 ENERGY| Total FORCE_EVAL ( QS ) energy [hartree]          -1622.707367546907335

 *******************************************************************************
 **                 BAND EVALUATION OF ENERGIES AND FORCES                    **
 *******************************************************************************
 **                                                                           **
 **                                                                           **
 ** Replica Env Nr. :    6              Replica Band Nr. :   14               **
 ** Band  Step  Nr. :    1                                                    **
 *******************************************************************************

 Number of electrons:                                                        674
 Number of occupied orbitals:                                                361
 Number of molecular orbitals:                                               437

 Number of orbital functions:                                               1844
 Number of independent orbital functions:                                   1844

 Parameters for the always stable predictor-corrector (ASPC) method:

  ASPC order: 1

  B(1) =   2.500000
  B(2) =  -2.000000
  B(3) =   0.500000

 *** WARNING in fm/cp_fm_elpa.F:521 :: Setting real_kernel for ELPA failed ***


 Extrapolation method: ASPC


 SCF WAVEFUNCTION OPTIMIZATION

  Step     Update method      Time    Convergence         Total energy    Change
  ------------------------------------------------------------------------------

 *** WARNING in fm/cp_fm_elpa.F:521 :: Setting real_kernel for ELPA failed ***

     1 Broy./Diag. 0.15E+00    8.8     0.00033177     -1622.7076795699 -1.62E+03

 *** WARNING in fm/cp_fm_elpa.F:521 :: Setting real_kernel for ELPA failed ***

     2 Broy./Diag. 0.15E+00   11.8     0.00023512     -1622.7085879647 -9.08E-04

 *** WARNING in fm/cp_fm_elpa.F:521 :: Setting real_kernel for ELPA failed ***

     3 Broy./Diag. 0.15E+00   12.1     0.00012940     -1622.7077817605  8.06E-04

 *** WARNING in fm/cp_fm_elpa.F:521 :: Setting real_kernel for ELPA failed ***

     4 Broy./Diag. 0.15E+00   12.3     0.00007606     -1622.7076156228  1.66E-04

 *** WARNING in fm/cp_fm_elpa.F:521 :: Setting real_kernel for ELPA failed ***

     5 Broy./Diag. 0.15E+00   12.6     0.00001766     -1622.7070820987  5.34E-04

  *** SCF run converged in     5 steps ***


  Electronic density on regular grids:       -673.9999999300        0.0000000700
  Core density on regular grids:              673.9999999671       -0.0000000329
  Total charge density on r-space grids:        0.0000000372
  Total charge density g-space grids:           0.0000000372

  Overlap energy of the core charge distribution:               0.00320281486960
  Self energy of the core charge distribution:              -3774.19779000501012
  Core Hamiltonian energy:                                   1086.78666483339566
  Hartree energy:                                            1417.73899293725913
  Exchange-correlation energy:                               -352.80344855282112
  Dispersion energy:                                           -0.22329062937501
  Electronic entropic energy:                                  -0.01141220369996
  Fermi energy:                                                -0.01903010845681

  Total energy:                                             -1622.70708209871236

 !-----------------------------------------------------------------------------!
                     Mulliken Population Analysis

 #  Atom  Element  Kind  Atomic population                           Net charge
       1     Ti       1         11.021573                              0.978427
       2     Ti       1         11.009657                              0.990343
       3     Ti       1         10.940717                              1.059283
       4     Ti       1         10.932249                              1.067751
       5     Ti       1         11.016472                              0.983528
       6     Ti       1         11.027778                              0.972222
       7     Ti       1         10.964740                              1.035260
       8     Ti       1         10.961123                              1.038877
       9     H        2          0.932306                              0.067694
      10     H        2          0.925027                              0.074973
      11     H        2          0.931360                              0.068640
      12     H        2          0.915506                              0.084494
      13     H        2          0.935903                              0.064097
      14     H        2          0.941637                              0.058363
      15     H        2          0.919919                              0.080081
      16     H        2          0.945257                              0.054743
      17     H        2          0.927565                              0.072435
      18     H        2          0.928018                              0.071982
      19     H        2          0.927575                              0.072425
      20     H        2          0.922261                              0.077739
      21     H        2          0.862141                              0.137859
      22     H        2          0.860848                              0.139152
      23     H        2          0.936283                              0.063717
      24     H        2          0.941565                              0.058435
      25     H        2          0.937963                              0.062037
      26     H        2          0.929274                              0.070726
      27     H        2          0.920791                              0.079209
      28     H        2          0.935617                              0.064383
      29     H        2          0.879790                              0.120210
      30     H        2          0.919641                              0.080359
      31     H        2          0.840120                              0.159880
      32     H        2          0.839436                              0.160564
      33     H        2          0.886564                              0.113436
      34     H        2          0.888433                              0.111567
      35     H        2          0.893233                              0.106767
      36     H        2          0.883303                              0.116697
      37     H        2          0.897139                              0.102861
      38     H        2          0.894578                              0.105422
      39     H        2          0.937713                              0.062287
      40     H        2          0.922920                              0.077080
      41     H        2          0.936623                              0.063377
      42     H        2          0.877247                              0.122753
      43     C        3          3.771846                              0.228154
      44     C        3          3.774948                              0.225052
      45     C        3          3.785870                              0.214130
      46     C        3          3.776726                              0.223274
      47     C        3          4.070215                             -0.070215
      48     C        3          4.029569                             -0.029569
      49     C        3          4.090491                             -0.090491
      50     C        3          4.069100                             -0.069100
      51     C        3          3.964650                              0.035350
      52     C        3          4.019097                             -0.019097
      53     C        3          3.909023                              0.090977
      54     C        3          3.940135                              0.059865
      55     C        3          4.027925                             -0.027925
      56     C        3          3.994716                              0.005284
      57     C        3          4.003886                             -0.003886
      58     C        3          4.043804                             -0.043804
      59     C        3          4.034263                             -0.034263
      60     C        3          4.044356                             -0.044356
      61     C        3          4.011453                             -0.011453
      62     C        3          4.083844                             -0.083844
      63     C        3          3.998577                              0.001423
      64     C        3          4.042783                             -0.042783
      65     C        3          4.007083                             -0.007083
      66     C        3          4.014188                             -0.014188
      67     C        3          3.775429                              0.224571
      68     C        3          3.801491                              0.198509
      69     C        3          3.781609                              0.218391
      70     C        3          3.804345                              0.195655
      71     C        3          3.798328                              0.201672
      72     C        3          3.784497                              0.215503
      73     C        3          4.011760                             -0.011760
      74     C        3          4.038661                             -0.038661
      75     C        3          3.966017                              0.033983
      76     C        3          3.999144                              0.000856
      77     C        3          4.030945                             -0.030945
      78     C        3          4.034435                             -0.034435
      79     C        3          4.021219                             -0.021219
      80     C        3          3.967856                              0.032144
      81     C        3          4.025218                             -0.025218
      82     C        3          3.993092                              0.006908
      83     C        3          4.022295                             -0.022295
      84     C        3          4.036323                             -0.036323
      85     C        3          3.993415                              0.006585
      86     C        3          4.014866                             -0.014866
      87     C        3          3.951522                              0.048478
      88     C        3          4.023559                             -0.023559
      89     N        4          4.964338                              0.035662
      90     N        4          5.065604                             -0.065604
      91     N        4          5.050203                             -0.050203
      92     N        4          5.052734                             -0.052734
      93     O        5          6.357787                             -0.357787
      94     O        5          6.329894                             -0.329894
      95     O        5          6.303680                             -0.303680
      96     O        5          6.295121                             -0.295121
      97     O        5          6.329654                             -0.329654
      98     O        5          6.341756                             -0.341756
      99     O        5          6.292207                             -0.292207
     100     O        5          6.258028                             -0.258028
     101     O        5          6.437914                             -0.437914
     102     O        5          6.514778                             -0.514778
     103     O        5          6.501487                             -0.501487
     104     O        5          6.449676                             -0.449676
     105     O        5          6.460275                             -0.460275
     106     O        5          6.534124                             -0.534124
     107     O        5          6.511201                             -0.511201
     108     O        5          6.421638                             -0.421638
     109     O        5          6.364927                             -0.364927
     110     O        5          6.367423                             -0.367423
     111     O        5          6.390298                             -0.390298
     112     O        5          6.330155                             -0.330155
     113     O        5          6.508699                             -0.508699
     114     O        5          6.262444                             -0.262444
     115     O        5          6.371783                             -0.371783
     116     O        5          6.352179                             -0.352179
     117     O        5          6.286842                             -0.286842
     118     O        5          6.405086                             -0.405086
     119     O        5          6.254578                             -0.254578
     120     O        5          6.460235                             -0.460235
     121     O        5          6.534686                             -0.534686
     122     O        5          6.532971                             -0.532971
     123     O        5          6.496282                             -0.496282
     124     O        5          6.471563                             -0.471563
     125     N        4          4.867742                              0.132258
     126     N        4          4.840832                              0.159168
     127     C        3          3.918148                              0.081852
     128     C        3          3.974795                              0.025205
     129     C        3          4.182017                             -0.182017
     130     H        2          0.928751                              0.071249
     131     H        2          0.936924                              0.063076
     132     H        2          0.917551                              0.082449
     133     H        2          0.915487                              0.084513
     134     H        2          0.918301                              0.081699
     135     C        3          3.982856                              0.017144
     136     C        3          4.148747                             -0.148747
     137     H        2          0.919831                              0.080169
     138     H        2          0.914351                              0.085649
     139     H        2          0.920546                              0.079454
     140     C        3          4.261209                             -0.261209
     141     H        2          0.920707                              0.079293
     142     H        2          0.919623                              0.080377
     143     H        2          0.907071                              0.092929
     144     C        3          4.083688                             -0.083688
     145     C        3          4.154139                             -0.154139
     146     H        2          0.902447                              0.097553
     147     H        2          0.907715                              0.092285
     148     H        2          0.918501                              0.081499
     149     H        2          0.940091                              0.059909
     150     F        6          6.986828                              0.013172
     151     F        6          6.932069                              0.067931
     152     F        6          7.204675                             -0.204675
     153     F        6          6.981442                              0.018558
     154     O        5          6.432741                             -0.432741
     155     C        3          3.848714                              0.151286
     156     F        6          7.060099                             -0.060099
     157     C        3          3.804290                              0.195710
     158     F        6          7.176228                             -0.176228
     159     S        7          6.338082                             -0.338082
     160     S        7          6.321242                             -0.321242
     161     O        5          5.832191                              0.167809
     162     O        5          5.673243                              0.326757
     163     O        5          6.151472                             -0.151472
     164     N        4          4.959926                              0.040074
 # Total charge                            674.000000                  0.000000

 !-----------------------------------------------------------------------------!

 !-----------------------------------------------------------------------------!
                           Hirshfeld Charges

  #Atom  Element  Kind  Ref Charge     Population                    Net charge
      1       Ti     1      12.000         13.289                        -1.289
      2       Ti     1      12.000         13.468                        -1.468
      3       Ti     1      12.000         13.186                        -1.186
      4       Ti     1      12.000         13.183                        -1.183
      5       Ti     1      12.000         13.504                        -1.504
      6       Ti     1      12.000         13.305                        -1.305
      7       Ti     1      12.000         13.209                        -1.209
      8       Ti     1      12.000         13.266                        -1.266
      9       H      2       1.000          0.546                         0.454
     10       H      2       1.000          0.536                         0.464
     11       H      2       1.000          0.548                         0.452
     12       H      2       1.000          0.504                         0.496
     13       H      2       1.000          0.552                         0.448
     14       H      2       1.000          0.519                         0.481
     15       H      2       1.000          0.521                         0.479
     16       H      2       1.000          0.523                         0.477
     17       H      2       1.000          0.551                         0.449
     18       H      2       1.000          0.545                         0.455
     19       H      2       1.000          0.542                         0.458
     20       H      2       1.000          0.548                         0.452
     21       H      2       1.000          0.427                         0.573
     22       H      2       1.000          0.432                         0.568
     23       H      2       1.000          0.544                         0.456
     24       H      2       1.000          0.546                         0.454
     25       H      2       1.000          0.561                         0.439
     26       H      2       1.000          0.558                         0.442
     27       H      2       1.000          0.523                         0.477
     28       H      2       1.000          0.559                         0.441
     29       H      2       1.000          0.434                         0.566
     30       H      2       1.000          0.566                         0.434
     31       H      2       1.000          0.419                         0.581
     32       H      2       1.000          0.419                         0.581
     33       H      2       1.000          0.481                         0.519
     34       H      2       1.000          0.467                         0.533
     35       H      2       1.000          0.478                         0.522
     36       H      2       1.000          0.458                         0.542
     37       H      2       1.000          0.485                         0.515
     38       H      2       1.000          0.468                         0.532
     39       H      2       1.000          0.543                         0.457
     40       H      2       1.000          0.542                         0.458
     41       H      2       1.000          0.539                         0.461
     42       H      2       1.000          0.604                         0.396
     43       C      3       4.000          3.472                         0.528
     44       C      3       4.000          3.468                         0.532
     45       C      3       4.000          3.489                         0.511
     46       C      3       4.000          3.474                         0.526
     47       C      3       4.000          4.020                        -0.020
     48       C      3       4.000          3.973                         0.027
     49       C      3       4.000          4.016                        -0.016
     50       C      3       4.000          3.977                         0.023
     51       C      3       4.000          3.881                         0.119
     52       C      3       4.000          4.417                        -0.417
     53       C      3       4.000          3.872                         0.128
     54       C      3       4.000          4.356                        -0.356
     55       C      3       4.000          4.340                        -0.340
     56       C      3       4.000          4.389                        -0.389
     57       C      3       4.000          4.355                        -0.355
     58       C      3       4.000          4.403                        -0.403
     59       C      3       4.000          4.000                         0.000
     60       C      3       4.000          4.355                        -0.355
     61       C      3       4.000          4.268                        -0.268
     62       C      3       4.000          3.997                         0.003
     63       C      3       4.000          4.004                        -0.004
     64       C      3       4.000          4.049                        -0.049
     65       C      3       4.000          4.016                        -0.016
     66       C      3       4.000          4.039                        -0.039
     67       C      3       4.000          3.461                         0.539
     68       C      3       4.000          3.500                         0.500
     69       C      3       4.000          3.493                         0.507
     70       C      3       4.000          3.699                         0.301
     71       C      3       4.000          3.707                         0.293
     72       C      3       4.000          3.518                         0.482
     73       C      3       4.000          4.373                        -0.373
     74       C      3       4.000          4.414                        -0.414
     75       C      3       4.000          4.381                        -0.381
     76       C      3       4.000          4.350                        -0.350
     77       C      3       4.000          4.385                        -0.385
     78       C      3       4.000          4.368                        -0.368
     79       C      3       4.000          4.372                        -0.372
     80       C      3       4.000          4.419                        -0.419
     81       C      3       4.000          4.227                        -0.227
     82       C      3       4.000          4.320                        -0.320
     83       C      3       4.000          4.387                        -0.387
     84       C      3       4.000          4.389                        -0.389
     85       C      3       4.000          3.878                         0.122
     86       C      3       4.000          4.339                        -0.339
     87       C      3       4.000          4.427                        -0.427
     88       C      3       4.000          3.912                         0.088
     89       N      4       5.000          5.761                        -0.761
     90       N      4       5.000          5.907                        -0.907
     91       N      4       5.000          5.907                        -0.907
     92       N      4       5.000          5.931                        -0.931
     93       O      5       6.000          6.169                        -0.169
     94       O      5       6.000          6.127                        -0.127
     95       O      5       6.000          6.156                        -0.156
     96       O      5       6.000          6.140                        -0.140
     97       O      5       6.000          6.127                        -0.127
     98       O      5       6.000          6.131                        -0.131
     99       O      5       6.000          6.114                        -0.114
    100       O      5       6.000          6.100                        -0.100
    101       O      5       6.000          5.694                         0.306
    102       O      5       6.000          5.738                         0.262
    103       O      5       6.000          5.771                         0.229
    104       O      5       6.000          5.685                         0.315
    105       O      5       6.000          5.678                         0.322
    106       O      5       6.000          5.805                         0.195
    107       O      5       6.000          5.757                         0.243
    108       O      5       6.000          5.663                         0.337
    109       O      5       6.000          6.129                        -0.129
    110       O      5       6.000          6.130                        -0.130
    111       O      5       6.000          6.116                        -0.116
    112       O      5       6.000          6.062                        -0.062
    113       O      5       6.000          6.163                        -0.163
    114       O      5       6.000          6.020                        -0.020
    115       O      5       6.000          6.127                        -0.127
    116       O      5       6.000          6.114                        -0.114
    117       O      5       6.000          5.982                         0.018
    118       O      5       6.000          6.107                        -0.107
    119       O      5       6.000          6.011                        -0.011
    120       O      5       6.000          6.091                        -0.091
    121       O      5       6.000          5.987                         0.013
    122       O      5       6.000          5.988                         0.012
    123       O      5       6.000          6.260                        -0.260
    124       O      5       6.000          6.181                        -0.181
    125       N      4       5.000          5.156                        -0.156
    126       N      4       5.000          5.144                        -0.144
    127       C      3       4.000          4.179                        -0.179
    128       C      3       4.000          4.278                        -0.278
    129       C      3       4.000          4.902                        -0.902
    130       H      2       1.000          0.525                         0.475
    131       H      2       1.000          0.525                         0.475
    132       H      2       1.000          0.548                         0.452
    133       H      2       1.000          0.510                         0.490
    134       H      2       1.000          0.554                         0.446
    135       C      3       4.000          4.298                        -0.298
    136       C      3       4.000          4.808                        -0.808
    137       H      2       1.000          0.548                         0.452
    138       H      2       1.000          0.567                         0.433
    139       H      2       1.000          0.561                         0.439
    140       C      3       4.000          5.303                        -1.303
    141       H      2       1.000          0.561                         0.439
    142       H      2       1.000          0.557                         0.443
    143       H      2       1.000          0.552                         0.448
    144       C      3       4.000          4.535                        -0.535
    145       C      3       4.000          4.781                        -0.781
    146       H      2       1.000          0.540                         0.460
    147       H      2       1.000          0.550                         0.450
    148       H      2       1.000          0.563                         0.437
    149       H      2       1.000          0.527                         0.473
    150       F      6       7.000          7.220                        -0.220
    151       F      6       7.000          7.197                        -0.197
    152       F      6       7.000          7.360                        -0.360
    153       F      6       7.000          7.216                        -0.216
    154       O      5       6.000          6.452                        -0.452
    155       C      3       4.000          3.225                         0.775
    156       F      6       7.000          7.277                        -0.277
    157       C      3       4.000          3.216                         0.784
    158       F      6       7.000          7.341                        -0.341
    159       S      7       6.000          5.479                         0.521
    160       S      7       6.000          5.391                         0.609
    161       O      5       6.000          6.371                        -0.371
    162       O      5       6.000          6.346                        -0.346
    163       O      5       6.000          6.385                        -0.385
    164       N      4       5.000          5.222                        -0.222

  Total Charge                                                            0.056
 !-----------------------------------------------------------------------------!

 ENERGY| Total FORCE_EVAL ( QS ) energy [hartree]          -1622.707679944816391

 *******************************************************************************
 **                 BAND EVALUATION OF ENERGIES AND FORCES                    **
 *******************************************************************************
 **                                                                           **
 **                                                                           **
 ** Replica Env Nr. :    6              Replica Band Nr. :   14               **
 ** Band  Step  Nr. :    0                                                    **
 *******************************************************************************

 Number of electrons:                                                        674
 Number of occupied orbitals:                                                361
 Number of molecular orbitals:                                               437

 Number of orbital functions:                                               1844
 Number of independent orbital functions:                                   1844

 Parameters for the always stable predictor-corrector (ASPC) method:

  ASPC order: 0

  B(1) =   1.000000

 *** WARNING in fm/cp_fm_elpa.F:521 :: Setting real_kernel for ELPA failed ***


 Extrapolation method: ASPC


 SCF WAVEFUNCTION OPTIMIZATION

  Step     Update method      Time    Convergence         Total energy    Change
  ------------------------------------------------------------------------------

 *** WARNING in fm/cp_fm_elpa.F:521 :: Setting real_kernel for ELPA failed ***

     1 Broy./Diag. 0.15E+00    7.6     0.00025922     -1622.7073675498 -1.62E+03

 *** WARNING in fm/cp_fm_elpa.F:521 :: Setting real_kernel for ELPA failed ***

     2 Broy./Diag. 0.15E+00   11.3     0.00027657     -1622.7054583116  1.91E-03

 *** WARNING in fm/cp_fm_elpa.F:521 :: Setting real_kernel for ELPA failed ***

     3 Broy./Diag. 0.15E+00   11.8     0.00009314     -1622.7065878690 -1.13E-03

 *** WARNING in fm/cp_fm_elpa.F:521 :: Setting real_kernel for ELPA failed ***

     4 Broy./Diag. 0.15E+00   11.7     0.00003132     -1622.7070082834 -4.20E-04

  *** SCF run converged in     4 steps ***


  Electronic density on regular grids:       -673.9999999300        0.0000000700
  Core density on regular grids:              673.9999999671       -0.0000000329
  Total charge density on r-space grids:        0.0000000372
  Total charge density g-space grids:           0.0000000372

  Overlap energy of the core charge distribution:               0.00320396655074
  Self energy of the core charge distribution:              -3774.19779000501012
  Core Hamiltonian energy:                                   1086.78819726171696
  Hartree energy:                                            1417.73771778017067
  Exchange-correlation energy:                               -352.80363545567656
  Dispersion energy:                                           -0.22329054490354
  Electronic entropic energy:                                  -0.01141025763979
  Fermi energy:                                                -0.01904059453184

  Total energy:                                             -1622.70700828338954

 !-----------------------------------------------------------------------------!
                     Mulliken Population Analysis

 #  Atom  Element  Kind  Atomic population                           Net charge
       1     Ti       1         11.021591                              0.978409
       2     Ti       1         11.009676                              0.990324
       3     Ti       1         10.940726                              1.059274
       4     Ti       1         10.932337                              1.067663
       5     Ti       1         11.016509                              0.983491
       6     Ti       1         11.027795                              0.972205
       7     Ti       1         10.964761                              1.035239
       8     Ti       1         10.961202                              1.038798
       9     H        2          0.932283                              0.067717
      10     H        2          0.925017                              0.074983
      11     H        2          0.931367                              0.068633
      12     H        2          0.915482                              0.084518
      13     H        2          0.935887                              0.064113
      14     H        2          0.941599                              0.058401
      15     H        2          0.919909                              0.080091
      16     H        2          0.945221                              0.054779
      17     H        2          0.927554                              0.072446
      18     H        2          0.928001                              0.071999
      19     H        2          0.927563                              0.072437
      20     H        2          0.922252                              0.077748
      21     H        2          0.862195                              0.137805
      22     H        2          0.860900                              0.139100
      23     H        2          0.936270                              0.063730
      24     H        2          0.941554                              0.058446
      25     H        2          0.937933                              0.062067
      26     H        2          0.929265                              0.070735
      27     H        2          0.920787                              0.079213
      28     H        2          0.935606                              0.064394
      29     H        2          0.879788                              0.120212
      30     H        2          0.919621                              0.080379
      31     H        2          0.840172                              0.159828
      32     H        2          0.839473                              0.160527
      33     H        2          0.886524                              0.113476
      34     H        2          0.888409                              0.111591
      35     H        2          0.893209                              0.106791
      36     H        2          0.883312                              0.116688
      37     H        2          0.897121                              0.102879
      38     H        2          0.894558                              0.105442
      39     H        2          0.937724                              0.062276
      40     H        2          0.922916                              0.077084
      41     H        2          0.936662                              0.063338
      42     H        2          0.877240                              0.122760
      43     C        3          3.771841                              0.228159
      44     C        3          3.774927                              0.225073
      45     C        3          3.785845                              0.214155
      46     C        3          3.776726                              0.223274
      47     C        3          4.070196                             -0.070196
      48     C        3          4.029549                             -0.029549
      49     C        3          4.090475                             -0.090475
      50     C        3          4.069089                             -0.069089
      51     C        3          3.964621                              0.035379
      52     C        3          4.019080                             -0.019080
      53     C        3          3.908992                              0.091008
      54     C        3          3.940127                              0.059873
      55     C        3          4.027909                             -0.027909
      56     C        3          3.994702                              0.005298
      57     C        3          4.003874                             -0.003874
      58     C        3          4.043768                             -0.043768
      59     C        3          4.034263                             -0.034263
      60     C        3          4.044357                             -0.044357
      61     C        3          4.011488                             -0.011488
      62     C        3          4.083874                             -0.083874
      63     C        3          3.998564                              0.001436
      64     C        3          4.042774                             -0.042774
      65     C        3          4.007073                             -0.007073
      66     C        3          4.014169                             -0.014169
      67     C        3          3.775452                              0.224548
      68     C        3          3.801501                              0.198499
      69     C        3          3.781611                              0.218389
      70     C        3          3.804342                              0.195658
      71     C        3          3.798323                              0.201677
      72     C        3          3.784502                              0.215498
      73     C        3          4.011756                             -0.011756
      74     C        3          4.038639                             -0.038639
      75     C        3          3.966033                              0.033967
      76     C        3          3.999139                              0.000861
      77     C        3          4.030923                             -0.030923
      78     C        3          4.034395                             -0.034395
      79     C        3          4.021201                             -0.021201
      80     C        3          3.967833                              0.032167
      81     C        3          4.025233                             -0.025233
      82     C        3          3.993093                              0.006907
      83     C        3          4.022279                             -0.022279
      84     C        3          4.036312                             -0.036312
      85     C        3          3.993387                              0.006613
      86     C        3          4.014848                             -0.014848
      87     C        3          3.951478                              0.048522
      88     C        3          4.023546                             -0.023546
      89     N        4          4.964335                              0.035665
      90     N        4          5.065532                             -0.065532
      91     N        4          5.050197                             -0.050197
      92     N        4          5.052695                             -0.052695
      93     O        5          6.357787                             -0.357787
      94     O        5          6.329878                             -0.329878
      95     O        5          6.303643                             -0.303643
      96     O        5          6.295114                             -0.295114
      97     O        5          6.329660                             -0.329660
      98     O        5          6.341731                             -0.341731
      99     O        5          6.292195                             -0.292195
     100     O        5          6.257991                             -0.257991
     101     O        5          6.437968                             -0.437968
     102     O        5          6.514791                             -0.514791
     103     O        5          6.501538                             -0.501538
     104     O        5          6.449697                             -0.449697
     105     O        5          6.460286                             -0.460286
     106     O        5          6.534188                             -0.534188
     107     O        5          6.511203                             -0.511203
     108     O        5          6.421702                             -0.421702
     109     O        5          6.364937                             -0.364937
     110     O        5          6.367423                             -0.367423
     111     O        5          6.390256                             -0.390256
     112     O        5          6.330162                             -0.330162
     113     O        5          6.508677                             -0.508677
     114     O        5          6.262442                             -0.262442
     115     O        5          6.371780                             -0.371780
     116     O        5          6.352203                             -0.352203
     117     O        5          6.286844                             -0.286844
     118     O        5          6.405054                             -0.405054
     119     O        5          6.254568                             -0.254568
     120     O        5          6.460223                             -0.460223
     121     O        5          6.534763                             -0.534763
     122     O        5          6.533006                             -0.533006
     123     O        5          6.496351                             -0.496351
     124     O        5          6.471628                             -0.471628
     125     N        4          4.867744                              0.132256
     126     N        4          4.840844                              0.159156
     127     C        3          3.918190                              0.081810
     128     C        3          3.974789                              0.025211
     129     C        3          4.182019                             -0.182019
     130     H        2          0.928781                              0.071219
     131     H        2          0.936912                              0.063088
     132     H        2          0.917545                              0.082455
     133     H        2          0.915509                              0.084491
     134     H        2          0.918309                              0.081691
     135     C        3          3.982850                              0.017150
     136     C        3          4.148760                             -0.148760
     137     H        2          0.919848                              0.080152
     138     H        2          0.914353                              0.085647
     139     H        2          0.920547                              0.079453
     140     C        3          4.261205                             -0.261205
     141     H        2          0.920696                              0.079304
     142     H        2          0.919597                              0.080403
     143     H        2          0.907061                              0.092939
     144     C        3          4.083693                             -0.083693
     145     C        3          4.154126                             -0.154126
     146     H        2          0.902457                              0.097543
     147     H        2          0.907693                              0.092307
     148     H        2          0.918487                              0.081513
     149     H        2          0.940081                              0.059919
     150     F        6          6.986814                              0.013186
     151     F        6          6.932048                              0.067952
     152     F        6          7.204689                             -0.204689
     153     F        6          6.981427                              0.018573
     154     O        5          6.432737                             -0.432737
     155     C        3          3.848695                              0.151305
     156     F        6          7.060093                             -0.060093
     157     C        3          3.804287                              0.195713
     158     F        6          7.176227                             -0.176227
     159     S        7          6.338178                             -0.338178
     160     S        7          6.321380                             -0.321380
     161     O        5          5.832165                              0.167835
     162     O        5          5.673197                              0.326803
     163     O        5          6.151515                             -0.151515
     164     N        4          4.959923                              0.040077
 # Total charge                            674.000000                  0.000000

 !-----------------------------------------------------------------------------!

 !-----------------------------------------------------------------------------!
                           Hirshfeld Charges

  #Atom  Element  Kind  Ref Charge     Population                    Net charge
      1       Ti     1      12.000         13.289                        -1.289
      2       Ti     1      12.000         13.468                        -1.468
      3       Ti     1      12.000         13.186                        -1.186
      4       Ti     1      12.000         13.183                        -1.183
      5       Ti     1      12.000         13.504                        -1.504
      6       Ti     1      12.000         13.305                        -1.305
      7       Ti     1      12.000         13.209                        -1.209
      8       Ti     1      12.000         13.266                        -1.266
      9       H      2       1.000          0.546                         0.454
     10       H      2       1.000          0.536                         0.464
     11       H      2       1.000          0.548                         0.452
     12       H      2       1.000          0.504                         0.496
     13       H      2       1.000          0.552                         0.448
     14       H      2       1.000          0.519                         0.481
     15       H      2       1.000          0.521                         0.479
     16       H      2       1.000          0.523                         0.477
     17       H      2       1.000          0.551                         0.449
     18       H      2       1.000          0.545                         0.455
     19       H      2       1.000          0.542                         0.458
     20       H      2       1.000          0.548                         0.452
     21       H      2       1.000          0.427                         0.573
     22       H      2       1.000          0.432                         0.568
     23       H      2       1.000          0.544                         0.456
     24       H      2       1.000          0.546                         0.454
     25       H      2       1.000          0.561                         0.439
     26       H      2       1.000          0.558                         0.442
     27       H      2       1.000          0.523                         0.477
     28       H      2       1.000          0.559                         0.441
     29       H      2       1.000          0.434                         0.566
     30       H      2       1.000          0.566                         0.434
     31       H      2       1.000          0.419                         0.581
     32       H      2       1.000          0.419                         0.581
     33       H      2       1.000          0.481                         0.519
     34       H      2       1.000          0.467                         0.533
     35       H      2       1.000          0.478                         0.522
     36       H      2       1.000          0.458                         0.542
     37       H      2       1.000          0.485                         0.515
     38       H      2       1.000          0.468                         0.532
     39       H      2       1.000          0.543                         0.457
     40       H      2       1.000          0.542                         0.458
     41       H      2       1.000          0.539                         0.461
     42       H      2       1.000          0.604                         0.396
     43       C      3       4.000          3.472                         0.528
     44       C      3       4.000          3.468                         0.532
     45       C      3       4.000          3.489                         0.511
     46       C      3       4.000          3.474                         0.526
     47       C      3       4.000          4.020                        -0.020
     48       C      3       4.000          3.973                         0.027
     49       C      3       4.000          4.016                        -0.016
     50       C      3       4.000          3.977                         0.023
     51       C      3       4.000          3.881                         0.119
     52       C      3       4.000          4.417                        -0.417
     53       C      3       4.000          3.872                         0.128
     54       C      3       4.000          4.356                        -0.356
     55       C      3       4.000          4.340                        -0.340
     56       C      3       4.000          4.389                        -0.389
     57       C      3       4.000          4.355                        -0.355
     58       C      3       4.000          4.403                        -0.403
     59       C      3       4.000          4.000                         0.000
     60       C      3       4.000          4.355                        -0.355
     61       C      3       4.000          4.268                        -0.268
     62       C      3       4.000          3.997                         0.003
     63       C      3       4.000          4.004                        -0.004
     64       C      3       4.000          4.049                        -0.049
     65       C      3       4.000          4.016                        -0.016
     66       C      3       4.000          4.039                        -0.039
     67       C      3       4.000          3.461                         0.539
     68       C      3       4.000          3.500                         0.500
     69       C      3       4.000          3.493                         0.507
     70       C      3       4.000          3.699                         0.301
     71       C      3       4.000          3.707                         0.293
     72       C      3       4.000          3.518                         0.482
     73       C      3       4.000          4.373                        -0.373
     74       C      3       4.000          4.414                        -0.414
     75       C      3       4.000          4.381                        -0.381
     76       C      3       4.000          4.350                        -0.350
     77       C      3       4.000          4.385                        -0.385
     78       C      3       4.000          4.368                        -0.368
     79       C      3       4.000          4.372                        -0.372
     80       C      3       4.000          4.419                        -0.419
     81       C      3       4.000          4.227                        -0.227
     82       C      3       4.000          4.320                        -0.320
     83       C      3       4.000          4.387                        -0.387
     84       C      3       4.000          4.389                        -0.389
     85       C      3       4.000          3.878                         0.122
     86       C      3       4.000          4.339                        -0.339
     87       C      3       4.000          4.426                        -0.426
     88       C      3       4.000          3.912                         0.088
     89       N      4       5.000          5.761                        -0.761
     90       N      4       5.000          5.907                        -0.907
     91       N      4       5.000          5.907                        -0.907
     92       N      4       5.000          5.931                        -0.931
     93       O      5       6.000          6.169                        -0.169
     94       O      5       6.000          6.127                        -0.127
     95       O      5       6.000          6.156                        -0.156
     96       O      5       6.000          6.140                        -0.140
     97       O      5       6.000          6.127                        -0.127
     98       O      5       6.000          6.131                        -0.131
     99       O      5       6.000          6.114                        -0.114
    100       O      5       6.000          6.100                        -0.100
    101       O      5       6.000          5.694                         0.306
    102       O      5       6.000          5.738                         0.262
    103       O      5       6.000          5.771                         0.229
    104       O      5       6.000          5.685                         0.315
    105       O      5       6.000          5.678                         0.322
    106       O      5       6.000          5.805                         0.195
    107       O      5       6.000          5.757                         0.243
    108       O      5       6.000          5.663                         0.337
    109       O      5       6.000          6.129                        -0.129
    110       O      5       6.000          6.130                        -0.130
    111       O      5       6.000          6.116                        -0.116
    112       O      5       6.000          6.062                        -0.062
    113       O      5       6.000          6.163                        -0.163
    114       O      5       6.000          6.020                        -0.020
    115       O      5       6.000          6.127                        -0.127
    116       O      5       6.000          6.114                        -0.114
    117       O      5       6.000          5.982                         0.018
    118       O      5       6.000          6.107                        -0.107
    119       O      5       6.000          6.011                        -0.011
    120       O      5       6.000          6.091                        -0.091
    121       O      5       6.000          5.987                         0.013
    122       O      5       6.000          5.988                         0.012
    123       O      5       6.000          6.261                        -0.261
    124       O      5       6.000          6.181                        -0.181
    125       N      4       5.000          5.156                        -0.156
    126       N      4       5.000          5.144                        -0.144
    127       C      3       4.000          4.179                        -0.179
    128       C      3       4.000          4.278                        -0.278
    129       C      3       4.000          4.902                        -0.902
    130       H      2       1.000          0.525                         0.475
    131       H      2       1.000          0.525                         0.475
    132       H      2       1.000          0.548                         0.452
    133       H      2       1.000          0.510                         0.490
    134       H      2       1.000          0.554                         0.446
    135       C      3       4.000          4.298                        -0.298
    136       C      3       4.000          4.808                        -0.808
    137       H      2       1.000          0.548                         0.452
    138       H      2       1.000          0.567                         0.433
    139       H      2       1.000          0.561                         0.439
    140       C      3       4.000          5.303                        -1.303
    141       H      2       1.000          0.561                         0.439
    142       H      2       1.000          0.557                         0.443
    143       H      2       1.000          0.552                         0.448
    144       C      3       4.000          4.535                        -0.535
    145       C      3       4.000          4.781                        -0.781
    146       H      2       1.000          0.540                         0.460
    147       H      2       1.000          0.550                         0.450
    148       H      2       1.000          0.563                         0.437
    149       H      2       1.000          0.527                         0.473
    150       F      6       7.000          7.220                        -0.220
    151       F      6       7.000          7.197                        -0.197
    152       F      6       7.000          7.360                        -0.360
    153       F      6       7.000          7.216                        -0.216
    154       O      5       6.000          6.452                        -0.452
    155       C      3       4.000          3.225                         0.775
    156       F      6       7.000          7.277                        -0.277
    157       C      3       4.000          3.216                         0.784
    158       F      6       7.000          7.341                        -0.341
    159       S      7       6.000          5.479                         0.521
    160       S      7       6.000          5.391                         0.609
    161       O      5       6.000          6.371                        -0.371
    162       O      5       6.000          6.346                        -0.346
    163       O      5       6.000          6.385                        -0.385
    164       N      4       5.000          5.222                        -0.222

  Total Charge                                                            0.056
 !-----------------------------------------------------------------------------!

 ENERGY| Total FORCE_EVAL ( QS ) energy [hartree]          -1622.707367546563773

 *******************************************************************************
 **                 BAND EVALUATION OF ENERGIES AND FORCES                    **
 *******************************************************************************
 **                                                                           **
 **                                                                           **
 ** Replica Env Nr. :    6              Replica Band Nr. :   14               **
 ** Band  Step  Nr. :    1                                                    **
 *******************************************************************************

 Number of electrons:                                                        674
 Number of occupied orbitals:                                                361
 Number of molecular orbitals:                                               437

 Number of orbital functions:                                               1844
 Number of independent orbital functions:                                   1844

 Parameters for the always stable predictor-corrector (ASPC) method:

  ASPC order: 1

  B(1) =   2.500000
  B(2) =  -2.000000
  B(3) =   0.500000

 *** WARNING in fm/cp_fm_elpa.F:521 :: Setting real_kernel for ELPA failed ***


 Extrapolation method: ASPC


 SCF WAVEFUNCTION OPTIMIZATION

  Step     Update method      Time    Convergence         Total energy    Change
  ------------------------------------------------------------------------------

 *** WARNING in fm/cp_fm_elpa.F:521 :: Setting real_kernel for ELPA failed ***

     1 Broy./Diag. 0.15E+00    8.4     0.00018410     -1622.7076797305 -1.62E+03

 *** WARNING in fm/cp_fm_elpa.F:521 :: Setting real_kernel for ELPA failed ***

     2 Broy./Diag. 0.15E+00   12.0     0.00021158     -1622.7064552850  1.22E-03

 *** WARNING in fm/cp_fm_elpa.F:521 :: Setting real_kernel for ELPA failed ***

     3 Broy./Diag. 0.15E+00   12.2     0.00009393     -1622.7072793404 -8.24E-04

 *** WARNING in fm/cp_fm_elpa.F:521 :: Setting real_kernel for ELPA failed ***

     4 Broy./Diag. 0.15E+00   12.3     0.00005911     -1622.7074492915 -1.70E-04

 *** WARNING in fm/cp_fm_elpa.F:521 :: Setting real_kernel for ELPA failed ***

     5 Broy./Diag. 0.15E+00   12.2     0.00001848     -1622.7078398925 -3.91E-04

  *** SCF run converged in     5 steps ***


  Electronic density on regular grids:       -673.9999999300        0.0000000700
  Core density on regular grids:              673.9999999671       -0.0000000329
  Total charge density on r-space grids:        0.0000000372
  Total charge density g-space grids:           0.0000000372

  Overlap energy of the core charge distribution:               0.00320281487851
  Self energy of the core charge distribution:              -3774.19779000501012
  Core Hamiltonian energy:                                   1086.78684364792707
  Hartree energy:                                            1417.73806801258843
  Exchange-correlation energy:                               -352.80346289628750
  Dispersion energy:                                           -0.22329062936995
  Electronic entropic energy:                                  -0.01141057188310
  Fermi energy:                                                -0.01904384469262

  Total energy:                                             -1622.70783989253664

 !-----------------------------------------------------------------------------!
                     Mulliken Population Analysis

 #  Atom  Element  Kind  Atomic population                           Net charge
       1     Ti       1         11.021591                              0.978409
       2     Ti       1         11.009700                              0.990300
       3     Ti       1         10.940728                              1.059272
       4     Ti       1         10.932322                              1.067678
       5     Ti       1         11.016522                              0.983478
       6     Ti       1         11.027801                              0.972199
       7     Ti       1         10.964757                              1.035243
       8     Ti       1         10.961187                              1.038813
       9     H        2          0.932284                              0.067716
      10     H        2          0.925020                              0.074980
      11     H        2          0.931366                              0.068634
      12     H        2          0.915480                              0.084520
      13     H        2          0.935886                              0.064114
      14     H        2          0.941607                              0.058393
      15     H        2          0.919911                              0.080089
      16     H        2          0.945223                              0.054777
      17     H        2          0.927557                              0.072443
      18     H        2          0.928000                              0.072000
      19     H        2          0.927562                              0.072438
      20     H        2          0.922252                              0.077748
      21     H        2          0.862191                              0.137809
      22     H        2          0.860898                              0.139102
      23     H        2          0.936268                              0.063732
      24     H        2          0.941551                              0.058449
      25     H        2          0.937931                              0.062069
      26     H        2          0.929260                              0.070740
      27     H        2          0.920780                              0.079220
      28     H        2          0.935601                              0.064399
      29     H        2          0.879788                              0.120212
      30     H        2          0.919625                              0.080375
      31     H        2          0.840172                              0.159828
      32     H        2          0.839470                              0.160530
      33     H        2          0.886531                              0.113469
      34     H        2          0.888418                              0.111582
      35     H        2          0.893203                              0.106797
      36     H        2          0.883305                              0.116695
      37     H        2          0.897114                              0.102886
      38     H        2          0.894560                              0.105440
      39     H        2          0.937723                              0.062277
      40     H        2          0.922915                              0.077085
      41     H        2          0.936652                              0.063348
      42     H        2          0.877229                              0.122771
      43     C        3          3.771839                              0.228161
      44     C        3          3.774939                              0.225061
      45     C        3          3.785865                              0.214135
      46     C        3          3.776720                              0.223280
      47     C        3          4.070199                             -0.070199
      48     C        3          4.029553                             -0.029553
      49     C        3          4.090468                             -0.090468
      50     C        3          4.069107                             -0.069107
      51     C        3          3.964630                              0.035370
      52     C        3          4.019084                             -0.019084
      53     C        3          3.909007                              0.090993
      54     C        3          3.940128                              0.059872
      55     C        3          4.027905                             -0.027905
      56     C        3          3.994701                              0.005299
      57     C        3          4.003874                             -0.003874
      58     C        3          4.043774                             -0.043774
      59     C        3          4.034262                             -0.034262
      60     C        3          4.044355                             -0.044355
      61     C        3          4.011497                             -0.011497
      62     C        3          4.083872                             -0.083872
      63     C        3          3.998577                              0.001423
      64     C        3          4.042783                             -0.042783
      65     C        3          4.007076                             -0.007076
      66     C        3          4.014174                             -0.014174
      67     C        3          3.775437                              0.224563
      68     C        3          3.801492                              0.198508
      69     C        3          3.781609                              0.218391
      70     C        3          3.804343                              0.195657
      71     C        3          3.798329                              0.201671
      72     C        3          3.784508                              0.215492
      73     C        3          4.011759                             -0.011759
      74     C        3          4.038647                             -0.038647
      75     C        3          3.966025                              0.033975
      76     C        3          3.999137                              0.000863
      77     C        3          4.030927                             -0.030927
      78     C        3          4.034413                             -0.034413
      79     C        3          4.021203                             -0.021203
      80     C        3          3.967820                              0.032180
      81     C        3          4.025232                             -0.025232
      82     C        3          3.993096                              0.006904
      83     C        3          4.022281                             -0.022281
      84     C        3          4.036316                             -0.036316
      85     C        3          3.993399                              0.006601
      86     C        3          4.014849                             -0.014849
      87     C        3          3.951478                              0.048522
      88     C        3          4.023554                             -0.023554
      89     N        4          4.964317                              0.035683
      90     N        4          5.065513                             -0.065513
      91     N        4          5.050194                             -0.050194
      92     N        4          5.052689                             -0.052689
      93     O        5          6.357777                             -0.357777
      94     O        5          6.329871                             -0.329871
      95     O        5          6.303638                             -0.303638
      96     O        5          6.295108                             -0.295108
      97     O        5          6.329651                             -0.329651
      98     O        5          6.341724                             -0.341724
      99     O        5          6.292186                             -0.292186
     100     O        5          6.257985                             -0.257985
     101     O        5          6.437964                             -0.437964
     102     O        5          6.514790                             -0.514790
     103     O        5          6.501533                             -0.501533
     104     O        5          6.449699                             -0.449699
     105     O        5          6.460289                             -0.460289
     106     O        5          6.534182                             -0.534182
     107     O        5          6.511204                             -0.511204
     108     O        5          6.421698                             -0.421698
     109     O        5          6.364934                             -0.364934
     110     O        5          6.367422                             -0.367422
     111     O        5          6.390252                             -0.390252
     112     O        5          6.330156                             -0.330156
     113     O        5          6.508683                             -0.508683
     114     O        5          6.262439                             -0.262439
     115     O        5          6.371781                             -0.371781
     116     O        5          6.352200                             -0.352200
     117     O        5          6.286840                             -0.286840
     118     O        5          6.405051                             -0.405051
     119     O        5          6.254566                             -0.254566
     120     O        5          6.460227                             -0.460227
     121     O        5          6.534768                             -0.534768
     122     O        5          6.533015                             -0.533015
     123     O        5          6.496363                             -0.496363
     124     O        5          6.471640                             -0.471640
     125     N        4          4.867738                              0.132262
     126     N        4          4.840846                              0.159154
     127     C        3          3.918182                              0.081818
     128     C        3          3.974792                              0.025208
     129     C        3          4.182006                             -0.182006
     130     H        2          0.928784                              0.071216
     131     H        2          0.936919                              0.063081
     132     H        2          0.917555                              0.082445
     133     H        2          0.915504                              0.084496
     134     H        2          0.918314                              0.081686
     135     C        3          3.982853                              0.017147
     136     C        3          4.148766                             -0.148766
     137     H        2          0.919850                              0.080150
     138     H        2          0.914347                              0.085653
     139     H        2          0.920544                              0.079456
     140     C        3          4.261214                             -0.261214
     141     H        2          0.920688                              0.079312
     142     H        2          0.919595                              0.080405
     143     H        2          0.907052                              0.092948
     144     C        3          4.083686                             -0.083686
     145     C        3          4.154132                             -0.154132
     146     H        2          0.902462                              0.097538
     147     H        2          0.907697                              0.092303
     148     H        2          0.918486                              0.081514
     149     H        2          0.940089                              0.059911
     150     F        6          6.986816                              0.013184
     151     F        6          6.932054                              0.067946
     152     F        6          7.204678                             -0.204678
     153     F        6          6.981430                              0.018570
     154     O        5          6.432712                             -0.432712
     155     C        3          3.848703                              0.151297
     156     F        6          7.060091                             -0.060091
     157     C        3          3.804289                              0.195711
     158     F        6          7.176221                             -0.176221
     159     S        7          6.338132                             -0.338132
     160     S        7          6.321309                             -0.321309
     161     O        5          5.832206                              0.167794
     162     O        5          5.673270                              0.326730
     163     O        5          6.151510                             -0.151510
     164     N        4          4.959941                              0.040059
 # Total charge                            674.000000                  0.000000

 !-----------------------------------------------------------------------------!

 !-----------------------------------------------------------------------------!
                           Hirshfeld Charges

  #Atom  Element  Kind  Ref Charge     Population                    Net charge
      1       Ti     1      12.000         13.289                        -1.289
      2       Ti     1      12.000         13.468                        -1.468
      3       Ti     1      12.000         13.186                        -1.186
      4       Ti     1      12.000         13.183                        -1.183
      5       Ti     1      12.000         13.504                        -1.504
      6       Ti     1      12.000         13.305                        -1.305
      7       Ti     1      12.000         13.209                        -1.209
      8       Ti     1      12.000         13.266                        -1.266
      9       H      2       1.000          0.546                         0.454
     10       H      2       1.000          0.536                         0.464
     11       H      2       1.000          0.548                         0.452
     12       H      2       1.000          0.504                         0.496
     13       H      2       1.000          0.552                         0.448
     14       H      2       1.000          0.519                         0.481
     15       H      2       1.000          0.521                         0.479
     16       H      2       1.000          0.523                         0.477
     17       H      2       1.000          0.551                         0.449
     18       H      2       1.000          0.545                         0.455
     19       H      2       1.000          0.542                         0.458
     20       H      2       1.000          0.548                         0.452
     21       H      2       1.000          0.427                         0.573
     22       H      2       1.000          0.432                         0.568
     23       H      2       1.000          0.544                         0.456
     24       H      2       1.000          0.546                         0.454
     25       H      2       1.000          0.561                         0.439
     26       H      2       1.000          0.558                         0.442
     27       H      2       1.000          0.523                         0.477
     28       H      2       1.000          0.559                         0.441
     29       H      2       1.000          0.434                         0.566
     30       H      2       1.000          0.566                         0.434
     31       H      2       1.000          0.419                         0.581
     32       H      2       1.000          0.419                         0.581
     33       H      2       1.000          0.481                         0.519
     34       H      2       1.000          0.467                         0.533
     35       H      2       1.000          0.478                         0.522
     36       H      2       1.000          0.458                         0.542
     37       H      2       1.000          0.485                         0.515
     38       H      2       1.000          0.468                         0.532
     39       H      2       1.000          0.543                         0.457
     40       H      2       1.000          0.542                         0.458
     41       H      2       1.000          0.539                         0.461
     42       H      2       1.000          0.604                         0.396
     43       C      3       4.000          3.472                         0.528
     44       C      3       4.000          3.468                         0.532
     45       C      3       4.000          3.489                         0.511
     46       C      3       4.000          3.474                         0.526
     47       C      3       4.000          4.020                        -0.020
     48       C      3       4.000          3.973                         0.027
     49       C      3       4.000          4.016                        -0.016
     50       C      3       4.000          3.977                         0.023
     51       C      3       4.000          3.881                         0.119
     52       C      3       4.000          4.417                        -0.417
     53       C      3       4.000          3.872                         0.128
     54       C      3       4.000          4.356                        -0.356
     55       C      3       4.000          4.340                        -0.340
     56       C      3       4.000          4.389                        -0.389
     57       C      3       4.000          4.355                        -0.355
     58       C      3       4.000          4.403                        -0.403
     59       C      3       4.000          4.000                         0.000
     60       C      3       4.000          4.355                        -0.355
     61       C      3       4.000          4.268                        -0.268
     62       C      3       4.000          3.997                         0.003
     63       C      3       4.000          4.004                        -0.004
     64       C      3       4.000          4.049                        -0.049
     65       C      3       4.000          4.016                        -0.016
     66       C      3       4.000          4.039                        -0.039
     67       C      3       4.000          3.461                         0.539
     68       C      3       4.000          3.500                         0.500
     69       C      3       4.000          3.493                         0.507
     70       C      3       4.000          3.699                         0.301
     71       C      3       4.000          3.707                         0.293
     72       C      3       4.000          3.518                         0.482
     73       C      3       4.000          4.373                        -0.373
     74       C      3       4.000          4.414                        -0.414
     75       C      3       4.000          4.381                        -0.381
     76       C      3       4.000          4.350                        -0.350
     77       C      3       4.000          4.385                        -0.385
     78       C      3       4.000          4.368                        -0.368
     79       C      3       4.000          4.372                        -0.372
     80       C      3       4.000          4.419                        -0.419
     81       C      3       4.000          4.227                        -0.227
     82       C      3       4.000          4.320                        -0.320
     83       C      3       4.000          4.387                        -0.387
     84       C      3       4.000          4.389                        -0.389
     85       C      3       4.000          3.878                         0.122
     86       C      3       4.000          4.339                        -0.339
     87       C      3       4.000          4.426                        -0.426
     88       C      3       4.000          3.912                         0.088
     89       N      4       5.000          5.761                        -0.761
     90       N      4       5.000          5.907                        -0.907
     91       N      4       5.000          5.907                        -0.907
     92       N      4       5.000          5.931                        -0.931
     93       O      5       6.000          6.169                        -0.169
     94       O      5       6.000          6.127                        -0.127
     95       O      5       6.000          6.156                        -0.156
     96       O      5       6.000          6.140                        -0.140
     97       O      5       6.000          6.127                        -0.127
     98       O      5       6.000          6.131                        -0.131
     99       O      5       6.000          6.114                        -0.114
    100       O      5       6.000          6.100                        -0.100
    101       O      5       6.000          5.694                         0.306
    102       O      5       6.000          5.738                         0.262
    103       O      5       6.000          5.771                         0.229
    104       O      5       6.000          5.685                         0.315
    105       O      5       6.000          5.678                         0.322
    106       O      5       6.000          5.805                         0.195
    107       O      5       6.000          5.757                         0.243
    108       O      5       6.000          5.663                         0.337
    109       O      5       6.000          6.129                        -0.129
    110       O      5       6.000          6.130                        -0.130
    111       O      5       6.000          6.116                        -0.116
    112       O      5       6.000          6.062                        -0.062
    113       O      5       6.000          6.163                        -0.163
    114       O      5       6.000          6.020                        -0.020
    115       O      5       6.000          6.127                        -0.127
    116       O      5       6.000          6.114                        -0.114
    117       O      5       6.000          5.982                         0.018
    118       O      5       6.000          6.107                        -0.107
    119       O      5       6.000          6.011                        -0.011
    120       O      5       6.000          6.091                        -0.091
    121       O      5       6.000          5.987                         0.013
    122       O      5       6.000          5.988                         0.012
    123       O      5       6.000          6.261                        -0.261
    124       O      5       6.000          6.181                        -0.181
    125       N      4       5.000          5.155                        -0.155
    126       N      4       5.000          5.144                        -0.144
    127       C      3       4.000          4.179                        -0.179
    128       C      3       4.000          4.278                        -0.278
    129       C      3       4.000          4.902                        -0.902
    130       H      2       1.000          0.525                         0.475
    131       H      2       1.000          0.525                         0.475
    132       H      2       1.000          0.548                         0.452
    133       H      2       1.000          0.510                         0.490
    134       H      2       1.000          0.554                         0.446
    135       C      3       4.000          4.298                        -0.298
    136       C      3       4.000          4.808                        -0.808
    137       H      2       1.000          0.548                         0.452
    138       H      2       1.000          0.567                         0.433
    139       H      2       1.000          0.561                         0.439
    140       C      3       4.000          5.303                        -1.303
    141       H      2       1.000          0.561                         0.439
    142       H      2       1.000          0.557                         0.443
    143       H      2       1.000          0.552                         0.448
    144       C      3       4.000          4.535                        -0.535
    145       C      3       4.000          4.781                        -0.781
    146       H      2       1.000          0.540                         0.460
    147       H      2       1.000          0.550                         0.450
    148       H      2       1.000          0.563                         0.437
    149       H      2       1.000          0.527                         0.473
    150       F      6       7.000          7.220                        -0.220
    151       F      6       7.000          7.197                        -0.197
    152       F      6       7.000          7.360                        -0.360
    153       F      6       7.000          7.216                        -0.216
    154       O      5       6.000          6.452                        -0.452
    155       C      3       4.000          3.225                         0.775
    156       F      6       7.000          7.277                        -0.277
    157       C      3       4.000          3.216                         0.784
    158       F      6       7.000          7.341                        -0.341
    159       S      7       6.000          5.479                         0.521
    160       S      7       6.000          5.391                         0.609
    161       O      5       6.000          6.371                        -0.371
    162       O      5       6.000          6.346                        -0.346
    163       O      5       6.000          6.385                        -0.385
    164       N      4       5.000          5.222                        -0.222

  Total Charge                                                            0.056
 !-----------------------------------------------------------------------------!

 ENERGY| Total FORCE_EVAL ( QS ) energy [hartree]          -1622.707679964511954

 *******************************************************************************
 **                 BAND EVALUATION OF ENERGIES AND FORCES                    **
 *******************************************************************************
 **                                                                           **
 **                                                                           **
 ** Replica Env Nr. :    6              Replica Band Nr. :   14               **
 ** Band  Step  Nr. :    0                                                    **
 *******************************************************************************

 Number of electrons:                                                        674
 Number of occupied orbitals:                                                361
 Number of molecular orbitals:                                               437

 Number of orbital functions:                                               1844
 Number of independent orbital functions:                                   1844

 Parameters for the always stable predictor-corrector (ASPC) method:

  ASPC order: 0

  B(1) =   1.000000

 *** WARNING in fm/cp_fm_elpa.F:521 :: Setting real_kernel for ELPA failed ***


 Extrapolation method: ASPC


 SCF WAVEFUNCTION OPTIMIZATION

  Step     Update method      Time    Convergence         Total energy    Change
  ------------------------------------------------------------------------------

 *** WARNING in fm/cp_fm_elpa.F:521 :: Setting real_kernel for ELPA failed ***

     1 Broy./Diag. 0.15E+00    7.8     0.00036949     -1622.7073674655 -1.62E+03

 *** WARNING in fm/cp_fm_elpa.F:521 :: Setting real_kernel for ELPA failed ***

     2 Broy./Diag. 0.15E+00   11.4     0.00024051     -1622.7104746189 -3.11E-03

 *** WARNING in fm/cp_fm_elpa.F:521 :: Setting real_kernel for ELPA failed ***

     3 Broy./Diag. 0.15E+00   12.0     0.00010981     -1622.7087370653  1.74E-03

 *** WARNING in fm/cp_fm_elpa.F:521 :: Setting real_kernel for ELPA failed ***

     4 Broy./Diag. 0.15E+00   11.9     0.00005399     -1622.7078556275  8.81E-04

 *** WARNING in fm/cp_fm_elpa.F:521 :: Setting real_kernel for ELPA failed ***

     5 Broy./Diag. 0.15E+00   11.5     0.00001844     -1622.7071450350  7.11E-04

  *** SCF run converged in     5 steps ***


  Electronic density on regular grids:       -673.9999999300        0.0000000700
  Core density on regular grids:              673.9999999671       -0.0000000329
  Total charge density on r-space grids:        0.0000000372
  Total charge density g-space grids:           0.0000000372

  Overlap energy of the core charge distribution:               0.00320396655074
  Self energy of the core charge distribution:              -3774.19779000501012
  Core Hamiltonian energy:                                   1086.78712362040801
  Hartree energy:                                            1417.73858259146868
  Exchange-correlation energy:                               -352.80356106460312
  Dispersion energy:                                           -0.22329054490354
  Electronic entropic energy:                                  -0.01141202940727
  Fermi energy:                                                -0.01903237104831

  Total energy:                                             -1622.70714503496447

 !-----------------------------------------------------------------------------!
                     Mulliken Population Analysis

 #  Atom  Element  Kind  Atomic population                           Net charge
       1     Ti       1         11.021575                              0.978425
       2     Ti       1         11.009663                              0.990337
       3     Ti       1         10.940720                              1.059280
       4     Ti       1         10.932258                              1.067742
       5     Ti       1         11.016478                              0.983522
       6     Ti       1         11.027782                              0.972218
       7     Ti       1         10.964743                              1.035257
       8     Ti       1         10.961130                              1.038870
       9     H        2          0.932305                              0.067695
      10     H        2          0.925024                              0.074976
      11     H        2          0.931356                              0.068644
      12     H        2          0.915504                              0.084496
      13     H        2          0.935901                              0.064099
      14     H        2          0.941639                              0.058361
      15     H        2          0.919919                              0.080081
      16     H        2          0.945255                              0.054745
      17     H        2          0.927565                              0.072435
      18     H        2          0.928016                              0.071984
      19     H        2          0.927571                              0.072429
      20     H        2          0.922260                              0.077740
      21     H        2          0.862143                              0.137857
      22     H        2          0.860851                              0.139149
      23     H        2          0.936275                              0.063725
      24     H        2          0.941558                              0.058442
      25     H        2          0.937957                              0.062043
      26     H        2          0.929269                              0.070731
      27     H        2          0.920787                              0.079213
      28     H        2          0.935609                              0.064391
      29     H        2          0.879785                              0.120215
      30     H        2          0.919635                              0.080365
      31     H        2          0.840121                              0.159879
      32     H        2          0.839436                              0.160564
      33     H        2          0.886566                              0.113434
      34     H        2          0.888437                              0.111563
      35     H        2          0.893227                              0.106773
      36     H        2          0.883301                              0.116699
      37     H        2          0.897135                              0.102865
      38     H        2          0.894577                              0.105423
      39     H        2          0.937713                              0.062287
      40     H        2          0.922919                              0.077081
      41     H        2          0.936620                              0.063380
      42     H        2          0.877242                              0.122758
      43     C        3          3.771839                              0.228161
      44     C        3          3.774953                              0.225047
      45     C        3          3.785882                              0.214118
      46     C        3          3.776718                              0.223282
      47     C        3          4.070218                             -0.070218
      48     C        3          4.029567                             -0.029567
      49     C        3          4.090490                             -0.090490
      50     C        3          4.069123                             -0.069123
      51     C        3          3.964653                              0.035347
      52     C        3          4.019100                             -0.019100
      53     C        3          3.909027                              0.090973
      54     C        3          3.940132                              0.059868
      55     C        3          4.027919                             -0.027919
      56     C        3          3.994724                              0.005276
      57     C        3          4.003885                             -0.003885
      58     C        3          4.043804                             -0.043804
      59     C        3          4.034266                             -0.034266
      60     C        3          4.044353                             -0.044353
      61     C        3          4.011473                             -0.011473
      62     C        3          4.083857                             -0.083857
      63     C        3          3.998590                              0.001410
      64     C        3          4.042786                             -0.042786
      65     C        3          4.007083                             -0.007083
      66     C        3          4.014185                             -0.014185
      67     C        3          3.775416                              0.224584
      68     C        3          3.801484                              0.198516
      69     C        3          3.781601                              0.218399
      70     C        3          3.804341                              0.195659
      71     C        3          3.798332                              0.201668
      72     C        3          3.784500                              0.215500
      73     C        3          4.011762                             -0.011762
      74     C        3          4.038663                             -0.038663
      75     C        3          3.966013                              0.033987
      76     C        3          3.999142                              0.000858
      77     C        3          4.030938                             -0.030938
      78     C        3          4.034435                             -0.034435
      79     C        3          4.021217                             -0.021217
      80     C        3          3.967843                              0.032157
      81     C        3          4.025215                             -0.025215
      82     C        3          3.993093                              0.006907
      83     C        3          4.022294                             -0.022294
      84     C        3          4.036325                             -0.036325
      85     C        3          3.993415                              0.006585
      86     C        3          4.014864                             -0.014864
      87     C        3          3.951513                              0.048487
      88     C        3          4.023552                             -0.023552
      89     N        4          4.964342                              0.035658
      90     N        4          5.065577                             -0.065577
      91     N        4          5.050201                             -0.050201
      92     N        4          5.052726                             -0.052726
      93     O        5          6.357780                             -0.357780
      94     O        5          6.329887                             -0.329887
      95     O        5          6.303669                             -0.303669
      96     O        5          6.295115                             -0.295115
      97     O        5          6.329649                             -0.329649
      98     O        5          6.341747                             -0.341747
      99     O        5          6.292200                             -0.292200
     100     O        5          6.258015                             -0.258015
     101     O        5          6.437920                             -0.437920
     102     O        5          6.514777                             -0.514777
     103     O        5          6.501496                             -0.501496
     104     O        5          6.449683                             -0.449683
     105     O        5          6.460280                             -0.460280
     106     O        5          6.534131                             -0.534131
     107     O        5          6.511201                             -0.511201
     108     O        5          6.421648                             -0.421648
     109     O        5          6.364926                             -0.364926
     110     O        5          6.367422                             -0.367422
     111     O        5          6.390289                             -0.390289
     112     O        5          6.330151                             -0.330151
     113     O        5          6.508699                             -0.508699
     114     O        5          6.262439                             -0.262439
     115     O        5          6.371783                             -0.371783
     116     O        5          6.352181                             -0.352181
     117     O        5          6.286842                             -0.286842
     118     O        5          6.405081                             -0.405081
     119     O        5          6.254575                             -0.254575
     120     O        5          6.460230                             -0.460230
     121     O        5          6.534705                             -0.534705
     122     O        5          6.532987                             -0.532987
     123     O        5          6.496307                             -0.496307
     124     O        5          6.471584                             -0.471584
     125     N        4          4.867735                              0.132265
     126     N        4          4.840836                              0.159164
     127     C        3          3.918153                              0.081847
     128     C        3          3.974792                              0.025208
     129     C        3          4.182009                             -0.182009
     130     H        2          0.928756                              0.071244
     131     H        2          0.936926                              0.063074
     132     H        2          0.917555                              0.082445
     133     H        2          0.915486                              0.084514
     134     H        2          0.918304                              0.081696
     135     C        3          3.982855                              0.017145
     136     C        3          4.148752                             -0.148752
     137     H        2          0.919834                              0.080166
     138     H        2          0.914347                              0.085653
     139     H        2          0.920545                              0.079455
     140     C        3          4.261217                             -0.261217
     141     H        2          0.920701                              0.079299
     142     H        2          0.919617                              0.080383
     143     H        2          0.907064                              0.092936
     144     C        3          4.083681                             -0.083681
     145     C        3          4.154144                             -0.154144
     146     H        2          0.902452                              0.097548
     147     H        2          0.907715                              0.092285
     148     H        2          0.918499                              0.081501
     149     H        2          0.940094                              0.059906
     150     F        6          6.986822                              0.013178
     151     F        6          6.932059                              0.067941
     152     F        6          7.204683                             -0.204683
     153     F        6          6.981440                              0.018560
     154     O        5          6.432749                             -0.432749
     155     C        3          3.848707                              0.151293
     156     F        6          7.060099                             -0.060099
     157     C        3          3.804286                              0.195714
     158     F        6          7.176232                             -0.176232
     159     S        7          6.338163                             -0.338163
     160     S        7          6.321318                             -0.321318
     161     O        5          5.832136                              0.167864
     162     O        5          5.673169                              0.326831
     163     O        5          6.151491                             -0.151491
     164     N        4          4.959920                              0.040080
 # Total charge                            674.000000                  0.000000

 !-----------------------------------------------------------------------------!

 !-----------------------------------------------------------------------------!
                           Hirshfeld Charges

  #Atom  Element  Kind  Ref Charge     Population                    Net charge
      1       Ti     1      12.000         13.289                        -1.289
      2       Ti     1      12.000         13.468                        -1.468
      3       Ti     1      12.000         13.186                        -1.186
      4       Ti     1      12.000         13.183                        -1.183
      5       Ti     1      12.000         13.504                        -1.504
      6       Ti     1      12.000         13.305                        -1.305
      7       Ti     1      12.000         13.209                        -1.209
      8       Ti     1      12.000         13.266                        -1.266
      9       H      2       1.000          0.546                         0.454
     10       H      2       1.000          0.536                         0.464
     11       H      2       1.000          0.548                         0.452
     12       H      2       1.000          0.504                         0.496
     13       H      2       1.000          0.552                         0.448
     14       H      2       1.000          0.519                         0.481
     15       H      2       1.000          0.521                         0.479
     16       H      2       1.000          0.523                         0.477
     17       H      2       1.000          0.551                         0.449
     18       H      2       1.000          0.545                         0.455
     19       H      2       1.000          0.542                         0.458
     20       H      2       1.000          0.548                         0.452
     21       H      2       1.000          0.427                         0.573
     22       H      2       1.000          0.432                         0.568
     23       H      2       1.000          0.544                         0.456
     24       H      2       1.000          0.546                         0.454
     25       H      2       1.000          0.561                         0.439
     26       H      2       1.000          0.558                         0.442
     27       H      2       1.000          0.523                         0.477
     28       H      2       1.000          0.559                         0.441
     29       H      2       1.000          0.434                         0.566
     30       H      2       1.000          0.566                         0.434
     31       H      2       1.000          0.419                         0.581
     32       H      2       1.000          0.419                         0.581
     33       H      2       1.000          0.481                         0.519
     34       H      2       1.000          0.467                         0.533
     35       H      2       1.000          0.478                         0.522
     36       H      2       1.000          0.458                         0.542
     37       H      2       1.000          0.485                         0.515
     38       H      2       1.000          0.468                         0.532
     39       H      2       1.000          0.543                         0.457
     40       H      2       1.000          0.542                         0.458
     41       H      2       1.000          0.539                         0.461
     42       H      2       1.000          0.604                         0.396
     43       C      3       4.000          3.472                         0.528
     44       C      3       4.000          3.468                         0.532
     45       C      3       4.000          3.489                         0.511
     46       C      3       4.000          3.474                         0.526
     47       C      3       4.000          4.020                        -0.020
     48       C      3       4.000          3.973                         0.027
     49       C      3       4.000          4.016                        -0.016
     50       C      3       4.000          3.977                         0.023
     51       C      3       4.000          3.881                         0.119
     52       C      3       4.000          4.417                        -0.417
     53       C      3       4.000          3.872                         0.128
     54       C      3       4.000          4.356                        -0.356
     55       C      3       4.000          4.340                        -0.340
     56       C      3       4.000          4.389                        -0.389
     57       C      3       4.000          4.355                        -0.355
     58       C      3       4.000          4.403                        -0.403
     59       C      3       4.000          4.000                         0.000
     60       C      3       4.000          4.355                        -0.355
     61       C      3       4.000          4.268                        -0.268
     62       C      3       4.000          3.997                         0.003
     63       C      3       4.000          4.004                        -0.004
     64       C      3       4.000          4.049                        -0.049
     65       C      3       4.000          4.016                        -0.016
     66       C      3       4.000          4.039                        -0.039
     67       C      3       4.000          3.461                         0.539
     68       C      3       4.000          3.500                         0.500
     69       C      3       4.000          3.493                         0.507
     70       C      3       4.000          3.699                         0.301
     71       C      3       4.000          3.707                         0.293
     72       C      3       4.000          3.518                         0.482
     73       C      3       4.000          4.373                        -0.373
     74       C      3       4.000          4.414                        -0.414
     75       C      3       4.000          4.381                        -0.381
     76       C      3       4.000          4.350                        -0.350
     77       C      3       4.000          4.385                        -0.385
     78       C      3       4.000          4.368                        -0.368
     79       C      3       4.000          4.372                        -0.372
     80       C      3       4.000          4.419                        -0.419
     81       C      3       4.000          4.227                        -0.227
     82       C      3       4.000          4.320                        -0.320
     83       C      3       4.000          4.387                        -0.387
     84       C      3       4.000          4.389                        -0.389
     85       C      3       4.000          3.878                         0.122
     86       C      3       4.000          4.339                        -0.339
     87       C      3       4.000          4.426                        -0.426
     88       C      3       4.000          3.912                         0.088
     89       N      4       5.000          5.761                        -0.761
     90       N      4       5.000          5.907                        -0.907
     91       N      4       5.000          5.907                        -0.907
     92       N      4       5.000          5.931                        -0.931
     93       O      5       6.000          6.169                        -0.169
     94       O      5       6.000          6.127                        -0.127
     95       O      5       6.000          6.156                        -0.156
     96       O      5       6.000          6.140                        -0.140
     97       O      5       6.000          6.127                        -0.127
     98       O      5       6.000          6.131                        -0.131
     99       O      5       6.000          6.114                        -0.114
    100       O      5       6.000          6.100                        -0.100
    101       O      5       6.000          5.694                         0.306
    102       O      5       6.000          5.738                         0.262
    103       O      5       6.000          5.771                         0.229
    104       O      5       6.000          5.685                         0.315
    105       O      5       6.000          5.678                         0.322
    106       O      5       6.000          5.805                         0.195
    107       O      5       6.000          5.757                         0.243
    108       O      5       6.000          5.663                         0.337
    109       O      5       6.000          6.129                        -0.129
    110       O      5       6.000          6.130                        -0.130
    111       O      5       6.000          6.116                        -0.116
    112       O      5       6.000          6.062                        -0.062
    113       O      5       6.000          6.163                        -0.163
    114       O      5       6.000          6.020                        -0.020
    115       O      5       6.000          6.127                        -0.127
    116       O      5       6.000          6.114                        -0.114
    117       O      5       6.000          5.982                         0.018
    118       O      5       6.000          6.107                        -0.107
    119       O      5       6.000          6.011                        -0.011
    120       O      5       6.000          6.091                        -0.091
    121       O      5       6.000          5.987                         0.013
    122       O      5       6.000          5.988                         0.012
    123       O      5       6.000          6.261                        -0.261
    124       O      5       6.000          6.181                        -0.181
    125       N      4       5.000          5.155                        -0.155
    126       N      4       5.000          5.144                        -0.144
    127       C      3       4.000          4.179                        -0.179
    128       C      3       4.000          4.278                        -0.278
    129       C      3       4.000          4.902                        -0.902
    130       H      2       1.000          0.525                         0.475
    131       H      2       1.000          0.525                         0.475
    132       H      2       1.000          0.548                         0.452
    133       H      2       1.000          0.510                         0.490
    134       H      2       1.000          0.554                         0.446
    135       C      3       4.000          4.298                        -0.298
    136       C      3       4.000          4.808                        -0.808
    137       H      2       1.000          0.548                         0.452
    138       H      2       1.000          0.567                         0.433
    139       H      2       1.000          0.561                         0.439
    140       C      3       4.000          5.303                        -1.303
    141       H      2       1.000          0.561                         0.439
    142       H      2       1.000          0.557                         0.443
    143       H      2       1.000          0.552                         0.448
    144       C      3       4.000          4.535                        -0.535
    145       C      3       4.000          4.781                        -0.781
    146       H      2       1.000          0.540                         0.460
    147       H      2       1.000          0.550                         0.450
    148       H      2       1.000          0.563                         0.437
    149       H      2       1.000          0.527                         0.473
    150       F      6       7.000          7.220                        -0.220
    151       F      6       7.000          7.197                        -0.197
    152       F      6       7.000          7.360                        -0.360
    153       F      6       7.000          7.216                        -0.216
    154       O      5       6.000          6.452                        -0.452
    155       C      3       4.000          3.225                         0.775
    156       F      6       7.000          7.277                        -0.277
    157       C      3       4.000          3.216                         0.784
    158       F      6       7.000          7.341                        -0.341
    159       S      7       6.000          5.479                         0.521
    160       S      7       6.000          5.391                         0.609
    161       O      5       6.000          6.371                        -0.371
    162       O      5       6.000          6.346                        -0.346
    163       O      5       6.000          6.385                        -0.385
    164       N      4       5.000          5.222                        -0.222

  Total Charge                                                            0.056
 !-----------------------------------------------------------------------------!

 ENERGY| Total FORCE_EVAL ( QS ) energy [hartree]          -1622.707367550702202
