
 *******************************************************************************
 **                 BAND EVALUATION OF ENERGIES AND FORCES                    **
 *******************************************************************************
 **                                                                           **
 **                                                                           **
 ** Replica Env Nr. :    1              Replica Band Nr. :    2               **
 ** Band  Step  Nr. :    0                                                    **
 *******************************************************************************

 Number of electrons:                                                        716
 Number of occupied orbitals:                                                358
 Number of molecular orbitals:                                               458

 Number of orbital functions:                                               1948
 Number of independent orbital functions:                                   1948

 Extrapolation method: initial_guess

 *** WARNING in qs_initial_guess.F:303 :: User requested to restart the    ***
 *** wavefunction from the file named: MIL125_NEB-BAND2-RESTART.wfn. This  ***
 *** file does not exist. Please check the existence of the file or change ***
 *** properly the value of the keyword WFN_RESTART_FILE_NAME. Calculation  ***
 *** continues using ATOMIC GUESS.                                         ***


 Atomic guess: The first density matrix is obtained in terms of atomic orbitals
               and electronic configurations assigned to each atomic kind

 Guess for atomic kind: Ti

 Electronic structure
    Total number of core electrons                                         10.00
    Total number of valence electrons                                      12.00
    Total number of electrons                                              22.00
    Multiplicity                                                   not specified
    S   [  2.00  2.00] 2.00  2.00
    P   [  6.00] 6.00
    D      2.00


 *******************************************************************************
                  Iteration          Convergence                     Energy [au]
 *******************************************************************************
                          1         2.59099                     -56.573945749309
                          2        0.737518                     -57.461623245624
                          3        0.123244E-01                 -57.676656834797
                          4        0.338536E-02                 -57.676690535970
                          5        0.252157E-03                 -57.676697146183
                          6        0.162704E-05                 -57.676697160103
                          7        0.846593E-06                 -57.676697160104

 Energy components [Hartree]           Total Energy ::          -57.676697160104
                                        Band Energy ::          -13.440549799540
                                     Kinetic Energy ::           25.008468428382
                                   Potential Energy ::          -82.685165588485
                                      Virial (-V/T) ::            3.306286661467
                                        Core Energy ::          -97.155838374470
                                          XC Energy ::           -6.919409696495
                                     Coulomb Energy ::           46.398550910862
                       Total Pseudopotential Energy ::         -122.259340742081
                       Local Pseudopotential Energy ::         -118.928992669456
                    Nonlocal Pseudopotential Energy ::           -3.330348072625
                                        Confinement ::            0.950339392289

 Orbital energies  State     L     Occupation   Energy[a.u.]          Energy[eV]

                       1     0          2.000      -2.312566          -62.928123
                       2     0          2.000      -0.123060           -3.348633

                       1     1          6.000      -1.385567          -37.703193

                       1     2          2.000      -0.127948           -3.481643


 Total Electron Density at R=0:                                         0.004726

 Guess for atomic kind: H

 Electronic structure
    Total number of core electrons                                          0.00
    Total number of valence electrons                                       1.00
    Total number of electrons                                               1.00
    Multiplicity                                                   not specified
    S      1.00


 *******************************************************************************
                  Iteration          Convergence                     Energy [au]
 *******************************************************************************
                          1        0.250972E-02                  -0.375256815885
                          2        0.570752E-04                  -0.375258666164
                          3        0.832404E-09                  -0.375258667122

 Energy components [Hartree]           Total Energy ::           -0.375258667122
                                        Band Energy ::           -0.076317618391
                                     Kinetic Energy ::            0.771356566341
                                   Potential Energy ::           -1.146615233463
                                      Virial (-V/T) ::            1.486491829455
                                        Core Energy ::           -0.456090715790
                                          XC Energy ::           -0.314218627334
                                     Coulomb Energy ::            0.395050676003
                       Total Pseudopotential Energy ::           -1.238482237174
                       Local Pseudopotential Energy ::           -1.238482237174
                    Nonlocal Pseudopotential Energy ::            0.000000000000
                                        Confinement ::            0.110349550431

 Orbital energies  State     L     Occupation   Energy[a.u.]          Energy[eV]

                       1     0          1.000      -0.076318           -2.076708


 Total Electron Density at R=0:                                         0.425022

 Guess for atomic kind: C

 Electronic structure
    Total number of core electrons                                          2.00
    Total number of valence electrons                                       4.00
    Total number of electrons                                               6.00
    Multiplicity                                                   not specified
    S   [  2.00] 2.00
    P      2.00


 *******************************************************************************
                  Iteration          Convergence                     Energy [au]
 *******************************************************************************
                          1        0.261814E-01                  -5.246264729087
                          2        0.905236E-02                  -5.246529568708
                          3        0.681743E-04                  -5.246565167452
                          4        0.792827E-08                  -5.246565169473

 Energy components [Hartree]           Total Energy ::           -5.246565169473
                                        Band Energy ::           -1.058732595430
                                     Kinetic Energy ::            3.518928170589
                                   Potential Energy ::           -8.765493340062
                                      Virial (-V/T) ::            2.490955460053
                                        Core Energy ::           -8.429377169956
                                          XC Energy ::           -1.450183342358
                                     Coulomb Energy ::            4.632995342842
                       Total Pseudopotential Energy ::          -11.978048809389
                       Local Pseudopotential Energy ::          -12.816738187351
                    Nonlocal Pseudopotential Energy ::            0.838689377962
                                        Confinement ::            0.297434688432

 Orbital energies  State     L     Occupation   Energy[a.u.]          Energy[eV]

                       1     0          2.000      -0.410911          -11.181458

                       1     1          2.000      -0.118455           -3.223332


 Total Electron Density at R=0:                                         0.001337

 Guess for atomic kind: N

 Electronic structure
    Total number of core electrons                                          2.00
    Total number of valence electrons                                       5.00
    Total number of electrons                                               7.00
    Multiplicity                                                   not specified
    S   [  2.00] 2.00
    P      3.00


 *******************************************************************************
                  Iteration          Convergence                     Energy [au]
 *******************************************************************************
                          1        0.314603                      -9.513311037226
                          2        0.240982                      -9.524715106536
                          3        0.171660E-02                  -9.545365478140
                          4        0.189497E-03                  -9.545366407342
                          5        0.115171E-03                  -9.545366414563
                          6        0.842367E-04                  -9.545366416530
                          7        0.416372E-07                  -9.545366418792

 Energy components [Hartree]           Total Energy ::           -9.545366418792
                                        Band Energy ::           -2.053285301135
                                     Kinetic Energy ::            6.740378038236
                                   Potential Energy ::          -16.285744457028
                                      Virial (-V/T) ::            2.416147041701
                                        Core Energy ::          -15.542519058333
                                          XC Energy ::           -2.163416690174
                                     Coulomb Energy ::            8.160569329715
                       Total Pseudopotential Energy ::          -22.320027271038
                       Local Pseudopotential Energy ::          -23.240219346165
                    Nonlocal Pseudopotential Energy ::            0.920192075127
                                        Confinement ::            0.371301744695

 Orbital energies  State     L     Occupation   Energy[a.u.]          Energy[eV]

                       1     0          2.000      -0.663125          -18.044549

                       1     1          3.000      -0.242345           -6.594545


 Total Electron Density at R=0:                                         0.000019

 Guess for atomic kind: O

 Electronic structure
    Total number of core electrons                                          2.00
    Total number of valence electrons                                       6.00
    Total number of electrons                                               8.00
    Multiplicity                                                   not specified
    S   [  2.00] 2.00
    P      4.00


 *******************************************************************************
                  Iteration          Convergence                     Energy [au]
 *******************************************************************************
                          1        0.702811                     -15.577904332270
                          2        0.612408                     -15.588447180504
                          3        0.955344E-02                 -15.655871208406
                          4        0.223754E-02                 -15.655885053552
                          5        0.157183E-02                 -15.655885461027
                          6        0.124953E-02                 -15.655885607150
                          7        0.312011E-06                 -15.655885858066

 Energy components [Hartree]           Total Energy ::          -15.655885858066
                                        Band Energy ::           -2.983128125584
                                     Kinetic Energy ::           11.754765134683
                                   Potential Energy ::          -27.410650992749
                                      Virial (-V/T) ::            2.331875684345
                                        Core Energy ::          -26.153522949071
                                          XC Energy ::           -3.157392363346
                                     Coulomb Energy ::           13.655029454351
                       Total Pseudopotential Energy ::          -37.943026860963
                       Local Pseudopotential Energy ::          -39.220419683052
                    Nonlocal Pseudopotential Energy ::            1.277392822089
                                        Confinement ::            0.347387772086

 Orbital energies  State     L     Occupation   Energy[a.u.]          Energy[eV]

                       1     0          2.000      -0.861522          -23.443215

                       1     1          4.000      -0.315021           -8.572154


 Total Electron Density at R=0:                                         0.000093

 Guess for atomic kind: S

 Electronic structure
    Total number of core electrons                                         10.00
    Total number of valence electrons                                       6.00
    Total number of electrons                                              16.00
    Multiplicity                                                   not specified
    S   [  2.00  2.00] 2.00
    P   [  6.00] 4.00


 *******************************************************************************
                  Iteration          Convergence                     Energy [au]
 *******************************************************************************
                          1        0.506127E-01                  -9.947327174035
                          2        0.268535E-01                  -9.947806097329
                          3        0.416209E-04                  -9.948003730091
                          4        0.374461E-07                  -9.948003730535

 Energy components [Hartree]           Total Energy ::           -9.948003730535
                                        Band Energy ::           -2.105895662988
                                     Kinetic Energy ::            3.753358161068
                                   Potential Energy ::          -13.701361891603
                                      Virial (-V/T) ::            3.650427511480
                                        Core Energy ::          -16.361135329452
                                          XC Energy ::           -2.059734796104
                                     Coulomb Energy ::            8.472866395021
                       Total Pseudopotential Energy ::          -20.171145086058
                       Local Pseudopotential Energy ::          -22.366310416427
                    Nonlocal Pseudopotential Energy ::            2.195165330369
                                        Confinement ::            0.566515955377

 Orbital energies  State     L     Occupation   Energy[a.u.]          Energy[eV]

                       1     0          2.000      -0.599768          -16.320517

                       1     1          4.000      -0.226590           -6.165825


 Total Electron Density at R=0:                                         0.000005

 Guess for atomic kind: F

 Electronic structure
    Total number of core electrons                                          2.00
    Total number of valence electrons                                       7.00
    Total number of electrons                                               9.00
    Multiplicity                                                   not specified
    S   [  2.00] 2.00
    P      5.00


 *******************************************************************************
                  Iteration          Convergence                     Energy [au]
 *******************************************************************************
                          1         1.27670                     -23.767682627776
                          2         1.00587                     -23.792509619348
                          3        0.422975E-01                 -23.938936406232
                          4        0.659061E-03                 -23.939146915818
                          5        0.314489E-03                 -23.939146955472
                          6        0.205787E-03                 -23.939146962157
                          7        0.178888E-05                 -23.939146967162
                          8        0.363113E-06                 -23.939146967163

 Energy components [Hartree]           Total Energy ::          -23.939146967163
                                        Band Energy ::           -4.144744434921
                                     Kinetic Energy ::           18.766429891734
                                   Potential Energy ::          -42.705576858897
                                      Virial (-V/T) ::            2.275636714350
                                        Core Energy ::          -40.734808518017
                                          XC Energy ::           -4.364157245549
                                     Coulomb Energy ::           21.159818796404
                       Total Pseudopotential Energy ::          -59.535269785357
                       Local Pseudopotential Energy ::          -61.232885401575
                    Nonlocal Pseudopotential Energy ::            1.697615616218
                                        Confinement ::            0.340313756054

 Orbital energies  State     L     Occupation   Energy[a.u.]          Energy[eV]

                       1     0          2.000      -1.083668          -29.488103

                       1     1          5.000      -0.395482          -10.761605


 Total Electron Density at R=0:                                         0.000149
 Re-scaling the density matrix to get the right number of electrons
                  # Electrons              Trace(P)               Scaling factor
                          716               716.000                        1.000


 SCF WAVEFUNCTION OPTIMIZATION

  Step     Update method      Time    Convergence         Total energy    Change
  ------------------------------------------------------------------------------

 *** WARNING in fm/cp_fm_elpa.F:521 :: Setting real_kernel for ELPA failed ***

     1 NoMix/Diag. 0.15E+00    8.9     2.01610134     -1715.0234822751 -1.72E+03

 *** WARNING in fm/cp_fm_elpa.F:521 :: Setting real_kernel for ELPA failed ***

     2 Broy./Diag. 0.15E+00   14.0     0.21300584     -1630.8881181150  8.41E+01

 *** WARNING in fm/cp_fm_elpa.F:521 :: Setting real_kernel for ELPA failed ***

     3 Broy./Diag. 0.15E+00   14.3     0.44894974     -1673.9852787144 -4.31E+01

 *** WARNING in fm/cp_fm_elpa.F:521 :: Setting real_kernel for ELPA failed ***

     4 Broy./Diag. 0.15E+00   14.5     0.19424886     -1695.7615509290 -2.18E+01

 *** WARNING in fm/cp_fm_elpa.F:521 :: Setting real_kernel for ELPA failed ***

     5 Broy./Diag. 0.15E+00   14.7     0.40929651     -1701.8519413000 -6.09E+00

 *** WARNING in fm/cp_fm_elpa.F:521 :: Setting real_kernel for ELPA failed ***

     6 Broy./Diag. 0.15E+00   15.3     0.13809000     -1712.9247717025 -1.11E+01

 *** WARNING in fm/cp_fm_elpa.F:521 :: Setting real_kernel for ELPA failed ***

     7 Broy./Diag. 0.15E+00   15.2     0.05881965     -1721.3678798110 -8.44E+00

 *** WARNING in fm/cp_fm_elpa.F:521 :: Setting real_kernel for ELPA failed ***

     8 Broy./Diag. 0.15E+00   15.6     0.02431100     -1724.6668618952 -3.30E+00

 *** WARNING in fm/cp_fm_elpa.F:521 :: Setting real_kernel for ELPA failed ***

     9 Broy./Diag. 0.15E+00   14.9     0.22333033     -1723.2447648695  1.42E+00

 *** WARNING in fm/cp_fm_elpa.F:521 :: Setting real_kernel for ELPA failed ***

    10 Broy./Diag. 0.15E+00   14.4     0.02741935     -1720.8098319439  2.43E+00

 *** WARNING in fm/cp_fm_elpa.F:521 :: Setting real_kernel for ELPA failed ***

    11 Broy./Diag. 0.15E+00   14.3     0.13814417     -1719.7894040407  1.02E+00

 *** WARNING in fm/cp_fm_elpa.F:521 :: Setting real_kernel for ELPA failed ***

    12 Broy./Diag. 0.15E+00   14.0     0.05888987     -1719.0447138259  7.45E-01

 *** WARNING in fm/cp_fm_elpa.F:521 :: Setting real_kernel for ELPA failed ***

    13 Broy./Diag. 0.15E+00   14.3     0.04845727     -1718.4429878865  6.02E-01

 *** WARNING in fm/cp_fm_elpa.F:521 :: Setting real_kernel for ELPA failed ***

    14 Broy./Diag. 0.15E+00   14.5     0.01645337     -1718.4749921475 -3.20E-02

 *** WARNING in fm/cp_fm_elpa.F:521 :: Setting real_kernel for ELPA failed ***

    15 Broy./Diag. 0.15E+00   14.5     0.00271086     -1718.3402102269  1.35E-01

 *** WARNING in fm/cp_fm_elpa.F:521 :: Setting real_kernel for ELPA failed ***

    16 Broy./Diag. 0.15E+00   14.2     0.00364930     -1718.4124761301 -7.23E-02

 *** WARNING in fm/cp_fm_elpa.F:521 :: Setting real_kernel for ELPA failed ***

    17 Broy./Diag. 0.15E+00   14.1     0.00181405     -1718.4708429708 -5.84E-02

 *** WARNING in fm/cp_fm_elpa.F:521 :: Setting real_kernel for ELPA failed ***

    18 Broy./Diag. 0.15E+00   14.3     0.00134468     -1718.5389174058 -6.81E-02

 *** WARNING in fm/cp_fm_elpa.F:521 :: Setting real_kernel for ELPA failed ***

    19 Broy./Diag. 0.15E+00   13.9     0.00079170     -1718.5424459539 -3.53E-03

 *** WARNING in fm/cp_fm_elpa.F:521 :: Setting real_kernel for ELPA failed ***

    20 Broy./Diag. 0.15E+00   14.3     0.00081375     -1718.5236833150  1.88E-02

 *** WARNING in fm/cp_fm_elpa.F:521 :: Setting real_kernel for ELPA failed ***

    21 Broy./Diag. 0.15E+00   13.8     0.00057709     -1718.5064594515  1.72E-02

 *** WARNING in fm/cp_fm_elpa.F:521 :: Setting real_kernel for ELPA failed ***

    22 Broy./Diag. 0.15E+00   13.9     0.00045128     -1718.5106653109 -4.21E-03

 *** WARNING in fm/cp_fm_elpa.F:521 :: Setting real_kernel for ELPA failed ***

    23 Broy./Diag. 0.15E+00   13.3     0.00029899     -1718.5217442695 -1.11E-02

 *** WARNING in fm/cp_fm_elpa.F:521 :: Setting real_kernel for ELPA failed ***

    24 Broy./Diag. 0.15E+00   13.4     0.00019262     -1718.5345399912 -1.28E-02

 *** WARNING in fm/cp_fm_elpa.F:521 :: Setting real_kernel for ELPA failed ***

    25 Broy./Diag. 0.15E+00   13.3     0.00017077     -1718.5357849966 -1.25E-03

 *** WARNING in fm/cp_fm_elpa.F:521 :: Setting real_kernel for ELPA failed ***

    26 Broy./Diag. 0.15E+00   13.6     0.00013678     -1718.5299113494  5.87E-03

 *** WARNING in fm/cp_fm_elpa.F:521 :: Setting real_kernel for ELPA failed ***

    27 Broy./Diag. 0.15E+00   13.2     0.00013668     -1718.5241898240  5.72E-03

 *** WARNING in fm/cp_fm_elpa.F:521 :: Setting real_kernel for ELPA failed ***

    28 Broy./Diag. 0.15E+00   13.3     0.00011222     -1718.5238546861  3.35E-04

 *** WARNING in fm/cp_fm_elpa.F:521 :: Setting real_kernel for ELPA failed ***

    29 Broy./Diag. 0.15E+00   13.7     0.00009748     -1718.5261993874 -2.34E-03

 *** WARNING in fm/cp_fm_elpa.F:521 :: Setting real_kernel for ELPA failed ***

    30 Broy./Diag. 0.15E+00   13.8     0.00003621     -1718.5289231134 -2.72E-03

  *** SCF run converged in    30 steps ***


  Electronic density on regular grids:       -715.9999999247        0.0000000753
  Core density on regular grids:              715.9999999655       -0.0000000345
  Total charge density on r-space grids:        0.0000000408
  Total charge density g-space grids:           0.0000000408

  Overlap energy of the core charge distribution:               0.00780598732525
  Self energy of the core charge distribution:              -4016.67387185402686
  Core Hamiltonian energy:                                   1160.08791689026930
  Hartree energy:                                            1514.52841138208578
  Exchange-correlation energy:                               -376.20963294319080
  Dispersion energy:                                           -0.25924144109893
  Electronic entropic energy:                                  -0.01031157354013
  Fermi energy:                                                 0.00251994363545

  Total energy:                                             -1718.52892311341725

 !-----------------------------------------------------------------------------!
                     Mulliken Population Analysis

 #  Atom  Element  Kind  Atomic population                           Net charge
       1     Ti       1         11.075531                              0.924469
       2     Ti       1         10.996827                              1.003173
       3     Ti       1         10.998614                              1.001386
       4     Ti       1         11.017756                              0.982244
       5     Ti       1         11.011190                              0.988810
       6     Ti       1         11.134285                              0.865715
       7     Ti       1         11.001795                              0.998205
       8     Ti       1         11.002319                              0.997681
       9     H        2          0.933708                              0.066292
      10     H        2          0.927138                              0.072862
      11     H        2          0.927691                              0.072309
      12     H        2          0.931152                              0.068848
      13     H        2          0.935045                              0.064955
      14     H        2          0.935799                              0.064201
      15     H        2          0.934081                              0.065919
      16     H        2          0.932823                              0.067177
      17     H        2          0.931525                              0.068475
      18     H        2          0.927438                              0.072562
      19     H        2          0.931651                              0.068349
      20     H        2          0.937974                              0.062026
      21     H        2          0.819113                              0.180887
      22     H        2          0.854572                              0.145428
      23     H        2          0.890022                              0.109978
      24     H        2          0.831770                              0.168230
      25     H        2          0.925984                              0.074016
      26     H        2          0.935689                              0.064311
      27     H        2          0.933564                              0.066436
      28     H        2          0.926165                              0.073835
      29     H        2          0.929805                              0.070195
      30     H        2          0.924781                              0.075219
      31     H        2          0.887270                              0.112730
      32     H        2          0.888362                              0.111638
      33     H        2          0.872385                              0.127615
      34     H        2          0.722091                              0.277909
      35     H        2          0.891121                              0.108879
      36     H        2          0.905355                              0.094645
      37     H        2          0.884463                              0.115537
      38     H        2          0.891129                              0.108871
      39     H        2          0.886364                              0.113636
      40     H        2          0.883153                              0.116847
      41     H        2          0.885030                              0.114970
      42     H        2          0.885219                              0.114781
      43     C        3          3.770219                              0.229781
      44     C        3          3.773026                              0.226974
      45     C        3          3.773101                              0.226899
      46     C        3          3.774649                              0.225351
      47     C        3          4.071757                             -0.071757
      48     C        3          4.053349                             -0.053349
      49     C        3          4.058392                             -0.058392
      50     C        3          4.028975                             -0.028975
      51     C        3          3.971556                              0.028444
      52     C        3          4.051602                             -0.051602
      53     C        3          3.989151                              0.010849
      54     C        3          4.042216                             -0.042216
      55     C        3          4.051801                             -0.051801
      56     C        3          4.019931                             -0.019931
      57     C        3          4.019684                             -0.019684
      58     C        3          4.045291                             -0.045291
      59     C        3          4.054053                             -0.054053
      60     C        3          4.033782                             -0.033782
      61     C        3          4.063524                             -0.063524
      62     C        3          4.048755                             -0.048755
      63     C        3          4.031251                             -0.031251
      64     C        3          4.076986                             -0.076986
      65     C        3          4.136433                             -0.136433
      66     C        3          3.969620                              0.030380
      67     C        3          3.781525                              0.218475
      68     C        3          3.796847                              0.203153
      69     C        3          3.789293                              0.210707
      70     C        3          3.772954                              0.227046
      71     C        3          3.779410                              0.220590
      72     C        3          3.801947                              0.198053
      73     C        3          3.673044                              0.326956
      74     C        3          3.768912                              0.231088
      75     C        3          3.978052                              0.021948
      76     C        3          4.049139                             -0.049139
      77     C        3          4.014028                             -0.014028
      78     C        3          4.044635                             -0.044635
      79     C        3          4.080087                             -0.080087
      80     C        3          4.022653                             -0.022653
      81     C        3          4.016561                             -0.016561
      82     C        3          4.025861                             -0.025861
      83     C        3          3.940546                              0.059454
      84     C        3          4.051819                             -0.051819
      85     C        3          4.011038                             -0.011038
      86     C        3          4.047504                             -0.047504
      87     C        3          3.988120                              0.011880
      88     C        3          4.076404                             -0.076404
      89     C        3          4.069255                             -0.069255
      90     C        3          3.934580                              0.065420
      91     N        4          5.037481                             -0.037481
      92     N        4          5.226798                             -0.226798
      93     N        4          5.045069                             -0.045069
      94     N        4          4.999379                              0.000621
      95     N        4          5.010433                             -0.010433
      96     N        4          5.031672                             -0.031672
      97     O        5          6.327705                             -0.327705
      98     O        5          6.280243                             -0.280243
      99     O        5          6.347283                             -0.347283
     100     O        5          6.283891                             -0.283891
     101     O        5          6.298025                             -0.298025
     102     O        5          6.283390                             -0.283390
     103     O        5          6.292352                             -0.292352
     104     O        5          6.285763                             -0.285763
     105     O        5          6.439200                             -0.439200
     106     O        5          6.481707                             -0.481707
     107     O        5          6.472052                             -0.472052
     108     O        5          6.443925                             -0.443925
     109     O        5          6.412330                             -0.412330
     110     O        5          6.455261                             -0.455261
     111     O        5          6.488127                             -0.488127
     112     O        5          6.464320                             -0.464320
     113     O        5          6.333636                             -0.333636
     114     O        5          6.302524                             -0.302524
     115     O        5          6.339069                             -0.339069
     116     O        5          6.304906                             -0.304906
     117     O        5          6.315830                             -0.315830
     118     O        5          6.350427                             -0.350427
     119     O        5          6.162001                             -0.162001
     120     O        5          6.276036                             -0.276036
     121     O        5          6.329409                             -0.329409
     122     O        5          6.309163                             -0.309163
     123     O        5          6.341787                             -0.341787
     124     O        5          6.313805                             -0.313805
     125     O        5          6.373459                             -0.373459
     126     O        5          6.383109                             -0.383109
     127     O        5          6.290780                             -0.290780
     128     O        5          6.220571                             -0.220571
     129     O        5          6.495672                             -0.495672
     130     O        5          6.457234                             -0.457234
     131     O        5          6.454491                             -0.454491
     132     O        5          6.436836                             -0.436836
     133     H        2          0.938094                              0.061906
     134     H        2          0.909684                              0.090316
     135     H        2          0.917648                              0.082352
     136     H        2          0.915636                              0.084364
     137     C        3          4.266043                             -0.266043
     138     C        3          4.176710                             -0.176710
     139     H        2          0.912427                              0.087573
     140     H        2          0.914925                              0.085075
     141     C        3          4.097766                             -0.097766
     142     C        3          4.121742                             -0.121742
     143     H        2          0.929502                              0.070498
     144     H        2          0.933560                              0.066440
     145     H        2          0.913637                              0.086363
     146     H        2          0.913398                              0.086602
     147     C        3          4.021325                             -0.021325
     148     N        4          4.840264                              0.159736
     149     C        3          3.911636                              0.088364
     150     C        3          4.015598                             -0.015598
     151     H        2          0.943379                              0.056621
     152     N        4          4.885397                              0.114603
     153     C        3          4.186323                             -0.186323
     154     H        2          0.912727                              0.087273
     155     H        2          0.912240                              0.087760
     156     H        2          0.931631                              0.068369
     157     H        2          0.966243                              0.033757
     158     O        5          5.570698                              0.429302
     159     N        4          4.475649                              0.524351
     160     S        6          6.894678                             -0.894678
     161     O        5          6.284623                             -0.284623
     162     F        7          7.254144                             -0.254144
     163     C        3          3.780292                              0.219708
     164     F        7          7.039845                             -0.039845
     165     F        7          6.969552                              0.030448
     166     C        3          3.576533                              0.423467
     167     F        7          7.266117                             -0.266117
     168     F        7          6.854940                              0.145060
     169     F        7          6.930865                              0.069135
     170     O        5          5.024142                              0.975858
     171     S        6          6.666099                             -0.666099
     172     O        5          6.526061                             -0.526061
 # Total charge                            716.000000                  0.000000

 !-----------------------------------------------------------------------------!

 !-----------------------------------------------------------------------------!
                           Hirshfeld Charges

  #Atom  Element  Kind  Ref Charge     Population                    Net charge
      1       Ti     1      12.000         13.527                        -1.527
      2       Ti     1      12.000         13.395                        -1.395
      3       Ti     1      12.000         13.436                        -1.436
      4       Ti     1      12.000         13.471                        -1.471
      5       Ti     1      12.000         13.391                        -1.391
      6       Ti     1      12.000         13.491                        -1.491
      7       Ti     1      12.000         13.416                        -1.416
      8       Ti     1      12.000         13.448                        -1.448
      9       H      2       1.000          0.546                         0.454
     10       H      2       1.000          0.522                         0.478
     11       H      2       1.000          0.524                         0.476
     12       H      2       1.000          0.546                         0.454
     13       H      2       1.000          0.535                         0.465
     14       H      2       1.000          0.546                         0.454
     15       H      2       1.000          0.560                         0.440
     16       H      2       1.000          0.542                         0.458
     17       H      2       1.000          0.539                         0.461
     18       H      2       1.000          0.544                         0.456
     19       H      2       1.000          0.544                         0.456
     20       H      2       1.000          0.551                         0.449
     21       H      2       1.000          0.411                         0.589
     22       H      2       1.000          0.423                         0.577
     23       H      2       1.000          0.430                         0.570
     24       H      2       1.000          0.420                         0.580
     25       H      2       1.000          0.549                         0.451
     26       H      2       1.000          0.554                         0.446
     27       H      2       1.000          0.539                         0.461
     28       H      2       1.000          0.538                         0.462
     29       H      2       1.000          0.535                         0.465
     30       H      2       1.000          0.532                         0.468
     31       H      2       1.000          0.481                         0.519
     32       H      2       1.000          0.461                         0.539
     33       H      2       1.000          0.458                         0.542
     34       H      2       1.000          0.481                         0.519
     35       H      2       1.000          0.484                         0.516
     36       H      2       1.000          0.471                         0.529
     37       H      2       1.000          0.481                         0.519
     38       H      2       1.000          0.466                         0.534
     39       H      2       1.000          0.475                         0.525
     40       H      2       1.000          0.458                         0.542
     41       H      2       1.000          0.479                         0.521
     42       H      2       1.000          0.458                         0.542
     43       C      3       4.000          3.467                         0.533
     44       C      3       4.000          3.450                         0.550
     45       C      3       4.000          3.473                         0.527
     46       C      3       4.000          3.465                         0.535
     47       C      3       4.000          4.017                        -0.017
     48       C      3       4.000          3.989                         0.011
     49       C      3       4.000          4.019                        -0.019
     50       C      3       4.000          3.988                         0.012
     51       C      3       4.000          3.880                         0.120
     52       C      3       4.000          4.451                        -0.451
     53       C      3       4.000          3.872                         0.128
     54       C      3       4.000          4.416                        -0.416
     55       C      3       4.000          4.435                        -0.435
     56       C      3       4.000          4.388                        -0.388
     57       C      3       4.000          4.402                        -0.402
     58       C      3       4.000          4.456                        -0.456
     59       C      3       4.000          4.024                        -0.024
     60       C      3       4.000          4.004                        -0.004
     61       C      3       4.000          4.013                        -0.013
     62       C      3       4.000          3.984                         0.016
     63       C      3       4.000          3.973                         0.027
     64       C      3       4.000          4.022                        -0.022
     65       C      3       4.000          4.061                        -0.061
     66       C      3       4.000          3.957                         0.043
     67       C      3       4.000          3.482                         0.518
     68       C      3       4.000          3.496                         0.504
     69       C      3       4.000          3.488                         0.512
     70       C      3       4.000          3.457                         0.543
     71       C      3       4.000          3.465                         0.535
     72       C      3       4.000          3.458                         0.542
     73       C      3       4.000          3.466                         0.534
     74       C      3       4.000          3.496                         0.504
     75       C      3       4.000          3.861                         0.139
     76       C      3       4.000          4.435                        -0.435
     77       C      3       4.000          4.387                        -0.387
     78       C      3       4.000          4.428                        -0.428
     79       C      3       4.000          4.492                        -0.492
     80       C      3       4.000          4.403                        -0.403
     81       C      3       4.000          4.374                        -0.374
     82       C      3       4.000          4.348                        -0.348
     83       C      3       4.000          3.839                         0.161
     84       C      3       4.000          4.449                        -0.449
     85       C      3       4.000          4.373                        -0.373
     86       C      3       4.000          4.412                        -0.412
     87       C      3       4.000          3.897                         0.103
     88       C      3       4.000          4.429                        -0.429
     89       C      3       4.000          4.431                        -0.431
     90       C      3       4.000          3.877                         0.123
     91       N      4       5.000          5.904                        -0.904
     92       N      4       5.000          5.847                        -0.847
     93       N      4       5.000          5.949                        -0.949
     94       N      4       5.000          5.850                        -0.850
     95       N      4       5.000          5.874                        -0.874
     96       N      4       5.000          5.890                        -0.890
     97       O      5       6.000          6.168                        -0.168
     98       O      5       6.000          6.103                        -0.103
     99       O      5       6.000          6.189                        -0.189
    100       O      5       6.000          6.135                        -0.135
    101       O      5       6.000          6.128                        -0.128
    102       O      5       6.000          6.119                        -0.119
    103       O      5       6.000          6.101                        -0.101
    104       O      5       6.000          6.102                        -0.102
    105       O      5       6.000          5.669                         0.331
    106       O      5       6.000          5.724                         0.276
    107       O      5       6.000          5.734                         0.266
    108       O      5       6.000          5.689                         0.311
    109       O      5       6.000          5.648                         0.352
    110       O      5       6.000          5.690                         0.310
    111       O      5       6.000          5.776                         0.224
    112       O      5       6.000          5.693                         0.307
    113       O      5       6.000          6.124                        -0.124
    114       O      5       6.000          6.145                        -0.145
    115       O      5       6.000          6.207                        -0.207
    116       O      5       6.000          6.109                        -0.109
    117       O      5       6.000          6.109                        -0.109
    118       O      5       6.000          6.181                        -0.181
    119       O      5       6.000          6.054                        -0.054
    120       O      5       6.000          6.106                        -0.106
    121       O      5       6.000          6.074                        -0.074
    122       O      5       6.000          6.100                        -0.100
    123       O      5       6.000          6.197                        -0.197
    124       O      5       6.000          6.164                        -0.164
    125       O      5       6.000          6.127                        -0.127
    126       O      5       6.000          6.196                        -0.196
    127       O      5       6.000          6.137                        -0.137
    128       O      5       6.000          6.060                        -0.060
    129       O      5       6.000          6.017                        -0.017
    130       O      5       6.000          6.026                        -0.026
    131       O      5       6.000          5.983                         0.017
    132       O      5       6.000          5.902                         0.098
    133       H      2       1.000          0.569                         0.431
    134       H      2       1.000          0.561                         0.439
    135       H      2       1.000          0.556                         0.444
    136       H      2       1.000          0.562                         0.438
    137       C      3       4.000          5.289                        -1.289
    138       C      3       4.000          4.820                        -0.820
    139       H      2       1.000          0.544                         0.456
    140       H      2       1.000          0.556                         0.444
    141       C      3       4.000          4.493                        -0.493
    142       C      3       4.000          4.739                        -0.739
    143       H      2       1.000          0.570                         0.430
    144       H      2       1.000          0.527                         0.473
    145       H      2       1.000          0.549                         0.451
    146       H      2       1.000          0.539                         0.461
    147       C      3       4.000          4.251                        -0.251
    148       N      4       5.000          5.127                        -0.127
    149       C      3       4.000          4.057                        -0.057
    150       C      3       4.000          4.235                        -0.235
    151       H      2       1.000          0.504                         0.496
    152       N      4       5.000          5.165                        -0.165
    153       C      3       4.000          4.717                        -0.717
    154       H      2       1.000          0.531                         0.469
    155       H      2       1.000          0.527                         0.473
    156       H      2       1.000          0.517                         0.483
    157       H      2       1.000          0.532                         0.468
    158       O      5       6.000          6.333                        -0.333
    159       N      4       5.000          5.245                        -0.245
    160       S      6       6.000          5.627                         0.373
    161       O      5       6.000          6.552                        -0.552
    162       F      7       7.000          7.391                        -0.391
    163       C      3       4.000          3.162                         0.838
    164       F      7       7.000          7.217                        -0.217
    165       F      7       7.000          7.211                        -0.211
    166       C      3       4.000          3.197                         0.803
    167       F      7       7.000          7.347                        -0.347
    168       F      7       7.000          6.983                         0.017
    169       F      7       7.000          7.162                        -0.162
    170       O      5       6.000          6.213                        -0.213
    171       S      6       6.000          5.567                         0.433
    172       O      5       6.000          6.576                        -0.576

  Total Charge                                                            0.075
 !-----------------------------------------------------------------------------!

 ENERGY| Total FORCE_EVAL ( QS ) energy [hartree]          -1718.525748053087682

 *******************************************************************************
 **                 BAND EVALUATION OF ENERGIES AND FORCES                    **
 *******************************************************************************
 **                                                                           **
 **                                                                           **
 ** Replica Env Nr. :    1              Replica Band Nr. :    2               **
 ** Band  Step  Nr. :    0                                                    **
 *******************************************************************************

 Number of electrons:                                                        716
 Number of occupied orbitals:                                                358
 Number of molecular orbitals:                                               458

 Number of orbital functions:                                               1948
 Number of independent orbital functions:                                   1948

 Extrapolation method: initial_guess

 *** WARNING in fm/cp_fm_elpa.F:521 :: Setting real_kernel for ELPA failed ***



 SCF WAVEFUNCTION OPTIMIZATION

  Step     Update method      Time    Convergence         Total energy    Change
  ------------------------------------------------------------------------------

 *** WARNING in fm/cp_fm_elpa.F:521 :: Setting real_kernel for ELPA failed ***

     1 NoMix/Diag. 0.15E+00    8.7     0.00050262     -1718.5154364795 -1.72E+03

 *** WARNING in fm/cp_fm_elpa.F:521 :: Setting real_kernel for ELPA failed ***

     2 Broy./Diag. 0.15E+00   12.8     0.00062218     -1718.5169776114 -1.54E-03

 *** WARNING in fm/cp_fm_elpa.F:521 :: Setting real_kernel for ELPA failed ***

     3 Broy./Diag. 0.15E+00   13.2     0.00041614     -1718.5183470564 -1.37E-03

 *** WARNING in fm/cp_fm_elpa.F:521 :: Setting real_kernel for ELPA failed ***

     4 Broy./Diag. 0.15E+00   13.4     0.00021194     -1718.5222814204 -3.93E-03

 *** WARNING in fm/cp_fm_elpa.F:521 :: Setting real_kernel for ELPA failed ***

     5 Broy./Diag. 0.15E+00   13.8     0.00003090     -1718.5248689368 -2.59E-03

  *** SCF run converged in     5 steps ***


  Electronic density on regular grids:       -715.9999999247        0.0000000753
  Core density on regular grids:              715.9999999655       -0.0000000345
  Total charge density on r-space grids:        0.0000000408
  Total charge density g-space grids:           0.0000000408

  Overlap energy of the core charge distribution:               0.00780598732525
  Self energy of the core charge distribution:              -4016.67387185402686
  Core Hamiltonian energy:                                   1160.09314484460151
  Hartree energy:                                            1514.52655848318773
  Exchange-correlation energy:                               -376.20895651951491
  Dispersion energy:                                           -0.25924144109893
  Electronic entropic energy:                                  -0.01030758950189
  Fermi energy:                                                 0.00243784163114

  Total energy:                                             -1718.52486893681089

 !-----------------------------------------------------------------------------!
                     Mulliken Population Analysis

 #  Atom  Element  Kind  Atomic population                           Net charge
       1     Ti       1         11.075567                              0.924433
       2     Ti       1         10.996880                              1.003120
       3     Ti       1         10.998698                              1.001302
       4     Ti       1         11.017754                              0.982246
       5     Ti       1         11.011232                              0.988768
       6     Ti       1         11.134253                              0.865747
       7     Ti       1         11.001918                              0.998082
       8     Ti       1         11.002383                              0.997617
       9     H        2          0.933662                              0.066338
      10     H        2          0.927151                              0.072849
      11     H        2          0.927668                              0.072332
      12     H        2          0.931138                              0.068862
      13     H        2          0.935058                              0.064942
      14     H        2          0.935801                              0.064199
      15     H        2          0.934097                              0.065903
      16     H        2          0.932791                              0.067209
      17     H        2          0.931515                              0.068485
      18     H        2          0.927423                              0.072577
      19     H        2          0.931635                              0.068365
      20     H        2          0.938005                              0.061995
      21     H        2          0.819135                              0.180865
      22     H        2          0.854583                              0.145417
      23     H        2          0.890013                              0.109987
      24     H        2          0.831783                              0.168217
      25     H        2          0.926033                              0.073967
      26     H        2          0.935632                              0.064368
      27     H        2          0.933568                              0.066432
      28     H        2          0.926157                              0.073843
      29     H        2          0.929850                              0.070150
      30     H        2          0.924834                              0.075166
      31     H        2          0.887207                              0.112793
      32     H        2          0.888362                              0.111638
      33     H        2          0.872390                              0.127610
      34     H        2          0.722037                              0.277963
      35     H        2          0.891040                              0.108960
      36     H        2          0.905334                              0.094666
      37     H        2          0.884450                              0.115550
      38     H        2          0.891153                              0.108847
      39     H        2          0.886348                              0.113652
      40     H        2          0.883176                              0.116824
      41     H        2          0.884938                              0.115062
      42     H        2          0.885219                              0.114781
      43     C        3          3.770290                              0.229710
      44     C        3          3.773041                              0.226959
      45     C        3          3.773033                              0.226967
      46     C        3          3.774604                              0.225396
      47     C        3          4.071746                             -0.071746
      48     C        3          4.053333                             -0.053333
      49     C        3          4.058291                             -0.058291
      50     C        3          4.028900                             -0.028900
      51     C        3          3.971527                              0.028473
      52     C        3          4.051537                             -0.051537
      53     C        3          3.989029                              0.010971
      54     C        3          4.042188                             -0.042188
      55     C        3          4.051634                             -0.051634
      56     C        3          4.019862                             -0.019862
      57     C        3          4.019595                             -0.019595
      58     C        3          4.045212                             -0.045212
      59     C        3          4.054009                             -0.054009
      60     C        3          4.033785                             -0.033785
      61     C        3          4.063587                             -0.063587
      62     C        3          4.048910                             -0.048910
      63     C        3          4.031289                             -0.031289
      64     C        3          4.077008                             -0.077008
      65     C        3          4.136412                             -0.136412
      66     C        3          3.969604                              0.030396
      67     C        3          3.781531                              0.218469
      68     C        3          3.796881                              0.203119
      69     C        3          3.789380                              0.210620
      70     C        3          3.773095                              0.226905
      71     C        3          3.779462                              0.220538
      72     C        3          3.802039                              0.197961
      73     C        3          3.673018                              0.326982
      74     C        3          3.768974                              0.231026
      75     C        3          3.977996                              0.022004
      76     C        3          4.049058                             -0.049058
      77     C        3          4.013989                             -0.013989
      78     C        3          4.044714                             -0.044714
      79     C        3          4.080043                             -0.080043
      80     C        3          4.022590                             -0.022590
      81     C        3          4.016562                             -0.016562
      82     C        3          4.025840                             -0.025840
      83     C        3          3.940661                              0.059339
      84     C        3          4.051883                             -0.051883
      85     C        3          4.010973                             -0.010973
      86     C        3          4.047434                             -0.047434
      87     C        3          3.988102                              0.011898
      88     C        3          4.076348                             -0.076348
      89     C        3          4.069072                             -0.069072
      90     C        3          3.934606                              0.065394
      91     N        4          5.037246                             -0.037246
      92     N        4          5.226817                             -0.226817
      93     N        4          5.044866                             -0.044866
      94     N        4          4.999349                              0.000651
      95     N        4          5.010327                             -0.010327
      96     N        4          5.031449                             -0.031449
      97     O        5          6.327745                             -0.327745
      98     O        5          6.280324                             -0.280324
      99     O        5          6.347235                             -0.347235
     100     O        5          6.283910                             -0.283910
     101     O        5          6.297982                             -0.297982
     102     O        5          6.283408                             -0.283408
     103     O        5          6.292366                             -0.292366
     104     O        5          6.285793                             -0.285793
     105     O        5          6.439265                             -0.439265
     106     O        5          6.481696                             -0.481696
     107     O        5          6.472141                             -0.472141
     108     O        5          6.444053                             -0.444053
     109     O        5          6.412442                             -0.412442
     110     O        5          6.455330                             -0.455330
     111     O        5          6.488106                             -0.488106
     112     O        5          6.464362                             -0.464362
     113     O        5          6.333655                             -0.333655
     114     O        5          6.302596                             -0.302596
     115     O        5          6.339120                             -0.339120
     116     O        5          6.305031                             -0.305031
     117     O        5          6.315825                             -0.315825
     118     O        5          6.350460                             -0.350460
     119     O        5          6.161958                             -0.161958
     120     O        5          6.276056                             -0.276056
     121     O        5          6.329451                             -0.329451
     122     O        5          6.309257                             -0.309257
     123     O        5          6.341772                             -0.341772
     124     O        5          6.313800                             -0.313800
     125     O        5          6.373491                             -0.373491
     126     O        5          6.383178                             -0.383178
     127     O        5          6.290827                             -0.290827
     128     O        5          6.220576                             -0.220576
     129     O        5          6.495753                             -0.495753
     130     O        5          6.457336                             -0.457336
     131     O        5          6.454590                             -0.454590
     132     O        5          6.436909                             -0.436909
     133     H        2          0.938082                              0.061918
     134     H        2          0.909622                              0.090378
     135     H        2          0.917596                              0.082404
     136     H        2          0.915562                              0.084438
     137     C        3          4.266067                             -0.266067
     138     C        3          4.176640                             -0.176640
     139     H        2          0.912412                              0.087588
     140     H        2          0.914971                              0.085029
     141     C        3          4.097734                             -0.097734
     142     C        3          4.121757                             -0.121757
     143     H        2          0.929488                              0.070512
     144     H        2          0.933534                              0.066466
     145     H        2          0.913620                              0.086380
     146     H        2          0.913406                              0.086594
     147     C        3          4.021262                             -0.021262
     148     N        4          4.840213                              0.159787
     149     C        3          3.911655                              0.088345
     150     C        3          4.015589                             -0.015589
     151     H        2          0.943387                              0.056613
     152     N        4          4.885398                              0.114602
     153     C        3          4.186377                             -0.186377
     154     H        2          0.912749                              0.087251
     155     H        2          0.912268                              0.087732
     156     H        2          0.931641                              0.068359
     157     H        2          0.966242                              0.033758
     158     O        5          5.570779                              0.429221
     159     N        4          4.475701                              0.524299
     160     S        6          6.894796                             -0.894796
     161     O        5          6.284587                             -0.284587
     162     F        7          7.254252                             -0.254252
     163     C        3          3.780420                              0.219580
     164     F        7          7.039854                             -0.039854
     165     F        7          6.969560                              0.030440
     166     C        3          3.576501                              0.423499
     167     F        7          7.266206                             -0.266206
     168     F        7          6.854764                              0.145236
     169     F        7          6.930866                              0.069134
     170     O        5          5.024126                              0.975874
     171     S        6          6.665870                             -0.665870
     172     O        5          6.526046                             -0.526046
 # Total charge                            716.000000                  0.000000

 !-----------------------------------------------------------------------------!

 !-----------------------------------------------------------------------------!
                           Hirshfeld Charges

  #Atom  Element  Kind  Ref Charge     Population                    Net charge
      1       Ti     1      12.000         13.527                        -1.527
      2       Ti     1      12.000         13.395                        -1.395
      3       Ti     1      12.000         13.436                        -1.436
      4       Ti     1      12.000         13.471                        -1.471
      5       Ti     1      12.000         13.391                        -1.391
      6       Ti     1      12.000         13.491                        -1.491
      7       Ti     1      12.000         13.416                        -1.416
      8       Ti     1      12.000         13.448                        -1.448
      9       H      2       1.000          0.546                         0.454
     10       H      2       1.000          0.522                         0.478
     11       H      2       1.000          0.524                         0.476
     12       H      2       1.000          0.546                         0.454
     13       H      2       1.000          0.535                         0.465
     14       H      2       1.000          0.546                         0.454
     15       H      2       1.000          0.560                         0.440
     16       H      2       1.000          0.542                         0.458
     17       H      2       1.000          0.539                         0.461
     18       H      2       1.000          0.544                         0.456
     19       H      2       1.000          0.544                         0.456
     20       H      2       1.000          0.551                         0.449
     21       H      2       1.000          0.411                         0.589
     22       H      2       1.000          0.423                         0.577
     23       H      2       1.000          0.430                         0.570
     24       H      2       1.000          0.420                         0.580
     25       H      2       1.000          0.549                         0.451
     26       H      2       1.000          0.554                         0.446
     27       H      2       1.000          0.539                         0.461
     28       H      2       1.000          0.538                         0.462
     29       H      2       1.000          0.535                         0.465
     30       H      2       1.000          0.532                         0.468
     31       H      2       1.000          0.481                         0.519
     32       H      2       1.000          0.461                         0.539
     33       H      2       1.000          0.458                         0.542
     34       H      2       1.000          0.481                         0.519
     35       H      2       1.000          0.484                         0.516
     36       H      2       1.000          0.471                         0.529
     37       H      2       1.000          0.481                         0.519
     38       H      2       1.000          0.466                         0.534
     39       H      2       1.000          0.475                         0.525
     40       H      2       1.000          0.458                         0.542
     41       H      2       1.000          0.479                         0.521
     42       H      2       1.000          0.458                         0.542
     43       C      3       4.000          3.467                         0.533
     44       C      3       4.000          3.450                         0.550
     45       C      3       4.000          3.473                         0.527
     46       C      3       4.000          3.465                         0.535
     47       C      3       4.000          4.017                        -0.017
     48       C      3       4.000          3.989                         0.011
     49       C      3       4.000          4.019                        -0.019
     50       C      3       4.000          3.988                         0.012
     51       C      3       4.000          3.880                         0.120
     52       C      3       4.000          4.451                        -0.451
     53       C      3       4.000          3.872                         0.128
     54       C      3       4.000          4.416                        -0.416
     55       C      3       4.000          4.435                        -0.435
     56       C      3       4.000          4.388                        -0.388
     57       C      3       4.000          4.402                        -0.402
     58       C      3       4.000          4.456                        -0.456
     59       C      3       4.000          4.024                        -0.024
     60       C      3       4.000          4.004                        -0.004
     61       C      3       4.000          4.013                        -0.013
     62       C      3       4.000          3.984                         0.016
     63       C      3       4.000          3.973                         0.027
     64       C      3       4.000          4.022                        -0.022
     65       C      3       4.000          4.061                        -0.061
     66       C      3       4.000          3.957                         0.043
     67       C      3       4.000          3.482                         0.518
     68       C      3       4.000          3.496                         0.504
     69       C      3       4.000          3.488                         0.512
     70       C      3       4.000          3.457                         0.543
     71       C      3       4.000          3.466                         0.534
     72       C      3       4.000          3.458                         0.542
     73       C      3       4.000          3.466                         0.534
     74       C      3       4.000          3.496                         0.504
     75       C      3       4.000          3.861                         0.139
     76       C      3       4.000          4.435                        -0.435
     77       C      3       4.000          4.387                        -0.387
     78       C      3       4.000          4.428                        -0.428
     79       C      3       4.000          4.492                        -0.492
     80       C      3       4.000          4.403                        -0.403
     81       C      3       4.000          4.374                        -0.374
     82       C      3       4.000          4.348                        -0.348
     83       C      3       4.000          3.839                         0.161
     84       C      3       4.000          4.449                        -0.449
     85       C      3       4.000          4.373                        -0.373
     86       C      3       4.000          4.412                        -0.412
     87       C      3       4.000          3.897                         0.103
     88       C      3       4.000          4.429                        -0.429
     89       C      3       4.000          4.431                        -0.431
     90       C      3       4.000          3.877                         0.123
     91       N      4       5.000          5.904                        -0.904
     92       N      4       5.000          5.847                        -0.847
     93       N      4       5.000          5.949                        -0.949
     94       N      4       5.000          5.850                        -0.850
     95       N      4       5.000          5.874                        -0.874
     96       N      4       5.000          5.890                        -0.890
     97       O      5       6.000          6.168                        -0.168
     98       O      5       6.000          6.103                        -0.103
     99       O      5       6.000          6.189                        -0.189
    100       O      5       6.000          6.135                        -0.135
    101       O      5       6.000          6.128                        -0.128
    102       O      5       6.000          6.119                        -0.119
    103       O      5       6.000          6.101                        -0.101
    104       O      5       6.000          6.102                        -0.102
    105       O      5       6.000          5.669                         0.331
    106       O      5       6.000          5.724                         0.276
    107       O      5       6.000          5.734                         0.266
    108       O      5       6.000          5.689                         0.311
    109       O      5       6.000          5.648                         0.352
    110       O      5       6.000          5.690                         0.310
    111       O      5       6.000          5.776                         0.224
    112       O      5       6.000          5.693                         0.307
    113       O      5       6.000          6.124                        -0.124
    114       O      5       6.000          6.145                        -0.145
    115       O      5       6.000          6.207                        -0.207
    116       O      5       6.000          6.110                        -0.110
    117       O      5       6.000          6.109                        -0.109
    118       O      5       6.000          6.181                        -0.181
    119       O      5       6.000          6.054                        -0.054
    120       O      5       6.000          6.106                        -0.106
    121       O      5       6.000          6.074                        -0.074
    122       O      5       6.000          6.100                        -0.100
    123       O      5       6.000          6.197                        -0.197
    124       O      5       6.000          6.164                        -0.164
    125       O      5       6.000          6.127                        -0.127
    126       O      5       6.000          6.196                        -0.196
    127       O      5       6.000          6.137                        -0.137
    128       O      5       6.000          6.060                        -0.060
    129       O      5       6.000          6.017                        -0.017
    130       O      5       6.000          6.026                        -0.026
    131       O      5       6.000          5.983                         0.017
    132       O      5       6.000          5.903                         0.097
    133       H      2       1.000          0.569                         0.431
    134       H      2       1.000          0.561                         0.439
    135       H      2       1.000          0.556                         0.444
    136       H      2       1.000          0.562                         0.438
    137       C      3       4.000          5.289                        -1.289
    138       C      3       4.000          4.820                        -0.820
    139       H      2       1.000          0.544                         0.456
    140       H      2       1.000          0.556                         0.444
    141       C      3       4.000          4.493                        -0.493
    142       C      3       4.000          4.739                        -0.739
    143       H      2       1.000          0.570                         0.430
    144       H      2       1.000          0.527                         0.473
    145       H      2       1.000          0.549                         0.451
    146       H      2       1.000          0.539                         0.461
    147       C      3       4.000          4.251                        -0.251
    148       N      4       5.000          5.126                        -0.126
    149       C      3       4.000          4.057                        -0.057
    150       C      3       4.000          4.235                        -0.235
    151       H      2       1.000          0.504                         0.496
    152       N      4       5.000          5.165                        -0.165
    153       C      3       4.000          4.717                        -0.717
    154       H      2       1.000          0.531                         0.469
    155       H      2       1.000          0.527                         0.473
    156       H      2       1.000          0.517                         0.483
    157       H      2       1.000          0.532                         0.468
    158       O      5       6.000          6.333                        -0.333
    159       N      4       5.000          5.245                        -0.245
    160       S      6       6.000          5.627                         0.373
    161       O      5       6.000          6.552                        -0.552
    162       F      7       7.000          7.391                        -0.391
    163       C      3       4.000          3.162                         0.838
    164       F      7       7.000          7.217                        -0.217
    165       F      7       7.000          7.211                        -0.211
    166       C      3       4.000          3.197                         0.803
    167       F      7       7.000          7.347                        -0.347
    168       F      7       7.000          6.983                         0.017
    169       F      7       7.000          7.162                        -0.162
    170       O      5       6.000          6.213                        -0.213
    171       S      6       6.000          5.566                         0.434
    172       O      5       6.000          6.576                        -0.576

  Total Charge                                                            0.075
 !-----------------------------------------------------------------------------!

 ENERGY| Total FORCE_EVAL ( QS ) energy [hartree]          -1718.525748436597041

 *******************************************************************************
 **                 BAND EVALUATION OF ENERGIES AND FORCES                    **
 *******************************************************************************
 **                                                                           **
 **                                                                           **
 ** Replica Env Nr. :    1              Replica Band Nr. :    2               **
 ** Band  Step  Nr. :    1                                                    **
 *******************************************************************************

 Number of electrons:                                                        716
 Number of occupied orbitals:                                                393
 Number of molecular orbitals:                                               458

 Number of orbital functions:                                               1948
 Number of independent orbital functions:                                   1948

 Parameters for the always stable predictor-corrector (ASPC) method:

  ASPC order: 0

  B(1) =   2.000000
  B(2) =  -1.000000

 *** WARNING in fm/cp_fm_elpa.F:521 :: Setting real_kernel for ELPA failed ***


 Extrapolation method: ASPC


 SCF WAVEFUNCTION OPTIMIZATION

  Step     Update method      Time    Convergence         Total energy    Change
  ------------------------------------------------------------------------------

 *** WARNING in fm/cp_fm_elpa.F:521 :: Setting real_kernel for ELPA failed ***

     1 Broy./Diag. 0.15E+00    8.5     0.20991226     -1718.8510007768 -1.72E+03

 *** WARNING in fm/cp_fm_elpa.F:521 :: Setting real_kernel for ELPA failed ***

     2 Broy./Diag. 0.15E+00   12.7     0.03662646     -1719.2090914616 -3.58E-01

 *** WARNING in fm/cp_fm_elpa.F:521 :: Setting real_kernel for ELPA failed ***

     3 Broy./Diag. 0.15E+00   13.1     0.01980692     -1719.0534873430  1.56E-01

 *** WARNING in fm/cp_fm_elpa.F:521 :: Setting real_kernel for ELPA failed ***

     4 Broy./Diag. 0.15E+00   13.5     0.01058234     -1718.9924324939  6.11E-02

 *** WARNING in fm/cp_fm_elpa.F:521 :: Setting real_kernel for ELPA failed ***

     5 Broy./Diag. 0.15E+00   13.7     0.00296810     -1718.8768309570  1.16E-01

 *** WARNING in fm/cp_fm_elpa.F:521 :: Setting real_kernel for ELPA failed ***

     6 Broy./Diag. 0.15E+00   14.1     0.00121333     -1718.8562338178  2.06E-02

 *** WARNING in fm/cp_fm_elpa.F:521 :: Setting real_kernel for ELPA failed ***

     7 Broy./Diag. 0.15E+00   14.2     0.00066922     -1718.8440092384  1.22E-02

 *** WARNING in fm/cp_fm_elpa.F:521 :: Setting real_kernel for ELPA failed ***

     8 Broy./Diag. 0.15E+00   13.8     0.00034093     -1718.8479516929 -3.94E-03

 *** WARNING in fm/cp_fm_elpa.F:521 :: Setting real_kernel for ELPA failed ***

     9 Broy./Diag. 0.15E+00   13.7     0.00012341     -1718.8532457955 -5.29E-03

 *** WARNING in fm/cp_fm_elpa.F:521 :: Setting real_kernel for ELPA failed ***

    10 Broy./Diag. 0.15E+00   13.6     0.00012350     -1718.8568398595 -3.59E-03

 *** WARNING in fm/cp_fm_elpa.F:521 :: Setting real_kernel for ELPA failed ***

    11 Broy./Diag. 0.15E+00   13.6     0.00004938     -1718.8578263998 -9.87E-04

  *** SCF run converged in    11 steps ***


  Electronic density on regular grids:       -715.9999999248        0.0000000752
  Core density on regular grids:              715.9999999655       -0.0000000345
  Total charge density on r-space grids:        0.0000000408
  Total charge density g-space grids:           0.0000000408

  Overlap energy of the core charge distribution:               0.00518623086513
  Self energy of the core charge distribution:              -4016.67387185402686
  Core Hamiltonian energy:                                   1159.39647628945363
  Hartree energy:                                            1514.79698566326010
  Exchange-correlation energy:                               -376.11323369909445
  Dispersion energy:                                           -0.25929263777960
  Electronic entropic energy:                                  -0.01007819578246
  Fermi energy:                                                 0.00203429639882

  Total energy:                                             -1718.85782639977378

 !-----------------------------------------------------------------------------!
                     Mulliken Population Analysis

 #  Atom  Element  Kind  Atomic population                           Net charge
       1     Ti       1         11.074626                              0.925374
       2     Ti       1         10.996264                              1.003736
       3     Ti       1         10.998219                              1.001781
       4     Ti       1         11.017164                              0.982836
       5     Ti       1         11.010733                              0.989267
       6     Ti       1         11.131205                              0.868795
       7     Ti       1         11.001541                              0.998459
       8     Ti       1         11.001870                              0.998130
       9     H        2          0.933633                              0.066367
      10     H        2          0.926860                              0.073140
      11     H        2          0.927347                              0.072653
      12     H        2          0.931011                              0.068989
      13     H        2          0.934899                              0.065101
      14     H        2          0.936503                              0.063497
      15     H        2          0.934214                              0.065786
      16     H        2          0.932877                              0.067123
      17     H        2          0.931479                              0.068521
      18     H        2          0.927415                              0.072585
      19     H        2          0.931592                              0.068408
      20     H        2          0.938071                              0.061929
      21     H        2          0.819126                              0.180874
      22     H        2          0.854429                              0.145571
      23     H        2          0.889853                              0.110147
      24     H        2          0.831722                              0.168278
      25     H        2          0.926056                              0.073944
      26     H        2          0.935689                              0.064311
      27     H        2          0.933492                              0.066508
      28     H        2          0.926057                              0.073943
      29     H        2          0.929674                              0.070326
      30     H        2          0.924637                              0.075363
      31     H        2          0.887179                              0.112821
      32     H        2          0.888388                              0.111612
      33     H        2          0.872253                              0.127747
      34     H        2          0.721987                              0.278013
      35     H        2          0.891089                              0.108911
      36     H        2          0.904991                              0.095009
      37     H        2          0.884359                              0.115641
      38     H        2          0.891149                              0.108851
      39     H        2          0.886327                              0.113673
      40     H        2          0.883115                              0.116885
      41     H        2          0.884881                              0.115119
      42     H        2          0.885068                              0.114932
      43     C        3          3.770219                              0.229781
      44     C        3          3.772957                              0.227043
      45     C        3          3.773057                              0.226943
      46     C        3          3.774551                              0.225449
      47     C        3          4.071715                             -0.071715
      48     C        3          4.053248                             -0.053248
      49     C        3          4.058269                             -0.058269
      50     C        3          4.028904                             -0.028904
      51     C        3          3.971482                              0.028518
      52     C        3          4.051526                             -0.051526
      53     C        3          3.989045                              0.010955
      54     C        3          4.042270                             -0.042270
      55     C        3          4.051524                             -0.051524
      56     C        3          4.019781                             -0.019781
      57     C        3          4.019662                             -0.019662
      58     C        3          4.045196                             -0.045196
      59     C        3          4.053935                             -0.053935
      60     C        3          4.033648                             -0.033648
      61     C        3          4.063274                             -0.063274
      62     C        3          4.048758                             -0.048758
      63     C        3          4.031178                             -0.031178
      64     C        3          4.076732                             -0.076732
      65     C        3          4.133977                             -0.133977
      66     C        3          3.970212                              0.029788
      67     C        3          3.781395                              0.218605
      68     C        3          3.796608                              0.203392
      69     C        3          3.789112                              0.210888
      70     C        3          3.772916                              0.227084
      71     C        3          3.779303                              0.220697
      72     C        3          3.802059                              0.197941
      73     C        3          3.685579                              0.314421
      74     C        3          3.768736                              0.231264
      75     C        3          3.977904                              0.022096
      76     C        3          4.048935                             -0.048935
      77     C        3          4.014030                             -0.014030
      78     C        3          4.044733                             -0.044733
      79     C        3          4.079765                             -0.079765
      80     C        3          4.022206                             -0.022206
      81     C        3          4.016118                             -0.016118
      82     C        3          4.025887                             -0.025887
      83     C        3          3.940376                              0.059624
      84     C        3          4.051766                             -0.051766
      85     C        3          4.010897                             -0.010897
      86     C        3          4.047155                             -0.047155
      87     C        3          3.987246                              0.012754
      88     C        3          4.075831                             -0.075831
      89     C        3          4.068824                             -0.068824
      90     C        3          3.934405                              0.065595
      91     N        4          5.036986                             -0.036986
      92     N        4          5.226731                             -0.226731
      93     N        4          5.043758                             -0.043758
      94     N        4          4.998793                              0.001207
      95     N        4          5.010372                             -0.010372
      96     N        4          5.031362                             -0.031362
      97     O        5          6.327621                             -0.327621
      98     O        5          6.280245                             -0.280245
      99     O        5          6.346611                             -0.346611
     100     O        5          6.283873                             -0.283873
     101     O        5          6.297911                             -0.297911
     102     O        5          6.283448                             -0.283448
     103     O        5          6.292436                             -0.292436
     104     O        5          6.285651                             -0.285651
     105     O        5          6.438983                             -0.438983
     106     O        5          6.481132                             -0.481132
     107     O        5          6.471877                             -0.471877
     108     O        5          6.443983                             -0.443983
     109     O        5          6.412510                             -0.412510
     110     O        5          6.454911                             -0.454911
     111     O        5          6.487514                             -0.487514
     112     O        5          6.464254                             -0.464254
     113     O        5          6.333557                             -0.333557
     114     O        5          6.302458                             -0.302458
     115     O        5          6.339028                             -0.339028
     116     O        5          6.304880                             -0.304880
     117     O        5          6.315640                             -0.315640
     118     O        5          6.349874                             -0.349874
     119     O        5          6.159465                             -0.159465
     120     O        5          6.275809                             -0.275809
     121     O        5          6.329384                             -0.329384
     122     O        5          6.309179                             -0.309179
     123     O        5          6.341699                             -0.341699
     124     O        5          6.313700                             -0.313700
     125     O        5          6.370185                             -0.370185
     126     O        5          6.382989                             -0.382989
     127     O        5          6.290803                             -0.290803
     128     O        5          6.221369                             -0.221369
     129     O        5          6.495557                             -0.495557
     130     O        5          6.457264                             -0.457264
     131     O        5          6.454680                             -0.454680
     132     O        5          6.436874                             -0.436874
     133     H        2          0.938022                              0.061978
     134     H        2          0.909678                              0.090322
     135     H        2          0.917445                              0.082555
     136     H        2          0.915232                              0.084768
     137     C        3          4.265993                             -0.265993
     138     C        3          4.176426                             -0.176426
     139     H        2          0.912482                              0.087518
     140     H        2          0.914912                              0.085088
     141     C        3          4.097875                             -0.097875
     142     C        3          4.121785                             -0.121785
     143     H        2          0.929424                              0.070576
     144     H        2          0.933614                              0.066386
     145     H        2          0.913566                              0.086434
     146     H        2          0.913620                              0.086380
     147     C        3          4.020904                             -0.020904
     148     N        4          4.839827                              0.160173
     149     C        3          3.911653                              0.088347
     150     C        3          4.014227                             -0.014227
     151     H        2          0.943525                              0.056475
     152     N        4          4.883647                              0.116353
     153     C        3          4.186413                             -0.186413
     154     H        2          0.912901                              0.087099
     155     H        2          0.912503                              0.087497
     156     H        2          0.931603                              0.068397
     157     H        2          0.965718                              0.034282
     158     O        5          5.592631                              0.407369
     159     N        4          4.507328                              0.492672
     160     S        6          6.856331                             -0.856331
     161     O        5          6.278658                             -0.278658
     162     F        7          7.254463                             -0.254463
     163     C        3          3.781913                              0.218087
     164     F        7          7.041116                             -0.041116
     165     F        7          6.972267                              0.027733
     166     C        3          3.599191                              0.400809
     167     F        7          7.259688                             -0.259688
     168     F        7          6.858465                              0.141535
     169     F        7          6.932439                              0.067561
     170     O        5          5.108347                              0.891653
     171     S        6          6.570666                             -0.570666
     172     O        5          6.522190                             -0.522190
 # Total charge                            716.000000                  0.000000

 !-----------------------------------------------------------------------------!

 !-----------------------------------------------------------------------------!
                           Hirshfeld Charges

  #Atom  Element  Kind  Ref Charge     Population                    Net charge
      1       Ti     1      12.000         13.526                        -1.526
      2       Ti     1      12.000         13.394                        -1.394
      3       Ti     1      12.000         13.435                        -1.435
      4       Ti     1      12.000         13.471                        -1.471
      5       Ti     1      12.000         13.391                        -1.391
      6       Ti     1      12.000         13.492                        -1.492
      7       Ti     1      12.000         13.415                        -1.415
      8       Ti     1      12.000         13.447                        -1.447
      9       H      2       1.000          0.546                         0.454
     10       H      2       1.000          0.522                         0.478
     11       H      2       1.000          0.524                         0.476
     12       H      2       1.000          0.546                         0.454
     13       H      2       1.000          0.535                         0.465
     14       H      2       1.000          0.546                         0.454
     15       H      2       1.000          0.560                         0.440
     16       H      2       1.000          0.542                         0.458
     17       H      2       1.000          0.539                         0.461
     18       H      2       1.000          0.544                         0.456
     19       H      2       1.000          0.544                         0.456
     20       H      2       1.000          0.551                         0.449
     21       H      2       1.000          0.411                         0.589
     22       H      2       1.000          0.422                         0.578
     23       H      2       1.000          0.430                         0.570
     24       H      2       1.000          0.420                         0.580
     25       H      2       1.000          0.549                         0.451
     26       H      2       1.000          0.554                         0.446
     27       H      2       1.000          0.539                         0.461
     28       H      2       1.000          0.538                         0.462
     29       H      2       1.000          0.535                         0.465
     30       H      2       1.000          0.532                         0.468
     31       H      2       1.000          0.481                         0.519
     32       H      2       1.000          0.461                         0.539
     33       H      2       1.000          0.458                         0.542
     34       H      2       1.000          0.481                         0.519
     35       H      2       1.000          0.484                         0.516
     36       H      2       1.000          0.471                         0.529
     37       H      2       1.000          0.481                         0.519
     38       H      2       1.000          0.466                         0.534
     39       H      2       1.000          0.475                         0.525
     40       H      2       1.000          0.458                         0.542
     41       H      2       1.000          0.479                         0.521
     42       H      2       1.000          0.458                         0.542
     43       C      3       4.000          3.467                         0.533
     44       C      3       4.000          3.450                         0.550
     45       C      3       4.000          3.473                         0.527
     46       C      3       4.000          3.465                         0.535
     47       C      3       4.000          4.017                        -0.017
     48       C      3       4.000          3.989                         0.011
     49       C      3       4.000          4.019                        -0.019
     50       C      3       4.000          3.988                         0.012
     51       C      3       4.000          3.880                         0.120
     52       C      3       4.000          4.450                        -0.450
     53       C      3       4.000          3.872                         0.128
     54       C      3       4.000          4.415                        -0.415
     55       C      3       4.000          4.435                        -0.435
     56       C      3       4.000          4.388                        -0.388
     57       C      3       4.000          4.402                        -0.402
     58       C      3       4.000          4.456                        -0.456
     59       C      3       4.000          4.024                        -0.024
     60       C      3       4.000          4.004                        -0.004
     61       C      3       4.000          4.013                        -0.013
     62       C      3       4.000          3.984                         0.016
     63       C      3       4.000          3.973                         0.027
     64       C      3       4.000          4.022                        -0.022
     65       C      3       4.000          4.059                        -0.059
     66       C      3       4.000          3.957                         0.043
     67       C      3       4.000          3.481                         0.519
     68       C      3       4.000          3.496                         0.504
     69       C      3       4.000          3.488                         0.512
     70       C      3       4.000          3.457                         0.543
     71       C      3       4.000          3.465                         0.535
     72       C      3       4.000          3.458                         0.542
     73       C      3       4.000          3.465                         0.535
     74       C      3       4.000          3.496                         0.504
     75       C      3       4.000          3.861                         0.139
     76       C      3       4.000          4.435                        -0.435
     77       C      3       4.000          4.387                        -0.387
     78       C      3       4.000          4.427                        -0.427
     79       C      3       4.000          4.492                        -0.492
     80       C      3       4.000          4.403                        -0.403
     81       C      3       4.000          4.374                        -0.374
     82       C      3       4.000          4.349                        -0.349
     83       C      3       4.000          3.839                         0.161
     84       C      3       4.000          4.449                        -0.449
     85       C      3       4.000          4.373                        -0.373
     86       C      3       4.000          4.412                        -0.412
     87       C      3       4.000          3.897                         0.103
     88       C      3       4.000          4.428                        -0.428
     89       C      3       4.000          4.430                        -0.430
     90       C      3       4.000          3.877                         0.123
     91       N      4       5.000          5.904                        -0.904
     92       N      4       5.000          5.847                        -0.847
     93       N      4       5.000          5.948                        -0.948
     94       N      4       5.000          5.849                        -0.849
     95       N      4       5.000          5.874                        -0.874
     96       N      4       5.000          5.890                        -0.890
     97       O      5       6.000          6.168                        -0.168
     98       O      5       6.000          6.102                        -0.102
     99       O      5       6.000          6.189                        -0.189
    100       O      5       6.000          6.135                        -0.135
    101       O      5       6.000          6.128                        -0.128
    102       O      5       6.000          6.119                        -0.119
    103       O      5       6.000          6.101                        -0.101
    104       O      5       6.000          6.102                        -0.102
    105       O      5       6.000          5.668                         0.332
    106       O      5       6.000          5.724                         0.276
    107       O      5       6.000          5.734                         0.266
    108       O      5       6.000          5.689                         0.311
    109       O      5       6.000          5.648                         0.352
    110       O      5       6.000          5.689                         0.311
    111       O      5       6.000          5.776                         0.224
    112       O      5       6.000          5.693                         0.307
    113       O      5       6.000          6.123                        -0.123
    114       O      5       6.000          6.145                        -0.145
    115       O      5       6.000          6.207                        -0.207
    116       O      5       6.000          6.109                        -0.109
    117       O      5       6.000          6.109                        -0.109
    118       O      5       6.000          6.180                        -0.180
    119       O      5       6.000          6.060                        -0.060
    120       O      5       6.000          6.106                        -0.106
    121       O      5       6.000          6.074                        -0.074
    122       O      5       6.000          6.100                        -0.100
    123       O      5       6.000          6.197                        -0.197
    124       O      5       6.000          6.164                        -0.164
    125       O      5       6.000          6.124                        -0.124
    126       O      5       6.000          6.196                        -0.196
    127       O      5       6.000          6.137                        -0.137
    128       O      5       6.000          6.060                        -0.060
    129       O      5       6.000          6.017                        -0.017
    130       O      5       6.000          6.025                        -0.025
    131       O      5       6.000          5.983                         0.017
    132       O      5       6.000          5.903                         0.097
    133       H      2       1.000          0.569                         0.431
    134       H      2       1.000          0.561                         0.439
    135       H      2       1.000          0.556                         0.444
    136       H      2       1.000          0.562                         0.438
    137       C      3       4.000          5.289                        -1.289
    138       C      3       4.000          4.819                        -0.819
    139       H      2       1.000          0.544                         0.456
    140       H      2       1.000          0.556                         0.444
    141       C      3       4.000          4.493                        -0.493
    142       C      3       4.000          4.739                        -0.739
    143       H      2       1.000          0.570                         0.430
    144       H      2       1.000          0.528                         0.472
    145       H      2       1.000          0.549                         0.451
    146       H      2       1.000          0.539                         0.461
    147       C      3       4.000          4.250                        -0.250
    148       N      4       5.000          5.126                        -0.126
    149       C      3       4.000          4.057                        -0.057
    150       C      3       4.000          4.233                        -0.233
    151       H      2       1.000          0.504                         0.496
    152       N      4       5.000          5.165                        -0.165
    153       C      3       4.000          4.717                        -0.717
    154       H      2       1.000          0.531                         0.469
    155       H      2       1.000          0.527                         0.473
    156       H      2       1.000          0.517                         0.483
    157       H      2       1.000          0.532                         0.468
    158       O      5       6.000          6.335                        -0.335
    159       N      4       5.000          5.244                        -0.244
    160       S      6       6.000          5.625                         0.375
    161       O      5       6.000          6.550                        -0.550
    162       F      7       7.000          7.392                        -0.392
    163       C      3       4.000          3.163                         0.837
    164       F      7       7.000          7.219                        -0.219
    165       F      7       7.000          7.214                        -0.214
    166       C      3       4.000          3.193                         0.807
    167       F      7       7.000          7.345                        -0.345
    168       F      7       7.000          6.999                         0.001
    169       F      7       7.000          7.162                        -0.162
    170       O      5       6.000          6.227                        -0.227
    171       S      6       6.000          5.563                         0.437
    172       O      5       6.000          6.571                        -0.571

  Total Charge                                                            0.075
 !-----------------------------------------------------------------------------!

 ENERGY| Total FORCE_EVAL ( QS ) energy [hartree]          -1718.854743534519002

 *******************************************************************************
 **                 BAND EVALUATION OF ENERGIES AND FORCES                    **
 *******************************************************************************
 **                                                                           **
 **                                                                           **
 ** Replica Env Nr. :    1              Replica Band Nr. :    2               **
 ** Band  Step  Nr. :    1                                                    **
 *******************************************************************************

 Number of electrons:                                                        716
 Number of occupied orbitals:                                                393
 Number of molecular orbitals:                                               458

 Number of orbital functions:                                               1948
 Number of independent orbital functions:                                   1948

 Parameters for the always stable predictor-corrector (ASPC) method:

  ASPC order: 2

  B(1) =   2.800000
  B(2) =  -2.800000
  B(3) =   1.200000
  B(4) =  -0.200000

 *** WARNING in fm/cp_fm_elpa.F:521 :: Setting real_kernel for ELPA failed ***


 Extrapolation method: ASPC


 SCF WAVEFUNCTION OPTIMIZATION

  Step     Update method      Time    Convergence         Total energy    Change
  ------------------------------------------------------------------------------

 *** WARNING in fm/cp_fm_elpa.F:521 :: Setting real_kernel for ELPA failed ***

     1 Broy./Diag. 0.15E+00    8.4     0.21499254     -1718.8516779865 -1.72E+03

 *** WARNING in fm/cp_fm_elpa.F:521 :: Setting real_kernel for ELPA failed ***

     2 Broy./Diag. 0.15E+00   12.6     0.06995055     -1719.0562125319 -2.05E-01

 *** WARNING in fm/cp_fm_elpa.F:521 :: Setting real_kernel for ELPA failed ***

     3 Broy./Diag. 0.15E+00   13.1     0.02866678     -1719.1840206671 -1.28E-01

 *** WARNING in fm/cp_fm_elpa.F:521 :: Setting real_kernel for ELPA failed ***

     4 Broy./Diag. 0.15E+00   13.3     0.00933260     -1719.0081427073  1.76E-01

 *** WARNING in fm/cp_fm_elpa.F:521 :: Setting real_kernel for ELPA failed ***

     5 Broy./Diag. 0.15E+00   13.3     0.00905268     -1718.8884808998  1.20E-01

 *** WARNING in fm/cp_fm_elpa.F:521 :: Setting real_kernel for ELPA failed ***

     6 Broy./Diag. 0.15E+00   13.8     0.00352220     -1718.8721639370  1.63E-02

 *** WARNING in fm/cp_fm_elpa.F:521 :: Setting real_kernel for ELPA failed ***

     7 Broy./Diag. 0.15E+00   14.4     0.00118151     -1718.8433560132  2.88E-02

 *** WARNING in fm/cp_fm_elpa.F:521 :: Setting real_kernel for ELPA failed ***

     8 Broy./Diag. 0.15E+00   13.8     0.00046837     -1718.8452236949 -1.87E-03

 *** WARNING in fm/cp_fm_elpa.F:521 :: Setting real_kernel for ELPA failed ***

     9 Broy./Diag. 0.15E+00   14.3     0.00016072     -1718.8497442329 -4.52E-03

 *** WARNING in fm/cp_fm_elpa.F:521 :: Setting real_kernel for ELPA failed ***

    10 Broy./Diag. 0.15E+00   14.5     0.00005641     -1718.8531803569 -3.44E-03

 *** WARNING in fm/cp_fm_elpa.F:521 :: Setting real_kernel for ELPA failed ***

    11 Broy./Diag. 0.15E+00   14.1     0.00007373     -1718.8549462934 -1.77E-03

 *** WARNING in fm/cp_fm_elpa.F:521 :: Setting real_kernel for ELPA failed ***

    12 Broy./Diag. 0.15E+00   13.9     0.00003629     -1718.8554189243 -4.73E-04

  *** SCF run converged in    12 steps ***


  Electronic density on regular grids:       -715.9999999248        0.0000000752
  Core density on regular grids:              715.9999999655       -0.0000000345
  Total charge density on r-space grids:        0.0000000408
  Total charge density g-space grids:           0.0000000408

  Overlap energy of the core charge distribution:               0.00518623086513
  Self energy of the core charge distribution:              -4016.67387185402686
  Core Hamiltonian energy:                                   1159.39777205421660
  Hartree energy:                                            1514.79778359800412
  Exchange-correlation energy:                               -376.11290796096529
  Dispersion energy:                                           -0.25929263777960
  Electronic entropic energy:                                  -0.01009084518099
  Fermi energy:                                                 0.00201730170758

  Total energy:                                             -1718.85541892432229

 !-----------------------------------------------------------------------------!
                     Mulliken Population Analysis

 #  Atom  Element  Kind  Atomic population                           Net charge
       1     Ti       1         11.074677                              0.925323
       2     Ti       1         10.996325                              1.003675
       3     Ti       1         10.998306                              1.001694
       4     Ti       1         11.017254                              0.982746
       5     Ti       1         11.010780                              0.989220
       6     Ti       1         11.131297                              0.868703
       7     Ti       1         11.001595                              0.998405
       8     Ti       1         11.001935                              0.998065
       9     H        2          0.933640                              0.066360
      10     H        2          0.926861                              0.073139
      11     H        2          0.927357                              0.072643
      12     H        2          0.931027                              0.068973
      13     H        2          0.934912                              0.065088
      14     H        2          0.936505                              0.063495
      15     H        2          0.934206                              0.065794
      16     H        2          0.932890                              0.067110
      17     H        2          0.931471                              0.068529
      18     H        2          0.927427                              0.072573
      19     H        2          0.931607                              0.068393
      20     H        2          0.938080                              0.061920
      21     H        2          0.819134                              0.180866
      22     H        2          0.854429                              0.145571
      23     H        2          0.889852                              0.110148
      24     H        2          0.831732                              0.168268
      25     H        2          0.926041                              0.073959
      26     H        2          0.935696                              0.064304
      27     H        2          0.933488                              0.066512
      28     H        2          0.926050                              0.073950
      29     H        2          0.929667                              0.070333
      30     H        2          0.924619                              0.075381
      31     H        2          0.887195                              0.112805
      32     H        2          0.888394                              0.111606
      33     H        2          0.872259                              0.127741
      34     H        2          0.722012                              0.277988
      35     H        2          0.891100                              0.108900
      36     H        2          0.904989                              0.095011
      37     H        2          0.884352                              0.115648
      38     H        2          0.891149                              0.108851
      39     H        2          0.886312                              0.113688
      40     H        2          0.883120                              0.116880
      41     H        2          0.884869                              0.115131
      42     H        2          0.885068                              0.114932
      43     C        3          3.770232                              0.229768
      44     C        3          3.772982                              0.227018
      45     C        3          3.773072                              0.226928
      46     C        3          3.774566                              0.225434
      47     C        3          4.071735                             -0.071735
      48     C        3          4.053276                             -0.053276
      49     C        3          4.058285                             -0.058285
      50     C        3          4.028919                             -0.028919
      51     C        3          3.971506                              0.028494
      52     C        3          4.051533                             -0.051533
      53     C        3          3.989073                              0.010927
      54     C        3          4.042241                             -0.042241
      55     C        3          4.051552                             -0.051552
      56     C        3          4.019785                             -0.019785
      57     C        3          4.019661                             -0.019661
      58     C        3          4.045207                             -0.045207
      59     C        3          4.053944                             -0.053944
      60     C        3          4.033644                             -0.033644
      61     C        3          4.063267                             -0.063267
      62     C        3          4.048748                             -0.048748
      63     C        3          4.031185                             -0.031185
      64     C        3          4.076734                             -0.076734
      65     C        3          4.133964                             -0.133964
      66     C        3          3.970187                              0.029813
      67     C        3          3.781408                              0.218592
      68     C        3          3.796605                              0.203395
      69     C        3          3.789114                              0.210886
      70     C        3          3.772914                              0.227086
      71     C        3          3.779318                              0.220682
      72     C        3          3.802059                              0.197941
      73     C        3          3.685605                              0.314395
      74     C        3          3.768730                              0.231270
      75     C        3          3.977914                              0.022086
      76     C        3          4.048924                             -0.048924
      77     C        3          4.014029                             -0.014029
      78     C        3          4.044730                             -0.044730
      79     C        3          4.079769                             -0.079769
      80     C        3          4.022227                             -0.022227
      81     C        3          4.016096                             -0.016096
      82     C        3          4.025885                             -0.025885
      83     C        3          3.940368                              0.059632
      84     C        3          4.051766                             -0.051766
      85     C        3          4.010908                             -0.010908
      86     C        3          4.047170                             -0.047170
      87     C        3          3.987239                              0.012761
      88     C        3          4.075810                             -0.075810
      89     C        3          4.068822                             -0.068822
      90     C        3          3.934404                              0.065596
      91     N        4          5.037003                             -0.037003
      92     N        4          5.226710                             -0.226710
      93     N        4          5.043777                             -0.043777
      94     N        4          4.998790                              0.001210
      95     N        4          5.010359                             -0.010359
      96     N        4          5.031356                             -0.031356
      97     O        5          6.327633                             -0.327633
      98     O        5          6.280255                             -0.280255
      99     O        5          6.346619                             -0.346619
     100     O        5          6.283865                             -0.283865
     101     O        5          6.297932                             -0.297932
     102     O        5          6.283446                             -0.283446
     103     O        5          6.292441                             -0.292441
     104     O        5          6.285662                             -0.285662
     105     O        5          6.439007                             -0.439007
     106     O        5          6.481138                             -0.481138
     107     O        5          6.471856                             -0.471856
     108     O        5          6.444000                             -0.444000
     109     O        5          6.412514                             -0.412514
     110     O        5          6.454902                             -0.454902
     111     O        5          6.487478                             -0.487478
     112     O        5          6.464264                             -0.464264
     113     O        5          6.333577                             -0.333577
     114     O        5          6.302471                             -0.302471
     115     O        5          6.339036                             -0.339036
     116     O        5          6.304898                             -0.304898
     117     O        5          6.315655                             -0.315655
     118     O        5          6.349881                             -0.349881
     119     O        5          6.159448                             -0.159448
     120     O        5          6.275802                             -0.275802
     121     O        5          6.329396                             -0.329396
     122     O        5          6.309180                             -0.309180
     123     O        5          6.341719                             -0.341719
     124     O        5          6.313702                             -0.313702
     125     O        5          6.370170                             -0.370170
     126     O        5          6.382993                             -0.382993
     127     O        5          6.290824                             -0.290824
     128     O        5          6.221386                             -0.221386
     129     O        5          6.495570                             -0.495570
     130     O        5          6.457282                             -0.457282
     131     O        5          6.454706                             -0.454706
     132     O        5          6.436887                             -0.436887
     133     H        2          0.938036                              0.061964
     134     H        2          0.909687                              0.090313
     135     H        2          0.917409                              0.082591
     136     H        2          0.915215                              0.084785
     137     C        3          4.265979                             -0.265979
     138     C        3          4.176425                             -0.176425
     139     H        2          0.912489                              0.087511
     140     H        2          0.914890                              0.085110
     141     C        3          4.097888                             -0.097888
     142     C        3          4.121779                             -0.121779
     143     H        2          0.929422                              0.070578
     144     H        2          0.933617                              0.066383
     145     H        2          0.913566                              0.086434
     146     H        2          0.913611                              0.086389
     147     C        3          4.020903                             -0.020903
     148     N        4          4.839805                              0.160195
     149     C        3          3.911648                              0.088352
     150     C        3          4.014215                             -0.014215
     151     H        2          0.943523                              0.056477
     152     N        4          4.883646                              0.116354
     153     C        3          4.186419                             -0.186419
     154     H        2          0.912904                              0.087096
     155     H        2          0.912503                              0.087497
     156     H        2          0.931607                              0.068393
     157     H        2          0.965702                              0.034298
     158     O        5          5.592602                              0.407398
     159     N        4          4.507251                              0.492749
     160     S        6          6.856292                             -0.856292
     161     O        5          6.278554                             -0.278554
     162     F        7          7.254318                             -0.254318
     163     C        3          3.781814                              0.218186
     164     F        7          7.041039                             -0.041039
     165     F        7          6.972110                              0.027890
     166     C        3          3.599220                              0.400780
     167     F        7          7.259626                             -0.259626
     168     F        7          6.858360                              0.141640
     169     F        7          6.932424                              0.067576
     170     O        5          5.108380                              0.891620
     171     S        6          6.570665                             -0.570665
     172     O        5          6.522075                             -0.522075
 # Total charge                            716.000000                  0.000000

 !-----------------------------------------------------------------------------!

 !-----------------------------------------------------------------------------!
                           Hirshfeld Charges

  #Atom  Element  Kind  Ref Charge     Population                    Net charge
      1       Ti     1      12.000         13.526                        -1.526
      2       Ti     1      12.000         13.394                        -1.394
      3       Ti     1      12.000         13.436                        -1.436
      4       Ti     1      12.000         13.471                        -1.471
      5       Ti     1      12.000         13.391                        -1.391
      6       Ti     1      12.000         13.492                        -1.492
      7       Ti     1      12.000         13.415                        -1.415
      8       Ti     1      12.000         13.447                        -1.447
      9       H      2       1.000          0.546                         0.454
     10       H      2       1.000          0.522                         0.478
     11       H      2       1.000          0.524                         0.476
     12       H      2       1.000          0.546                         0.454
     13       H      2       1.000          0.535                         0.465
     14       H      2       1.000          0.546                         0.454
     15       H      2       1.000          0.560                         0.440
     16       H      2       1.000          0.542                         0.458
     17       H      2       1.000          0.539                         0.461
     18       H      2       1.000          0.544                         0.456
     19       H      2       1.000          0.544                         0.456
     20       H      2       1.000          0.551                         0.449
     21       H      2       1.000          0.411                         0.589
     22       H      2       1.000          0.422                         0.578
     23       H      2       1.000          0.430                         0.570
     24       H      2       1.000          0.420                         0.580
     25       H      2       1.000          0.549                         0.451
     26       H      2       1.000          0.554                         0.446
     27       H      2       1.000          0.539                         0.461
     28       H      2       1.000          0.538                         0.462
     29       H      2       1.000          0.535                         0.465
     30       H      2       1.000          0.532                         0.468
     31       H      2       1.000          0.481                         0.519
     32       H      2       1.000          0.461                         0.539
     33       H      2       1.000          0.458                         0.542
     34       H      2       1.000          0.481                         0.519
     35       H      2       1.000          0.484                         0.516
     36       H      2       1.000          0.471                         0.529
     37       H      2       1.000          0.481                         0.519
     38       H      2       1.000          0.466                         0.534
     39       H      2       1.000          0.475                         0.525
     40       H      2       1.000          0.458                         0.542
     41       H      2       1.000          0.479                         0.521
     42       H      2       1.000          0.458                         0.542
     43       C      3       4.000          3.467                         0.533
     44       C      3       4.000          3.450                         0.550
     45       C      3       4.000          3.473                         0.527
     46       C      3       4.000          3.465                         0.535
     47       C      3       4.000          4.017                        -0.017
     48       C      3       4.000          3.989                         0.011
     49       C      3       4.000          4.019                        -0.019
     50       C      3       4.000          3.988                         0.012
     51       C      3       4.000          3.880                         0.120
     52       C      3       4.000          4.450                        -0.450
     53       C      3       4.000          3.872                         0.128
     54       C      3       4.000          4.415                        -0.415
     55       C      3       4.000          4.435                        -0.435
     56       C      3       4.000          4.388                        -0.388
     57       C      3       4.000          4.402                        -0.402
     58       C      3       4.000          4.456                        -0.456
     59       C      3       4.000          4.024                        -0.024
     60       C      3       4.000          4.004                        -0.004
     61       C      3       4.000          4.013                        -0.013
     62       C      3       4.000          3.984                         0.016
     63       C      3       4.000          3.973                         0.027
     64       C      3       4.000          4.022                        -0.022
     65       C      3       4.000          4.059                        -0.059
     66       C      3       4.000          3.957                         0.043
     67       C      3       4.000          3.481                         0.519
     68       C      3       4.000          3.496                         0.504
     69       C      3       4.000          3.488                         0.512
     70       C      3       4.000          3.457                         0.543
     71       C      3       4.000          3.465                         0.535
     72       C      3       4.000          3.458                         0.542
     73       C      3       4.000          3.465                         0.535
     74       C      3       4.000          3.496                         0.504
     75       C      3       4.000          3.861                         0.139
     76       C      3       4.000          4.435                        -0.435
     77       C      3       4.000          4.387                        -0.387
     78       C      3       4.000          4.427                        -0.427
     79       C      3       4.000          4.492                        -0.492
     80       C      3       4.000          4.403                        -0.403
     81       C      3       4.000          4.374                        -0.374
     82       C      3       4.000          4.349                        -0.349
     83       C      3       4.000          3.839                         0.161
     84       C      3       4.000          4.449                        -0.449
     85       C      3       4.000          4.373                        -0.373
     86       C      3       4.000          4.412                        -0.412
     87       C      3       4.000          3.897                         0.103
     88       C      3       4.000          4.428                        -0.428
     89       C      3       4.000          4.430                        -0.430
     90       C      3       4.000          3.877                         0.123
     91       N      4       5.000          5.904                        -0.904
     92       N      4       5.000          5.847                        -0.847
     93       N      4       5.000          5.948                        -0.948
     94       N      4       5.000          5.849                        -0.849
     95       N      4       5.000          5.874                        -0.874
     96       N      4       5.000          5.890                        -0.890
     97       O      5       6.000          6.168                        -0.168
     98       O      5       6.000          6.103                        -0.103
     99       O      5       6.000          6.189                        -0.189
    100       O      5       6.000          6.135                        -0.135
    101       O      5       6.000          6.128                        -0.128
    102       O      5       6.000          6.119                        -0.119
    103       O      5       6.000          6.101                        -0.101
    104       O      5       6.000          6.102                        -0.102
    105       O      5       6.000          5.668                         0.332
    106       O      5       6.000          5.724                         0.276
    107       O      5       6.000          5.734                         0.266
    108       O      5       6.000          5.689                         0.311
    109       O      5       6.000          5.648                         0.352
    110       O      5       6.000          5.689                         0.311
    111       O      5       6.000          5.776                         0.224
    112       O      5       6.000          5.693                         0.307
    113       O      5       6.000          6.123                        -0.123
    114       O      5       6.000          6.145                        -0.145
    115       O      5       6.000          6.207                        -0.207
    116       O      5       6.000          6.109                        -0.109
    117       O      5       6.000          6.109                        -0.109
    118       O      5       6.000          6.180                        -0.180
    119       O      5       6.000          6.060                        -0.060
    120       O      5       6.000          6.106                        -0.106
    121       O      5       6.000          6.074                        -0.074
    122       O      5       6.000          6.100                        -0.100
    123       O      5       6.000          6.197                        -0.197
    124       O      5       6.000          6.164                        -0.164
    125       O      5       6.000          6.124                        -0.124
    126       O      5       6.000          6.196                        -0.196
    127       O      5       6.000          6.137                        -0.137
    128       O      5       6.000          6.060                        -0.060
    129       O      5       6.000          6.017                        -0.017
    130       O      5       6.000          6.026                        -0.026
    131       O      5       6.000          5.983                         0.017
    132       O      5       6.000          5.903                         0.097
    133       H      2       1.000          0.569                         0.431
    134       H      2       1.000          0.561                         0.439
    135       H      2       1.000          0.556                         0.444
    136       H      2       1.000          0.562                         0.438
    137       C      3       4.000          5.289                        -1.289
    138       C      3       4.000          4.819                        -0.819
    139       H      2       1.000          0.544                         0.456
    140       H      2       1.000          0.556                         0.444
    141       C      3       4.000          4.493                        -0.493
    142       C      3       4.000          4.739                        -0.739
    143       H      2       1.000          0.570                         0.430
    144       H      2       1.000          0.528                         0.472
    145       H      2       1.000          0.549                         0.451
    146       H      2       1.000          0.539                         0.461
    147       C      3       4.000          4.250                        -0.250
    148       N      4       5.000          5.126                        -0.126
    149       C      3       4.000          4.057                        -0.057
    150       C      3       4.000          4.233                        -0.233
    151       H      2       1.000          0.504                         0.496
    152       N      4       5.000          5.165                        -0.165
    153       C      3       4.000          4.717                        -0.717
    154       H      2       1.000          0.531                         0.469
    155       H      2       1.000          0.527                         0.473
    156       H      2       1.000          0.517                         0.483
    157       H      2       1.000          0.532                         0.468
    158       O      5       6.000          6.335                        -0.335
    159       N      4       5.000          5.244                        -0.244
    160       S      6       6.000          5.625                         0.375
    161       O      5       6.000          6.550                        -0.550
    162       F      7       7.000          7.392                        -0.392
    163       C      3       4.000          3.163                         0.837
    164       F      7       7.000          7.219                        -0.219
    165       F      7       7.000          7.213                        -0.213
    166       C      3       4.000          3.193                         0.807
    167       F      7       7.000          7.345                        -0.345
    168       F      7       7.000          6.999                         0.001
    169       F      7       7.000          7.162                        -0.162
    170       O      5       6.000          6.227                        -0.227
    171       S      6       6.000          5.563                         0.437
    172       O      5       6.000          6.571                        -0.571

  Total Charge                                                            0.075
 !-----------------------------------------------------------------------------!

 ENERGY| Total FORCE_EVAL ( QS ) energy [hartree]          -1718.854743639567005

 *******************************************************************************
 **                 BAND EVALUATION OF ENERGIES AND FORCES                    **
 *******************************************************************************
 **                                                                           **
 **                                                                           **
 ** Replica Env Nr. :    1              Replica Band Nr. :    2               **
 ** Band  Step  Nr. :    2                                                    **
 *******************************************************************************

 Number of electrons:                                                        716
 Number of occupied orbitals:                                                393
 Number of molecular orbitals:                                               458

 Number of orbital functions:                                               1948
 Number of independent orbital functions:                                   1948

 Parameters for the always stable predictor-corrector (ASPC) method:

  ASPC order: 3

  B(1) =   3.000000
  B(2) =  -3.428571
  B(3) =   1.928571
  B(4) =  -0.571429
  B(5) =   0.071429

 *** WARNING in fm/cp_fm_elpa.F:521 :: Setting real_kernel for ELPA failed ***


 Extrapolation method: ASPC


 SCF WAVEFUNCTION OPTIMIZATION

  Step     Update method      Time    Convergence         Total energy    Change
  ------------------------------------------------------------------------------

 *** WARNING in fm/cp_fm_elpa.F:521 :: Setting real_kernel for ELPA failed ***

     1 Broy./Diag. 0.15E+00    8.3     0.62545467     -1719.8514963409 -1.72E+03

 *** WARNING in fm/cp_fm_elpa.F:521 :: Setting real_kernel for ELPA failed ***

     2 Broy./Diag. 0.15E+00   12.1     0.06148505     -1721.3546109089 -1.50E+00

 *** WARNING in fm/cp_fm_elpa.F:521 :: Setting real_kernel for ELPA failed ***

     3 Broy./Diag. 0.15E+00   12.8     0.02359891     -1720.8208894296  5.34E-01

 *** WARNING in fm/cp_fm_elpa.F:521 :: Setting real_kernel for ELPA failed ***

     4 Broy./Diag. 0.15E+00   13.0     0.02993575     -1720.3387987530  4.82E-01

 *** WARNING in fm/cp_fm_elpa.F:521 :: Setting real_kernel for ELPA failed ***

     5 Broy./Diag. 0.15E+00   13.1     0.02108150     -1719.9539666780  3.85E-01

 *** WARNING in fm/cp_fm_elpa.F:521 :: Setting real_kernel for ELPA failed ***

     6 Broy./Diag. 0.15E+00   13.4     0.02075875     -1719.9231188545  3.08E-02

 *** WARNING in fm/cp_fm_elpa.F:521 :: Setting real_kernel for ELPA failed ***

     7 Broy./Diag. 0.15E+00   13.4     0.00667701     -1719.8593008865  6.38E-02

 *** WARNING in fm/cp_fm_elpa.F:521 :: Setting real_kernel for ELPA failed ***

     8 Broy./Diag. 0.15E+00   13.9     0.00092505     -1719.8898023607 -3.05E-02

 *** WARNING in fm/cp_fm_elpa.F:521 :: Setting real_kernel for ELPA failed ***

     9 Broy./Diag. 0.15E+00   13.8     0.00092986     -1719.9098837584 -2.01E-02

 *** WARNING in fm/cp_fm_elpa.F:521 :: Setting real_kernel for ELPA failed ***

    10 Broy./Diag. 0.15E+00   13.8     0.00051639     -1719.9250843493 -1.52E-02

 *** WARNING in fm/cp_fm_elpa.F:521 :: Setting real_kernel for ELPA failed ***

    11 Broy./Diag. 0.15E+00   14.2     0.00052893     -1719.9243427583  7.42E-04

 *** WARNING in fm/cp_fm_elpa.F:521 :: Setting real_kernel for ELPA failed ***

    12 Broy./Diag. 0.15E+00   14.1     0.00025887     -1719.9213674238  2.98E-03

 *** WARNING in fm/cp_fm_elpa.F:521 :: Setting real_kernel for ELPA failed ***

    13 Broy./Diag. 0.15E+00   13.9     0.00038432     -1719.9181231697  3.24E-03

 *** WARNING in fm/cp_fm_elpa.F:521 :: Setting real_kernel for ELPA failed ***

    14 Broy./Diag. 0.15E+00   13.7     0.00019027     -1719.9181606117 -3.74E-05

 *** WARNING in fm/cp_fm_elpa.F:521 :: Setting real_kernel for ELPA failed ***

    15 Broy./Diag. 0.15E+00   13.4     0.00016087     -1719.9193724838 -1.21E-03

 *** WARNING in fm/cp_fm_elpa.F:521 :: Setting real_kernel for ELPA failed ***

    16 Broy./Diag. 0.15E+00   13.3     0.00012300     -1719.9205147022 -1.14E-03

 *** WARNING in fm/cp_fm_elpa.F:521 :: Setting real_kernel for ELPA failed ***

    17 Broy./Diag. 0.15E+00   13.6     0.00007002     -1719.9199579979  5.57E-04

 *** WARNING in fm/cp_fm_elpa.F:521 :: Setting real_kernel for ELPA failed ***

    18 Broy./Diag. 0.15E+00   13.7     0.00003028     -1719.9193916122  5.66E-04

  *** SCF run converged in    18 steps ***


  Electronic density on regular grids:       -715.9999999250        0.0000000750
  Core density on regular grids:              715.9999999655       -0.0000000345
  Total charge density on r-space grids:        0.0000000405
  Total charge density g-space grids:           0.0000000405

  Overlap energy of the core charge distribution:               0.00107617950201
  Self energy of the core charge distribution:              -4016.67387185402686
  Core Hamiltonian energy:                                   1156.72494985998173
  Hartree energy:                                            1516.01027168537576
  Exchange-correlation energy:                               -375.71329569100862
  Dispersion energy:                                           -0.25953150386407
  Electronic entropic energy:                                  -0.00899146080085
  Fermi energy:                                                -0.00021654490632

  Total energy:                                             -1719.91939161219307

 !-----------------------------------------------------------------------------!
                     Mulliken Population Analysis

 #  Atom  Element  Kind  Atomic population                           Net charge
       1     Ti       1         11.070176                              0.929824
       2     Ti       1         10.994041                              1.005959
       3     Ti       1         10.996467                              1.003533
       4     Ti       1         11.014572                              0.985428
       5     Ti       1         11.008565                              0.991435
       6     Ti       1         11.117013                              0.882987
       7     Ti       1         11.000196                              0.999804
       8     Ti       1         10.999844                              1.000156
       9     H        2          0.933479                              0.066521
      10     H        2          0.925453                              0.074547
      11     H        2          0.925687                              0.074313
      12     H        2          0.930369                              0.069631
      13     H        2          0.934188                              0.065812
      14     H        2          0.940049                              0.059951
      15     H        2          0.934838                              0.065162
      16     H        2          0.933215                              0.066785
      17     H        2          0.931325                              0.068675
      18     H        2          0.927438                              0.072562
      19     H        2          0.931401                              0.068599
      20     H        2          0.938479                              0.061521
      21     H        2          0.819253                              0.180747
      22     H        2          0.853760                              0.146240
      23     H        2          0.889063                              0.110937
      24     H        2          0.831560                              0.168440
      25     H        2          0.926225                              0.073775
      26     H        2          0.935801                              0.064199
      27     H        2          0.933086                              0.066914
      28     H        2          0.925471                              0.074529
      29     H        2          0.928803                              0.071197
      30     H        2          0.923718                              0.076282
      31     H        2          0.887003                              0.112997
      32     H        2          0.888510                              0.111490
      33     H        2          0.871640                              0.128360
      34     H        2          0.721977                              0.278023
      35     H        2          0.891246                              0.108754
      36     H        2          0.903390                              0.096610
      37     H        2          0.883918                              0.116082
      38     H        2          0.891187                              0.108813
      39     H        2          0.886106                              0.113894
      40     H        2          0.882852                              0.117148
      41     H        2          0.884277                              0.115723
      42     H        2          0.884302                              0.115698
      43     C        3          3.770081                              0.229919
      44     C        3          3.772798                              0.227202
      45     C        3          3.773215                              0.226785
      46     C        3          3.774393                              0.225607
      47     C        3          4.071584                             -0.071584
      48     C        3          4.052845                             -0.052845
      49     C        3          4.058090                             -0.058090
      50     C        3          4.028885                             -0.028885
      51     C        3          3.971470                              0.028530
      52     C        3          4.051547                             -0.051547
      53     C        3          3.989101                              0.010899
      54     C        3          4.042579                             -0.042579
      55     C        3          4.050900                             -0.050900
      56     C        3          4.019413                             -0.019413
      57     C        3          4.020022                             -0.020022
      58     C        3          4.045252                             -0.045252
      59     C        3          4.053491                             -0.053491
      60     C        3          4.032884                             -0.032884
      61     C        3          4.061730                             -0.061730
      62     C        3          4.048053                             -0.048053
      63     C        3          4.030542                             -0.030542
      64     C        3          4.075313                             -0.075313
      65     C        3          4.122694                             -0.122694
      66     C        3          3.972818                              0.027182
      67     C        3          3.780811                              0.219189
      68     C        3          3.795423                              0.204577
      69     C        3          3.787929                              0.212071
      70     C        3          3.772394                              0.227606
      71     C        3          3.778707                              0.221293
      72     C        3          3.802137                              0.197863
      73     C        3          3.733531                              0.266469
      74     C        3          3.768002                              0.231998
      75     C        3          3.977370                              0.022630
      76     C        3          4.048243                             -0.048243
      77     C        3          4.014379                             -0.014379
      78     C        3          4.045100                             -0.045100
      79     C        3          4.078374                             -0.078374
      80     C        3          4.020263                             -0.020263
      81     C        3          4.013858                             -0.013858
      82     C        3          4.025790                             -0.025790
      83     C        3          3.939125                              0.060875
      84     C        3          4.051328                             -0.051328
      85     C        3          4.010558                             -0.010558
      86     C        3          4.045738                             -0.045738
      87     C        3          3.983343                              0.016657
      88     C        3          4.073313                             -0.073313
      89     C        3          4.067308                             -0.067308
      90     C        3          3.933436                              0.066564
      91     N        4          5.035509                             -0.035509
      92     N        4          5.226056                             -0.226056
      93     N        4          5.038271                             -0.038271
      94     N        4          4.996077                              0.003923
      95     N        4          5.010464                             -0.010464
      96     N        4          5.030549                             -0.030549
      97     O        5          6.327188                             -0.327188
      98     O        5          6.280053                             -0.280053
      99     O        5          6.343567                             -0.343567
     100     O        5          6.283764                             -0.283764
     101     O        5          6.297587                             -0.297587
     102     O        5          6.283726                             -0.283726
     103     O        5          6.292823                             -0.292823
     104     O        5          6.285111                             -0.285111
     105     O        5          6.437957                             -0.437957
     106     O        5          6.478292                             -0.478292
     107     O        5          6.470660                             -0.470660
     108     O        5          6.444001                             -0.444001
     109     O        5          6.413084                             -0.413084
     110     O        5          6.452940                             -0.452940
     111     O        5          6.484515                             -0.484515
     112     O        5          6.463967                             -0.463967
     113     O        5          6.333246                             -0.333246
     114     O        5          6.301997                             -0.301997
     115     O        5          6.338718                             -0.338718
     116     O        5          6.304456                             -0.304456
     117     O        5          6.314749                             -0.314749
     118     O        5          6.347155                             -0.347155
     119     O        5          6.158231                             -0.158231
     120     O        5          6.274706                             -0.274706
     121     O        5          6.329196                             -0.329196
     122     O        5          6.309017                             -0.309017
     123     O        5          6.341407                             -0.341407
     124     O        5          6.313276                             -0.313276
     125     O        5          6.354635                             -0.354635
     126     O        5          6.382099                             -0.382099
     127     O        5          6.290873                             -0.290873
     128     O        5          6.225499                             -0.225499
     129     O        5          6.494778                             -0.494778
     130     O        5          6.457179                             -0.457179
     131     O        5          6.455406                             -0.455406
     132     O        5          6.437013                             -0.437013
     133     H        2          0.937916                              0.062084
     134     H        2          0.909973                              0.090027
     135     H        2          0.916491                              0.083509
     136     H        2          0.913461                              0.086539
     137     C        3          4.265637                             -0.265637
     138     C        3          4.175280                             -0.175280
     139     H        2          0.912818                              0.087182
     140     H        2          0.914729                              0.085271
     141     C        3          4.098626                             -0.098626
     142     C        3          4.121944                             -0.121944
     143     H        2          0.929211                              0.070789
     144     H        2          0.933939                              0.066061
     145     H        2          0.913337                              0.086663
     146     H        2          0.914481                              0.085519
     147     C        3          4.019081                             -0.019081
     148     N        4          4.838010                              0.161990
     149     C        3          3.911626                              0.088374
     150     C        3          4.008126                             -0.008126
     151     H        2          0.944274                              0.055726
     152     N        4          4.876174                              0.123826
     153     C        3          4.186586                             -0.186586
     154     H        2          0.913727                              0.086273
     155     H        2          0.913690                              0.086310
     156     H        2          0.931512                              0.068488
     157     H        2          0.963112                              0.036888
     158     O        5          5.700760                              0.299240
     159     N        4          4.643969                              0.356031
     160     S        6          6.668397                             -0.668397
     161     O        5          6.247654                             -0.247654
     162     F        7          7.254672                             -0.254672
     163     C        3          3.788900                              0.211100
     164     F        7          7.047262                             -0.047262
     165     F        7          6.984822                              0.015178
     166     C        3          3.682864                              0.317136
     167     F        7          7.229841                             -0.229841
     168     F        7          6.885677                              0.114323
     169     F        7          6.936116                              0.063884
     170     O        5          5.542579                              0.457421
     171     S        6          6.125046                             -0.125046
     172     O        5          6.491782                             -0.491782
 # Total charge                            716.000000                  0.000000

 !-----------------------------------------------------------------------------!

 !-----------------------------------------------------------------------------!
                           Hirshfeld Charges

  #Atom  Element  Kind  Ref Charge     Population                    Net charge
      1       Ti     1      12.000         13.524                        -1.524
      2       Ti     1      12.000         13.389                        -1.389
      3       Ti     1      12.000         13.433                        -1.433
      4       Ti     1      12.000         13.468                        -1.468
      5       Ti     1      12.000         13.389                        -1.389
      6       Ti     1      12.000         13.497                        -1.497
      7       Ti     1      12.000         13.414                        -1.414
      8       Ti     1      12.000         13.446                        -1.446
      9       H      2       1.000          0.546                         0.454
     10       H      2       1.000          0.522                         0.478
     11       H      2       1.000          0.524                         0.476
     12       H      2       1.000          0.546                         0.454
     13       H      2       1.000          0.535                         0.465
     14       H      2       1.000          0.545                         0.455
     15       H      2       1.000          0.559                         0.441
     16       H      2       1.000          0.542                         0.458
     17       H      2       1.000          0.539                         0.461
     18       H      2       1.000          0.544                         0.456
     19       H      2       1.000          0.544                         0.456
     20       H      2       1.000          0.551                         0.449
     21       H      2       1.000          0.411                         0.589
     22       H      2       1.000          0.422                         0.578
     23       H      2       1.000          0.430                         0.570
     24       H      2       1.000          0.420                         0.580
     25       H      2       1.000          0.549                         0.451
     26       H      2       1.000          0.554                         0.446
     27       H      2       1.000          0.539                         0.461
     28       H      2       1.000          0.538                         0.462
     29       H      2       1.000          0.535                         0.465
     30       H      2       1.000          0.532                         0.468
     31       H      2       1.000          0.481                         0.519
     32       H      2       1.000          0.461                         0.539
     33       H      2       1.000          0.458                         0.542
     34       H      2       1.000          0.480                         0.520
     35       H      2       1.000          0.484                         0.516
     36       H      2       1.000          0.470                         0.530
     37       H      2       1.000          0.480                         0.520
     38       H      2       1.000          0.466                         0.534
     39       H      2       1.000          0.475                         0.525
     40       H      2       1.000          0.458                         0.542
     41       H      2       1.000          0.479                         0.521
     42       H      2       1.000          0.458                         0.542
     43       C      3       4.000          3.467                         0.533
     44       C      3       4.000          3.450                         0.550
     45       C      3       4.000          3.473                         0.527
     46       C      3       4.000          3.464                         0.536
     47       C      3       4.000          4.017                        -0.017
     48       C      3       4.000          3.989                         0.011
     49       C      3       4.000          4.019                        -0.019
     50       C      3       4.000          3.988                         0.012
     51       C      3       4.000          3.879                         0.121
     52       C      3       4.000          4.450                        -0.450
     53       C      3       4.000          3.872                         0.128
     54       C      3       4.000          4.415                        -0.415
     55       C      3       4.000          4.434                        -0.434
     56       C      3       4.000          4.388                        -0.388
     57       C      3       4.000          4.402                        -0.402
     58       C      3       4.000          4.455                        -0.455
     59       C      3       4.000          4.023                        -0.023
     60       C      3       4.000          4.003                        -0.003
     61       C      3       4.000          4.012                        -0.012
     62       C      3       4.000          3.984                         0.016
     63       C      3       4.000          3.974                         0.026
     64       C      3       4.000          4.022                        -0.022
     65       C      3       4.000          4.054                        -0.054
     66       C      3       4.000          3.956                         0.044
     67       C      3       4.000          3.481                         0.519
     68       C      3       4.000          3.495                         0.505
     69       C      3       4.000          3.487                         0.513
     70       C      3       4.000          3.456                         0.544
     71       C      3       4.000          3.465                         0.535
     72       C      3       4.000          3.457                         0.543
     73       C      3       4.000          3.458                         0.542
     74       C      3       4.000          3.496                         0.504
     75       C      3       4.000          3.860                         0.140
     76       C      3       4.000          4.434                        -0.434
     77       C      3       4.000          4.385                        -0.385
     78       C      3       4.000          4.427                        -0.427
     79       C      3       4.000          4.489                        -0.489
     80       C      3       4.000          4.400                        -0.400
     81       C      3       4.000          4.373                        -0.373
     82       C      3       4.000          4.352                        -0.352
     83       C      3       4.000          3.837                         0.163
     84       C      3       4.000          4.449                        -0.449
     85       C      3       4.000          4.373                        -0.373
     86       C      3       4.000          4.410                        -0.410
     87       C      3       4.000          3.894                         0.106
     88       C      3       4.000          4.426                        -0.426
     89       C      3       4.000          4.429                        -0.429
     90       C      3       4.000          3.876                         0.124
     91       N      4       5.000          5.903                        -0.903
     92       N      4       5.000          5.846                        -0.846
     93       N      4       5.000          5.944                        -0.944
     94       N      4       5.000          5.846                        -0.846
     95       N      4       5.000          5.874                        -0.874
     96       N      4       5.000          5.889                        -0.889
     97       O      5       6.000          6.167                        -0.167
     98       O      5       6.000          6.102                        -0.102
     99       O      5       6.000          6.187                        -0.187
    100       O      5       6.000          6.135                        -0.135
    101       O      5       6.000          6.128                        -0.128
    102       O      5       6.000          6.119                        -0.119
    103       O      5       6.000          6.101                        -0.101
    104       O      5       6.000          6.101                        -0.101
    105       O      5       6.000          5.667                         0.333
    106       O      5       6.000          5.722                         0.278
    107       O      5       6.000          5.733                         0.267
    108       O      5       6.000          5.689                         0.311
    109       O      5       6.000          5.648                         0.352
    110       O      5       6.000          5.688                         0.312
    111       O      5       6.000          5.774                         0.226
    112       O      5       6.000          5.693                         0.307
    113       O      5       6.000          6.123                        -0.123
    114       O      5       6.000          6.145                        -0.145
    115       O      5       6.000          6.206                        -0.206
    116       O      5       6.000          6.109                        -0.109
    117       O      5       6.000          6.107                        -0.107
    118       O      5       6.000          6.178                        -0.178
    119       O      5       6.000          6.085                        -0.085
    120       O      5       6.000          6.106                        -0.106
    121       O      5       6.000          6.073                        -0.073
    122       O      5       6.000          6.099                        -0.099
    123       O      5       6.000          6.196                        -0.196
    124       O      5       6.000          6.164                        -0.164
    125       O      5       6.000          6.112                        -0.112
    126       O      5       6.000          6.196                        -0.196
    127       O      5       6.000          6.137                        -0.137
    128       O      5       6.000          6.061                        -0.061
    129       O      5       6.000          6.016                        -0.016
    130       O      5       6.000          6.025                        -0.025
    131       O      5       6.000          5.982                         0.018
    132       O      5       6.000          5.903                         0.097
    133       H      2       1.000          0.569                         0.431
    134       H      2       1.000          0.562                         0.438
    135       H      2       1.000          0.555                         0.445
    136       H      2       1.000          0.561                         0.439
    137       C      3       4.000          5.288                        -1.288
    138       C      3       4.000          4.819                        -0.819
    139       H      2       1.000          0.544                         0.456
    140       H      2       1.000          0.556                         0.444
    141       C      3       4.000          4.493                        -0.493
    142       C      3       4.000          4.738                        -0.738
    143       H      2       1.000          0.570                         0.430
    144       H      2       1.000          0.528                         0.472
    145       H      2       1.000          0.549                         0.451
    146       H      2       1.000          0.540                         0.460
    147       C      3       4.000          4.249                        -0.249
    148       N      4       5.000          5.126                        -0.126
    149       C      3       4.000          4.057                        -0.057
    150       C      3       4.000          4.226                        -0.226
    151       H      2       1.000          0.505                         0.495
    152       N      4       5.000          5.164                        -0.164
    153       C      3       4.000          4.720                        -0.720
    154       H      2       1.000          0.531                         0.469
    155       H      2       1.000          0.528                         0.472
    156       H      2       1.000          0.518                         0.482
    157       H      2       1.000          0.531                         0.469
    158       O      5       6.000          6.347                        -0.347
    159       N      4       5.000          5.241                        -0.241
    160       S      6       6.000          5.618                         0.382
    161       O      5       6.000          6.540                        -0.540
    162       F      7       7.000          7.397                        -0.397
    163       C      3       4.000          3.166                         0.834
    164       F      7       7.000          7.225                        -0.225
    165       F      7       7.000          7.224                        -0.224
    166       C      3       4.000          3.174                         0.826
    167       F      7       7.000          7.337                        -0.337
    168       F      7       7.000          7.066                        -0.066
    169       F      7       7.000          7.163                        -0.163
    170       O      5       6.000          6.291                        -0.291
    171       S      6       6.000          5.550                         0.450
    172       O      5       6.000          6.546                        -0.546

  Total Charge                                                            0.074
 !-----------------------------------------------------------------------------!

 ENERGY| Total FORCE_EVAL ( QS ) energy [hartree]          -1719.918692003479919

 *******************************************************************************
 **                 BAND EVALUATION OF ENERGIES AND FORCES                    **
 *******************************************************************************
 **                                                                           **
 **                                                                           **
 ** Replica Env Nr. :    1              Replica Band Nr. :    2               **
 ** Band  Step  Nr. :    2                                                    **
 *******************************************************************************

 Number of electrons:                                                        716
 Number of occupied orbitals:                                                392
 Number of molecular orbitals:                                               458

 Number of orbital functions:                                               1948
 Number of independent orbital functions:                                   1948

 Parameters for the always stable predictor-corrector (ASPC) method:

  ASPC order: 3

  B(1) =   3.000000
  B(2) =  -3.428571
  B(3) =   1.928571
  B(4) =  -0.571429
  B(5) =   0.071429

 *** WARNING in fm/cp_fm_elpa.F:521 :: Setting real_kernel for ELPA failed ***


 Extrapolation method: ASPC


 SCF WAVEFUNCTION OPTIMIZATION

  Step     Update method      Time    Convergence         Total energy    Change
  ------------------------------------------------------------------------------

 *** WARNING in fm/cp_fm_elpa.F:521 :: Setting real_kernel for ELPA failed ***

     1 Broy./Diag. 0.15E+00    8.3     0.98739518     -1719.8131964476 -1.72E+03

 *** WARNING in fm/cp_fm_elpa.F:521 :: Setting real_kernel for ELPA failed ***

     2 Broy./Diag. 0.15E+00   12.3     0.35293764     -1720.8014392437 -9.88E-01

 *** WARNING in fm/cp_fm_elpa.F:521 :: Setting real_kernel for ELPA failed ***

     3 Broy./Diag. 0.15E+00   13.2     0.03303342     -1721.5039524309 -7.03E-01

 *** WARNING in fm/cp_fm_elpa.F:521 :: Setting real_kernel for ELPA failed ***

     4 Broy./Diag. 0.15E+00   13.3     0.23867596     -1720.9123474537  5.92E-01

 *** WARNING in fm/cp_fm_elpa.F:521 :: Setting real_kernel for ELPA failed ***

     5 Broy./Diag. 0.15E+00   13.6     0.22819526     -1719.7438363280  1.17E+00

 *** WARNING in fm/cp_fm_elpa.F:521 :: Setting real_kernel for ELPA failed ***

     6 Broy./Diag. 0.15E+00   13.8     0.02429461     -1720.2705045049 -5.27E-01

 *** WARNING in fm/cp_fm_elpa.F:521 :: Setting real_kernel for ELPA failed ***

     7 Broy./Diag. 0.15E+00   14.3     0.04157489     -1720.0301215876  2.40E-01

 *** WARNING in fm/cp_fm_elpa.F:521 :: Setting real_kernel for ELPA failed ***

     8 Broy./Diag. 0.15E+00   14.1     0.01596006     -1719.8253727322  2.05E-01

 *** WARNING in fm/cp_fm_elpa.F:521 :: Setting real_kernel for ELPA failed ***

     9 Broy./Diag. 0.15E+00   13.2     0.00268222     -1719.8775583791 -5.22E-02

 *** WARNING in fm/cp_fm_elpa.F:521 :: Setting real_kernel for ELPA failed ***

    10 Broy./Diag. 0.15E+00   13.8     0.00094449     -1719.8933461273 -1.58E-02

 *** WARNING in fm/cp_fm_elpa.F:521 :: Setting real_kernel for ELPA failed ***

    11 Broy./Diag. 0.15E+00   13.2     0.00039715     -1719.9172123467 -2.39E-02

 *** WARNING in fm/cp_fm_elpa.F:521 :: Setting real_kernel for ELPA failed ***

    12 Broy./Diag. 0.15E+00   13.1     0.00029891     -1719.9241260066 -6.91E-03

 *** WARNING in fm/cp_fm_elpa.F:521 :: Setting real_kernel for ELPA failed ***

    13 Broy./Diag. 0.15E+00   13.1     0.00015583     -1719.9212409832  2.89E-03

 *** WARNING in fm/cp_fm_elpa.F:521 :: Setting real_kernel for ELPA failed ***

    14 Broy./Diag. 0.15E+00   13.3     0.00032312     -1719.9186069952  2.63E-03

 *** WARNING in fm/cp_fm_elpa.F:521 :: Setting real_kernel for ELPA failed ***

    15 Broy./Diag. 0.15E+00   13.3     0.00019213     -1719.9182692631  3.38E-04

 *** WARNING in fm/cp_fm_elpa.F:521 :: Setting real_kernel for ELPA failed ***

    16 Broy./Diag. 0.15E+00   13.4     0.00010946     -1719.9189551701 -6.86E-04

 *** WARNING in fm/cp_fm_elpa.F:521 :: Setting real_kernel for ELPA failed ***

    17 Broy./Diag. 0.15E+00   13.3     0.00006686     -1719.9201871302 -1.23E-03

 *** WARNING in fm/cp_fm_elpa.F:521 :: Setting real_kernel for ELPA failed ***

    18 Broy./Diag. 0.15E+00   13.5     0.00003486     -1719.9206057838 -4.19E-04

  *** SCF run converged in    18 steps ***


  Electronic density on regular grids:       -715.9999999250        0.0000000750
  Core density on regular grids:              715.9999999655       -0.0000000345
  Total charge density on r-space grids:        0.0000000405
  Total charge density g-space grids:           0.0000000405

  Overlap energy of the core charge distribution:               0.00107617950201
  Self energy of the core charge distribution:              -4016.67387185402686
  Core Hamiltonian energy:                                   1156.72460261252786
  Hartree energy:                                            1516.00948303441510
  Exchange-correlation energy:                               -375.71338447457964
  Dispersion energy:                                           -0.25953150386407
  Electronic entropic energy:                                  -0.00897976709615
  Fermi energy:                                                -0.00021396275787

  Total energy:                                             -1719.92060578378482

 !-----------------------------------------------------------------------------!
                     Mulliken Population Analysis

 #  Atom  Element  Kind  Atomic population                           Net charge
       1     Ti       1         11.070156                              0.929844
       2     Ti       1         10.994021                              1.005979
       3     Ti       1         10.996433                              1.003567
       4     Ti       1         11.014529                              0.985471
       5     Ti       1         11.008519                              0.991481
       6     Ti       1         11.116973                              0.883027
       7     Ti       1         11.000162                              0.999838
       8     Ti       1         10.999786                              1.000214
       9     H        2          0.933476                              0.066524
      10     H        2          0.925460                              0.074540
      11     H        2          0.925685                              0.074315
      12     H        2          0.930368                              0.069632
      13     H        2          0.934181                              0.065819
      14     H        2          0.940047                              0.059953
      15     H        2          0.934854                              0.065146
      16     H        2          0.933216                              0.066784
      17     H        2          0.931338                              0.068662
      18     H        2          0.927432                              0.072568
      19     H        2          0.931394                              0.068606
      20     H        2          0.938472                              0.061528
      21     H        2          0.819234                              0.180766
      22     H        2          0.853759                              0.146241
      23     H        2          0.889057                              0.110943
      24     H        2          0.831541                              0.168459
      25     H        2          0.926227                              0.073773
      26     H        2          0.935798                              0.064202
      27     H        2          0.933079                              0.066921
      28     H        2          0.925464                              0.074536
      29     H        2          0.928789                              0.071211
      30     H        2          0.923726                              0.076274
      31     H        2          0.887005                              0.112995
      32     H        2          0.888504                              0.111496
      33     H        2          0.871635                              0.128365
      34     H        2          0.721977                              0.278023
      35     H        2          0.891247                              0.108753
      36     H        2          0.903395                              0.096605
      37     H        2          0.883941                              0.116059
      38     H        2          0.891191                              0.108809
      39     H        2          0.886103                              0.113897
      40     H        2          0.882846                              0.117154
      41     H        2          0.884281                              0.115719
      42     H        2          0.884299                              0.115701
      43     C        3          3.770096                              0.229904
      44     C        3          3.772784                              0.227216
      45     C        3          3.773224                              0.226776
      46     C        3          3.774393                              0.225607
      47     C        3          4.071589                             -0.071589
      48     C        3          4.052842                             -0.052842
      49     C        3          4.058094                             -0.058094
      50     C        3          4.028893                             -0.028893
      51     C        3          3.971473                              0.028527
      52     C        3          4.051538                             -0.051538
      53     C        3          3.989106                              0.010894
      54     C        3          4.042615                             -0.042615
      55     C        3          4.050910                             -0.050910
      56     C        3          4.019420                             -0.019420
      57     C        3          4.020027                             -0.020027
      58     C        3          4.045251                             -0.045251
      59     C        3          4.053467                             -0.053467
      60     C        3          4.032861                             -0.032861
      61     C        3          4.061732                             -0.061732
      62     C        3          4.048047                             -0.048047
      63     C        3          4.030523                             -0.030523
      64     C        3          4.075299                             -0.075299
      65     C        3          4.122673                             -0.122673
      66     C        3          3.972821                              0.027179
      67     C        3          3.780788                              0.219212
      68     C        3          3.795399                              0.204601
      69     C        3          3.787922                              0.212078
      70     C        3          3.772378                              0.227622
      71     C        3          3.778698                              0.221302
      72     C        3          3.802112                              0.197888
      73     C        3          3.733475                              0.266525
      74     C        3          3.768008                              0.231992
      75     C        3          3.977343                              0.022657
      76     C        3          4.048229                             -0.048229
      77     C        3          4.014378                             -0.014378
      78     C        3          4.045119                             -0.045119
      79     C        3          4.078341                             -0.078341
      80     C        3          4.020265                             -0.020265
      81     C        3          4.013896                             -0.013896
      82     C        3          4.025774                             -0.025774
      83     C        3          3.939132                              0.060868
      84     C        3          4.051324                             -0.051324
      85     C        3          4.010536                             -0.010536
      86     C        3          4.045715                             -0.045715
      87     C        3          3.983391                              0.016609
      88     C        3          4.073309                             -0.073309
      89     C        3          4.067342                             -0.067342
      90     C        3          3.933412                              0.066588
      91     N        4          5.035531                             -0.035531
      92     N        4          5.226061                             -0.226061
      93     N        4          5.038263                             -0.038263
      94     N        4          4.996099                              0.003901
      95     N        4          5.010467                             -0.010467
      96     N        4          5.030564                             -0.030564
      97     O        5          6.327182                             -0.327182
      98     O        5          6.280028                             -0.280028
      99     O        5          6.343572                             -0.343572
     100     O        5          6.283768                             -0.283768
     101     O        5          6.297576                             -0.297576
     102     O        5          6.283720                             -0.283720
     103     O        5          6.292815                             -0.292815
     104     O        5          6.285099                             -0.285099
     105     O        5          6.437898                             -0.437898
     106     O        5          6.478253                             -0.478253
     107     O        5          6.470665                             -0.470665
     108     O        5          6.443954                             -0.443954
     109     O        5          6.413084                             -0.413084
     110     O        5          6.452911                             -0.452911
     111     O        5          6.484515                             -0.484515
     112     O        5          6.463910                             -0.463910
     113     O        5          6.333229                             -0.333229
     114     O        5          6.301963                             -0.301963
     115     O        5          6.338714                             -0.338714
     116     O        5          6.304437                             -0.304437
     117     O        5          6.314750                             -0.314750
     118     O        5          6.347147                             -0.347147
     119     O        5          6.158301                             -0.158301
     120     O        5          6.274712                             -0.274712
     121     O        5          6.329190                             -0.329190
     122     O        5          6.309014                             -0.309014
     123     O        5          6.341395                             -0.341395
     124     O        5          6.313261                             -0.313261
     125     O        5          6.354635                             -0.354635
     126     O        5          6.382089                             -0.382089
     127     O        5          6.290852                             -0.290852
     128     O        5          6.225491                             -0.225491
     129     O        5          6.494774                             -0.494774
     130     O        5          6.457159                             -0.457159
     131     O        5          6.455384                             -0.455384
     132     O        5          6.437002                             -0.437002
     133     H        2          0.937906                              0.062094
     134     H        2          0.909963                              0.090037
     135     H        2          0.916509                              0.083491
     136     H        2          0.913474                              0.086526
     137     C        3          4.265626                             -0.265626
     138     C        3          4.175276                             -0.175276
     139     H        2          0.912809                              0.087191
     140     H        2          0.914732                              0.085268
     141     C        3          4.098612                             -0.098612
     142     C        3          4.121968                             -0.121968
     143     H        2          0.929215                              0.070785
     144     H        2          0.933925                              0.066075
     145     H        2          0.913337                              0.086663
     146     H        2          0.914498                              0.085502
     147     C        3          4.019078                             -0.019078
     148     N        4          4.838029                              0.161971
     149     C        3          3.911648                              0.088352
     150     C        3          4.008130                             -0.008130
     151     H        2          0.944274                              0.055726
     152     N        4          4.876166                              0.123834
     153     C        3          4.186593                             -0.186593
     154     H        2          0.913717                              0.086283
     155     H        2          0.913687                              0.086313
     156     H        2          0.931496                              0.068504
     157     H        2          0.963126                              0.036874
     158     O        5          5.700825                              0.299175
     159     N        4          4.643947                              0.356053
     160     S        6          6.668498                             -0.668498
     161     O        5          6.247703                             -0.247703
     162     F        7          7.254774                             -0.254774
     163     C        3          3.789033                              0.210967
     164     F        7          7.047354                             -0.047354
     165     F        7          6.984936                              0.015064
     166     C        3          3.682972                              0.317028
     167     F        7          7.229813                             -0.229813
     168     F        7          6.885706                              0.114294
     169     F        7          6.936124                              0.063876
     170     O        5          5.542618                              0.457382
     171     S        6          6.125137                             -0.125137
     172     O        5          6.491772                             -0.491772
 # Total charge                            716.000000                  0.000000

 !-----------------------------------------------------------------------------!

 !-----------------------------------------------------------------------------!
                           Hirshfeld Charges

  #Atom  Element  Kind  Ref Charge     Population                    Net charge
      1       Ti     1      12.000         13.524                        -1.524
      2       Ti     1      12.000         13.389                        -1.389
      3       Ti     1      12.000         13.433                        -1.433
      4       Ti     1      12.000         13.468                        -1.468
      5       Ti     1      12.000         13.389                        -1.389
      6       Ti     1      12.000         13.497                        -1.497
      7       Ti     1      12.000         13.414                        -1.414
      8       Ti     1      12.000         13.445                        -1.445
      9       H      2       1.000          0.546                         0.454
     10       H      2       1.000          0.522                         0.478
     11       H      2       1.000          0.524                         0.476
     12       H      2       1.000          0.546                         0.454
     13       H      2       1.000          0.535                         0.465
     14       H      2       1.000          0.545                         0.455
     15       H      2       1.000          0.559                         0.441
     16       H      2       1.000          0.542                         0.458
     17       H      2       1.000          0.539                         0.461
     18       H      2       1.000          0.544                         0.456
     19       H      2       1.000          0.544                         0.456
     20       H      2       1.000          0.551                         0.449
     21       H      2       1.000          0.411                         0.589
     22       H      2       1.000          0.422                         0.578
     23       H      2       1.000          0.430                         0.570
     24       H      2       1.000          0.420                         0.580
     25       H      2       1.000          0.549                         0.451
     26       H      2       1.000          0.554                         0.446
     27       H      2       1.000          0.539                         0.461
     28       H      2       1.000          0.538                         0.462
     29       H      2       1.000          0.535                         0.465
     30       H      2       1.000          0.532                         0.468
     31       H      2       1.000          0.481                         0.519
     32       H      2       1.000          0.461                         0.539
     33       H      2       1.000          0.458                         0.542
     34       H      2       1.000          0.480                         0.520
     35       H      2       1.000          0.484                         0.516
     36       H      2       1.000          0.470                         0.530
     37       H      2       1.000          0.480                         0.520
     38       H      2       1.000          0.466                         0.534
     39       H      2       1.000          0.475                         0.525
     40       H      2       1.000          0.458                         0.542
     41       H      2       1.000          0.479                         0.521
     42       H      2       1.000          0.458                         0.542
     43       C      3       4.000          3.467                         0.533
     44       C      3       4.000          3.450                         0.550
     45       C      3       4.000          3.473                         0.527
     46       C      3       4.000          3.464                         0.536
     47       C      3       4.000          4.017                        -0.017
     48       C      3       4.000          3.989                         0.011
     49       C      3       4.000          4.019                        -0.019
     50       C      3       4.000          3.988                         0.012
     51       C      3       4.000          3.879                         0.121
     52       C      3       4.000          4.450                        -0.450
     53       C      3       4.000          3.872                         0.128
     54       C      3       4.000          4.415                        -0.415
     55       C      3       4.000          4.434                        -0.434
     56       C      3       4.000          4.388                        -0.388
     57       C      3       4.000          4.402                        -0.402
     58       C      3       4.000          4.455                        -0.455
     59       C      3       4.000          4.023                        -0.023
     60       C      3       4.000          4.003                        -0.003
     61       C      3       4.000          4.012                        -0.012
     62       C      3       4.000          3.984                         0.016
     63       C      3       4.000          3.974                         0.026
     64       C      3       4.000          4.022                        -0.022
     65       C      3       4.000          4.054                        -0.054
     66       C      3       4.000          3.956                         0.044
     67       C      3       4.000          3.481                         0.519
     68       C      3       4.000          3.495                         0.505
     69       C      3       4.000          3.487                         0.513
     70       C      3       4.000          3.456                         0.544
     71       C      3       4.000          3.465                         0.535
     72       C      3       4.000          3.457                         0.543
     73       C      3       4.000          3.458                         0.542
     74       C      3       4.000          3.496                         0.504
     75       C      3       4.000          3.860                         0.140
     76       C      3       4.000          4.434                        -0.434
     77       C      3       4.000          4.385                        -0.385
     78       C      3       4.000          4.427                        -0.427
     79       C      3       4.000          4.489                        -0.489
     80       C      3       4.000          4.400                        -0.400
     81       C      3       4.000          4.373                        -0.373
     82       C      3       4.000          4.352                        -0.352
     83       C      3       4.000          3.837                         0.163
     84       C      3       4.000          4.449                        -0.449
     85       C      3       4.000          4.373                        -0.373
     86       C      3       4.000          4.410                        -0.410
     87       C      3       4.000          3.894                         0.106
     88       C      3       4.000          4.426                        -0.426
     89       C      3       4.000          4.429                        -0.429
     90       C      3       4.000          3.876                         0.124
     91       N      4       5.000          5.903                        -0.903
     92       N      4       5.000          5.846                        -0.846
     93       N      4       5.000          5.944                        -0.944
     94       N      4       5.000          5.847                        -0.847
     95       N      4       5.000          5.874                        -0.874
     96       N      4       5.000          5.889                        -0.889
     97       O      5       6.000          6.167                        -0.167
     98       O      5       6.000          6.102                        -0.102
     99       O      5       6.000          6.187                        -0.187
    100       O      5       6.000          6.135                        -0.135
    101       O      5       6.000          6.128                        -0.128
    102       O      5       6.000          6.119                        -0.119
    103       O      5       6.000          6.101                        -0.101
    104       O      5       6.000          6.101                        -0.101
    105       O      5       6.000          5.667                         0.333
    106       O      5       6.000          5.722                         0.278
    107       O      5       6.000          5.733                         0.267
    108       O      5       6.000          5.689                         0.311
    109       O      5       6.000          5.648                         0.352
    110       O      5       6.000          5.688                         0.312
    111       O      5       6.000          5.774                         0.226
    112       O      5       6.000          5.693                         0.307
    113       O      5       6.000          6.123                        -0.123
    114       O      5       6.000          6.145                        -0.145
    115       O      5       6.000          6.206                        -0.206
    116       O      5       6.000          6.109                        -0.109
    117       O      5       6.000          6.107                        -0.107
    118       O      5       6.000          6.178                        -0.178
    119       O      5       6.000          6.085                        -0.085
    120       O      5       6.000          6.106                        -0.106
    121       O      5       6.000          6.073                        -0.073
    122       O      5       6.000          6.099                        -0.099
    123       O      5       6.000          6.196                        -0.196
    124       O      5       6.000          6.164                        -0.164
    125       O      5       6.000          6.112                        -0.112
    126       O      5       6.000          6.196                        -0.196
    127       O      5       6.000          6.137                        -0.137
    128       O      5       6.000          6.061                        -0.061
    129       O      5       6.000          6.016                        -0.016
    130       O      5       6.000          6.025                        -0.025
    131       O      5       6.000          5.982                         0.018
    132       O      5       6.000          5.903                         0.097
    133       H      2       1.000          0.569                         0.431
    134       H      2       1.000          0.561                         0.439
    135       H      2       1.000          0.555                         0.445
    136       H      2       1.000          0.561                         0.439
    137       C      3       4.000          5.288                        -1.288
    138       C      3       4.000          4.819                        -0.819
    139       H      2       1.000          0.544                         0.456
    140       H      2       1.000          0.556                         0.444
    141       C      3       4.000          4.493                        -0.493
    142       C      3       4.000          4.738                        -0.738
    143       H      2       1.000          0.570                         0.430
    144       H      2       1.000          0.528                         0.472
    145       H      2       1.000          0.549                         0.451
    146       H      2       1.000          0.540                         0.460
    147       C      3       4.000          4.249                        -0.249
    148       N      4       5.000          5.126                        -0.126
    149       C      3       4.000          4.057                        -0.057
    150       C      3       4.000          4.226                        -0.226
    151       H      2       1.000          0.505                         0.495
    152       N      4       5.000          5.164                        -0.164
    153       C      3       4.000          4.720                        -0.720
    154       H      2       1.000          0.531                         0.469
    155       H      2       1.000          0.528                         0.472
    156       H      2       1.000          0.518                         0.482
    157       H      2       1.000          0.531                         0.469
    158       O      5       6.000          6.347                        -0.347
    159       N      4       5.000          5.241                        -0.241
    160       S      6       6.000          5.618                         0.382
    161       O      5       6.000          6.540                        -0.540
    162       F      7       7.000          7.397                        -0.397
    163       C      3       4.000          3.166                         0.834
    164       F      7       7.000          7.225                        -0.225
    165       F      7       7.000          7.224                        -0.224
    166       C      3       4.000          3.174                         0.826
    167       F      7       7.000          7.337                        -0.337
    168       F      7       7.000          7.066                        -0.066
    169       F      7       7.000          7.163                        -0.163
    170       O      5       6.000          6.291                        -0.291
    171       S      6       6.000          5.550                         0.450
    172       O      5       6.000          6.546                        -0.546

  Total Charge                                                            0.074
 !-----------------------------------------------------------------------------!

 ENERGY| Total FORCE_EVAL ( QS ) energy [hartree]          -1719.918692053952100

 *******************************************************************************
 **                 BAND EVALUATION OF ENERGIES AND FORCES                    **
 *******************************************************************************
 **                                                                           **
 **                                                                           **
 ** Replica Env Nr. :    1              Replica Band Nr. :    2               **
 ** Band  Step  Nr. :    3                                                    **
 *******************************************************************************

 Number of electrons:                                                        716
 Number of occupied orbitals:                                                392
 Number of molecular orbitals:                                               458

 Number of orbital functions:                                               1948
 Number of independent orbital functions:                                   1948

 Parameters for the always stable predictor-corrector (ASPC) method:

  ASPC order: 3

  B(1) =   3.000000
  B(2) =  -3.428571
  B(3) =   1.928571
  B(4) =  -0.571429
  B(5) =   0.071429

 *** WARNING in fm/cp_fm_elpa.F:521 :: Setting real_kernel for ELPA failed ***


 Extrapolation method: ASPC


 SCF WAVEFUNCTION OPTIMIZATION

  Step     Update method      Time    Convergence         Total energy    Change
  ------------------------------------------------------------------------------

 *** WARNING in fm/cp_fm_elpa.F:521 :: Setting real_kernel for ELPA failed ***

     1 Broy./Diag. 0.15E+00    8.8     0.48625126     -1720.7779356680 -1.72E+03

 *** WARNING in fm/cp_fm_elpa.F:521 :: Setting real_kernel for ELPA failed ***

     2 Broy./Diag. 0.15E+00   12.7     0.03073911     -1722.9448343571 -2.17E+00

 *** WARNING in fm/cp_fm_elpa.F:521 :: Setting real_kernel for ELPA failed ***

     3 Broy./Diag. 0.15E+00   12.7     0.09172374     -1721.9514033646  9.93E-01

 *** WARNING in fm/cp_fm_elpa.F:521 :: Setting real_kernel for ELPA failed ***

     4 Broy./Diag. 0.15E+00   12.9     0.03092320     -1721.1407204143  8.11E-01

 *** WARNING in fm/cp_fm_elpa.F:521 :: Setting real_kernel for ELPA failed ***

     5 Broy./Diag. 0.15E+00   12.7     0.01824169     -1721.0844906550  5.62E-02

 *** WARNING in fm/cp_fm_elpa.F:521 :: Setting real_kernel for ELPA failed ***

     6 Broy./Diag. 0.15E+00   13.0     0.01020785     -1720.9052416293  1.79E-01

 *** WARNING in fm/cp_fm_elpa.F:521 :: Setting real_kernel for ELPA failed ***

     7 Broy./Diag. 0.15E+00   13.1     0.00601313     -1720.8783078886  2.69E-02

 *** WARNING in fm/cp_fm_elpa.F:521 :: Setting real_kernel for ELPA failed ***

     8 Broy./Diag. 0.15E+00   13.1     0.00761888     -1720.8989480484 -2.06E-02

 *** WARNING in fm/cp_fm_elpa.F:521 :: Setting real_kernel for ELPA failed ***

     9 Broy./Diag. 0.15E+00   13.4     0.00532010     -1720.9043963584 -5.45E-03

 *** WARNING in fm/cp_fm_elpa.F:521 :: Setting real_kernel for ELPA failed ***

    10 Broy./Diag. 0.15E+00   13.5     0.00290285     -1720.9379267661 -3.35E-02

 *** WARNING in fm/cp_fm_elpa.F:521 :: Setting real_kernel for ELPA failed ***

    11 Broy./Diag. 0.15E+00   13.8     0.00058079     -1720.9523195665 -1.44E-02

 *** WARNING in fm/cp_fm_elpa.F:521 :: Setting real_kernel for ELPA failed ***

    12 Broy./Diag. 0.15E+00   13.8     0.00075892     -1720.9464147955  5.90E-03

 *** WARNING in fm/cp_fm_elpa.F:521 :: Setting real_kernel for ELPA failed ***

    13 Broy./Diag. 0.15E+00   13.7     0.00039874     -1720.9280183470  1.84E-02

 *** WARNING in fm/cp_fm_elpa.F:521 :: Setting real_kernel for ELPA failed ***

    14 Broy./Diag. 0.15E+00   13.5     0.00031068     -1720.9194154624  8.60E-03

 *** WARNING in fm/cp_fm_elpa.F:521 :: Setting real_kernel for ELPA failed ***

    15 Broy./Diag. 0.15E+00   13.5     0.00014037     -1720.9196326261 -2.17E-04

 *** WARNING in fm/cp_fm_elpa.F:521 :: Setting real_kernel for ELPA failed ***

    16 Broy./Diag. 0.15E+00   13.4     0.00012574     -1720.9236926090 -4.06E-03

 *** WARNING in fm/cp_fm_elpa.F:521 :: Setting real_kernel for ELPA failed ***

    17 Broy./Diag. 0.15E+00   13.7     0.00005274     -1720.9259243051 -2.23E-03

 *** WARNING in fm/cp_fm_elpa.F:521 :: Setting real_kernel for ELPA failed ***

    18 Broy./Diag. 0.15E+00   13.5     0.00005476     -1720.9243370551  1.59E-03

 *** WARNING in fm/cp_fm_elpa.F:521 :: Setting real_kernel for ELPA failed ***

    19 Broy./Diag. 0.15E+00   13.7     0.00003383     -1720.9218701435  2.47E-03

  *** SCF run converged in    19 steps ***


  Electronic density on regular grids:       -715.9999999253        0.0000000747
  Core density on regular grids:              715.9999999655       -0.0000000345
  Total charge density on r-space grids:        0.0000000402
  Total charge density g-space grids:           0.0000000402

  Overlap energy of the core charge distribution:               0.00018392921768
  Self energy of the core charge distribution:              -4016.67387185402686
  Core Hamiltonian energy:                                   1153.19684200649795
  Hartree energy:                                            1517.93932561981046
  Exchange-correlation energy:                               -375.11780374154642
  Dispersion energy:                                           -0.26004674916401
  Electronic entropic energy:                                  -0.00649559867146
  Fermi energy:                                                -0.00529520280543

  Total energy:                                             -1720.92187014350043

 !-----------------------------------------------------------------------------!
                     Mulliken Population Analysis

 #  Atom  Element  Kind  Atomic population                           Net charge
       1     Ti       1         11.061102                              0.938898
       2     Ti       1         10.990752                              1.009248
       3     Ti       1         10.993210                              1.006790
       4     Ti       1         11.009048                              0.990952
       5     Ti       1         11.004201                              0.995799
       6     Ti       1         11.091117                              0.908883
       7     Ti       1         10.997667                              1.002333
       8     Ti       1         10.995300                              1.004700
       9     H        2          0.933113                              0.066887
      10     H        2          0.921708                              0.078292
      11     H        2          0.921293                              0.078707
      12     H        2          0.928895                              0.071105
      13     H        2          0.932155                              0.067845
      14     H        2          0.948553                              0.051447
      15     H        2          0.936435                              0.063565
      16     H        2          0.933968                              0.066032
      17     H        2          0.931244                              0.068756
      18     H        2          0.927453                              0.072547
      19     H        2          0.931054                              0.068946
      20     H        2          0.939432                              0.060568
      21     H        2          0.819617                              0.180383
      22     H        2          0.852531                              0.147469
      23     H        2          0.887455                              0.112545
      24     H        2          0.831123                              0.168877
      25     H        2          0.926660                              0.073340
      26     H        2          0.936262                              0.063738
      27     H        2          0.931961                              0.068039
      28     H        2          0.923966                              0.076034
      29     H        2          0.926543                              0.073457
      30     H        2          0.921261                              0.078739
      31     H        2          0.886607                              0.113393
      32     H        2          0.888681                              0.111319
      33     H        2          0.869928                              0.130072
      34     H        2          0.722322                              0.277678
      35     H        2          0.891419                              0.108581
      36     H        2          0.901175                              0.098825
      37     H        2          0.882820                              0.117180
      38     H        2          0.891083                              0.108917
      39     H        2          0.885643                              0.114357
      40     H        2          0.882178                              0.117822
      41     H        2          0.883448                              0.116552
      42     H        2          0.882848                              0.117152
      43     C        3          3.769789                              0.230211
      44     C        3          3.772455                              0.227545
      45     C        3          3.773629                              0.226371
      46     C        3          3.774120                              0.225880
      47     C        3          4.071137                             -0.071137
      48     C        3          4.051766                             -0.051766
      49     C        3          4.057639                             -0.057639
      50     C        3          4.028756                             -0.028756
      51     C        3          3.971557                              0.028443
      52     C        3          4.052032                             -0.052032
      53     C        3          3.989214                              0.010786
      54     C        3          4.043293                             -0.043293
      55     C        3          4.049568                             -0.049568
      56     C        3          4.018344                             -0.018344
      57     C        3          4.021271                             -0.021271
      58     C        3          4.045457                             -0.045457
      59     C        3          4.052634                             -0.052634
      60     C        3          4.031429                             -0.031429
      61     C        3          4.057636                             -0.057636
      62     C        3          4.045995                             -0.045995
      63     C        3          4.028971                             -0.028971
      64     C        3          4.072105                             -0.072105
      65     C        3          4.102649                             -0.102649
      66     C        3          3.976686                              0.023314
      67     C        3          3.779639                              0.220361
      68     C        3          3.793271                              0.206729
      69     C        3          3.785243                              0.214757
      70     C        3          3.771303                              0.228697
      71     C        3          3.777727                              0.222273
      72     C        3          3.801636                              0.198364
      73     C        3          3.781746                              0.218254
      74     C        3          3.767830                              0.232170
      75     C        3          3.976371                              0.023629
      76     C        3          4.046754                             -0.046754
      77     C        3          4.015509                             -0.015509
      78     C        3          4.046149                             -0.046149
      79     C        3          4.075081                             -0.075081
      80     C        3          4.017075                             -0.017075
      81     C        3          4.007853                             -0.007853
      82     C        3          4.024288                             -0.024288
      83     C        3          3.936058                              0.063942
      84     C        3          4.049962                             -0.049962
      85     C        3          4.009786                             -0.009786
      86     C        3          4.043249                             -0.043249
      87     C        3          3.976576                              0.023424
      88     C        3          4.067962                             -0.067962
      89     C        3          4.064999                             -0.064999
      90     C        3          3.931419                              0.068581
      91     N        4          5.032981                             -0.032981
      92     N        4          5.223969                             -0.223969
      93     N        4          5.026829                             -0.026829
      94     N        4          4.988721                              0.011279
      95     N        4          5.011083                             -0.011083
      96     N        4          5.030375                             -0.030375
      97     O        5          6.326247                             -0.326247
      98     O        5          6.279574                             -0.279574
      99     O        5          6.337615                             -0.337615
     100     O        5          6.283597                             -0.283597
     101     O        5          6.296935                             -0.296935
     102     O        5          6.284341                             -0.284341
     103     O        5          6.293293                             -0.293293
     104     O        5          6.283787                             -0.283787
     105     O        5          6.435880                             -0.435880
     106     O        5          6.473248                             -0.473248
     107     O        5          6.467568                             -0.467568
     108     O        5          6.444126                             -0.444126
     109     O        5          6.414138                             -0.414138
     110     O        5          6.449295                             -0.449295
     111     O        5          6.478803                             -0.478803
     112     O        5          6.463237                             -0.463237
     113     O        5          6.332496                             -0.332496
     114     O        5          6.301060                             -0.301060
     115     O        5          6.337789                             -0.337789
     116     O        5          6.303455                             -0.303455
     117     O        5          6.313351                             -0.313351
     118     O        5          6.340612                             -0.340612
     119     O        5          6.193905                             -0.193905
     120     O        5          6.271902                             -0.271902
     121     O        5          6.328880                             -0.328880
     122     O        5          6.308780                             -0.308780
     123     O        5          6.340843                             -0.340843
     124     O        5          6.312540                             -0.312540
     125     O        5          6.325483                             -0.325483
     126     O        5          6.379449                             -0.379449
     127     O        5          6.290724                             -0.290724
     128     O        5          6.237004                             -0.237004
     129     O        5          6.493240                             -0.493240
     130     O        5          6.457234                             -0.457234
     131     O        5          6.456904                             -0.456904
     132     O        5          6.437850                             -0.437850
     133     H        2          0.938062                              0.061938
     134     H        2          0.910584                              0.089416
     135     H        2          0.915104                              0.084896
     136     H        2          0.911103                              0.088897
     137     C        3          4.265104                             -0.265104
     138     C        3          4.173830                             -0.173830
     139     H        2          0.913448                              0.086552
     140     H        2          0.914391                              0.085609
     141     C        3          4.099900                             -0.099900
     142     C        3          4.122108                             -0.122108
     143     H        2          0.929073                              0.070927
     144     H        2          0.934643                              0.065357
     145     H        2          0.912934                              0.087066
     146     H        2          0.915505                              0.084495
     147     C        3          4.016963                             -0.016963
     148     N        4          4.836094                              0.163906
     149     C        3          3.911656                              0.088344
     150     C        3          4.000908                             -0.000908
     151     H        2          0.946006                              0.053994
     152     N        4          4.867546                              0.132454
     153     C        3          4.186315                             -0.186315
     154     H        2          0.915545                              0.084455
     155     H        2          0.915549                              0.084451
     156     H        2          0.931657                              0.068343
     157     H        2          0.956883                              0.043117
     158     O        5          5.932724                              0.067276
     159     N        4          4.860231                              0.139769
     160     S        6          6.265007                             -0.265007
     161     O        5          6.181505                             -0.181505
     162     F        7          7.251080                             -0.251080
     163     C        3          3.802350                              0.197650
     164     F        7          7.061586                             -0.061586
     165     F        7          7.012131                             -0.012131
     166     C        3          3.779580                              0.220420
     167     F        7          7.177735                             -0.177735
     168     F        7          6.950296                              0.049704
     169     F        7          6.947988                              0.052012
     170     O        5          6.064166                             -0.064166
     171     S        6          5.712673                              0.287327
     172     O        5          6.412049                             -0.412049
 # Total charge                            716.000000                  0.000000

 !-----------------------------------------------------------------------------!

 !-----------------------------------------------------------------------------!
                           Hirshfeld Charges

  #Atom  Element  Kind  Ref Charge     Population                    Net charge
      1       Ti     1      12.000         13.520                        -1.520
      2       Ti     1      12.000         13.381                        -1.381
      3       Ti     1      12.000         13.430                        -1.430
      4       Ti     1      12.000         13.464                        -1.464
      5       Ti     1      12.000         13.385                        -1.385
      6       Ti     1      12.000         13.507                        -1.507
      7       Ti     1      12.000         13.410                        -1.410
      8       Ti     1      12.000         13.441                        -1.441
      9       H      2       1.000          0.546                         0.454
     10       H      2       1.000          0.521                         0.479
     11       H      2       1.000          0.524                         0.476
     12       H      2       1.000          0.546                         0.454
     13       H      2       1.000          0.535                         0.465
     14       H      2       1.000          0.545                         0.455
     15       H      2       1.000          0.559                         0.441
     16       H      2       1.000          0.542                         0.458
     17       H      2       1.000          0.540                         0.460
     18       H      2       1.000          0.544                         0.456
     19       H      2       1.000          0.544                         0.456
     20       H      2       1.000          0.551                         0.449
     21       H      2       1.000          0.411                         0.589
     22       H      2       1.000          0.421                         0.579
     23       H      2       1.000          0.429                         0.571
     24       H      2       1.000          0.419                         0.581
     25       H      2       1.000          0.549                         0.451
     26       H      2       1.000          0.554                         0.446
     27       H      2       1.000          0.538                         0.462
     28       H      2       1.000          0.538                         0.462
     29       H      2       1.000          0.534                         0.466
     30       H      2       1.000          0.531                         0.469
     31       H      2       1.000          0.480                         0.520
     32       H      2       1.000          0.461                         0.539
     33       H      2       1.000          0.457                         0.543
     34       H      2       1.000          0.478                         0.522
     35       H      2       1.000          0.484                         0.516
     36       H      2       1.000          0.468                         0.532
     37       H      2       1.000          0.480                         0.520
     38       H      2       1.000          0.466                         0.534
     39       H      2       1.000          0.475                         0.525
     40       H      2       1.000          0.458                         0.542
     41       H      2       1.000          0.478                         0.522
     42       H      2       1.000          0.457                         0.543
     43       C      3       4.000          3.466                         0.534
     44       C      3       4.000          3.449                         0.551
     45       C      3       4.000          3.473                         0.527
     46       C      3       4.000          3.464                         0.536
     47       C      3       4.000          4.018                        -0.018
     48       C      3       4.000          3.989                         0.011
     49       C      3       4.000          4.019                        -0.019
     50       C      3       4.000          3.989                         0.011
     51       C      3       4.000          3.879                         0.121
     52       C      3       4.000          4.447                        -0.447
     53       C      3       4.000          3.871                         0.129
     54       C      3       4.000          4.413                        -0.413
     55       C      3       4.000          4.433                        -0.433
     56       C      3       4.000          4.388                        -0.388
     57       C      3       4.000          4.401                        -0.401
     58       C      3       4.000          4.454                        -0.454
     59       C      3       4.000          4.023                        -0.023
     60       C      3       4.000          4.002                        -0.002
     61       C      3       4.000          4.009                        -0.009
     62       C      3       4.000          3.983                         0.017
     63       C      3       4.000          3.975                         0.025
     64       C      3       4.000          4.021                        -0.021
     65       C      3       4.000          4.045                        -0.045
     66       C      3       4.000          3.955                         0.045
     67       C      3       4.000          3.479                         0.521
     68       C      3       4.000          3.493                         0.507
     69       C      3       4.000          3.485                         0.515
     70       C      3       4.000          3.455                         0.545
     71       C      3       4.000          3.463                         0.537
     72       C      3       4.000          3.456                         0.544
     73       C      3       4.000          3.452                         0.548
     74       C      3       4.000          3.496                         0.504
     75       C      3       4.000          3.859                         0.141
     76       C      3       4.000          4.433                        -0.433
     77       C      3       4.000          4.381                        -0.381
     78       C      3       4.000          4.424                        -0.424
     79       C      3       4.000          4.483                        -0.483
     80       C      3       4.000          4.394                        -0.394
     81       C      3       4.000          4.369                        -0.369
     82       C      3       4.000          4.360                        -0.360
     83       C      3       4.000          3.832                         0.168
     84       C      3       4.000          4.448                        -0.448
     85       C      3       4.000          4.372                        -0.372
     86       C      3       4.000          4.408                        -0.408
     87       C      3       4.000          3.888                         0.112
     88       C      3       4.000          4.421                        -0.421
     89       C      3       4.000          4.427                        -0.427
     90       C      3       4.000          3.873                         0.127
     91       N      4       5.000          5.901                        -0.901
     92       N      4       5.000          5.846                        -0.846
     93       N      4       5.000          5.935                        -0.935
     94       N      4       5.000          5.839                        -0.839
     95       N      4       5.000          5.874                        -0.874
     96       N      4       5.000          5.888                        -0.888
     97       O      5       6.000          6.166                        -0.166
     98       O      5       6.000          6.102                        -0.102
     99       O      5       6.000          6.185                        -0.185
    100       O      5       6.000          6.134                        -0.134
    101       O      5       6.000          6.126                        -0.126
    102       O      5       6.000          6.119                        -0.119
    103       O      5       6.000          6.102                        -0.102
    104       O      5       6.000          6.098                        -0.098
    105       O      5       6.000          5.665                         0.335
    106       O      5       6.000          5.719                         0.281
    107       O      5       6.000          5.731                         0.269
    108       O      5       6.000          5.688                         0.312
    109       O      5       6.000          5.647                         0.353
    110       O      5       6.000          5.685                         0.315
    111       O      5       6.000          5.771                         0.229
    112       O      5       6.000          5.692                         0.308
    113       O      5       6.000          6.122                        -0.122
    114       O      5       6.000          6.144                        -0.144
    115       O      5       6.000          6.205                        -0.205
    116       O      5       6.000          6.107                        -0.107
    117       O      5       6.000          6.105                        -0.105
    118       O      5       6.000          6.173                        -0.173
    119       O      5       6.000          6.125                        -0.125
    120       O      5       6.000          6.106                        -0.106
    121       O      5       6.000          6.072                        -0.072
    122       O      5       6.000          6.098                        -0.098
    123       O      5       6.000          6.195                        -0.195
    124       O      5       6.000          6.163                        -0.163
    125       O      5       6.000          6.088                        -0.088
    126       O      5       6.000          6.197                        -0.197
    127       O      5       6.000          6.137                        -0.137
    128       O      5       6.000          6.063                        -0.063
    129       O      5       6.000          6.015                        -0.015
    130       O      5       6.000          6.024                        -0.024
    131       O      5       6.000          5.982                         0.018
    132       O      5       6.000          5.904                         0.096
    133       H      2       1.000          0.569                         0.431
    134       H      2       1.000          0.562                         0.438
    135       H      2       1.000          0.555                         0.445
    136       H      2       1.000          0.560                         0.440
    137       C      3       4.000          5.287                        -1.287
    138       C      3       4.000          4.818                        -0.818
    139       H      2       1.000          0.544                         0.456
    140       H      2       1.000          0.556                         0.444
    141       C      3       4.000          4.493                        -0.493
    142       C      3       4.000          4.736                        -0.736
    143       H      2       1.000          0.571                         0.429
    144       H      2       1.000          0.529                         0.471
    145       H      2       1.000          0.549                         0.451
    146       H      2       1.000          0.541                         0.459
    147       C      3       4.000          4.247                        -0.247
    148       N      4       5.000          5.127                        -0.127
    149       C      3       4.000          4.056                        -0.056
    150       C      3       4.000          4.215                        -0.215
    151       H      2       1.000          0.506                         0.494
    152       N      4       5.000          5.161                        -0.161
    153       C      3       4.000          4.724                        -0.724
    154       H      2       1.000          0.532                         0.468
    155       H      2       1.000          0.530                         0.470
    156       H      2       1.000          0.518                         0.482
    157       H      2       1.000          0.529                         0.471
    158       O      5       6.000          6.376                        -0.376
    159       N      4       5.000          5.246                        -0.246
    160       S      6       6.000          5.609                         0.391
    161       O      5       6.000          6.521                        -0.521
    162       F      7       7.000          7.404                        -0.404
    163       C      3       4.000          3.169                         0.831
    164       F      7       7.000          7.241                        -0.241
    165       F      7       7.000          7.249                        -0.249
    166       C      3       4.000          3.145                         0.855
    167       F      7       7.000          7.321                        -0.321
    168       F      7       7.000          7.158                        -0.158
    169       F      7       7.000          7.184                        -0.184
    170       O      5       6.000          6.381                        -0.381
    171       S      6       6.000          5.539                         0.461
    172       O      5       6.000          6.512                        -0.512

  Total Charge                                                            0.074
 !-----------------------------------------------------------------------------!

 ENERGY| Total FORCE_EVAL ( QS ) energy [hartree]          -1720.921699622049346

 *******************************************************************************
 **                 BAND EVALUATION OF ENERGIES AND FORCES                    **
 *******************************************************************************
 **                                                                           **
 **                                                                           **
 ** Replica Env Nr. :    1              Replica Band Nr. :    2               **
 ** Band  Step  Nr. :    3                                                    **
 *******************************************************************************

 Number of electrons:                                                        716
 Number of occupied orbitals:                                                391
 Number of molecular orbitals:                                               458

 Number of orbital functions:                                               1948
 Number of independent orbital functions:                                   1948

 Parameters for the always stable predictor-corrector (ASPC) method:

  ASPC order: 3

  B(1) =   3.000000
  B(2) =  -3.428571
  B(3) =   1.928571
  B(4) =  -0.571429
  B(5) =   0.071429

 *** WARNING in fm/cp_fm_elpa.F:521 :: Setting real_kernel for ELPA failed ***


 Extrapolation method: ASPC


 SCF WAVEFUNCTION OPTIMIZATION

  Step     Update method      Time    Convergence         Total energy    Change
  ------------------------------------------------------------------------------

 *** WARNING in fm/cp_fm_elpa.F:521 :: Setting real_kernel for ELPA failed ***

     1 Broy./Diag. 0.15E+00    8.2     0.80720088     -1720.7146699079 -1.72E+03

 *** WARNING in fm/cp_fm_elpa.F:521 :: Setting real_kernel for ELPA failed ***

     2 Broy./Diag. 0.15E+00   12.4     0.33299335     -1722.2741743156 -1.56E+00

 *** WARNING in fm/cp_fm_elpa.F:521 :: Setting real_kernel for ELPA failed ***

     3 Broy./Diag. 0.15E+00   12.9     0.02772420     -1723.0310544419 -7.57E-01

 *** WARNING in fm/cp_fm_elpa.F:521 :: Setting real_kernel for ELPA failed ***

     4 Broy./Diag. 0.15E+00   13.2     0.05625241     -1722.1675141044  8.64E-01

 *** WARNING in fm/cp_fm_elpa.F:521 :: Setting real_kernel for ELPA failed ***

     5 Broy./Diag. 0.15E+00   13.8     0.05526405     -1721.2412301917  9.26E-01

 *** WARNING in fm/cp_fm_elpa.F:521 :: Setting real_kernel for ELPA failed ***

     6 Broy./Diag. 0.15E+00   14.0     0.01678750     -1721.0835761859  1.58E-01

 *** WARNING in fm/cp_fm_elpa.F:521 :: Setting real_kernel for ELPA failed ***

     7 Broy./Diag. 0.15E+00   13.9     0.01318646     -1720.8721042654  2.11E-01

 *** WARNING in fm/cp_fm_elpa.F:521 :: Setting real_kernel for ELPA failed ***

     8 Broy./Diag. 0.15E+00   13.9     0.01230930     -1720.8057293124  6.64E-02

 *** WARNING in fm/cp_fm_elpa.F:521 :: Setting real_kernel for ELPA failed ***

     9 Broy./Diag. 0.15E+00   14.1     0.00488986     -1720.8853374812 -7.96E-02

 *** WARNING in fm/cp_fm_elpa.F:521 :: Setting real_kernel for ELPA failed ***

    10 Broy./Diag. 0.15E+00   14.2     0.00076219     -1720.9080794068 -2.27E-02

 *** WARNING in fm/cp_fm_elpa.F:521 :: Setting real_kernel for ELPA failed ***

    11 Broy./Diag. 0.15E+00   14.3     0.00091709     -1720.9323066937 -2.42E-02

 *** WARNING in fm/cp_fm_elpa.F:521 :: Setting real_kernel for ELPA failed ***

    12 Broy./Diag. 0.15E+00   14.2     0.00036446     -1720.9313857954  9.21E-04

 *** WARNING in fm/cp_fm_elpa.F:521 :: Setting real_kernel for ELPA failed ***

    13 Broy./Diag. 0.15E+00   14.2     0.00034721     -1720.9226691845  8.72E-03

 *** WARNING in fm/cp_fm_elpa.F:521 :: Setting real_kernel for ELPA failed ***

    14 Broy./Diag. 0.15E+00   13.5     0.00025345     -1720.9215419991  1.13E-03

 *** WARNING in fm/cp_fm_elpa.F:521 :: Setting real_kernel for ELPA failed ***

    15 Broy./Diag. 0.15E+00   13.7     0.00014014     -1720.9237175060 -2.18E-03

 *** WARNING in fm/cp_fm_elpa.F:521 :: Setting real_kernel for ELPA failed ***

    16 Broy./Diag. 0.15E+00   14.0     0.00011529     -1720.9256053926 -1.89E-03

 *** WARNING in fm/cp_fm_elpa.F:521 :: Setting real_kernel for ELPA failed ***

    17 Broy./Diag. 0.15E+00   13.8     0.00008681     -1720.9250274881  5.78E-04

 *** WARNING in fm/cp_fm_elpa.F:521 :: Setting real_kernel for ELPA failed ***

    18 Broy./Diag. 0.15E+00   14.0     0.00004449     -1720.9232758046  1.75E-03

  *** SCF run converged in    18 steps ***


  Electronic density on regular grids:       -715.9999999253        0.0000000747
  Core density on regular grids:              715.9999999655       -0.0000000345
  Total charge density on r-space grids:        0.0000000402
  Total charge density g-space grids:           0.0000000402

  Overlap energy of the core charge distribution:               0.00018392921768
  Self energy of the core charge distribution:              -4016.67387185402686
  Core Hamiltonian energy:                                   1153.19622180936335
  Hartree energy:                                            1517.93867906174228
  Exchange-correlation energy:                               -375.11796473172194
  Dispersion energy:                                           -0.26004674916401
  Electronic entropic energy:                                  -0.00648205082774
  Fermi energy:                                                -0.00529214781886

  Total energy:                                             -1720.92327580464189

 !-----------------------------------------------------------------------------!
                     Mulliken Population Analysis

 #  Atom  Element  Kind  Atomic population                           Net charge
       1     Ti       1         11.061107                              0.938893
       2     Ti       1         10.990780                              1.009220
       3     Ti       1         10.993215                              1.006785
       4     Ti       1         11.009067                              0.990933
       5     Ti       1         11.004202                              0.995798
       6     Ti       1         11.091130                              0.908870
       7     Ti       1         10.997642                              1.002358
       8     Ti       1         10.995268                              1.004732
       9     H        2          0.933104                              0.066896
      10     H        2          0.921717                              0.078283
      11     H        2          0.921293                              0.078707
      12     H        2          0.928894                              0.071106
      13     H        2          0.932141                              0.067859
      14     H        2          0.948553                              0.051447
      15     H        2          0.936457                              0.063543
      16     H        2          0.933970                              0.066030
      17     H        2          0.931261                              0.068739
      18     H        2          0.927439                              0.072561
      19     H        2          0.931044                              0.068956
      20     H        2          0.939424                              0.060576
      21     H        2          0.819598                              0.180402
      22     H        2          0.852533                              0.147467
      23     H        2          0.887459                              0.112541
      24     H        2          0.831099                              0.168901
      25     H        2          0.926661                              0.073339
      26     H        2          0.936259                              0.063741
      27     H        2          0.931953                              0.068047
      28     H        2          0.923960                              0.076040
      29     H        2          0.926528                              0.073472
      30     H        2          0.921271                              0.078729
      31     H        2          0.886606                              0.113394
      32     H        2          0.888674                              0.111326
      33     H        2          0.869926                              0.130074
      34     H        2          0.722316                              0.277684
      35     H        2          0.891419                              0.108581
      36     H        2          0.901181                              0.098819
      37     H        2          0.882850                              0.117150
      38     H        2          0.891088                              0.108912
      39     H        2          0.885645                              0.114355
      40     H        2          0.882169                              0.117831
      41     H        2          0.883463                              0.116537
      42     H        2          0.882842                              0.117158
      43     C        3          3.769784                              0.230216
      44     C        3          3.772438                              0.227562
      45     C        3          3.773614                              0.226386
      46     C        3          3.774108                              0.225892
      47     C        3          4.071131                             -0.071131
      48     C        3          4.051749                             -0.051749
      49     C        3          4.057640                             -0.057640
      50     C        3          4.028756                             -0.028756
      51     C        3          3.971543                              0.028457
      52     C        3          4.052019                             -0.052019
      53     C        3          3.989211                              0.010789
      54     C        3          4.043329                             -0.043329
      55     C        3          4.049576                             -0.049576
      56     C        3          4.018339                             -0.018339
      57     C        3          4.021270                             -0.021270
      58     C        3          4.045450                             -0.045450
      59     C        3          4.052605                             -0.052605
      60     C        3          4.031409                             -0.031409
      61     C        3          4.057648                             -0.057648
      62     C        3          4.046005                             -0.046005
      63     C        3          4.028942                             -0.028942
      64     C        3          4.072088                             -0.072088
      65     C        3          4.102636                             -0.102636
      66     C        3          3.976691                              0.023309
      67     C        3          3.779607                              0.220393
      68     C        3          3.793250                              0.206750
      69     C        3          3.785244                              0.214756
      70     C        3          3.771288                              0.228712
      71     C        3          3.777697                              0.222303
      72     C        3          3.801610                              0.198390
      73     C        3          3.781660                              0.218340
      74     C        3          3.767844                              0.232156
      75     C        3          3.976341                              0.023659
      76     C        3          4.046741                             -0.046741
      77     C        3          4.015522                             -0.015522
      78     C        3          4.046179                             -0.046179
      79     C        3          4.075071                             -0.075071
      80     C        3          4.017065                             -0.017065
      81     C        3          4.007894                             -0.007894
      82     C        3          4.024277                             -0.024277
      83     C        3          3.936069                              0.063931
      84     C        3          4.049969                             -0.049969
      85     C        3          4.009753                             -0.009753
      86     C        3          4.043226                             -0.043226
      87     C        3          3.976602                              0.023398
      88     C        3          4.067965                             -0.067965
      89     C        3          4.065040                             -0.065040
      90     C        3          3.931380                              0.068620
      91     N        4          5.033007                             -0.033007
      92     N        4          5.223963                             -0.223963
      93     N        4          5.026821                             -0.026821
      94     N        4          4.988739                              0.011261
      95     N        4          5.011090                             -0.011090
      96     N        4          5.030410                             -0.030410
      97     O        5          6.326235                             -0.326235
      98     O        5          6.279537                             -0.279537
      99     O        5          6.337615                             -0.337615
     100     O        5          6.283598                             -0.283598
     101     O        5          6.296918                             -0.296918
     102     O        5          6.284327                             -0.284327
     103     O        5          6.293278                             -0.293278
     104     O        5          6.283762                             -0.283762
     105     O        5          6.435796                             -0.435796
     106     O        5          6.473234                             -0.473234
     107     O        5          6.467581                             -0.467581
     108     O        5          6.444080                             -0.444080
     109     O        5          6.414099                             -0.414099
     110     O        5          6.449295                             -0.449295
     111     O        5          6.478804                             -0.478804
     112     O        5          6.463168                             -0.463168
     113     O        5          6.332467                             -0.332467
     114     O        5          6.301019                             -0.301019
     115     O        5          6.337788                             -0.337788
     116     O        5          6.303426                             -0.303426
     117     O        5          6.313348                             -0.313348
     118     O        5          6.340603                             -0.340603
     119     O        5          6.193931                             -0.193931
     120     O        5          6.271898                             -0.271898
     121     O        5          6.328873                             -0.328873
     122     O        5          6.308776                             -0.308776
     123     O        5          6.340829                             -0.340829
     124     O        5          6.312526                             -0.312526
     125     O        5          6.325533                             -0.325533
     126     O        5          6.379421                             -0.379421
     127     O        5          6.290696                             -0.290696
     128     O        5          6.236989                             -0.236989
     129     O        5          6.493231                             -0.493231
     130     O        5          6.457204                             -0.457204
     131     O        5          6.456872                             -0.456872
     132     O        5          6.437827                             -0.437827
     133     H        2          0.938046                              0.061954
     134     H        2          0.910571                              0.089429
     135     H        2          0.915133                              0.084867
     136     H        2          0.911124                              0.088876
     137     C        3          4.265090                             -0.265090
     138     C        3          4.173825                             -0.173825
     139     H        2          0.913438                              0.086562
     140     H        2          0.914401                              0.085599
     141     C        3          4.099886                             -0.099886
     142     C        3          4.122134                             -0.122134
     143     H        2          0.929077                              0.070923
     144     H        2          0.934636                              0.065364
     145     H        2          0.912935                              0.087065
     146     H        2          0.915529                              0.084471
     147     C        3          4.016981                             -0.016981
     148     N        4          4.836109                              0.163891
     149     C        3          3.911686                              0.088314
     150     C        3          4.000924                             -0.000924
     151     H        2          0.946013                              0.053987
     152     N        4          4.867547                              0.132453
     153     C        3          4.186322                             -0.186322
     154     H        2          0.915544                              0.084456
     155     H        2          0.915549                              0.084451
     156     H        2          0.931651                              0.068349
     157     H        2          0.956904                              0.043096
     158     O        5          5.932769                              0.067231
     159     N        4          4.860294                              0.139706
     160     S        6          6.264987                             -0.264987
     161     O        5          6.181554                             -0.181554
     162     F        7          7.251197                             -0.251197
     163     C        3          3.802354                              0.197646
     164     F        7          7.061682                             -0.061682
     165     F        7          7.012255                             -0.012255
     166     C        3          3.779610                              0.220390
     167     F        7          7.177728                             -0.177728
     168     F        7          6.950347                              0.049653
     169     F        7          6.948006                              0.051994
     170     O        5          6.064263                             -0.064263
     171     S        6          5.712693                              0.287307
     172     O        5          6.412111                             -0.412111
 # Total charge                            716.000000                  0.000000

 !-----------------------------------------------------------------------------!

 !-----------------------------------------------------------------------------!
                           Hirshfeld Charges

  #Atom  Element  Kind  Ref Charge     Population                    Net charge
      1       Ti     1      12.000         13.520                        -1.520
      2       Ti     1      12.000         13.381                        -1.381
      3       Ti     1      12.000         13.430                        -1.430
      4       Ti     1      12.000         13.464                        -1.464
      5       Ti     1      12.000         13.385                        -1.385
      6       Ti     1      12.000         13.507                        -1.507
      7       Ti     1      12.000         13.410                        -1.410
      8       Ti     1      12.000         13.441                        -1.441
      9       H      2       1.000          0.546                         0.454
     10       H      2       1.000          0.521                         0.479
     11       H      2       1.000          0.524                         0.476
     12       H      2       1.000          0.546                         0.454
     13       H      2       1.000          0.535                         0.465
     14       H      2       1.000          0.545                         0.455
     15       H      2       1.000          0.559                         0.441
     16       H      2       1.000          0.542                         0.458
     17       H      2       1.000          0.540                         0.460
     18       H      2       1.000          0.544                         0.456
     19       H      2       1.000          0.544                         0.456
     20       H      2       1.000          0.551                         0.449
     21       H      2       1.000          0.411                         0.589
     22       H      2       1.000          0.421                         0.579
     23       H      2       1.000          0.429                         0.571
     24       H      2       1.000          0.419                         0.581
     25       H      2       1.000          0.549                         0.451
     26       H      2       1.000          0.554                         0.446
     27       H      2       1.000          0.538                         0.462
     28       H      2       1.000          0.538                         0.462
     29       H      2       1.000          0.534                         0.466
     30       H      2       1.000          0.531                         0.469
     31       H      2       1.000          0.480                         0.520
     32       H      2       1.000          0.461                         0.539
     33       H      2       1.000          0.457                         0.543
     34       H      2       1.000          0.478                         0.522
     35       H      2       1.000          0.484                         0.516
     36       H      2       1.000          0.468                         0.532
     37       H      2       1.000          0.480                         0.520
     38       H      2       1.000          0.466                         0.534
     39       H      2       1.000          0.475                         0.525
     40       H      2       1.000          0.458                         0.542
     41       H      2       1.000          0.478                         0.522
     42       H      2       1.000          0.457                         0.543
     43       C      3       4.000          3.466                         0.534
     44       C      3       4.000          3.449                         0.551
     45       C      3       4.000          3.473                         0.527
     46       C      3       4.000          3.464                         0.536
     47       C      3       4.000          4.018                        -0.018
     48       C      3       4.000          3.989                         0.011
     49       C      3       4.000          4.019                        -0.019
     50       C      3       4.000          3.989                         0.011
     51       C      3       4.000          3.879                         0.121
     52       C      3       4.000          4.447                        -0.447
     53       C      3       4.000          3.871                         0.129
     54       C      3       4.000          4.413                        -0.413
     55       C      3       4.000          4.433                        -0.433
     56       C      3       4.000          4.388                        -0.388
     57       C      3       4.000          4.401                        -0.401
     58       C      3       4.000          4.454                        -0.454
     59       C      3       4.000          4.023                        -0.023
     60       C      3       4.000          4.002                        -0.002
     61       C      3       4.000          4.009                        -0.009
     62       C      3       4.000          3.983                         0.017
     63       C      3       4.000          3.975                         0.025
     64       C      3       4.000          4.021                        -0.021
     65       C      3       4.000          4.045                        -0.045
     66       C      3       4.000          3.955                         0.045
     67       C      3       4.000          3.479                         0.521
     68       C      3       4.000          3.493                         0.507
     69       C      3       4.000          3.485                         0.515
     70       C      3       4.000          3.455                         0.545
     71       C      3       4.000          3.463                         0.537
     72       C      3       4.000          3.456                         0.544
     73       C      3       4.000          3.452                         0.548
     74       C      3       4.000          3.496                         0.504
     75       C      3       4.000          3.859                         0.141
     76       C      3       4.000          4.433                        -0.433
     77       C      3       4.000          4.381                        -0.381
     78       C      3       4.000          4.424                        -0.424
     79       C      3       4.000          4.483                        -0.483
     80       C      3       4.000          4.394                        -0.394
     81       C      3       4.000          4.369                        -0.369
     82       C      3       4.000          4.360                        -0.360
     83       C      3       4.000          3.832                         0.168
     84       C      3       4.000          4.448                        -0.448
     85       C      3       4.000          4.372                        -0.372
     86       C      3       4.000          4.408                        -0.408
     87       C      3       4.000          3.888                         0.112
     88       C      3       4.000          4.421                        -0.421
     89       C      3       4.000          4.427                        -0.427
     90       C      3       4.000          3.873                         0.127
     91       N      4       5.000          5.901                        -0.901
     92       N      4       5.000          5.846                        -0.846
     93       N      4       5.000          5.935                        -0.935
     94       N      4       5.000          5.839                        -0.839
     95       N      4       5.000          5.874                        -0.874
     96       N      4       5.000          5.888                        -0.888
     97       O      5       6.000          6.166                        -0.166
     98       O      5       6.000          6.102                        -0.102
     99       O      5       6.000          6.185                        -0.185
    100       O      5       6.000          6.134                        -0.134
    101       O      5       6.000          6.126                        -0.126
    102       O      5       6.000          6.119                        -0.119
    103       O      5       6.000          6.102                        -0.102
    104       O      5       6.000          6.098                        -0.098
    105       O      5       6.000          5.665                         0.335
    106       O      5       6.000          5.719                         0.281
    107       O      5       6.000          5.731                         0.269
    108       O      5       6.000          5.688                         0.312
    109       O      5       6.000          5.647                         0.353
    110       O      5       6.000          5.685                         0.315
    111       O      5       6.000          5.771                         0.229
    112       O      5       6.000          5.692                         0.308
    113       O      5       6.000          6.122                        -0.122
    114       O      5       6.000          6.144                        -0.144
    115       O      5       6.000          6.205                        -0.205
    116       O      5       6.000          6.107                        -0.107
    117       O      5       6.000          6.105                        -0.105
    118       O      5       6.000          6.173                        -0.173
    119       O      5       6.000          6.125                        -0.125
    120       O      5       6.000          6.106                        -0.106
    121       O      5       6.000          6.072                        -0.072
    122       O      5       6.000          6.098                        -0.098
    123       O      5       6.000          6.195                        -0.195
    124       O      5       6.000          6.163                        -0.163
    125       O      5       6.000          6.088                        -0.088
    126       O      5       6.000          6.196                        -0.196
    127       O      5       6.000          6.136                        -0.136
    128       O      5       6.000          6.063                        -0.063
    129       O      5       6.000          6.015                        -0.015
    130       O      5       6.000          6.024                        -0.024
    131       O      5       6.000          5.982                         0.018
    132       O      5       6.000          5.904                         0.096
    133       H      2       1.000          0.569                         0.431
    134       H      2       1.000          0.562                         0.438
    135       H      2       1.000          0.555                         0.445
    136       H      2       1.000          0.560                         0.440
    137       C      3       4.000          5.287                        -1.287
    138       C      3       4.000          4.818                        -0.818
    139       H      2       1.000          0.544                         0.456
    140       H      2       1.000          0.556                         0.444
    141       C      3       4.000          4.493                        -0.493
    142       C      3       4.000          4.736                        -0.736
    143       H      2       1.000          0.571                         0.429
    144       H      2       1.000          0.529                         0.471
    145       H      2       1.000          0.549                         0.451
    146       H      2       1.000          0.541                         0.459
    147       C      3       4.000          4.247                        -0.247
    148       N      4       5.000          5.127                        -0.127
    149       C      3       4.000          4.056                        -0.056
    150       C      3       4.000          4.215                        -0.215
    151       H      2       1.000          0.506                         0.494
    152       N      4       5.000          5.161                        -0.161
    153       C      3       4.000          4.724                        -0.724
    154       H      2       1.000          0.532                         0.468
    155       H      2       1.000          0.530                         0.470
    156       H      2       1.000          0.518                         0.482
    157       H      2       1.000          0.529                         0.471
    158       O      5       6.000          6.376                        -0.376
    159       N      4       5.000          5.246                        -0.246
    160       S      6       6.000          5.609                         0.391
    161       O      5       6.000          6.521                        -0.521
    162       F      7       7.000          7.404                        -0.404
    163       C      3       4.000          3.170                         0.830
    164       F      7       7.000          7.241                        -0.241
    165       F      7       7.000          7.249                        -0.249
    166       C      3       4.000          3.145                         0.855
    167       F      7       7.000          7.321                        -0.321
    168       F      7       7.000          7.158                        -0.158
    169       F      7       7.000          7.184                        -0.184
    170       O      5       6.000          6.381                        -0.381
    171       S      6       6.000          5.539                         0.461
    172       O      5       6.000          6.512                        -0.512

  Total Charge                                                            0.074
 !-----------------------------------------------------------------------------!

 ENERGY| Total FORCE_EVAL ( QS ) energy [hartree]          -1720.921699667357871

 *******************************************************************************
 **                 BAND EVALUATION OF ENERGIES AND FORCES                    **
 *******************************************************************************
 **                                                                           **
 **                                                                           **
 ** Replica Env Nr. :    1              Replica Band Nr. :    2               **
 ** Band  Step  Nr. :    4                                                    **
 *******************************************************************************

 Number of electrons:                                                        716
 Number of occupied orbitals:                                                391
 Number of molecular orbitals:                                               458

 Number of orbital functions:                                               1948
 Number of independent orbital functions:                                   1948

 Parameters for the always stable predictor-corrector (ASPC) method:

  ASPC order: 3

  B(1) =   3.000000
  B(2) =  -3.428571
  B(3) =   1.928571
  B(4) =  -0.571429
  B(5) =   0.071429

 *** WARNING in fm/cp_fm_elpa.F:521 :: Setting real_kernel for ELPA failed ***


 Extrapolation method: ASPC


 SCF WAVEFUNCTION OPTIMIZATION

  Step     Update method      Time    Convergence         Total energy    Change
  ------------------------------------------------------------------------------

 *** WARNING in fm/cp_fm_elpa.F:521 :: Setting real_kernel for ELPA failed ***

     1 Broy./Diag. 0.15E+00    8.4     0.26525144     -1721.3833366558 -1.72E+03

 *** WARNING in fm/cp_fm_elpa.F:521 :: Setting real_kernel for ELPA failed ***

     2 Broy./Diag. 0.15E+00   12.3     0.01893304     -1723.0240852382 -1.64E+00

 *** WARNING in fm/cp_fm_elpa.F:521 :: Setting real_kernel for ELPA failed ***

     3 Broy./Diag. 0.15E+00   12.8     0.03256181     -1722.2528999491  7.71E-01

 *** WARNING in fm/cp_fm_elpa.F:521 :: Setting real_kernel for ELPA failed ***

     4 Broy./Diag. 0.15E+00   12.7     0.00421274     -1721.6012218675  6.52E-01

 *** WARNING in fm/cp_fm_elpa.F:521 :: Setting real_kernel for ELPA failed ***

     5 Broy./Diag. 0.15E+00   13.0     0.00424784     -1721.4280982504  1.73E-01

 *** WARNING in fm/cp_fm_elpa.F:521 :: Setting real_kernel for ELPA failed ***

     6 Broy./Diag. 0.15E+00   13.4     0.00205430     -1721.4113304523  1.68E-02

 *** WARNING in fm/cp_fm_elpa.F:521 :: Setting real_kernel for ELPA failed ***

     7 Broy./Diag. 0.15E+00   13.5     0.00126946     -1721.4544408415 -4.31E-02

 *** WARNING in fm/cp_fm_elpa.F:521 :: Setting real_kernel for ELPA failed ***

     8 Broy./Diag. 0.15E+00   13.4     0.00109215     -1721.4892035056 -3.48E-02

 *** WARNING in fm/cp_fm_elpa.F:521 :: Setting real_kernel for ELPA failed ***

     9 Broy./Diag. 0.15E+00   13.8     0.00078486     -1721.4973525301 -8.15E-03

 *** WARNING in fm/cp_fm_elpa.F:521 :: Setting real_kernel for ELPA failed ***

    10 Broy./Diag. 0.15E+00   13.5     0.00103836     -1721.4898050310  7.55E-03

 *** WARNING in fm/cp_fm_elpa.F:521 :: Setting real_kernel for ELPA failed ***

    11 Broy./Diag. 0.15E+00   13.9     0.00028390     -1721.4805560828  9.25E-03

 *** WARNING in fm/cp_fm_elpa.F:521 :: Setting real_kernel for ELPA failed ***

    12 Broy./Diag. 0.15E+00   13.8     0.00038274     -1721.4732738757  7.28E-03

 *** WARNING in fm/cp_fm_elpa.F:521 :: Setting real_kernel for ELPA failed ***

    13 Broy./Diag. 0.15E+00   13.7     0.00017267     -1721.4695775319  3.70E-03

 *** WARNING in fm/cp_fm_elpa.F:521 :: Setting real_kernel for ELPA failed ***

    14 Broy./Diag. 0.15E+00   13.3     0.00015652     -1721.4700720498 -4.95E-04

 *** WARNING in fm/cp_fm_elpa.F:521 :: Setting real_kernel for ELPA failed ***

    15 Broy./Diag. 0.15E+00   13.2     0.00007798     -1721.4723178052 -2.25E-03

 *** WARNING in fm/cp_fm_elpa.F:521 :: Setting real_kernel for ELPA failed ***

    16 Broy./Diag. 0.15E+00   13.2     0.00013353     -1721.4742814893 -1.96E-03

 *** WARNING in fm/cp_fm_elpa.F:521 :: Setting real_kernel for ELPA failed ***

    17 Broy./Diag. 0.15E+00   13.2     0.00004463     -1721.4748010386 -5.20E-04

  *** SCF run converged in    17 steps ***


  Electronic density on regular grids:       -715.9999999255        0.0000000745
  Core density on regular grids:              715.9999999655       -0.0000000345
  Total charge density on r-space grids:        0.0000000400
  Total charge density g-space grids:           0.0000000400

  Overlap energy of the core charge distribution:               0.00006173361557
  Self energy of the core charge distribution:              -4016.67387185402686
  Core Hamiltonian energy:                                   1150.47729661438166
  Hartree energy:                                            1519.60148486199409
  Exchange-correlation energy:                               -374.61569530566749
  Dispersion energy:                                           -0.26064837531112
  Electronic entropic energy:                                  -0.00342925809343
  Fermi energy:                                                -0.01179216326974

  Total energy:                                             -1721.47480103858084

 !-----------------------------------------------------------------------------!
                     Mulliken Population Analysis

 #  Atom  Element  Kind  Atomic population                           Net charge
       1     Ti       1         11.051311                              0.948689
       2     Ti       1         10.986888                              1.013112
       3     Ti       1         10.991276                              1.008724
       4     Ti       1         11.003414                              0.996586
       5     Ti       1         11.000068                              0.999932
       6     Ti       1         11.072607                              0.927393
       7     Ti       1         10.996001                              1.003999
       8     Ti       1         10.990293                              1.009707
       9     H        2          0.932700                              0.067300
      10     H        2          0.915465                              0.084535
      11     H        2          0.913992                              0.086008
      12     H        2          0.926967                              0.073033
      13     H        2          0.928801                              0.071199
      14     H        2          0.957295                              0.042705
      15     H        2          0.939027                              0.060973
      16     H        2          0.934401                              0.065599
      17     H        2          0.932142                              0.067858
      18     H        2          0.927493                              0.072507
      19     H        2          0.930782                              0.069218
      20     H        2          0.940503                              0.059497
      21     H        2          0.820307                              0.179693
      22     H        2          0.851168                              0.148832
      23     H        2          0.885404                              0.114596
      24     H        2          0.830419                              0.169581
      25     H        2          0.927419                              0.072581
      26     H        2          0.937219                              0.062781
      27     H        2          0.930093                              0.069907
      28     H        2          0.921460                              0.078540
      29     H        2          0.922986                              0.077014
      30     H        2          0.917301                              0.082699
      31     H        2          0.886118                              0.113882
      32     H        2          0.888788                              0.111212
      33     H        2          0.866988                              0.133012
      34     H        2          0.723983                              0.276017
      35     H        2          0.891347                              0.108653
      36     H        2          0.900524                              0.099476
      37     H        2          0.881171                              0.118829
      38     H        2          0.890573                              0.109427
      39     H        2          0.885242                              0.114758
      40     H        2          0.881123                              0.118877
      41     H        2          0.883049                              0.116951
      42     H        2          0.881436                              0.118564
      43     C        3          3.769515                              0.230485
      44     C        3          3.772101                              0.227899
      45     C        3          3.774154                              0.225846
      46     C        3          3.773925                              0.226075
      47     C        3          4.070249                             -0.070249
      48     C        3          4.049990                             -0.049990
      49     C        3          4.056986                             -0.056986
      50     C        3          4.028334                             -0.028334
      51     C        3          3.971936                              0.028064
      52     C        3          4.053748                             -0.053748
      53     C        3          3.989282                              0.010718
      54     C        3          4.044382                             -0.044382
      55     C        3          4.047687                             -0.047687
      56     C        3          4.016526                             -0.016526
      57     C        3          4.023560                             -0.023560
      58     C        3          4.046185                             -0.046185
      59     C        3          4.051941                             -0.051941
      60     C        3          4.030065                             -0.030065
      61     C        3          4.051862                             -0.051862
      62     C        3          4.042345                             -0.042345
      63     C        3          4.026581                             -0.026581
      64     C        3          4.068272                             -0.068272
      65     C        3          4.087797                             -0.087797
      66     C        3          3.978558                              0.021442
      67     C        3          3.778602                              0.221398
      68     C        3          3.791510                              0.208490
      69     C        3          3.782107                              0.217893
      70     C        3          3.770306                              0.229694
      71     C        3          3.777196                              0.222804
      72     C        3          3.799354                              0.200646
      73     C        3          3.791692                              0.208308
      74     C        3          3.770300                              0.229700
      75     C        3          3.975510                              0.024490
      76     C        3          4.045252                             -0.045252
      77     C        3          4.017599                             -0.017599
      78     C        3          4.047733                             -0.047733
      79     C        3          4.071057                             -0.071057
      80     C        3          4.014848                             -0.014848
      81     C        3          3.998540                              0.001460
      82     C        3          4.021678                             -0.021678
      83     C        3          3.932804                              0.067196
      84     C        3          4.046982                             -0.046982
      85     C        3          4.009083                             -0.009083
      86     C        3          4.041222                             -0.041222
      87     C        3          3.973781                              0.026219
      88     C        3          4.062368                             -0.062368
      89     C        3          4.063638                             -0.063638
      90     C        3          3.929455                              0.070545
      91     N        4          5.031084                             -0.031084
      92     N        4          5.220686                             -0.220686
      93     N        4          5.014294                             -0.014294
      94     N        4          4.977298                              0.022702
      95     N        4          5.013200                             -0.013200
      96     N        4          5.032981                             -0.032981
      97     O        5          6.325380                             -0.325380
      98     O        5          6.279051                             -0.279051
      99     O        5          6.332391                             -0.332391
     100     O        5          6.283482                             -0.283482
     101     O        5          6.296443                             -0.296443
     102     O        5          6.285146                             -0.285146
     103     O        5          6.292974                             -0.292974
     104     O        5          6.282048                             -0.282048
     105     O        5          6.434041                             -0.434041
     106     O        5          6.468539                             -0.468539
     107     O        5          6.462904                             -0.462904
     108     O        5          6.444732                             -0.444732
     109     O        5          6.414909                             -0.414909
     110     O        5          6.446170                             -0.446170
     111     O        5          6.473359                             -0.473359
     112     O        5          6.462372                             -0.462372
     113     O        5          6.331730                             -0.331730
     114     O        5          6.300270                             -0.300270
     115     O        5          6.336381                             -0.336381
     116     O        5          6.302176                             -0.302176
     117     O        5          6.312815                             -0.312815
     118     O        5          6.332595                             -0.332595
     119     O        5          6.242016                             -0.242016
     120     O        5          6.268255                             -0.268255
     121     O        5          6.328767                             -0.328767
     122     O        5          6.308832                             -0.308832
     123     O        5          6.340438                             -0.340438
     124     O        5          6.312265                             -0.312265
     125     O        5          6.306313                             -0.306313
     126     O        5          6.374720                             -0.374720
     127     O        5          6.289895                             -0.289895
     128     O        5          6.254082                             -0.254082
     129     O        5          6.491643                             -0.491643
     130     O        5          6.457972                             -0.457972
     131     O        5          6.458485                             -0.458485
     132     O        5          6.439936                             -0.439936
     133     H        2          0.938602                              0.061398
     134     H        2          0.911323                              0.088677
     135     H        2          0.914345                              0.085655
     136     H        2          0.909839                              0.090161
     137     C        3          4.265151                             -0.265151
     138     C        3          4.173591                             -0.173591
     139     H        2          0.914089                              0.085911
     140     H        2          0.914015                              0.085985
     141     C        3          4.101123                             -0.101123
     142     C        3          4.121791                             -0.121791
     143     H        2          0.929237                              0.070763
     144     H        2          0.935508                              0.064492
     145     H        2          0.912813                              0.087187
     146     H        2          0.915930                              0.084070
     147     C        3          4.016994                             -0.016994
     148     N        4          4.835792                              0.164208
     149     C        3          3.910811                              0.089189
     150     C        3          3.997652                              0.002348
     151     H        2          0.948439                              0.051561
     152     N        4          4.863399                              0.136601
     153     C        3          4.185129                             -0.185129
     154     H        2          0.917763                              0.082237
     155     H        2          0.916739                              0.083261
     156     H        2          0.932009                              0.067991
     157     H        2          0.949551                              0.050449
     158     O        5          6.124380                             -0.124380
     159     N        4          5.014743                             -0.014743
     160     S        6          5.916009                              0.083991
     161     O        5          6.177409                             -0.177409
     162     F        7          7.238421                             -0.238421
     163     C        3          3.811732                              0.188268
     164     F        7          7.080648                             -0.080648
     165     F        7          7.044356                             -0.044356
     166     C        3          3.830447                              0.169553
     167     F        7          7.137813                             -0.137813
     168     F        7          6.997724                              0.002276
     169     F        7          6.994339                              0.005661
     170     O        5          6.264677                             -0.264677
     171     S        6          5.606974                              0.393026
     172     O        5          6.351491                             -0.351491
 # Total charge                            716.000000                  0.000000

 !-----------------------------------------------------------------------------!

 !-----------------------------------------------------------------------------!
                           Hirshfeld Charges

  #Atom  Element  Kind  Ref Charge     Population                    Net charge
      1       Ti     1      12.000         13.516                        -1.516
      2       Ti     1      12.000         13.374                        -1.374
      3       Ti     1      12.000         13.428                        -1.428
      4       Ti     1      12.000         13.459                        -1.459
      5       Ti     1      12.000         13.383                        -1.383
      6       Ti     1      12.000         13.517                        -1.517
      7       Ti     1      12.000         13.408                        -1.408
      8       Ti     1      12.000         13.436                        -1.436
      9       H      2       1.000          0.546                         0.454
     10       H      2       1.000          0.520                         0.480
     11       H      2       1.000          0.523                         0.477
     12       H      2       1.000          0.546                         0.454
     13       H      2       1.000          0.535                         0.465
     14       H      2       1.000          0.545                         0.455
     15       H      2       1.000          0.558                         0.442
     16       H      2       1.000          0.541                         0.459
     17       H      2       1.000          0.540                         0.460
     18       H      2       1.000          0.544                         0.456
     19       H      2       1.000          0.543                         0.457
     20       H      2       1.000          0.551                         0.449
     21       H      2       1.000          0.412                         0.588
     22       H      2       1.000          0.421                         0.579
     23       H      2       1.000          0.428                         0.572
     24       H      2       1.000          0.419                         0.581
     25       H      2       1.000          0.549                         0.451
     26       H      2       1.000          0.553                         0.447
     27       H      2       1.000          0.538                         0.462
     28       H      2       1.000          0.537                         0.463
     29       H      2       1.000          0.534                         0.466
     30       H      2       1.000          0.531                         0.469
     31       H      2       1.000          0.480                         0.520
     32       H      2       1.000          0.461                         0.539
     33       H      2       1.000          0.455                         0.545
     34       H      2       1.000          0.475                         0.525
     35       H      2       1.000          0.483                         0.517
     36       H      2       1.000          0.467                         0.533
     37       H      2       1.000          0.479                         0.521
     38       H      2       1.000          0.465                         0.535
     39       H      2       1.000          0.475                         0.525
     40       H      2       1.000          0.457                         0.543
     41       H      2       1.000          0.478                         0.522
     42       H      2       1.000          0.457                         0.543
     43       C      3       4.000          3.465                         0.535
     44       C      3       4.000          3.449                         0.551
     45       C      3       4.000          3.474                         0.526
     46       C      3       4.000          3.463                         0.537
     47       C      3       4.000          4.020                        -0.020
     48       C      3       4.000          3.990                         0.010
     49       C      3       4.000          4.019                        -0.019
     50       C      3       4.000          3.989                         0.011
     51       C      3       4.000          3.877                         0.123
     52       C      3       4.000          4.445                        -0.445
     53       C      3       4.000          3.869                         0.131
     54       C      3       4.000          4.410                        -0.410
     55       C      3       4.000          4.432                        -0.432
     56       C      3       4.000          4.387                        -0.387
     57       C      3       4.000          4.400                        -0.400
     58       C      3       4.000          4.453                        -0.453
     59       C      3       4.000          4.022                        -0.022
     60       C      3       4.000          4.000                        -0.000
     61       C      3       4.000          4.006                        -0.006
     62       C      3       4.000          3.983                         0.017
     63       C      3       4.000          3.977                         0.023
     64       C      3       4.000          4.020                        -0.020
     65       C      3       4.000          4.036                        -0.036
     66       C      3       4.000          3.957                         0.043
     67       C      3       4.000          3.478                         0.522
     68       C      3       4.000          3.491                         0.509
     69       C      3       4.000          3.482                         0.518
     70       C      3       4.000          3.454                         0.546
     71       C      3       4.000          3.462                         0.538
     72       C      3       4.000          3.455                         0.545
     73       C      3       4.000          3.451                         0.549
     74       C      3       4.000          3.494                         0.506
     75       C      3       4.000          3.858                         0.142
     76       C      3       4.000          4.431                        -0.431
     77       C      3       4.000          4.375                        -0.375
     78       C      3       4.000          4.420                        -0.420
     79       C      3       4.000          4.474                        -0.474
     80       C      3       4.000          4.388                        -0.388
     81       C      3       4.000          4.362                        -0.362
     82       C      3       4.000          4.370                        -0.370
     83       C      3       4.000          3.826                         0.174
     84       C      3       4.000          4.445                        -0.445
     85       C      3       4.000          4.371                        -0.371
     86       C      3       4.000          4.406                        -0.406
     87       C      3       4.000          3.882                         0.118
     88       C      3       4.000          4.416                        -0.416
     89       C      3       4.000          4.426                        -0.426
     90       C      3       4.000          3.870                         0.130
     91       N      4       5.000          5.899                        -0.899
     92       N      4       5.000          5.847                        -0.847
     93       N      4       5.000          5.925                        -0.925
     94       N      4       5.000          5.828                        -0.828
     95       N      4       5.000          5.876                        -0.876
     96       N      4       5.000          5.891                        -0.891
     97       O      5       6.000          6.165                        -0.165
     98       O      5       6.000          6.101                        -0.101
     99       O      5       6.000          6.183                        -0.183
    100       O      5       6.000          6.133                        -0.133
    101       O      5       6.000          6.125                        -0.125
    102       O      5       6.000          6.119                        -0.119
    103       O      5       6.000          6.101                        -0.101
    104       O      5       6.000          6.095                        -0.095
    105       O      5       6.000          5.663                         0.337
    106       O      5       6.000          5.717                         0.283
    107       O      5       6.000          5.729                         0.271
    108       O      5       6.000          5.687                         0.313
    109       O      5       6.000          5.646                         0.354
    110       O      5       6.000          5.683                         0.317
    111       O      5       6.000          5.768                         0.232
    112       O      5       6.000          5.691                         0.309
    113       O      5       6.000          6.121                        -0.121
    114       O      5       6.000          6.144                        -0.144
    115       O      5       6.000          6.202                        -0.202
    116       O      5       6.000          6.105                        -0.105
    117       O      5       6.000          6.103                        -0.103
    118       O      5       6.000          6.166                        -0.166
    119       O      5       6.000          6.147                        -0.147
    120       O      5       6.000          6.104                        -0.104
    121       O      5       6.000          6.071                        -0.071
    122       O      5       6.000          6.097                        -0.097
    123       O      5       6.000          6.194                        -0.194
    124       O      5       6.000          6.164                        -0.164
    125       O      5       6.000          6.071                        -0.071
    126       O      5       6.000          6.198                        -0.198
    127       O      5       6.000          6.135                        -0.135
    128       O      5       6.000          6.065                        -0.065
    129       O      5       6.000          6.013                        -0.013
    130       O      5       6.000          6.023                        -0.023
    131       O      5       6.000          5.982                         0.018
    132       O      5       6.000          5.908                         0.092
    133       H      2       1.000          0.569                         0.431
    134       H      2       1.000          0.562                         0.438
    135       H      2       1.000          0.555                         0.445
    136       H      2       1.000          0.559                         0.441
    137       C      3       4.000          5.287                        -1.287
    138       C      3       4.000          4.818                        -0.818
    139       H      2       1.000          0.545                         0.455
    140       H      2       1.000          0.555                         0.445
    141       C      3       4.000          4.493                        -0.493
    142       C      3       4.000          4.734                        -0.734
    143       H      2       1.000          0.571                         0.429
    144       H      2       1.000          0.530                         0.470
    145       H      2       1.000          0.549                         0.451
    146       H      2       1.000          0.541                         0.459
    147       C      3       4.000          4.247                        -0.247
    148       N      4       5.000          5.127                        -0.127
    149       C      3       4.000          4.054                        -0.054
    150       C      3       4.000          4.210                        -0.210
    151       H      2       1.000          0.506                         0.494
    152       N      4       5.000          5.160                        -0.160
    153       C      3       4.000          4.729                        -0.729
    154       H      2       1.000          0.534                         0.466
    155       H      2       1.000          0.531                         0.469
    156       H      2       1.000          0.518                         0.482
    157       H      2       1.000          0.527                         0.473
    158       O      5       6.000          6.410                        -0.410
    159       N      4       5.000          5.257                        -0.257
    160       S      6       6.000          5.604                         0.396
    161       O      5       6.000          6.518                        -0.518
    162       F      7       7.000          7.405                        -0.405
    163       C      3       4.000          3.165                         0.835
    164       F      7       7.000          7.262                        -0.262
    165       F      7       7.000          7.277                        -0.277
    166       C      3       4.000          3.124                         0.876
    167       F      7       7.000          7.309                        -0.309
    168       F      7       7.000          7.209                        -0.209
    169       F      7       7.000          7.232                        -0.232
    170       O      5       6.000          6.430                        -0.430
    171       S      6       6.000          5.537                         0.463
    172       O      5       6.000          6.492                        -0.492

  Total Charge                                                            0.073
 !-----------------------------------------------------------------------------!

 ENERGY| Total FORCE_EVAL ( QS ) energy [hartree]          -1721.473156913597222

 *******************************************************************************
 **                 BAND EVALUATION OF ENERGIES AND FORCES                    **
 *******************************************************************************
 **                                                                           **
 **                                                                           **
 ** Replica Env Nr. :    1              Replica Band Nr. :    2               **
 ** Band  Step  Nr. :    4                                                    **
 *******************************************************************************

 Number of electrons:                                                        716
 Number of occupied orbitals:                                                391
 Number of molecular orbitals:                                               458

 Number of orbital functions:                                               1948
 Number of independent orbital functions:                                   1948

 Parameters for the always stable predictor-corrector (ASPC) method:

  ASPC order: 3

  B(1) =   3.000000
  B(2) =  -3.428571
  B(3) =   1.928571
  B(4) =  -0.571429
  B(5) =   0.071429

 *** WARNING in fm/cp_fm_elpa.F:521 :: Setting real_kernel for ELPA failed ***


 Extrapolation method: ASPC


 SCF WAVEFUNCTION OPTIMIZATION

  Step     Update method      Time    Convergence         Total energy    Change
  ------------------------------------------------------------------------------

 *** WARNING in fm/cp_fm_elpa.F:521 :: Setting real_kernel for ELPA failed ***

     1 Broy./Diag. 0.15E+00    8.3     0.52224082     -1721.3541731115 -1.72E+03

 *** WARNING in fm/cp_fm_elpa.F:521 :: Setting real_kernel for ELPA failed ***

     2 Broy./Diag. 0.15E+00   12.5     0.33672412     -1722.4256670326 -1.07E+00

 *** WARNING in fm/cp_fm_elpa.F:521 :: Setting real_kernel for ELPA failed ***

     3 Broy./Diag. 0.15E+00   13.2     0.01853522     -1723.2813918637 -8.56E-01

 *** WARNING in fm/cp_fm_elpa.F:521 :: Setting real_kernel for ELPA failed ***

     4 Broy./Diag. 0.15E+00   13.0     0.01734234     -1722.6628130502  6.19E-01

 *** WARNING in fm/cp_fm_elpa.F:521 :: Setting real_kernel for ELPA failed ***

     5 Broy./Diag. 0.15E+00   13.1     0.01244267     -1721.9127601390  7.50E-01

 *** WARNING in fm/cp_fm_elpa.F:521 :: Setting real_kernel for ELPA failed ***

     6 Broy./Diag. 0.15E+00   13.6     0.00324591     -1721.5133397259  3.99E-01

 *** WARNING in fm/cp_fm_elpa.F:521 :: Setting real_kernel for ELPA failed ***

     7 Broy./Diag. 0.15E+00   13.6     0.00398784     -1721.3984570381  1.15E-01

 *** WARNING in fm/cp_fm_elpa.F:521 :: Setting real_kernel for ELPA failed ***

     8 Broy./Diag. 0.15E+00   13.6     0.00141432     -1721.4063991972 -7.94E-03

 *** WARNING in fm/cp_fm_elpa.F:521 :: Setting real_kernel for ELPA failed ***

     9 Broy./Diag. 0.15E+00   13.7     0.00121445     -1721.4445392759 -3.81E-02

 *** WARNING in fm/cp_fm_elpa.F:521 :: Setting real_kernel for ELPA failed ***

    10 Broy./Diag. 0.15E+00   14.1     0.00033959     -1721.4800025464 -3.55E-02

 *** WARNING in fm/cp_fm_elpa.F:521 :: Setting real_kernel for ELPA failed ***

    11 Broy./Diag. 0.15E+00   14.2     0.00038220     -1721.4847847925 -4.78E-03

 *** WARNING in fm/cp_fm_elpa.F:521 :: Setting real_kernel for ELPA failed ***

    12 Broy./Diag. 0.15E+00   14.3     0.00023765     -1721.4805875827  4.20E-03

 *** WARNING in fm/cp_fm_elpa.F:521 :: Setting real_kernel for ELPA failed ***

    13 Broy./Diag. 0.15E+00   14.3     0.00015799     -1721.4756663775  4.92E-03

 *** WARNING in fm/cp_fm_elpa.F:521 :: Setting real_kernel for ELPA failed ***

    14 Broy./Diag. 0.15E+00   14.3     0.00012314     -1721.4734839231  2.18E-03

 *** WARNING in fm/cp_fm_elpa.F:521 :: Setting real_kernel for ELPA failed ***

    15 Broy./Diag. 0.15E+00   14.3     0.00010151     -1721.4727358040  7.48E-04

 *** WARNING in fm/cp_fm_elpa.F:521 :: Setting real_kernel for ELPA failed ***

    16 Broy./Diag. 0.15E+00   13.9     0.00005831     -1721.4725057189  2.30E-04

 *** WARNING in fm/cp_fm_elpa.F:521 :: Setting real_kernel for ELPA failed ***

    17 Broy./Diag. 0.15E+00   13.7     0.00002291     -1721.4728786936 -3.73E-04

  *** SCF run converged in    17 steps ***


  Electronic density on regular grids:       -715.9999999255        0.0000000745
  Core density on regular grids:              715.9999999655       -0.0000000345
  Total charge density on r-space grids:        0.0000000400
  Total charge density g-space grids:           0.0000000400

  Overlap energy of the core charge distribution:               0.00006173361557
  Self energy of the core charge distribution:              -4016.67387185402686
  Core Hamiltonian energy:                                   1150.47817532409977
  Hartree energy:                                            1519.60230637446148
  Exchange-correlation energy:                               -374.61546926865179
  Dispersion energy:                                           -0.26064837531112
  Electronic entropic energy:                                  -0.00343327964079
  Fermi energy:                                                -0.01180285206703

  Total energy:                                             -1721.47287869357956

 !-----------------------------------------------------------------------------!
                     Mulliken Population Analysis

 #  Atom  Element  Kind  Atomic population                           Net charge
       1     Ti       1         11.051313                              0.948687
       2     Ti       1         10.986895                              1.013105
       3     Ti       1         10.991267                              1.008733
       4     Ti       1         11.003425                              0.996575
       5     Ti       1         11.000043                              0.999957
       6     Ti       1         11.072595                              0.927405
       7     Ti       1         10.995988                              1.004012
       8     Ti       1         10.990255                              1.009745
       9     H        2          0.932698                              0.067302
      10     H        2          0.915476                              0.084524
      11     H        2          0.914001                              0.085999
      12     H        2          0.926975                              0.073025
      13     H        2          0.928800                              0.071200
      14     H        2          0.957293                              0.042707
      15     H        2          0.939041                              0.060959
      16     H        2          0.934408                              0.065592
      17     H        2          0.932146                              0.067854
      18     H        2          0.927494                              0.072506
      19     H        2          0.930783                              0.069217
      20     H        2          0.940510                              0.059490
      21     H        2          0.820305                              0.179695
      22     H        2          0.851165                              0.148835
      23     H        2          0.885397                              0.114603
      24     H        2          0.830418                              0.169582
      25     H        2          0.927408                              0.072592
      26     H        2          0.937218                              0.062782
      27     H        2          0.930086                              0.069914
      28     H        2          0.921453                              0.078547
      29     H        2          0.922968                              0.077032
      30     H        2          0.917293                              0.082707
      31     H        2          0.886130                              0.113870
      32     H        2          0.888791                              0.111209
      33     H        2          0.866995                              0.133005
      34     H        2          0.723993                              0.276007
      35     H        2          0.891354                              0.108646
      36     H        2          0.900523                              0.099477
      37     H        2          0.881192                              0.118808
      38     H        2          0.890584                              0.109416
      39     H        2          0.885233                              0.114767
      40     H        2          0.881120                              0.118880
      41     H        2          0.883045                              0.116955
      42     H        2          0.881429                              0.118571
      43     C        3          3.769525                              0.230475
      44     C        3          3.772112                              0.227888
      45     C        3          3.774158                              0.225842
      46     C        3          3.773932                              0.226068
      47     C        3          4.070269                             -0.070269
      48     C        3          4.050005                             -0.050005
      49     C        3          4.056998                             -0.056998
      50     C        3          4.028347                             -0.028347
      51     C        3          3.971950                              0.028050
      52     C        3          4.053754                             -0.053754
      53     C        3          3.989301                              0.010699
      54     C        3          4.044383                             -0.044383
      55     C        3          4.047709                             -0.047709
      56     C        3          4.016519                             -0.016519
      57     C        3          4.023557                             -0.023557
      58     C        3          4.046205                             -0.046205
      59     C        3          4.051927                             -0.051927
      60     C        3          4.030044                             -0.030044
      61     C        3          4.051873                             -0.051873
      62     C        3          4.042372                             -0.042372
      63     C        3          4.026562                             -0.026562
      64     C        3          4.068272                             -0.068272
      65     C        3          4.087816                             -0.087816
      66     C        3          3.978553                              0.021447
      67     C        3          3.778589                              0.221411
      68     C        3          3.791492                              0.208508
      69     C        3          3.782117                              0.217883
      70     C        3          3.770313                              0.229687
      71     C        3          3.777190                              0.222810
      72     C        3          3.799337                              0.200663
      73     C        3          3.791676                              0.208324
      74     C        3          3.770333                              0.229667
      75     C        3          3.975495                              0.024505
      76     C        3          4.045230                             -0.045230
      77     C        3          4.017615                             -0.017615
      78     C        3          4.047761                             -0.047761
      79     C        3          4.071130                             -0.071130
      80     C        3          4.014779                             -0.014779
      81     C        3          3.998553                              0.001447
      82     C        3          4.021686                             -0.021686
      83     C        3          3.932817                              0.067183
      84     C        3          4.047004                             -0.047004
      85     C        3          4.009067                             -0.009067
      86     C        3          4.041208                             -0.041208
      87     C        3          3.973802                              0.026198
      88     C        3          4.062385                             -0.062385
      89     C        3          4.063678                             -0.063678
      90     C        3          3.929407                              0.070593
      91     N        4          5.031101                             -0.031101
      92     N        4          5.220647                             -0.220647
      93     N        4          5.014296                             -0.014296
      94     N        4          4.977311                              0.022689
      95     N        4          5.013188                             -0.013188
      96     N        4          5.032990                             -0.032990
      97     O        5          6.325399                             -0.325399
      98     O        5          6.279038                             -0.279038
      99     O        5          6.332407                             -0.332407
     100     O        5          6.283490                             -0.283490
     101     O        5          6.296454                             -0.296454
     102     O        5          6.285132                             -0.285132
     103     O        5          6.292987                             -0.292987
     104     O        5          6.282050                             -0.282050
     105     O        5          6.434015                             -0.434015
     106     O        5          6.468534                             -0.468534
     107     O        5          6.462948                             -0.462948
     108     O        5          6.444739                             -0.444739
     109     O        5          6.414920                             -0.414920
     110     O        5          6.446194                             -0.446194
     111     O        5          6.473359                             -0.473359
     112     O        5          6.462370                             -0.462370
     113     O        5          6.331738                             -0.331738
     114     O        5          6.300257                             -0.300257
     115     O        5          6.336402                             -0.336402
     116     O        5          6.302185                             -0.302185
     117     O        5          6.312833                             -0.312833
     118     O        5          6.332596                             -0.332596
     119     O        5          6.242033                             -0.242033
     120     O        5          6.268269                             -0.268269
     121     O        5          6.328781                             -0.328781
     122     O        5          6.308840                             -0.308840
     123     O        5          6.340456                             -0.340456
     124     O        5          6.312258                             -0.312258
     125     O        5          6.306332                             -0.306332
     126     O        5          6.374696                             -0.374696
     127     O        5          6.289892                             -0.289892
     128     O        5          6.254089                             -0.254089
     129     O        5          6.491658                             -0.491658
     130     O        5          6.457975                             -0.457975
     131     O        5          6.458496                             -0.458496
     132     O        5          6.439941                             -0.439941
     133     H        2          0.938612                              0.061388
     134     H        2          0.911327                              0.088673
     135     H        2          0.914342                              0.085658
     136     H        2          0.909835                              0.090165
     137     C        3          4.265131                             -0.265131
     138     C        3          4.173581                             -0.173581
     139     H        2          0.914089                              0.085911
     140     H        2          0.914017                              0.085983
     141     C        3          4.101133                             -0.101133
     142     C        3          4.121803                             -0.121803
     143     H        2          0.929250                              0.070750
     144     H        2          0.935501                              0.064499
     145     H        2          0.912821                              0.087179
     146     H        2          0.915928                              0.084072
     147     C        3          4.016991                             -0.016991
     148     N        4          4.835777                              0.164223
     149     C        3          3.910821                              0.089179
     150     C        3          3.997636                              0.002364
     151     H        2          0.948444                              0.051556
     152     N        4          4.863387                              0.136613
     153     C        3          4.185136                             -0.185136
     154     H        2          0.917759                              0.082241
     155     H        2          0.916735                              0.083265
     156     H        2          0.932001                              0.067999
     157     H        2          0.949538                              0.050462
     158     O        5          6.124359                             -0.124359
     159     N        4          5.014679                             -0.014679
     160     S        6          5.915947                              0.084053
     161     O        5          6.177390                             -0.177390
     162     F        7          7.238368                             -0.238368
     163     C        3          3.811765                              0.188235
     164     F        7          7.080651                             -0.080651
     165     F        7          7.044297                             -0.044297
     166     C        3          3.830432                              0.169568
     167     F        7          7.137806                             -0.137806
     168     F        7          6.997693                              0.002307
     169     F        7          6.994323                              0.005677
     170     O        5          6.264630                             -0.264630
     171     S        6          5.606986                              0.393014
     172     O        5          6.351474                             -0.351474
 # Total charge                            716.000000                  0.000000

 !-----------------------------------------------------------------------------!

 !-----------------------------------------------------------------------------!
                           Hirshfeld Charges

  #Atom  Element  Kind  Ref Charge     Population                    Net charge
      1       Ti     1      12.000         13.516                        -1.516
      2       Ti     1      12.000         13.374                        -1.374
      3       Ti     1      12.000         13.428                        -1.428
      4       Ti     1      12.000         13.459                        -1.459
      5       Ti     1      12.000         13.383                        -1.383
      6       Ti     1      12.000         13.517                        -1.517
      7       Ti     1      12.000         13.408                        -1.408
      8       Ti     1      12.000         13.436                        -1.436
      9       H      2       1.000          0.546                         0.454
     10       H      2       1.000          0.520                         0.480
     11       H      2       1.000          0.523                         0.477
     12       H      2       1.000          0.546                         0.454
     13       H      2       1.000          0.535                         0.465
     14       H      2       1.000          0.545                         0.455
     15       H      2       1.000          0.558                         0.442
     16       H      2       1.000          0.541                         0.459
     17       H      2       1.000          0.540                         0.460
     18       H      2       1.000          0.544                         0.456
     19       H      2       1.000          0.543                         0.457
     20       H      2       1.000          0.551                         0.449
     21       H      2       1.000          0.412                         0.588
     22       H      2       1.000          0.421                         0.579
     23       H      2       1.000          0.428                         0.572
     24       H      2       1.000          0.419                         0.581
     25       H      2       1.000          0.549                         0.451
     26       H      2       1.000          0.553                         0.447
     27       H      2       1.000          0.538                         0.462
     28       H      2       1.000          0.537                         0.463
     29       H      2       1.000          0.534                         0.466
     30       H      2       1.000          0.531                         0.469
     31       H      2       1.000          0.480                         0.520
     32       H      2       1.000          0.461                         0.539
     33       H      2       1.000          0.455                         0.545
     34       H      2       1.000          0.475                         0.525
     35       H      2       1.000          0.483                         0.517
     36       H      2       1.000          0.467                         0.533
     37       H      2       1.000          0.479                         0.521
     38       H      2       1.000          0.465                         0.535
     39       H      2       1.000          0.475                         0.525
     40       H      2       1.000          0.457                         0.543
     41       H      2       1.000          0.478                         0.522
     42       H      2       1.000          0.457                         0.543
     43       C      3       4.000          3.465                         0.535
     44       C      3       4.000          3.449                         0.551
     45       C      3       4.000          3.474                         0.526
     46       C      3       4.000          3.463                         0.537
     47       C      3       4.000          4.020                        -0.020
     48       C      3       4.000          3.990                         0.010
     49       C      3       4.000          4.019                        -0.019
     50       C      3       4.000          3.989                         0.011
     51       C      3       4.000          3.877                         0.123
     52       C      3       4.000          4.445                        -0.445
     53       C      3       4.000          3.869                         0.131
     54       C      3       4.000          4.410                        -0.410
     55       C      3       4.000          4.432                        -0.432
     56       C      3       4.000          4.387                        -0.387
     57       C      3       4.000          4.400                        -0.400
     58       C      3       4.000          4.453                        -0.453
     59       C      3       4.000          4.022                        -0.022
     60       C      3       4.000          4.000                        -0.000
     61       C      3       4.000          4.006                        -0.006
     62       C      3       4.000          3.983                         0.017
     63       C      3       4.000          3.977                         0.023
     64       C      3       4.000          4.020                        -0.020
     65       C      3       4.000          4.036                        -0.036
     66       C      3       4.000          3.957                         0.043
     67       C      3       4.000          3.478                         0.522
     68       C      3       4.000          3.491                         0.509
     69       C      3       4.000          3.482                         0.518
     70       C      3       4.000          3.454                         0.546
     71       C      3       4.000          3.462                         0.538
     72       C      3       4.000          3.455                         0.545
     73       C      3       4.000          3.451                         0.549
     74       C      3       4.000          3.494                         0.506
     75       C      3       4.000          3.858                         0.142
     76       C      3       4.000          4.431                        -0.431
     77       C      3       4.000          4.375                        -0.375
     78       C      3       4.000          4.420                        -0.420
     79       C      3       4.000          4.474                        -0.474
     80       C      3       4.000          4.388                        -0.388
     81       C      3       4.000          4.362                        -0.362
     82       C      3       4.000          4.370                        -0.370
     83       C      3       4.000          3.826                         0.174
     84       C      3       4.000          4.445                        -0.445
     85       C      3       4.000          4.371                        -0.371
     86       C      3       4.000          4.406                        -0.406
     87       C      3       4.000          3.882                         0.118
     88       C      3       4.000          4.416                        -0.416
     89       C      3       4.000          4.426                        -0.426
     90       C      3       4.000          3.869                         0.131
     91       N      4       5.000          5.899                        -0.899
     92       N      4       5.000          5.847                        -0.847
     93       N      4       5.000          5.925                        -0.925
     94       N      4       5.000          5.828                        -0.828
     95       N      4       5.000          5.876                        -0.876
     96       N      4       5.000          5.891                        -0.891
     97       O      5       6.000          6.165                        -0.165
     98       O      5       6.000          6.101                        -0.101
     99       O      5       6.000          6.183                        -0.183
    100       O      5       6.000          6.133                        -0.133
    101       O      5       6.000          6.125                        -0.125
    102       O      5       6.000          6.119                        -0.119
    103       O      5       6.000          6.101                        -0.101
    104       O      5       6.000          6.095                        -0.095
    105       O      5       6.000          5.663                         0.337
    106       O      5       6.000          5.717                         0.283
    107       O      5       6.000          5.729                         0.271
    108       O      5       6.000          5.687                         0.313
    109       O      5       6.000          5.646                         0.354
    110       O      5       6.000          5.683                         0.317
    111       O      5       6.000          5.768                         0.232
    112       O      5       6.000          5.691                         0.309
    113       O      5       6.000          6.121                        -0.121
    114       O      5       6.000          6.144                        -0.144
    115       O      5       6.000          6.202                        -0.202
    116       O      5       6.000          6.105                        -0.105
    117       O      5       6.000          6.103                        -0.103
    118       O      5       6.000          6.166                        -0.166
    119       O      5       6.000          6.147                        -0.147
    120       O      5       6.000          6.104                        -0.104
    121       O      5       6.000          6.071                        -0.071
    122       O      5       6.000          6.097                        -0.097
    123       O      5       6.000          6.194                        -0.194
    124       O      5       6.000          6.164                        -0.164
    125       O      5       6.000          6.071                        -0.071
    126       O      5       6.000          6.198                        -0.198
    127       O      5       6.000          6.135                        -0.135
    128       O      5       6.000          6.065                        -0.065
    129       O      5       6.000          6.013                        -0.013
    130       O      5       6.000          6.023                        -0.023
    131       O      5       6.000          5.982                         0.018
    132       O      5       6.000          5.908                         0.092
    133       H      2       1.000          0.569                         0.431
    134       H      2       1.000          0.562                         0.438
    135       H      2       1.000          0.555                         0.445
    136       H      2       1.000          0.559                         0.441
    137       C      3       4.000          5.287                        -1.287
    138       C      3       4.000          4.818                        -0.818
    139       H      2       1.000          0.545                         0.455
    140       H      2       1.000          0.555                         0.445
    141       C      3       4.000          4.493                        -0.493
    142       C      3       4.000          4.734                        -0.734
    143       H      2       1.000          0.571                         0.429
    144       H      2       1.000          0.530                         0.470
    145       H      2       1.000          0.549                         0.451
    146       H      2       1.000          0.541                         0.459
    147       C      3       4.000          4.247                        -0.247
    148       N      4       5.000          5.127                        -0.127
    149       C      3       4.000          4.054                        -0.054
    150       C      3       4.000          4.210                        -0.210
    151       H      2       1.000          0.506                         0.494
    152       N      4       5.000          5.160                        -0.160
    153       C      3       4.000          4.729                        -0.729
    154       H      2       1.000          0.534                         0.466
    155       H      2       1.000          0.531                         0.469
    156       H      2       1.000          0.518                         0.482
    157       H      2       1.000          0.527                         0.473
    158       O      5       6.000          6.410                        -0.410
    159       N      4       5.000          5.257                        -0.257
    160       S      6       6.000          5.604                         0.396
    161       O      5       6.000          6.518                        -0.518
    162       F      7       7.000          7.405                        -0.405
    163       C      3       4.000          3.165                         0.835
    164       F      7       7.000          7.262                        -0.262
    165       F      7       7.000          7.277                        -0.277
    166       C      3       4.000          3.124                         0.876
    167       F      7       7.000          7.309                        -0.309
    168       F      7       7.000          7.209                        -0.209
    169       F      7       7.000          7.232                        -0.232
    170       O      5       6.000          6.430                        -0.430
    171       S      6       6.000          5.537                         0.463
    172       O      5       6.000          6.492                        -0.492

  Total Charge                                                            0.073
 !-----------------------------------------------------------------------------!

 ENERGY| Total FORCE_EVAL ( QS ) energy [hartree]          -1721.473156976927839

 *******************************************************************************
 **                 BAND EVALUATION OF ENERGIES AND FORCES                    **
 *******************************************************************************
 **                                                                           **
 **                                                                           **
 ** Replica Env Nr. :    1              Replica Band Nr. :    2               **
 ** Band  Step  Nr. :    5                                                    **
 *******************************************************************************

 Number of electrons:                                                        716
 Number of occupied orbitals:                                                391
 Number of molecular orbitals:                                               458

 Number of orbital functions:                                               1948
 Number of independent orbital functions:                                   1948

 Parameters for the always stable predictor-corrector (ASPC) method:

  ASPC order: 3

  B(1) =   3.000000
  B(2) =  -3.428571
  B(3) =   1.928571
  B(4) =  -0.571429
  B(5) =   0.071429

 *** WARNING in fm/cp_fm_elpa.F:521 :: Setting real_kernel for ELPA failed ***


 Extrapolation method: ASPC


 SCF WAVEFUNCTION OPTIMIZATION

  Step     Update method      Time    Convergence         Total energy    Change
  ------------------------------------------------------------------------------

 *** WARNING in fm/cp_fm_elpa.F:521 :: Setting real_kernel for ELPA failed ***

     1 Broy./Diag. 0.15E+00    8.3     0.07624369     -1721.7470570206 -1.72E+03

 *** WARNING in fm/cp_fm_elpa.F:521 :: Setting real_kernel for ELPA failed ***

     2 Broy./Diag. 0.15E+00   12.5     0.01137403     -1722.9376655318 -1.19E+00

 *** WARNING in fm/cp_fm_elpa.F:521 :: Setting real_kernel for ELPA failed ***

     3 Broy./Diag. 0.15E+00   13.2     0.01879683     -1722.3787344138  5.59E-01

 *** WARNING in fm/cp_fm_elpa.F:521 :: Setting real_kernel for ELPA failed ***

     4 Broy./Diag. 0.15E+00   13.7     0.00470831     -1721.9028708147  4.76E-01

 *** WARNING in fm/cp_fm_elpa.F:521 :: Setting real_kernel for ELPA failed ***

     5 Broy./Diag. 0.15E+00   13.6     0.00176596     -1721.7685079197  1.34E-01

 *** WARNING in fm/cp_fm_elpa.F:521 :: Setting real_kernel for ELPA failed ***

     6 Broy./Diag. 0.15E+00   13.6     0.00220044     -1721.7516405880  1.69E-02

 *** WARNING in fm/cp_fm_elpa.F:521 :: Setting real_kernel for ELPA failed ***

     7 Broy./Diag. 0.15E+00   13.3     0.00087712     -1721.7758424698 -2.42E-02

 *** WARNING in fm/cp_fm_elpa.F:521 :: Setting real_kernel for ELPA failed ***

     8 Broy./Diag. 0.15E+00   13.6     0.00048542     -1721.7933831520 -1.75E-02

 *** WARNING in fm/cp_fm_elpa.F:521 :: Setting real_kernel for ELPA failed ***

     9 Broy./Diag. 0.15E+00   13.7     0.00028937     -1721.8027814493 -9.40E-03

 *** WARNING in fm/cp_fm_elpa.F:521 :: Setting real_kernel for ELPA failed ***

    10 Broy./Diag. 0.15E+00   13.6     0.00027907     -1721.8059273490 -3.15E-03

 *** WARNING in fm/cp_fm_elpa.F:521 :: Setting real_kernel for ELPA failed ***

    11 Broy./Diag. 0.15E+00   13.5     0.00014511     -1721.8047074288  1.22E-03

 *** WARNING in fm/cp_fm_elpa.F:521 :: Setting real_kernel for ELPA failed ***

    12 Broy./Diag. 0.15E+00   13.8     0.00019609     -1721.8003382720  4.37E-03

 *** WARNING in fm/cp_fm_elpa.F:521 :: Setting real_kernel for ELPA failed ***

    13 Broy./Diag. 0.15E+00   13.8     0.00010384     -1721.7959745366  4.36E-03

 *** WARNING in fm/cp_fm_elpa.F:521 :: Setting real_kernel for ELPA failed ***

    14 Broy./Diag. 0.15E+00   13.9     0.00007816     -1721.7940326238  1.94E-03

 *** WARNING in fm/cp_fm_elpa.F:521 :: Setting real_kernel for ELPA failed ***

    15 Broy./Diag. 0.15E+00   13.8     0.00004913     -1721.7942546393 -2.22E-04

  *** SCF run converged in    15 steps ***


  Electronic density on regular grids:       -715.9999999256        0.0000000744
  Core density on regular grids:              715.9999999655       -0.0000000345
  Total charge density on r-space grids:        0.0000000399
  Total charge density g-space grids:           0.0000000399

  Overlap energy of the core charge distribution:               0.00003799820277
  Self energy of the core charge distribution:              -4016.67387185402686
  Core Hamiltonian energy:                                   1148.43768175157948
  Hartree energy:                                            1520.91758033015026
  Exchange-correlation energy:                               -374.21227472274120
  Dispersion energy:                                           -0.26118733872066
  Electronic entropic energy:                                  -0.00222130236347
  Fermi energy:                                                -0.01404431148775

  Total energy:                                             -1721.79425463928715

 !-----------------------------------------------------------------------------!
                     Mulliken Population Analysis

 #  Atom  Element  Kind  Atomic population                           Net charge
       1     Ti       1         11.043845                              0.956155
       2     Ti       1         10.985995                              1.014005
       3     Ti       1         10.992431                              1.007569
       4     Ti       1         11.001462                              0.998538
       5     Ti       1         11.000068                              0.999932
       6     Ti       1         11.063185                              0.936815
       7     Ti       1         10.996260                              1.003740
       8     Ti       1         10.988553                              1.011447
       9     H        2          0.932509                              0.067491
      10     H        2          0.908464                              0.091536
      11     H        2          0.905597                              0.094403
      12     H        2          0.925229                              0.074771
      13     H        2          0.924921                              0.075079
      14     H        2          0.959804                              0.040196
      15     H        2          0.942467                              0.057533
      16     H        2          0.933102                              0.066898
      17     H        2          0.934443                              0.065557
      18     H        2          0.927550                              0.072450
      19     H        2          0.930718                              0.069282
      20     H        2          0.942100                              0.057900
      21     H        2          0.821181                              0.178819
      22     H        2          0.850529                              0.149471
      23     H        2          0.883510                              0.116490
      24     H        2          0.829811                              0.170189
      25     H        2          0.928816                              0.071184
      26     H        2          0.938300                              0.061700
      27     H        2          0.927872                              0.072128
      28     H        2          0.918345                              0.081655
      29     H        2          0.918847                              0.081153
      30     H        2          0.913203                              0.086797
      31     H        2          0.885809                              0.114191
      32     H        2          0.888707                              0.111293
      33     H        2          0.863230                              0.136770
      34     H        2          0.728520                              0.271480
      35     H        2          0.891086                              0.108914
      36     H        2          0.901108                              0.098892
      37     H        2          0.880569                              0.119431
      38     H        2          0.890360                              0.109640
      39     H        2          0.885328                              0.114672
      40     H        2          0.879557                              0.120443
      41     H        2          0.882917                              0.117083
      42     H        2          0.880093                              0.119907
      43     C        3          3.769666                              0.230334
      44     C        3          3.771839                              0.228161
      45     C        3          3.774803                              0.225197
      46     C        3          3.774040                              0.225960
      47     C        3          4.068971                             -0.068971
      48     C        3          4.047732                             -0.047732
      49     C        3          4.056401                             -0.056401
      50     C        3          4.027771                             -0.027771
      51     C        3          3.972772                              0.027228
      52     C        3          4.057530                             -0.057530
      53     C        3          3.989051                              0.010949
      54     C        3          4.047501                             -0.047501
      55     C        3          4.045223                             -0.045223
      56     C        3          4.014893                             -0.014893
      57     C        3          4.027080                             -0.027080
      58     C        3          4.048320                             -0.048320
      59     C        3          4.051673                             -0.051673
      60     C        3          4.029698                             -0.029698
      61     C        3          4.048525                             -0.048525
      62     C        3          4.039543                             -0.039543
      63     C        3          4.023833                             -0.023833
      64     C        3          4.065792                             -0.065792
      65     C        3          4.078783                             -0.078783
      66     C        3          3.981234                              0.018766
      67     C        3          3.778205                              0.221795
      68     C        3          3.791185                              0.208815
      69     C        3          3.781374                              0.218626
      70     C        3          3.770272                              0.229728
      71     C        3          3.777733                              0.222267
      72     C        3          3.796009                              0.203991
      73     C        3          3.791901                              0.208099
      74     C        3          3.774991                              0.225009
      75     C        3          3.975165                              0.024835
      76     C        3          4.045036                             -0.045036
      77     C        3          4.024700                             -0.024700
      78     C        3          4.053646                             -0.053646
      79     C        3          4.069058                             -0.069058
      80     C        3          4.014837                             -0.014837
      81     C        3          3.990376                              0.009624
      82     C        3          4.021438                             -0.021438
      83     C        3          3.933976                              0.066024
      84     C        3          4.046769                             -0.046769
      85     C        3          4.008971                             -0.008971
      86     C        3          4.040581                             -0.040581
      87     C        3          3.976450                              0.023550
      88     C        3          4.058027                             -0.058027
      89     C        3          4.064780                             -0.064780
      90     C        3          3.929412                              0.070588
      91     N        4          5.030577                             -0.030577
      92     N        4          5.217888                             -0.217888
      93     N        4          5.002596                             -0.002596
      94     N        4          4.970216                              0.029784
      95     N        4          5.017414                             -0.017414
      96     N        4          5.038101                             -0.038101
      97     O        5          6.325103                             -0.325103
      98     O        5          6.278646                             -0.278646
      99     O        5          6.328655                             -0.328655
     100     O        5          6.284147                             -0.284147
     101     O        5          6.296568                             -0.296568
     102     O        5          6.286584                             -0.286584
     103     O        5          6.292528                             -0.292528
     104     O        5          6.280703                             -0.280703
     105     O        5          6.433765                             -0.433765
     106     O        5          6.466039                             -0.466039
     107     O        5          6.461736                             -0.461736
     108     O        5          6.445659                             -0.445659
     109     O        5          6.415384                             -0.415384
     110     O        5          6.446158                             -0.446158
     111     O        5          6.470883                             -0.470883
     112     O        5          6.462364                             -0.462364
     113     O        5          6.331498                             -0.331498
     114     O        5          6.300126                             -0.300126
     115     O        5          6.336264                             -0.336264
     116     O        5          6.301075                             -0.301075
     117     O        5          6.313304                             -0.313304
     118     O        5          6.326989                             -0.326989
     119     O        5          6.272835                             -0.272835
     120     O        5          6.266453                             -0.266453
     121     O        5          6.329569                             -0.329569
     122     O        5          6.309502                             -0.309502
     123     O        5          6.340405                             -0.340405
     124     O        5          6.313028                             -0.313028
     125     O        5          6.302053                             -0.302053
     126     O        5          6.367695                             -0.367695
     127     O        5          6.289220                             -0.289220
     128     O        5          6.270876                             -0.270876
     129     O        5          6.491160                             -0.491160
     130     O        5          6.459547                             -0.459547
     131     O        5          6.460112                             -0.460112
     132     O        5          6.443689                             -0.443689
     133     H        2          0.938511                              0.061489
     134     H        2          0.911534                              0.088466
     135     H        2          0.913997                              0.086003
     136     H        2          0.909313                              0.090687
     137     C        3          4.265508                             -0.265508
     138     C        3          4.173743                             -0.173743
     139     H        2          0.914221                              0.085779
     140     H        2          0.913800                              0.086200
     141     C        3          4.101498                             -0.101498
     142     C        3          4.121707                             -0.121707
     143     H        2          0.929066                              0.070934
     144     H        2          0.935932                              0.064068
     145     H        2          0.912550                              0.087450
     146     H        2          0.917194                              0.082806
     147     C        3          4.017026                             -0.017026
     148     N        4          4.835614                              0.164386
     149     C        3          3.909064                              0.090936
     150     C        3          3.996614                              0.003386
     151     H        2          0.951006                              0.048994
     152     N        4          4.861393                              0.138607
     153     C        3          4.183450                             -0.183450
     154     H        2          0.918889                              0.081111
     155     H        2          0.916812                              0.083188
     156     H        2          0.931948                              0.068052
     157     H        2          0.943684                              0.056316
     158     O        5          6.217562                             -0.217562
     159     N        4          5.114464                             -0.114464
     160     S        6          5.681364                              0.318636
     161     O        5          6.242333                             -0.242333
     162     F        7          7.207754                             -0.207754
     163     C        3          3.814239                              0.185761
     164     F        7          7.090148                             -0.090148
     165     F        7          7.061321                             -0.061321
     166     C        3          3.847307                              0.152693
     167     F        7          7.116031                             -0.116031
     168     F        7          7.033322                             -0.033322
     169     F        7          7.029211                             -0.029211
     170     O        5          6.334619                             -0.334619
     171     S        6          5.537703                              0.462297
     172     O        5          6.317467                             -0.317467
 # Total charge                            716.000000                  0.000000

 !-----------------------------------------------------------------------------!

 !-----------------------------------------------------------------------------!
                           Hirshfeld Charges

  #Atom  Element  Kind  Ref Charge     Population                    Net charge
      1       Ti     1      12.000         13.513                        -1.513
      2       Ti     1      12.000         13.376                        -1.376
      3       Ti     1      12.000         13.431                        -1.431
      4       Ti     1      12.000         13.459                        -1.459
      5       Ti     1      12.000         13.387                        -1.387
      6       Ti     1      12.000         13.525                        -1.525
      7       Ti     1      12.000         13.408                        -1.408
      8       Ti     1      12.000         13.434                        -1.434
      9       H      2       1.000          0.545                         0.455
     10       H      2       1.000          0.520                         0.480
     11       H      2       1.000          0.522                         0.478
     12       H      2       1.000          0.545                         0.455
     13       H      2       1.000          0.535                         0.465
     14       H      2       1.000          0.545                         0.455
     15       H      2       1.000          0.557                         0.443
     16       H      2       1.000          0.541                         0.459
     17       H      2       1.000          0.542                         0.458
     18       H      2       1.000          0.544                         0.456
     19       H      2       1.000          0.543                         0.457
     20       H      2       1.000          0.552                         0.448
     21       H      2       1.000          0.412                         0.588
     22       H      2       1.000          0.421                         0.579
     23       H      2       1.000          0.427                         0.573
     24       H      2       1.000          0.419                         0.581
     25       H      2       1.000          0.550                         0.450
     26       H      2       1.000          0.553                         0.447
     27       H      2       1.000          0.538                         0.462
     28       H      2       1.000          0.537                         0.463
     29       H      2       1.000          0.534                         0.466
     30       H      2       1.000          0.531                         0.469
     31       H      2       1.000          0.480                         0.520
     32       H      2       1.000          0.461                         0.539
     33       H      2       1.000          0.453                         0.547
     34       H      2       1.000          0.471                         0.529
     35       H      2       1.000          0.482                         0.518
     36       H      2       1.000          0.467                         0.533
     37       H      2       1.000          0.479                         0.521
     38       H      2       1.000          0.464                         0.536
     39       H      2       1.000          0.475                         0.525
     40       H      2       1.000          0.456                         0.544
     41       H      2       1.000          0.478                         0.522
     42       H      2       1.000          0.456                         0.544
     43       C      3       4.000          3.465                         0.535
     44       C      3       4.000          3.448                         0.552
     45       C      3       4.000          3.474                         0.526
     46       C      3       4.000          3.463                         0.537
     47       C      3       4.000          4.022                        -0.022
     48       C      3       4.000          3.991                         0.009
     49       C      3       4.000          4.019                        -0.019
     50       C      3       4.000          3.990                         0.010
     51       C      3       4.000          3.876                         0.124
     52       C      3       4.000          4.443                        -0.443
     53       C      3       4.000          3.868                         0.132
     54       C      3       4.000          4.408                        -0.408
     55       C      3       4.000          4.431                        -0.431
     56       C      3       4.000          4.386                        -0.386
     57       C      3       4.000          4.399                        -0.399
     58       C      3       4.000          4.452                        -0.452
     59       C      3       4.000          4.022                        -0.022
     60       C      3       4.000          4.000                         0.000
     61       C      3       4.000          4.006                        -0.006
     62       C      3       4.000          3.983                         0.017
     63       C      3       4.000          3.979                         0.021
     64       C      3       4.000          4.020                        -0.020
     65       C      3       4.000          4.030                        -0.030
     66       C      3       4.000          3.960                         0.040
     67       C      3       4.000          3.478                         0.522
     68       C      3       4.000          3.491                         0.509
     69       C      3       4.000          3.482                         0.518
     70       C      3       4.000          3.453                         0.547
     71       C      3       4.000          3.461                         0.539
     72       C      3       4.000          3.456                         0.544
     73       C      3       4.000          3.453                         0.547
     74       C      3       4.000          3.491                         0.509
     75       C      3       4.000          3.857                         0.143
     76       C      3       4.000          4.431                        -0.431
     77       C      3       4.000          4.371                        -0.371
     78       C      3       4.000          4.419                        -0.419
     79       C      3       4.000          4.466                        -0.466
     80       C      3       4.000          4.384                        -0.384
     81       C      3       4.000          4.357                        -0.357
     82       C      3       4.000          4.379                        -0.379
     83       C      3       4.000          3.824                         0.176
     84       C      3       4.000          4.445                        -0.445
     85       C      3       4.000          4.371                        -0.371
     86       C      3       4.000          4.405                        -0.405
     87       C      3       4.000          3.878                         0.122
     88       C      3       4.000          4.415                        -0.415
     89       C      3       4.000          4.426                        -0.426
     90       C      3       4.000          3.867                         0.133
     91       N      4       5.000          5.898                        -0.898
     92       N      4       5.000          5.852                        -0.852
     93       N      4       5.000          5.915                        -0.915
     94       N      4       5.000          5.821                        -0.821
     95       N      4       5.000          5.880                        -0.880
     96       N      4       5.000          5.896                        -0.896
     97       O      5       6.000          6.165                        -0.165
     98       O      5       6.000          6.101                        -0.101
     99       O      5       6.000          6.183                        -0.183
    100       O      5       6.000          6.133                        -0.133
    101       O      5       6.000          6.124                        -0.124
    102       O      5       6.000          6.120                        -0.120
    103       O      5       6.000          6.101                        -0.101
    104       O      5       6.000          6.090                        -0.090
    105       O      5       6.000          5.662                         0.338
    106       O      5       6.000          5.717                         0.283
    107       O      5       6.000          5.730                         0.270
    108       O      5       6.000          5.686                         0.314
    109       O      5       6.000          5.645                         0.355
    110       O      5       6.000          5.685                         0.315
    111       O      5       6.000          5.768                         0.232
    112       O      5       6.000          5.692                         0.308
    113       O      5       6.000          6.120                        -0.120
    114       O      5       6.000          6.144                        -0.144
    115       O      5       6.000          6.200                        -0.200
    116       O      5       6.000          6.103                        -0.103
    117       O      5       6.000          6.102                        -0.102
    118       O      5       6.000          6.161                        -0.161
    119       O      5       6.000          6.154                        -0.154
    120       O      5       6.000          6.102                        -0.102
    121       O      5       6.000          6.071                        -0.071
    122       O      5       6.000          6.097                        -0.097
    123       O      5       6.000          6.193                        -0.193
    124       O      5       6.000          6.165                        -0.165
    125       O      5       6.000          6.066                        -0.066
    126       O      5       6.000          6.201                        -0.201
    127       O      5       6.000          6.133                        -0.133
    128       O      5       6.000          6.066                        -0.066
    129       O      5       6.000          6.013                        -0.013
    130       O      5       6.000          6.022                        -0.022
    131       O      5       6.000          5.984                         0.016
    132       O      5       6.000          5.914                         0.086
    133       H      2       1.000          0.569                         0.431
    134       H      2       1.000          0.563                         0.437
    135       H      2       1.000          0.555                         0.445
    136       H      2       1.000          0.559                         0.441
    137       C      3       4.000          5.286                        -1.286
    138       C      3       4.000          4.818                        -0.818
    139       H      2       1.000          0.545                         0.455
    140       H      2       1.000          0.556                         0.444
    141       C      3       4.000          4.493                        -0.493
    142       C      3       4.000          4.732                        -0.732
    143       H      2       1.000          0.571                         0.429
    144       H      2       1.000          0.530                         0.470
    145       H      2       1.000          0.549                         0.451
    146       H      2       1.000          0.541                         0.459
    147       C      3       4.000          4.247                        -0.247
    148       N      4       5.000          5.128                        -0.128
    149       C      3       4.000          4.050                        -0.050
    150       C      3       4.000          4.207                        -0.207
    151       H      2       1.000          0.504                         0.496
    152       N      4       5.000          5.160                        -0.160
    153       C      3       4.000          4.735                        -0.735
    154       H      2       1.000          0.534                         0.466
    155       H      2       1.000          0.532                         0.468
    156       H      2       1.000          0.518                         0.482
    157       H      2       1.000          0.526                         0.474
    158       O      5       6.000          6.423                        -0.423
    159       N      4       5.000          5.270                        -0.270
    160       S      6       6.000          5.593                         0.407
    161       O      5       6.000          6.529                        -0.529
    162       F      7       7.000          7.389                        -0.389
    163       C      3       4.000          3.146                         0.854
    164       F      7       7.000          7.275                        -0.275
    165       F      7       7.000          7.291                        -0.291
    166       C      3       4.000          3.111                         0.889
    167       F      7       7.000          7.301                        -0.301
    168       F      7       7.000          7.240                        -0.240
    169       F      7       7.000          7.262                        -0.262
    170       O      5       6.000          6.445                        -0.445
    171       S      6       6.000          5.534                         0.466
    172       O      5       6.000          6.476                        -0.476

  Total Charge                                                            0.072
 !-----------------------------------------------------------------------------!

 ENERGY| Total FORCE_EVAL ( QS ) energy [hartree]          -1721.795904133197610

 *******************************************************************************
 **                 BAND EVALUATION OF ENERGIES AND FORCES                    **
 *******************************************************************************
 **                                                                           **
 **                                                                           **
 ** Replica Env Nr. :    1              Replica Band Nr. :    2               **
 ** Band  Step  Nr. :    5                                                    **
 *******************************************************************************

 Number of electrons:                                                        716
 Number of occupied orbitals:                                                389
 Number of molecular orbitals:                                               458

 Number of orbital functions:                                               1948
 Number of independent orbital functions:                                   1948

 Parameters for the always stable predictor-corrector (ASPC) method:

  ASPC order: 3

  B(1) =   3.000000
  B(2) =  -3.428571
  B(3) =   1.928571
  B(4) =  -0.571429
  B(5) =   0.071429

 *** WARNING in fm/cp_fm_elpa.F:521 :: Setting real_kernel for ELPA failed ***


 Extrapolation method: ASPC


 SCF WAVEFUNCTION OPTIMIZATION

  Step     Update method      Time    Convergence         Total energy    Change
  ------------------------------------------------------------------------------

 *** WARNING in fm/cp_fm_elpa.F:521 :: Setting real_kernel for ELPA failed ***

     1 Broy./Diag. 0.15E+00    8.2     0.21342971     -1721.7286207781 -1.72E+03

 *** WARNING in fm/cp_fm_elpa.F:521 :: Setting real_kernel for ELPA failed ***

     2 Broy./Diag. 0.15E+00   12.6     0.01390290     -1723.2032882822 -1.47E+00

 *** WARNING in fm/cp_fm_elpa.F:521 :: Setting real_kernel for ELPA failed ***

     3 Broy./Diag. 0.15E+00   13.2     0.02574985     -1722.5122219142  6.91E-01

 *** WARNING in fm/cp_fm_elpa.F:521 :: Setting real_kernel for ELPA failed ***

     4 Broy./Diag. 0.15E+00   13.6     0.00804786     -1721.9343655589  5.78E-01

 *** WARNING in fm/cp_fm_elpa.F:521 :: Setting real_kernel for ELPA failed ***

     5 Broy./Diag. 0.15E+00   13.4     0.00257781     -1721.7840070588  1.50E-01

 *** WARNING in fm/cp_fm_elpa.F:521 :: Setting real_kernel for ELPA failed ***

     6 Broy./Diag. 0.15E+00   13.8     0.00216856     -1721.7593193040  2.47E-02

 *** WARNING in fm/cp_fm_elpa.F:521 :: Setting real_kernel for ELPA failed ***

     7 Broy./Diag. 0.15E+00   14.0     0.00095787     -1721.7771525266 -1.78E-02

 *** WARNING in fm/cp_fm_elpa.F:521 :: Setting real_kernel for ELPA failed ***

     8 Broy./Diag. 0.15E+00   14.2     0.00060010     -1721.7935385253 -1.64E-02

 *** WARNING in fm/cp_fm_elpa.F:521 :: Setting real_kernel for ELPA failed ***

     9 Broy./Diag. 0.15E+00   14.0     0.00039657     -1721.8029699963 -9.43E-03

 *** WARNING in fm/cp_fm_elpa.F:521 :: Setting real_kernel for ELPA failed ***

    10 Broy./Diag. 0.15E+00   14.4     0.00026683     -1721.8058669635 -2.90E-03

 *** WARNING in fm/cp_fm_elpa.F:521 :: Setting real_kernel for ELPA failed ***

    11 Broy./Diag. 0.15E+00   15.1     0.00015237     -1721.8051300699  7.37E-04

 *** WARNING in fm/cp_fm_elpa.F:521 :: Setting real_kernel for ELPA failed ***

    12 Broy./Diag. 0.15E+00   14.4     0.00018622     -1721.8012748404  3.86E-03

 *** WARNING in fm/cp_fm_elpa.F:521 :: Setting real_kernel for ELPA failed ***

    13 Broy./Diag. 0.15E+00   14.2     0.00014044     -1721.7973500038  3.92E-03

 *** WARNING in fm/cp_fm_elpa.F:521 :: Setting real_kernel for ELPA failed ***

    14 Broy./Diag. 0.15E+00   14.1     0.00009660     -1721.7951992529  2.15E-03

 *** WARNING in fm/cp_fm_elpa.F:521 :: Setting real_kernel for ELPA failed ***

    15 Broy./Diag. 0.15E+00   13.9     0.00003910     -1721.7947028578  4.96E-04

  *** SCF run converged in    15 steps ***


  Electronic density on regular grids:       -715.9999999256        0.0000000744
  Core density on regular grids:              715.9999999655       -0.0000000345
  Total charge density on r-space grids:        0.0000000399
  Total charge density g-space grids:           0.0000000399

  Overlap energy of the core charge distribution:               0.00003799820277
  Self energy of the core charge distribution:              -4016.67387185402686
  Core Hamiltonian energy:                                   1148.43715218201123
  Hartree energy:                                            1520.91763935929021
  Exchange-correlation energy:                               -374.21225150217452
  Dispersion energy:                                           -0.26118733872066
  Electronic entropic energy:                                  -0.00222164902031
  Fermi energy:                                                -0.01405655713128

  Total energy:                                             -1721.79470285776142

 !-----------------------------------------------------------------------------!
                     Mulliken Population Analysis

 #  Atom  Element  Kind  Atomic population                           Net charge
       1     Ti       1         11.043827                              0.956173
       2     Ti       1         10.986010                              1.013990
       3     Ti       1         10.992381                              1.007619
       4     Ti       1         11.001473                              0.998527
       5     Ti       1         11.000054                              0.999946
       6     Ti       1         11.063212                              0.936788
       7     Ti       1         10.996249                              1.003751
       8     Ti       1         10.988549                              1.011451
       9     H        2          0.932512                              0.067488
      10     H        2          0.908469                              0.091531
      11     H        2          0.905607                              0.094393
      12     H        2          0.925244                              0.074756
      13     H        2          0.924928                              0.075072
      14     H        2          0.959810                              0.040190
      15     H        2          0.942469                              0.057531
      16     H        2          0.933119                              0.066881
      17     H        2          0.934443                              0.065557
      18     H        2          0.927559                              0.072441
      19     H        2          0.930729                              0.069271
      20     H        2          0.942110                              0.057890
      21     H        2          0.821185                              0.178815
      22     H        2          0.850522                              0.149478
      23     H        2          0.883502                              0.116498
      24     H        2          0.829813                              0.170187
      25     H        2          0.928796                              0.071204
      26     H        2          0.938306                              0.061694
      27     H        2          0.927868                              0.072132
      28     H        2          0.918346                              0.081654
      29     H        2          0.918839                              0.081161
      30     H        2          0.913185                              0.086815
      31     H        2          0.885830                              0.114170
      32     H        2          0.888711                              0.111289
      33     H        2          0.863235                              0.136765
      34     H        2          0.728533                              0.271467
      35     H        2          0.891093                              0.108907
      36     H        2          0.901109                              0.098891
      37     H        2          0.880571                              0.119429
      38     H        2          0.890362                              0.109638
      39     H        2          0.885314                              0.114686
      40     H        2          0.879557                              0.120443
      41     H        2          0.882920                              0.117080
      42     H        2          0.880095                              0.119905
      43     C        3          3.769676                              0.230324
      44     C        3          3.771857                              0.228143
      45     C        3          3.774817                              0.225183
      46     C        3          3.774052                              0.225948
      47     C        3          4.068991                             -0.068991
      48     C        3          4.047759                             -0.047759
      49     C        3          4.056425                             -0.056425
      50     C        3          4.027792                             -0.027792
      51     C        3          3.972804                              0.027196
      52     C        3          4.057546                             -0.057546
      53     C        3          3.989083                              0.010917
      54     C        3          4.047473                             -0.047473
      55     C        3          4.045259                             -0.045259
      56     C        3          4.014890                             -0.014890
      57     C        3          4.027102                             -0.027102
      58     C        3          4.048332                             -0.048332
      59     C        3          4.051661                             -0.051661
      60     C        3          4.029673                             -0.029673
      61     C        3          4.048514                             -0.048514
      62     C        3          4.039527                             -0.039527
      63     C        3          4.023840                             -0.023840
      64     C        3          4.065765                             -0.065765
      65     C        3          4.078780                             -0.078780
      66     C        3          3.981220                              0.018780
      67     C        3          3.778202                              0.221798
      68     C        3          3.791160                              0.208840
      69     C        3          3.781361                              0.218639
      70     C        3          3.770257                              0.229743
      71     C        3          3.777727                              0.222273
      72     C        3          3.795990                              0.204010
      73     C        3          3.791893                              0.208107
      74     C        3          3.774976                              0.225024
      75     C        3          3.975155                              0.024845
      76     C        3          4.045006                             -0.045006
      77     C        3          4.024704                             -0.024704
      78     C        3          4.053646                             -0.053646
      79     C        3          4.068982                             -0.068982
      80     C        3          4.014910                             -0.014910
      81     C        3          3.990362                              0.009638
      82     C        3          4.021450                             -0.021450
      83     C        3          3.933952                              0.066048
      84     C        3          4.046780                             -0.046780
      85     C        3          4.008961                             -0.008961
      86     C        3          4.040578                             -0.040578
      87     C        3          3.976424                              0.023576
      88     C        3          4.058026                             -0.058026
      89     C        3          4.064767                             -0.064767
      90     C        3          3.929412                              0.070588
      91     N        4          5.030612                             -0.030612
      92     N        4          5.217870                             -0.217870
      93     N        4          5.002618                             -0.002618
      94     N        4          4.970213                              0.029787
      95     N        4          5.017389                             -0.017389
      96     N        4          5.038123                             -0.038123
      97     O        5          6.325106                             -0.325106
      98     O        5          6.278656                             -0.278656
      99     O        5          6.328658                             -0.328658
     100     O        5          6.284138                             -0.284138
     101     O        5          6.296578                             -0.296578
     102     O        5          6.286584                             -0.286584
     103     O        5          6.292534                             -0.292534
     104     O        5          6.280705                             -0.280705
     105     O        5          6.433786                             -0.433786
     106     O        5          6.466056                             -0.466056
     107     O        5          6.461722                             -0.461722
     108     O        5          6.445676                             -0.445676
     109     O        5          6.415399                             -0.415399
     110     O        5          6.446140                             -0.446140
     111     O        5          6.470871                             -0.470871
     112     O        5          6.462378                             -0.462378
     113     O        5          6.331501                             -0.331501
     114     O        5          6.300119                             -0.300119
     115     O        5          6.336265                             -0.336265
     116     O        5          6.301078                             -0.301078
     117     O        5          6.313319                             -0.313319
     118     O        5          6.326969                             -0.326969
     119     O        5          6.272854                             -0.272854
     120     O        5          6.266446                             -0.266446
     121     O        5          6.329580                             -0.329580
     122     O        5          6.309504                             -0.309504
     123     O        5          6.340412                             -0.340412
     124     O        5          6.313018                             -0.313018
     125     O        5          6.302036                             -0.302036
     126     O        5          6.367697                             -0.367697
     127     O        5          6.289227                             -0.289227
     128     O        5          6.270888                             -0.270888
     129     O        5          6.491156                             -0.491156
     130     O        5          6.459557                             -0.459557
     131     O        5          6.460119                             -0.460119
     132     O        5          6.443690                             -0.443690
     133     H        2          0.938520                              0.061480
     134     H        2          0.911536                              0.088464
     135     H        2          0.913976                              0.086024
     136     H        2          0.909298                              0.090702
     137     C        3          4.265501                             -0.265501
     138     C        3          4.173739                             -0.173739
     139     H        2          0.914222                              0.085778
     140     H        2          0.913782                              0.086218
     141     C        3          4.101503                             -0.101503
     142     C        3          4.121702                             -0.121702
     143     H        2          0.929063                              0.070937
     144     H        2          0.935931                              0.064069
     145     H        2          0.912553                              0.087447
     146     H        2          0.917187                              0.082813
     147     C        3          4.017025                             -0.017025
     148     N        4          4.835610                              0.164390
     149     C        3          3.909058                              0.090942
     150     C        3          3.996615                              0.003385
     151     H        2          0.951009                              0.048991
     152     N        4          4.861396                              0.138604
     153     C        3          4.183453                             -0.183453
     154     H        2          0.918893                              0.081107
     155     H        2          0.916817                              0.083183
     156     H        2          0.931947                              0.068053
     157     H        2          0.943679                              0.056321
     158     O        5          6.217581                             -0.217581
     159     N        4          5.114443                             -0.114443
     160     S        6          5.681407                              0.318593
     161     O        5          6.242324                             -0.242324
     162     F        7          7.207719                             -0.207719
     163     C        3          3.814236                              0.185764
     164     F        7          7.090174                             -0.090174
     165     F        7          7.061277                             -0.061277
     166     C        3          3.847305                              0.152695
     167     F        7          7.115997                             -0.115997
     168     F        7          7.033303                             -0.033303
     169     F        7          7.029226                             -0.029226
     170     O        5          6.334650                             -0.334650
     171     S        6          5.537688                              0.462312
     172     O        5          6.317440                             -0.317440
 # Total charge                            716.000000                  0.000000

 !-----------------------------------------------------------------------------!

 !-----------------------------------------------------------------------------!
                           Hirshfeld Charges

  #Atom  Element  Kind  Ref Charge     Population                    Net charge
      1       Ti     1      12.000         13.513                        -1.513
      2       Ti     1      12.000         13.376                        -1.376
      3       Ti     1      12.000         13.431                        -1.431
      4       Ti     1      12.000         13.459                        -1.459
      5       Ti     1      12.000         13.387                        -1.387
      6       Ti     1      12.000         13.525                        -1.525
      7       Ti     1      12.000         13.408                        -1.408
      8       Ti     1      12.000         13.434                        -1.434
      9       H      2       1.000          0.545                         0.455
     10       H      2       1.000          0.520                         0.480
     11       H      2       1.000          0.522                         0.478
     12       H      2       1.000          0.545                         0.455
     13       H      2       1.000          0.535                         0.465
     14       H      2       1.000          0.545                         0.455
     15       H      2       1.000          0.557                         0.443
     16       H      2       1.000          0.541                         0.459
     17       H      2       1.000          0.542                         0.458
     18       H      2       1.000          0.544                         0.456
     19       H      2       1.000          0.543                         0.457
     20       H      2       1.000          0.552                         0.448
     21       H      2       1.000          0.412                         0.588
     22       H      2       1.000          0.421                         0.579
     23       H      2       1.000          0.427                         0.573
     24       H      2       1.000          0.419                         0.581
     25       H      2       1.000          0.550                         0.450
     26       H      2       1.000          0.553                         0.447
     27       H      2       1.000          0.538                         0.462
     28       H      2       1.000          0.537                         0.463
     29       H      2       1.000          0.534                         0.466
     30       H      2       1.000          0.531                         0.469
     31       H      2       1.000          0.480                         0.520
     32       H      2       1.000          0.461                         0.539
     33       H      2       1.000          0.453                         0.547
     34       H      2       1.000          0.471                         0.529
     35       H      2       1.000          0.482                         0.518
     36       H      2       1.000          0.467                         0.533
     37       H      2       1.000          0.479                         0.521
     38       H      2       1.000          0.464                         0.536
     39       H      2       1.000          0.475                         0.525
     40       H      2       1.000          0.456                         0.544
     41       H      2       1.000          0.478                         0.522
     42       H      2       1.000          0.456                         0.544
     43       C      3       4.000          3.465                         0.535
     44       C      3       4.000          3.448                         0.552
     45       C      3       4.000          3.474                         0.526
     46       C      3       4.000          3.463                         0.537
     47       C      3       4.000          4.022                        -0.022
     48       C      3       4.000          3.991                         0.009
     49       C      3       4.000          4.019                        -0.019
     50       C      3       4.000          3.990                         0.010
     51       C      3       4.000          3.876                         0.124
     52       C      3       4.000          4.443                        -0.443
     53       C      3       4.000          3.868                         0.132
     54       C      3       4.000          4.408                        -0.408
     55       C      3       4.000          4.431                        -0.431
     56       C      3       4.000          4.386                        -0.386
     57       C      3       4.000          4.399                        -0.399
     58       C      3       4.000          4.452                        -0.452
     59       C      3       4.000          4.022                        -0.022
     60       C      3       4.000          4.000                         0.000
     61       C      3       4.000          4.006                        -0.006
     62       C      3       4.000          3.983                         0.017
     63       C      3       4.000          3.979                         0.021
     64       C      3       4.000          4.020                        -0.020
     65       C      3       4.000          4.030                        -0.030
     66       C      3       4.000          3.960                         0.040
     67       C      3       4.000          3.478                         0.522
     68       C      3       4.000          3.491                         0.509
     69       C      3       4.000          3.482                         0.518
     70       C      3       4.000          3.453                         0.547
     71       C      3       4.000          3.461                         0.539
     72       C      3       4.000          3.456                         0.544
     73       C      3       4.000          3.453                         0.547
     74       C      3       4.000          3.491                         0.509
     75       C      3       4.000          3.857                         0.143
     76       C      3       4.000          4.431                        -0.431
     77       C      3       4.000          4.371                        -0.371
     78       C      3       4.000          4.419                        -0.419
     79       C      3       4.000          4.466                        -0.466
     80       C      3       4.000          4.384                        -0.384
     81       C      3       4.000          4.357                        -0.357
     82       C      3       4.000          4.379                        -0.379
     83       C      3       4.000          3.824                         0.176
     84       C      3       4.000          4.445                        -0.445
     85       C      3       4.000          4.371                        -0.371
     86       C      3       4.000          4.405                        -0.405
     87       C      3       4.000          3.878                         0.122
     88       C      3       4.000          4.415                        -0.415
     89       C      3       4.000          4.426                        -0.426
     90       C      3       4.000          3.867                         0.133
     91       N      4       5.000          5.898                        -0.898
     92       N      4       5.000          5.852                        -0.852
     93       N      4       5.000          5.915                        -0.915
     94       N      4       5.000          5.821                        -0.821
     95       N      4       5.000          5.880                        -0.880
     96       N      4       5.000          5.896                        -0.896
     97       O      5       6.000          6.165                        -0.165
     98       O      5       6.000          6.101                        -0.101
     99       O      5       6.000          6.183                        -0.183
    100       O      5       6.000          6.133                        -0.133
    101       O      5       6.000          6.124                        -0.124
    102       O      5       6.000          6.120                        -0.120
    103       O      5       6.000          6.101                        -0.101
    104       O      5       6.000          6.090                        -0.090
    105       O      5       6.000          5.662                         0.338
    106       O      5       6.000          5.717                         0.283
    107       O      5       6.000          5.730                         0.270
    108       O      5       6.000          5.686                         0.314
    109       O      5       6.000          5.645                         0.355
    110       O      5       6.000          5.685                         0.315
    111       O      5       6.000          5.768                         0.232
    112       O      5       6.000          5.692                         0.308
    113       O      5       6.000          6.120                        -0.120
    114       O      5       6.000          6.144                        -0.144
    115       O      5       6.000          6.200                        -0.200
    116       O      5       6.000          6.103                        -0.103
    117       O      5       6.000          6.102                        -0.102
    118       O      5       6.000          6.161                        -0.161
    119       O      5       6.000          6.154                        -0.154
    120       O      5       6.000          6.102                        -0.102
    121       O      5       6.000          6.071                        -0.071
    122       O      5       6.000          6.097                        -0.097
    123       O      5       6.000          6.193                        -0.193
    124       O      5       6.000          6.165                        -0.165
    125       O      5       6.000          6.066                        -0.066
    126       O      5       6.000          6.201                        -0.201
    127       O      5       6.000          6.133                        -0.133
    128       O      5       6.000          6.066                        -0.066
    129       O      5       6.000          6.013                        -0.013
    130       O      5       6.000          6.022                        -0.022
    131       O      5       6.000          5.984                         0.016
    132       O      5       6.000          5.914                         0.086
    133       H      2       1.000          0.569                         0.431
    134       H      2       1.000          0.563                         0.437
    135       H      2       1.000          0.555                         0.445
    136       H      2       1.000          0.559                         0.441
    137       C      3       4.000          5.286                        -1.286
    138       C      3       4.000          4.818                        -0.818
    139       H      2       1.000          0.545                         0.455
    140       H      2       1.000          0.556                         0.444
    141       C      3       4.000          4.493                        -0.493
    142       C      3       4.000          4.732                        -0.732
    143       H      2       1.000          0.571                         0.429
    144       H      2       1.000          0.530                         0.470
    145       H      2       1.000          0.549                         0.451
    146       H      2       1.000          0.541                         0.459
    147       C      3       4.000          4.247                        -0.247
    148       N      4       5.000          5.128                        -0.128
    149       C      3       4.000          4.050                        -0.050
    150       C      3       4.000          4.207                        -0.207
    151       H      2       1.000          0.504                         0.496
    152       N      4       5.000          5.160                        -0.160
    153       C      3       4.000          4.735                        -0.735
    154       H      2       1.000          0.534                         0.466
    155       H      2       1.000          0.532                         0.468
    156       H      2       1.000          0.518                         0.482
    157       H      2       1.000          0.526                         0.474
    158       O      5       6.000          6.423                        -0.423
    159       N      4       5.000          5.270                        -0.270
    160       S      6       6.000          5.593                         0.407
    161       O      5       6.000          6.529                        -0.529
    162       F      7       7.000          7.389                        -0.389
    163       C      3       4.000          3.146                         0.854
    164       F      7       7.000          7.275                        -0.275
    165       F      7       7.000          7.291                        -0.291
    166       C      3       4.000          3.111                         0.889
    167       F      7       7.000          7.301                        -0.301
    168       F      7       7.000          7.240                        -0.240
    169       F      7       7.000          7.262                        -0.262
    170       O      5       6.000          6.445                        -0.445
    171       S      6       6.000          5.534                         0.466
    172       O      5       6.000          6.476                        -0.476

  Total Charge                                                            0.072
 !-----------------------------------------------------------------------------!

 ENERGY| Total FORCE_EVAL ( QS ) energy [hartree]          -1721.795904138189144

 *******************************************************************************
 **                 BAND EVALUATION OF ENERGIES AND FORCES                    **
 *******************************************************************************
 **                                                                           **
 **                                                                           **
 ** Replica Env Nr. :    1              Replica Band Nr. :    2               **
 ** Band  Step  Nr. :    6                                                    **
 *******************************************************************************

 Number of electrons:                                                        716
 Number of occupied orbitals:                                                389
 Number of molecular orbitals:                                               458

 Number of orbital functions:                                               1948
 Number of independent orbital functions:                                   1948

 Parameters for the always stable predictor-corrector (ASPC) method:

  ASPC order: 3

  B(1) =   3.000000
  B(2) =  -3.428571
  B(3) =   1.928571
  B(4) =  -0.571429
  B(5) =   0.071429

 *** WARNING in fm/cp_fm_elpa.F:521 :: Setting real_kernel for ELPA failed ***


 Extrapolation method: ASPC


 SCF WAVEFUNCTION OPTIMIZATION

  Step     Update method      Time    Convergence         Total energy    Change
  ------------------------------------------------------------------------------

 *** WARNING in fm/cp_fm_elpa.F:521 :: Setting real_kernel for ELPA failed ***

     1 Broy./Diag. 0.15E+00    8.7     0.07154089     -1721.9741610387 -1.72E+03

 *** WARNING in fm/cp_fm_elpa.F:521 :: Setting real_kernel for ELPA failed ***

     2 Broy./Diag. 0.15E+00   12.5     0.00924374     -1722.7748895347 -8.01E-01

 *** WARNING in fm/cp_fm_elpa.F:521 :: Setting real_kernel for ELPA failed ***

     3 Broy./Diag. 0.15E+00   13.2     0.01580924     -1722.4056823190  3.69E-01

 *** WARNING in fm/cp_fm_elpa.F:521 :: Setting real_kernel for ELPA failed ***

     4 Broy./Diag. 0.15E+00   13.2     0.00409934     -1722.0871111295  3.19E-01

 *** WARNING in fm/cp_fm_elpa.F:521 :: Setting real_kernel for ELPA failed ***

     5 Broy./Diag. 0.15E+00   13.5     0.00137307     -1721.9857122970  1.01E-01

 *** WARNING in fm/cp_fm_elpa.F:521 :: Setting real_kernel for ELPA failed ***

     6 Broy./Diag. 0.15E+00   15.0     0.00159437     -1721.9706299812  1.51E-02

 *** WARNING in fm/cp_fm_elpa.F:521 :: Setting real_kernel for ELPA failed ***

     7 Broy./Diag. 0.15E+00   14.8     0.00049680     -1721.9859391111 -1.53E-02

 *** WARNING in fm/cp_fm_elpa.F:521 :: Setting real_kernel for ELPA failed ***

     8 Broy./Diag. 0.15E+00   14.4     0.00035109     -1721.9983007079 -1.24E-02

 *** WARNING in fm/cp_fm_elpa.F:521 :: Setting real_kernel for ELPA failed ***

     9 Broy./Diag. 0.15E+00   14.0     0.00010564     -1722.0049597925 -6.66E-03

 *** WARNING in fm/cp_fm_elpa.F:521 :: Setting real_kernel for ELPA failed ***

    10 Broy./Diag. 0.15E+00   14.3     0.00012565     -1722.0072744097 -2.31E-03

 *** WARNING in fm/cp_fm_elpa.F:521 :: Setting real_kernel for ELPA failed ***

    11 Broy./Diag. 0.15E+00   14.2     0.00006528     -1722.0073552612 -8.09E-05

 *** WARNING in fm/cp_fm_elpa.F:521 :: Setting real_kernel for ELPA failed ***

    12 Broy./Diag. 0.15E+00   14.0     0.00007045     -1722.0057387382  1.62E-03

 *** WARNING in fm/cp_fm_elpa.F:521 :: Setting real_kernel for ELPA failed ***

    13 Broy./Diag. 0.15E+00   14.0     0.00003967     -1722.0040138715  1.72E-03

  *** SCF run converged in    13 steps ***


  Electronic density on regular grids:       -715.9999999257        0.0000000743
  Core density on regular grids:              715.9999999655       -0.0000000345
  Total charge density on r-space grids:        0.0000000398
  Total charge density g-space grids:           0.0000000398

  Overlap energy of the core charge distribution:               0.00003016287125
  Self energy of the core charge distribution:              -4016.67387185402686
  Core Hamiltonian energy:                                   1146.93692380730090
  Hartree energy:                                            1521.90074954400052
  Exchange-correlation energy:                               -373.90427905342307
  Dispersion energy:                                           -0.26156647433517
  Electronic entropic energy:                                  -0.00199993173578
  Fermi energy:                                                -0.01404148990751

  Total energy:                                             -1722.00401387147872

 !-----------------------------------------------------------------------------!
                     Mulliken Population Analysis

 #  Atom  Element  Kind  Atomic population                           Net charge
       1     Ti       1         11.037300                              0.962700
       2     Ti       1         10.986303                              1.013697
       3     Ti       1         10.993975                              1.006025
       4     Ti       1         11.000997                              0.999003
       5     Ti       1         11.001979                              0.998021
       6     Ti       1         11.057764                              0.942236
       7     Ti       1         10.996633                              1.003367
       8     Ti       1         10.987978                              1.012022
       9     H        2          0.932351                              0.067649
      10     H        2          0.901774                              0.098226
      11     H        2          0.897522                              0.102478
      12     H        2          0.923874                              0.076126
      13     H        2          0.921091                              0.078909
      14     H        2          0.955590                              0.044410
      15     H        2          0.945611                              0.054389
      16     H        2          0.929471                              0.070529
      17     H        2          0.936903                              0.063097
      18     H        2          0.927508                              0.072492
      19     H        2          0.930724                              0.069276
      20     H        2          0.943472                              0.056528
      21     H        2          0.821751                              0.178249
      22     H        2          0.850134                              0.149866
      23     H        2          0.881798                              0.118202
      24     H        2          0.829387                              0.170613
      25     H        2          0.930197                              0.069803
      26     H        2          0.939192                              0.060808
      27     H        2          0.925407                              0.074593
      28     H        2          0.915000                              0.085000
      29     H        2          0.914509                              0.085491
      30     H        2          0.909571                              0.090429
      31     H        2          0.885569                              0.114431
      32     H        2          0.888497                              0.111503
      33     H        2          0.859380                              0.140620
      34     H        2          0.736264                              0.263736
      35     H        2          0.890646                              0.109354
      36     H        2          0.902697                              0.097303
      37     H        2          0.880954                              0.119046
      38     H        2          0.890280                              0.109720
      39     H        2          0.885690                              0.114310
      40     H        2          0.877732                              0.122268
      41     H        2          0.882755                              0.117245
      42     H        2          0.878899                              0.121101
      43     C        3          3.769800                              0.230200
      44     C        3          3.771469                              0.228531
      45     C        3          3.775361                              0.224639
      46     C        3          3.774146                              0.225854
      47     C        3          4.067179                             -0.067179
      48     C        3          4.045003                             -0.045003
      49     C        3          4.056081                             -0.056081
      50     C        3          4.027326                             -0.027326
      51     C        3          3.973811                              0.026189
      52     C        3          4.062154                             -0.062154
      53     C        3          3.988413                              0.011587
      54     C        3          4.050209                             -0.050209
      55     C        3          4.042686                             -0.042686
      56     C        3          4.013115                             -0.013115
      57     C        3          4.031117                             -0.031117
      58     C        3          4.051097                             -0.051097
      59     C        3          4.051513                             -0.051513
      60     C        3          4.029716                             -0.029716
      61     C        3          4.046331                             -0.046331
      62     C        3          4.037054                             -0.037054
      63     C        3          4.020860                             -0.020860
      64     C        3          4.064522                             -0.064522
      65     C        3          4.072599                             -0.072599
      66     C        3          3.986007                              0.013993
      67     C        3          3.777992                              0.222008
      68     C        3          3.791246                              0.208754
      69     C        3          3.781729                              0.218271
      70     C        3          3.770408                              0.229592
      71     C        3          3.778227                              0.221773
      72     C        3          3.792279                              0.207721
      73     C        3          3.791582                              0.208418
      74     C        3          3.779199                              0.220801
      75     C        3          3.975026                              0.024974
      76     C        3          4.045233                             -0.045233
      77     C        3          4.033869                             -0.033869
      78     C        3          4.060839                             -0.060839
      79     C        3          4.067894                             -0.067894
      80     C        3          4.016314                             -0.016314
      81     C        3          3.984174                              0.015826
      82     C        3          4.024599                             -0.024599
      83     C        3          3.936706                              0.063294
      84     C        3          4.048990                             -0.048990
      85     C        3          4.008920                             -0.008920
      86     C        3          4.040584                             -0.040584
      87     C        3          3.980686                              0.019314
      88     C        3          4.053479                             -0.053479
      89     C        3          4.067843                             -0.067843
      90     C        3          3.931415                              0.068585
      91     N        4          5.030756                             -0.030756
      92     N        4          5.213773                             -0.213773
      93     N        4          4.993419                              0.006581
      94     N        4          4.965459                              0.034541
      95     N        4          5.022765                             -0.022765
      96     N        4          5.044702                             -0.044702
      97     O        5          6.325083                             -0.325083
      98     O        5          6.277936                             -0.277936
      99     O        5          6.325737                             -0.325737
     100     O        5          6.284664                             -0.284664
     101     O        5          6.296949                             -0.296949
     102     O        5          6.288066                             -0.288066
     103     O        5          6.292088                             -0.292088
     104     O        5          6.279976                             -0.279976
     105     O        5          6.434232                             -0.434232
     106     O        5          6.464532                             -0.464532
     107     O        5          6.461637                             -0.461637
     108     O        5          6.446372                             -0.446372
     109     O        5          6.415162                             -0.415162
     110     O        5          6.447234                             -0.447234
     111     O        5          6.469358                             -0.469358
     112     O        5          6.462611                             -0.462611
     113     O        5          6.331376                             -0.331376
     114     O        5          6.300269                             -0.300269
     115     O        5          6.336723                             -0.336723
     116     O        5          6.300170                             -0.300170
     117     O        5          6.313986                             -0.313986
     118     O        5          6.324948                             -0.324948
     119     O        5          6.289242                             -0.289242
     120     O        5          6.267282                             -0.267282
     121     O        5          6.330702                             -0.330702
     122     O        5          6.310044                             -0.310044
     123     O        5          6.340397                             -0.340397
     124     O        5          6.313845                             -0.313845
     125     O        5          6.306176                             -0.306176
     126     O        5          6.357870                             -0.357870
     127     O        5          6.288970                             -0.288970
     128     O        5          6.283234                             -0.283234
     129     O        5          6.491057                             -0.491057
     130     O        5          6.461194                             -0.461194
     131     O        5          6.461668                             -0.461668
     132     O        5          6.448597                             -0.448597
     133     H        2          0.938131                              0.061869
     134     H        2          0.911461                              0.088539
     135     H        2          0.913860                              0.086140
     136     H        2          0.909212                              0.090788
     137     C        3          4.265940                             -0.265940
     138     C        3          4.174084                             -0.174084
     139     H        2          0.914210                              0.085790
     140     H        2          0.913572                              0.086428
     141     C        3          4.101446                             -0.101446
     142     C        3          4.121841                             -0.121841
     143     H        2          0.928717                              0.071283
     144     H        2          0.936214                              0.063786
     145     H        2          0.912260                              0.087740
     146     H        2          0.918731                              0.081269
     147     C        3          4.017428                             -0.017428
     148     N        4          4.835775                              0.164225
     149     C        3          3.908702                              0.091298
     150     C        3          3.996869                              0.003131
     151     H        2          0.953112                              0.046888
     152     N        4          4.860905                              0.139095
     153     C        3          4.182098                             -0.182098
     154     H        2          0.919617                              0.080383
     155     H        2          0.916545                              0.083455
     156     H        2          0.931780                              0.068220
     157     H        2          0.938937                              0.061063
     158     O        5          6.273833                             -0.273833
     159     N        4          5.205273                             -0.205273
     160     S        6          5.537264                              0.462736
     161     O        5          6.287322                             -0.287322
     162     F        7          7.177612                             -0.177612
     163     C        3          3.816513                              0.183487
     164     F        7          7.097146                             -0.097146
     165     F        7          7.069559                             -0.069559
     166     C        3          3.848569                              0.151431
     167     F        7          7.105366                             -0.105366
     168     F        7          7.055654                             -0.055654
     169     F        7          7.051571                             -0.051571
     170     O        5          6.350145                             -0.350145
     171     S        6          5.466595                              0.533405
     172     O        5          6.303938                             -0.303938
 # Total charge                            716.000000                  0.000000

 !-----------------------------------------------------------------------------!

 !-----------------------------------------------------------------------------!
                           Hirshfeld Charges

  #Atom  Element  Kind  Ref Charge     Population                    Net charge
      1       Ti     1      12.000         13.508                        -1.508
      2       Ti     1      12.000         13.382                        -1.382
      3       Ti     1      12.000         13.434                        -1.434
      4       Ti     1      12.000         13.460                        -1.460
      5       Ti     1      12.000         13.395                        -1.395
      6       Ti     1      12.000         13.530                        -1.530
      7       Ti     1      12.000         13.409                        -1.409
      8       Ti     1      12.000         13.434                        -1.434
      9       H      2       1.000          0.545                         0.455
     10       H      2       1.000          0.519                         0.481
     11       H      2       1.000          0.521                         0.479
     12       H      2       1.000          0.545                         0.455
     13       H      2       1.000          0.535                         0.465
     14       H      2       1.000          0.545                         0.455
     15       H      2       1.000          0.556                         0.444
     16       H      2       1.000          0.540                         0.460
     17       H      2       1.000          0.543                         0.457
     18       H      2       1.000          0.544                         0.456
     19       H      2       1.000          0.543                         0.457
     20       H      2       1.000          0.552                         0.448
     21       H      2       1.000          0.413                         0.587
     22       H      2       1.000          0.420                         0.580
     23       H      2       1.000          0.426                         0.574
     24       H      2       1.000          0.419                         0.581
     25       H      2       1.000          0.550                         0.450
     26       H      2       1.000          0.553                         0.447
     27       H      2       1.000          0.538                         0.462
     28       H      2       1.000          0.537                         0.463
     29       H      2       1.000          0.534                         0.466
     30       H      2       1.000          0.531                         0.469
     31       H      2       1.000          0.480                         0.520
     32       H      2       1.000          0.461                         0.539
     33       H      2       1.000          0.451                         0.549
     34       H      2       1.000          0.468                         0.532
     35       H      2       1.000          0.480                         0.520
     36       H      2       1.000          0.467                         0.533
     37       H      2       1.000          0.480                         0.520
     38       H      2       1.000          0.464                         0.536
     39       H      2       1.000          0.475                         0.525
     40       H      2       1.000          0.455                         0.545
     41       H      2       1.000          0.478                         0.522
     42       H      2       1.000          0.455                         0.545
     43       C      3       4.000          3.465                         0.535
     44       C      3       4.000          3.447                         0.553
     45       C      3       4.000          3.474                         0.526
     46       C      3       4.000          3.463                         0.537
     47       C      3       4.000          4.024                        -0.024
     48       C      3       4.000          3.992                         0.008
     49       C      3       4.000          4.020                        -0.020
     50       C      3       4.000          3.991                         0.009
     51       C      3       4.000          3.874                         0.126
     52       C      3       4.000          4.441                        -0.441
     53       C      3       4.000          3.866                         0.134
     54       C      3       4.000          4.407                        -0.407
     55       C      3       4.000          4.429                        -0.429
     56       C      3       4.000          4.386                        -0.386
     57       C      3       4.000          4.397                        -0.397
     58       C      3       4.000          4.451                        -0.451
     59       C      3       4.000          4.022                        -0.022
     60       C      3       4.000          4.000                        -0.000
     61       C      3       4.000          4.007                        -0.007
     62       C      3       4.000          3.984                         0.016
     63       C      3       4.000          3.982                         0.018
     64       C      3       4.000          4.022                        -0.022
     65       C      3       4.000          4.027                        -0.027
     66       C      3       4.000          3.964                         0.036
     67       C      3       4.000          3.478                         0.522
     68       C      3       4.000          3.492                         0.508
     69       C      3       4.000          3.482                         0.518
     70       C      3       4.000          3.453                         0.547
     71       C      3       4.000          3.460                         0.540
     72       C      3       4.000          3.457                         0.543
     73       C      3       4.000          3.456                         0.544
     74       C      3       4.000          3.488                         0.512
     75       C      3       4.000          3.857                         0.143
     76       C      3       4.000          4.431                        -0.431
     77       C      3       4.000          4.370                        -0.370
     78       C      3       4.000          4.420                        -0.420
     79       C      3       4.000          4.459                        -0.459
     80       C      3       4.000          4.382                        -0.382
     81       C      3       4.000          4.355                        -0.355
     82       C      3       4.000          4.384                        -0.384
     83       C      3       4.000          3.824                         0.176
     84       C      3       4.000          4.447                        -0.447
     85       C      3       4.000          4.371                        -0.371
     86       C      3       4.000          4.405                        -0.405
     87       C      3       4.000          3.876                         0.124
     88       C      3       4.000          4.414                        -0.414
     89       C      3       4.000          4.426                        -0.426
     90       C      3       4.000          3.865                         0.135
     91       N      4       5.000          5.898                        -0.898
     92       N      4       5.000          5.859                        -0.859
     93       N      4       5.000          5.907                        -0.907
     94       N      4       5.000          5.817                        -0.817
     95       N      4       5.000          5.885                        -0.885
     96       N      4       5.000          5.902                        -0.902
     97       O      5       6.000          6.165                        -0.165
     98       O      5       6.000          6.101                        -0.101
     99       O      5       6.000          6.183                        -0.183
    100       O      5       6.000          6.132                        -0.132
    101       O      5       6.000          6.122                        -0.122
    102       O      5       6.000          6.121                        -0.121
    103       O      5       6.000          6.101                        -0.101
    104       O      5       6.000          6.086                        -0.086
    105       O      5       6.000          5.661                         0.339
    106       O      5       6.000          5.718                         0.282
    107       O      5       6.000          5.732                         0.268
    108       O      5       6.000          5.684                         0.316
    109       O      5       6.000          5.644                         0.356
    110       O      5       6.000          5.687                         0.313
    111       O      5       6.000          5.767                         0.233
    112       O      5       6.000          5.693                         0.307
    113       O      5       6.000          6.119                        -0.119
    114       O      5       6.000          6.145                        -0.145
    115       O      5       6.000          6.199                        -0.199
    116       O      5       6.000          6.102                        -0.102
    117       O      5       6.000          6.102                        -0.102
    118       O      5       6.000          6.160                        -0.160
    119       O      5       6.000          6.153                        -0.153
    120       O      5       6.000          6.099                        -0.099
    121       O      5       6.000          6.072                        -0.072
    122       O      5       6.000          6.097                        -0.097
    123       O      5       6.000          6.192                        -0.192
    124       O      5       6.000          6.167                        -0.167
    125       O      5       6.000          6.068                        -0.068
    126       O      5       6.000          6.204                        -0.204
    127       O      5       6.000          6.131                        -0.131
    128       O      5       6.000          6.066                        -0.066
    129       O      5       6.000          6.013                        -0.013
    130       O      5       6.000          6.020                        -0.020
    131       O      5       6.000          5.985                         0.015
    132       O      5       6.000          5.921                         0.079
    133       H      2       1.000          0.569                         0.431
    134       H      2       1.000          0.562                         0.438
    135       H      2       1.000          0.555                         0.445
    136       H      2       1.000          0.559                         0.441
    137       C      3       4.000          5.285                        -1.285
    138       C      3       4.000          4.817                        -0.817
    139       H      2       1.000          0.544                         0.456
    140       H      2       1.000          0.556                         0.444
    141       C      3       4.000          4.492                        -0.492
    142       C      3       4.000          4.730                        -0.730
    143       H      2       1.000          0.571                         0.429
    144       H      2       1.000          0.530                         0.470
    145       H      2       1.000          0.548                         0.452
    146       H      2       1.000          0.541                         0.459
    147       C      3       4.000          4.247                        -0.247
    148       N      4       5.000          5.128                        -0.128
    149       C      3       4.000          4.047                        -0.047
    150       C      3       4.000          4.205                        -0.205
    151       H      2       1.000          0.502                         0.498
    152       N      4       5.000          5.160                        -0.160
    153       C      3       4.000          4.739                        -0.739
    154       H      2       1.000          0.535                         0.465
    155       H      2       1.000          0.532                         0.468
    156       H      2       1.000          0.518                         0.482
    157       H      2       1.000          0.526                         0.474
    158       O      5       6.000          6.430                        -0.430
    159       N      4       5.000          5.281                        -0.281
    160       S      6       6.000          5.586                         0.414
    161       O      5       6.000          6.536                        -0.536
    162       F      7       7.000          7.372                        -0.372
    163       C      3       4.000          3.129                         0.871
    164       F      7       7.000          7.285                        -0.285
    165       F      7       7.000          7.297                        -0.297
    166       C      3       4.000          3.103                         0.897
    167       F      7       7.000          7.296                        -0.296
    168       F      7       7.000          7.257                        -0.257
    169       F      7       7.000          7.279                        -0.279
    170       O      5       6.000          6.442                        -0.442
    171       S      6       6.000          5.534                         0.466
    172       O      5       6.000          6.464                        -0.464

  Total Charge                                                            0.071
 !-----------------------------------------------------------------------------!

 ENERGY| Total FORCE_EVAL ( QS ) energy [hartree]          -1722.004032100099039

 *******************************************************************************
 **                 BAND EVALUATION OF ENERGIES AND FORCES                    **
 *******************************************************************************
 **                                                                           **
 **                                                                           **
 ** Replica Env Nr. :    1              Replica Band Nr. :    2               **
 ** Band  Step  Nr. :    6                                                    **
 *******************************************************************************

 Number of electrons:                                                        716
 Number of occupied orbitals:                                                389
 Number of molecular orbitals:                                               458

 Number of orbital functions:                                               1948
 Number of independent orbital functions:                                   1948

 Parameters for the always stable predictor-corrector (ASPC) method:

  ASPC order: 3

  B(1) =   3.000000
  B(2) =  -3.428571
  B(3) =   1.928571
  B(4) =  -0.571429
  B(5) =   0.071429

 *** WARNING in fm/cp_fm_elpa.F:521 :: Setting real_kernel for ELPA failed ***


 Extrapolation method: ASPC


 SCF WAVEFUNCTION OPTIMIZATION

  Step     Update method      Time    Convergence         Total energy    Change
  ------------------------------------------------------------------------------

 *** WARNING in fm/cp_fm_elpa.F:521 :: Setting real_kernel for ELPA failed ***

     1 Broy./Diag. 0.15E+00    8.3     0.10515467     -1721.9673468170 -1.72E+03

 *** WARNING in fm/cp_fm_elpa.F:521 :: Setting real_kernel for ELPA failed ***

     2 Broy./Diag. 0.15E+00   12.8     0.00989402     -1722.9566673487 -9.89E-01

 *** WARNING in fm/cp_fm_elpa.F:521 :: Setting real_kernel for ELPA failed ***

     3 Broy./Diag. 0.15E+00   13.1     0.01360352     -1722.5153013427  4.41E-01

 *** WARNING in fm/cp_fm_elpa.F:521 :: Setting real_kernel for ELPA failed ***

     4 Broy./Diag. 0.15E+00   13.2     0.00521917     -1722.1362863518  3.79E-01

 *** WARNING in fm/cp_fm_elpa.F:521 :: Setting real_kernel for ELPA failed ***

     5 Broy./Diag. 0.15E+00   13.5     0.00237430     -1722.0068133180  1.29E-01

 *** WARNING in fm/cp_fm_elpa.F:521 :: Setting real_kernel for ELPA failed ***

     6 Broy./Diag. 0.15E+00   13.4     0.00129416     -1721.9744264481  3.24E-02

 *** WARNING in fm/cp_fm_elpa.F:521 :: Setting real_kernel for ELPA failed ***

     7 Broy./Diag. 0.15E+00   13.2     0.00061635     -1721.9869766575 -1.26E-02

 *** WARNING in fm/cp_fm_elpa.F:521 :: Setting real_kernel for ELPA failed ***

     8 Broy./Diag. 0.15E+00   13.2     0.00042166     -1722.0001052680 -1.31E-02

 *** WARNING in fm/cp_fm_elpa.F:521 :: Setting real_kernel for ELPA failed ***

     9 Broy./Diag. 0.15E+00   13.7     0.00016238     -1722.0065970028 -6.49E-03

 *** WARNING in fm/cp_fm_elpa.F:521 :: Setting real_kernel for ELPA failed ***

    10 Broy./Diag. 0.15E+00   13.8     0.00013347     -1722.0084568469 -1.86E-03

 *** WARNING in fm/cp_fm_elpa.F:521 :: Setting real_kernel for ELPA failed ***

    11 Broy./Diag. 0.15E+00   13.9     0.00006808     -1722.0086997537 -2.43E-04

 *** WARNING in fm/cp_fm_elpa.F:521 :: Setting real_kernel for ELPA failed ***

    12 Broy./Diag. 0.15E+00   14.0     0.00006107     -1722.0074131178  1.29E-03

 *** WARNING in fm/cp_fm_elpa.F:521 :: Setting real_kernel for ELPA failed ***

    13 Broy./Diag. 0.15E+00   13.9     0.00005683     -1722.0053986983  2.01E-03

 *** WARNING in fm/cp_fm_elpa.F:521 :: Setting real_kernel for ELPA failed ***

    14 Broy./Diag. 0.15E+00   13.8     0.00004659     -1722.0039944050  1.40E-03

  *** SCF run converged in    14 steps ***


  Electronic density on regular grids:       -715.9999999257        0.0000000743
  Core density on regular grids:              715.9999999655       -0.0000000345
  Total charge density on r-space grids:        0.0000000398
  Total charge density g-space grids:           0.0000000398

  Overlap energy of the core charge distribution:               0.00003016287125
  Self energy of the core charge distribution:              -4016.67387185402686
  Core Hamiltonian energy:                                   1146.93681101586276
  Hartree energy:                                            1521.90090749708293
  Exchange-correlation energy:                               -373.90430443373918
  Dispersion energy:                                           -0.26156647433517
  Electronic entropic energy:                                  -0.00200000045443
  Fermi energy:                                                -0.01404029050694

  Total energy:                                             -1722.00399440499768

 !-----------------------------------------------------------------------------!
                     Mulliken Population Analysis

 #  Atom  Element  Kind  Atomic population                           Net charge
       1     Ti       1         11.037308                              0.962692
       2     Ti       1         10.986309                              1.013691
       3     Ti       1         10.994004                              1.005996
       4     Ti       1         11.000990                              0.999010
       5     Ti       1         11.001984                              0.998016
       6     Ti       1         11.057753                              0.942247
       7     Ti       1         10.996651                              1.003349
       8     Ti       1         10.987978                              1.012022
       9     H        2          0.932357                              0.067643
      10     H        2          0.901773                              0.098227
      11     H        2          0.897525                              0.102475
      12     H        2          0.923883                              0.076117
      13     H        2          0.921103                              0.078897
      14     H        2          0.955595                              0.044405
      15     H        2          0.945616                              0.054384
      16     H        2          0.929472                              0.070528
      17     H        2          0.936902                              0.063098
      18     H        2          0.927517                              0.072483
      19     H        2          0.930724                              0.069276
      20     H        2          0.943480                              0.056520
      21     H        2          0.821749                              0.178251
      22     H        2          0.850132                              0.149868
      23     H        2          0.881797                              0.118203
      24     H        2          0.829386                              0.170614
      25     H        2          0.930202                              0.069798
      26     H        2          0.939184                              0.060816
      27     H        2          0.925415                              0.074585
      28     H        2          0.915005                              0.084995
      29     H        2          0.914518                              0.085482
      30     H        2          0.909578                              0.090422
      31     H        2          0.885569                              0.114431
      32     H        2          0.888494                              0.111506
      33     H        2          0.859384                              0.140616
      34     H        2          0.736280                              0.263720
      35     H        2          0.890658                              0.109342
      36     H        2          0.902695                              0.097305
      37     H        2          0.880949                              0.119051
      38     H        2          0.890283                              0.109717
      39     H        2          0.885691                              0.114309
      40     H        2          0.877731                              0.122269
      41     H        2          0.882743                              0.117257
      42     H        2          0.878900                              0.121100
      43     C        3          3.769813                              0.230187
      44     C        3          3.771476                              0.228524
      45     C        3          3.775363                              0.224637
      46     C        3          3.774149                              0.225851
      47     C        3          4.067187                             -0.067187
      48     C        3          4.045011                             -0.045011
      49     C        3          4.056083                             -0.056083
      50     C        3          4.027322                             -0.027322
      51     C        3          3.973819                              0.026181
      52     C        3          4.062175                             -0.062175
      53     C        3          3.988412                              0.011588
      54     C        3          4.050216                             -0.050216
      55     C        3          4.042674                             -0.042674
      56     C        3          4.013128                             -0.013128
      57     C        3          4.031113                             -0.031113
      58     C        3          4.051118                             -0.051118
      59     C        3          4.051506                             -0.051506
      60     C        3          4.029715                             -0.029715
      61     C        3          4.046321                             -0.046321
      62     C        3          4.037049                             -0.037049
      63     C        3          4.020833                             -0.020833
      64     C        3          4.064521                             -0.064521
      65     C        3          4.072580                             -0.072580
      66     C        3          3.985994                              0.014006
      67     C        3          3.777986                              0.222014
      68     C        3          3.791250                              0.208750
      69     C        3          3.781724                              0.218276
      70     C        3          3.770410                              0.229590
      71     C        3          3.778231                              0.221769
      72     C        3          3.792282                              0.207718
      73     C        3          3.791577                              0.208423
      74     C        3          3.779203                              0.220797
      75     C        3          3.975017                              0.024983
      76     C        3          4.045246                             -0.045246
      77     C        3          4.033884                             -0.033884
      78     C        3          4.060821                             -0.060821
      79     C        3          4.067950                             -0.067950
      80     C        3          4.016273                             -0.016273
      81     C        3          3.984171                              0.015829
      82     C        3          4.024589                             -0.024589
      83     C        3          3.936713                              0.063287
      84     C        3          4.048971                             -0.048971
      85     C        3          4.008934                             -0.008934
      86     C        3          4.040579                             -0.040579
      87     C        3          3.980680                              0.019320
      88     C        3          4.053468                             -0.053468
      89     C        3          4.067814                             -0.067814
      90     C        3          3.931397                              0.068603
      91     N        4          5.030729                             -0.030729
      92     N        4          5.213784                             -0.213784
      93     N        4          4.993423                              0.006577
      94     N        4          4.965479                              0.034521
      95     N        4          5.022761                             -0.022761
      96     N        4          5.044675                             -0.044675
      97     O        5          6.325089                             -0.325089
      98     O        5          6.277943                             -0.277943
      99     O        5          6.325735                             -0.325735
     100     O        5          6.284670                             -0.284670
     101     O        5          6.296940                             -0.296940
     102     O        5          6.288062                             -0.288062
     103     O        5          6.292098                             -0.292098
     104     O        5          6.279990                             -0.279990
     105     O        5          6.434241                             -0.434241
     106     O        5          6.464530                             -0.464530
     107     O        5          6.461634                             -0.461634
     108     O        5          6.446350                             -0.446350
     109     O        5          6.415147                             -0.415147
     110     O        5          6.447249                             -0.447249
     111     O        5          6.469352                             -0.469352
     112     O        5          6.462586                             -0.462586
     113     O        5          6.331384                             -0.331384
     114     O        5          6.300275                             -0.300275
     115     O        5          6.336723                             -0.336723
     116     O        5          6.300177                             -0.300177
     117     O        5          6.313974                             -0.313974
     118     O        5          6.324962                             -0.324962
     119     O        5          6.289225                             -0.289225
     120     O        5          6.267292                             -0.267292
     121     O        5          6.330692                             -0.330692
     122     O        5          6.310037                             -0.310037
     123     O        5          6.340386                             -0.340386
     124     O        5          6.313842                             -0.313842
     125     O        5          6.306180                             -0.306180
     126     O        5          6.357883                             -0.357883
     127     O        5          6.288974                             -0.288974
     128     O        5          6.283229                             -0.283229
     129     O        5          6.491055                             -0.491055
     130     O        5          6.461183                             -0.461183
     131     O        5          6.461666                             -0.461666
     132     O        5          6.448591                             -0.448591
     133     H        2          0.938139                              0.061861
     134     H        2          0.911468                              0.088532
     135     H        2          0.913853                              0.086147
     136     H        2          0.909202                              0.090798
     137     C        3          4.265952                             -0.265952
     138     C        3          4.174083                             -0.174083
     139     H        2          0.914209                              0.085791
     140     H        2          0.913579                              0.086421
     141     C        3          4.101445                             -0.101445
     142     C        3          4.121835                             -0.121835
     143     H        2          0.928716                              0.071284
     144     H        2          0.936210                              0.063790
     145     H        2          0.912259                              0.087741
     146     H        2          0.918728                              0.081272
     147     C        3          4.017418                             -0.017418
     148     N        4          4.835772                              0.164228
     149     C        3          3.908695                              0.091305
     150     C        3          3.996862                              0.003138
     151     H        2          0.953116                              0.046884
     152     N        4          4.860905                              0.139095
     153     C        3          4.182097                             -0.182097
     154     H        2          0.919618                              0.080382
     155     H        2          0.916547                              0.083453
     156     H        2          0.931780                              0.068220
     157     H        2          0.938937                              0.061063
     158     O        5          6.273832                             -0.273832
     159     N        4          5.205289                             -0.205289
     160     S        6          5.537248                              0.462752
     161     O        5          6.287318                             -0.287318
     162     F        7          7.177619                             -0.177619
     163     C        3          3.816517                              0.183483
     164     F        7          7.097140                             -0.097140
     165     F        7          7.069568                             -0.069568
     166     C        3          3.848564                              0.151436
     167     F        7          7.105377                             -0.105377
     168     F        7          7.055640                             -0.055640
     169     F        7          7.051579                             -0.051579
     170     O        5          6.350117                             -0.350117
     171     S        6          5.466596                              0.533404
     172     O        5          6.303952                             -0.303952
 # Total charge                            716.000000                  0.000000

 !-----------------------------------------------------------------------------!

 !-----------------------------------------------------------------------------!
                           Hirshfeld Charges

  #Atom  Element  Kind  Ref Charge     Population                    Net charge
      1       Ti     1      12.000         13.508                        -1.508
      2       Ti     1      12.000         13.382                        -1.382
      3       Ti     1      12.000         13.434                        -1.434
      4       Ti     1      12.000         13.460                        -1.460
      5       Ti     1      12.000         13.395                        -1.395
      6       Ti     1      12.000         13.530                        -1.530
      7       Ti     1      12.000         13.409                        -1.409
      8       Ti     1      12.000         13.434                        -1.434
      9       H      2       1.000          0.545                         0.455
     10       H      2       1.000          0.519                         0.481
     11       H      2       1.000          0.521                         0.479
     12       H      2       1.000          0.545                         0.455
     13       H      2       1.000          0.535                         0.465
     14       H      2       1.000          0.545                         0.455
     15       H      2       1.000          0.556                         0.444
     16       H      2       1.000          0.540                         0.460
     17       H      2       1.000          0.543                         0.457
     18       H      2       1.000          0.544                         0.456
     19       H      2       1.000          0.543                         0.457
     20       H      2       1.000          0.552                         0.448
     21       H      2       1.000          0.413                         0.587
     22       H      2       1.000          0.420                         0.580
     23       H      2       1.000          0.426                         0.574
     24       H      2       1.000          0.419                         0.581
     25       H      2       1.000          0.550                         0.450
     26       H      2       1.000          0.553                         0.447
     27       H      2       1.000          0.538                         0.462
     28       H      2       1.000          0.537                         0.463
     29       H      2       1.000          0.534                         0.466
     30       H      2       1.000          0.531                         0.469
     31       H      2       1.000          0.480                         0.520
     32       H      2       1.000          0.461                         0.539
     33       H      2       1.000          0.451                         0.549
     34       H      2       1.000          0.468                         0.532
     35       H      2       1.000          0.480                         0.520
     36       H      2       1.000          0.467                         0.533
     37       H      2       1.000          0.480                         0.520
     38       H      2       1.000          0.464                         0.536
     39       H      2       1.000          0.475                         0.525
     40       H      2       1.000          0.455                         0.545
     41       H      2       1.000          0.478                         0.522
     42       H      2       1.000          0.455                         0.545
     43       C      3       4.000          3.465                         0.535
     44       C      3       4.000          3.447                         0.553
     45       C      3       4.000          3.474                         0.526
     46       C      3       4.000          3.463                         0.537
     47       C      3       4.000          4.024                        -0.024
     48       C      3       4.000          3.992                         0.008
     49       C      3       4.000          4.020                        -0.020
     50       C      3       4.000          3.991                         0.009
     51       C      3       4.000          3.874                         0.126
     52       C      3       4.000          4.441                        -0.441
     53       C      3       4.000          3.866                         0.134
     54       C      3       4.000          4.407                        -0.407
     55       C      3       4.000          4.429                        -0.429
     56       C      3       4.000          4.386                        -0.386
     57       C      3       4.000          4.397                        -0.397
     58       C      3       4.000          4.451                        -0.451
     59       C      3       4.000          4.022                        -0.022
     60       C      3       4.000          4.000                        -0.000
     61       C      3       4.000          4.007                        -0.007
     62       C      3       4.000          3.984                         0.016
     63       C      3       4.000          3.982                         0.018
     64       C      3       4.000          4.022                        -0.022
     65       C      3       4.000          4.027                        -0.027
     66       C      3       4.000          3.964                         0.036
     67       C      3       4.000          3.478                         0.522
     68       C      3       4.000          3.492                         0.508
     69       C      3       4.000          3.482                         0.518
     70       C      3       4.000          3.453                         0.547
     71       C      3       4.000          3.460                         0.540
     72       C      3       4.000          3.457                         0.543
     73       C      3       4.000          3.456                         0.544
     74       C      3       4.000          3.488                         0.512
     75       C      3       4.000          3.857                         0.143
     76       C      3       4.000          4.431                        -0.431
     77       C      3       4.000          4.370                        -0.370
     78       C      3       4.000          4.420                        -0.420
     79       C      3       4.000          4.459                        -0.459
     80       C      3       4.000          4.382                        -0.382
     81       C      3       4.000          4.355                        -0.355
     82       C      3       4.000          4.384                        -0.384
     83       C      3       4.000          3.824                         0.176
     84       C      3       4.000          4.447                        -0.447
     85       C      3       4.000          4.371                        -0.371
     86       C      3       4.000          4.405                        -0.405
     87       C      3       4.000          3.876                         0.124
     88       C      3       4.000          4.414                        -0.414
     89       C      3       4.000          4.426                        -0.426
     90       C      3       4.000          3.865                         0.135
     91       N      4       5.000          5.898                        -0.898
     92       N      4       5.000          5.859                        -0.859
     93       N      4       5.000          5.907                        -0.907
     94       N      4       5.000          5.817                        -0.817
     95       N      4       5.000          5.885                        -0.885
     96       N      4       5.000          5.902                        -0.902
     97       O      5       6.000          6.165                        -0.165
     98       O      5       6.000          6.101                        -0.101
     99       O      5       6.000          6.183                        -0.183
    100       O      5       6.000          6.132                        -0.132
    101       O      5       6.000          6.122                        -0.122
    102       O      5       6.000          6.121                        -0.121
    103       O      5       6.000          6.101                        -0.101
    104       O      5       6.000          6.086                        -0.086
    105       O      5       6.000          5.661                         0.339
    106       O      5       6.000          5.718                         0.282
    107       O      5       6.000          5.732                         0.268
    108       O      5       6.000          5.684                         0.316
    109       O      5       6.000          5.644                         0.356
    110       O      5       6.000          5.687                         0.313
    111       O      5       6.000          5.767                         0.233
    112       O      5       6.000          5.693                         0.307
    113       O      5       6.000          6.119                        -0.119
    114       O      5       6.000          6.145                        -0.145
    115       O      5       6.000          6.199                        -0.199
    116       O      5       6.000          6.102                        -0.102
    117       O      5       6.000          6.102                        -0.102
    118       O      5       6.000          6.160                        -0.160
    119       O      5       6.000          6.153                        -0.153
    120       O      5       6.000          6.099                        -0.099
    121       O      5       6.000          6.072                        -0.072
    122       O      5       6.000          6.097                        -0.097
    123       O      5       6.000          6.192                        -0.192
    124       O      5       6.000          6.167                        -0.167
    125       O      5       6.000          6.068                        -0.068
    126       O      5       6.000          6.204                        -0.204
    127       O      5       6.000          6.131                        -0.131
    128       O      5       6.000          6.066                        -0.066
    129       O      5       6.000          6.013                        -0.013
    130       O      5       6.000          6.020                        -0.020
    131       O      5       6.000          5.985                         0.015
    132       O      5       6.000          5.921                         0.079
    133       H      2       1.000          0.569                         0.431
    134       H      2       1.000          0.562                         0.438
    135       H      2       1.000          0.555                         0.445
    136       H      2       1.000          0.559                         0.441
    137       C      3       4.000          5.285                        -1.285
    138       C      3       4.000          4.817                        -0.817
    139       H      2       1.000          0.544                         0.456
    140       H      2       1.000          0.556                         0.444
    141       C      3       4.000          4.492                        -0.492
    142       C      3       4.000          4.730                        -0.730
    143       H      2       1.000          0.571                         0.429
    144       H      2       1.000          0.530                         0.470
    145       H      2       1.000          0.548                         0.452
    146       H      2       1.000          0.541                         0.459
    147       C      3       4.000          4.247                        -0.247
    148       N      4       5.000          5.128                        -0.128
    149       C      3       4.000          4.047                        -0.047
    150       C      3       4.000          4.205                        -0.205
    151       H      2       1.000          0.502                         0.498
    152       N      4       5.000          5.160                        -0.160
    153       C      3       4.000          4.739                        -0.739
    154       H      2       1.000          0.535                         0.465
    155       H      2       1.000          0.532                         0.468
    156       H      2       1.000          0.518                         0.482
    157       H      2       1.000          0.526                         0.474
    158       O      5       6.000          6.430                        -0.430
    159       N      4       5.000          5.281                        -0.281
    160       S      6       6.000          5.586                         0.414
    161       O      5       6.000          6.536                        -0.536
    162       F      7       7.000          7.372                        -0.372
    163       C      3       4.000          3.129                         0.871
    164       F      7       7.000          7.285                        -0.285
    165       F      7       7.000          7.297                        -0.297
    166       C      3       4.000          3.103                         0.897
    167       F      7       7.000          7.296                        -0.296
    168       F      7       7.000          7.257                        -0.257
    169       F      7       7.000          7.279                        -0.279
    170       O      5       6.000          6.442                        -0.442
    171       S      6       6.000          5.534                         0.466
    172       O      5       6.000          6.464                        -0.464

  Total Charge                                                            0.071
 !-----------------------------------------------------------------------------!

 ENERGY| Total FORCE_EVAL ( QS ) energy [hartree]          -1722.004032121152932

 *******************************************************************************
 **                 BAND EVALUATION OF ENERGIES AND FORCES                    **
 *******************************************************************************
 **                                                                           **
 **                                                                           **
 ** Replica Env Nr. :    1              Replica Band Nr. :    2               **
 ** Band  Step  Nr. :    7                                                    **
 *******************************************************************************

 Number of electrons:                                                        716
 Number of occupied orbitals:                                                389
 Number of molecular orbitals:                                               458

 Number of orbital functions:                                               1948
 Number of independent orbital functions:                                   1948

 Parameters for the always stable predictor-corrector (ASPC) method:

  ASPC order: 3

  B(1) =   3.000000
  B(2) =  -3.428571
  B(3) =   1.928571
  B(4) =  -0.571429
  B(5) =   0.071429

 *** WARNING in fm/cp_fm_elpa.F:521 :: Setting real_kernel for ELPA failed ***


 Extrapolation method: ASPC


 SCF WAVEFUNCTION OPTIMIZATION

  Step     Update method      Time    Convergence         Total energy    Change
  ------------------------------------------------------------------------------

 *** WARNING in fm/cp_fm_elpa.F:521 :: Setting real_kernel for ELPA failed ***

     1 Broy./Diag. 0.15E+00    8.3     0.05416502     -1722.1037885198 -1.72E+03

 *** WARNING in fm/cp_fm_elpa.F:521 :: Setting real_kernel for ELPA failed ***

     2 Broy./Diag. 0.15E+00   12.5     0.00527751     -1722.4737884521 -3.70E-01

 *** WARNING in fm/cp_fm_elpa.F:521 :: Setting real_kernel for ELPA failed ***

     3 Broy./Diag. 0.15E+00   12.8     0.00952132     -1722.3135150031  1.60E-01

 *** WARNING in fm/cp_fm_elpa.F:521 :: Setting real_kernel for ELPA failed ***

     4 Broy./Diag. 0.15E+00   13.3     0.00259320     -1722.1721939862  1.41E-01

 *** WARNING in fm/cp_fm_elpa.F:521 :: Setting real_kernel for ELPA failed ***

     5 Broy./Diag. 0.15E+00   13.1     0.00072007     -1722.1090994261  6.31E-02

 *** WARNING in fm/cp_fm_elpa.F:521 :: Setting real_kernel for ELPA failed ***

     6 Broy./Diag. 0.15E+00   13.5     0.00085846     -1722.0962509717  1.28E-02

 *** WARNING in fm/cp_fm_elpa.F:521 :: Setting real_kernel for ELPA failed ***

     7 Broy./Diag. 0.15E+00   14.1     0.00020790     -1722.1034061679 -7.16E-03

 *** WARNING in fm/cp_fm_elpa.F:521 :: Setting real_kernel for ELPA failed ***

     8 Broy./Diag. 0.15E+00   13.8     0.00015583     -1722.1112479992 -7.84E-03

 *** WARNING in fm/cp_fm_elpa.F:521 :: Setting real_kernel for ELPA failed ***

     9 Broy./Diag. 0.15E+00   13.8     0.00007340     -1722.1159291442 -4.68E-03

 *** WARNING in fm/cp_fm_elpa.F:521 :: Setting real_kernel for ELPA failed ***

    10 Broy./Diag. 0.15E+00   13.7     0.00007207     -1722.1175718795 -1.64E-03

 *** WARNING in fm/cp_fm_elpa.F:521 :: Setting real_kernel for ELPA failed ***

    11 Broy./Diag. 0.15E+00   13.6     0.00004403     -1722.1176234995 -5.16E-05

  *** SCF run converged in    11 steps ***


  Electronic density on regular grids:       -715.9999999258        0.0000000742
  Core density on regular grids:              715.9999999655       -0.0000000345
  Total charge density on r-space grids:        0.0000000397
  Total charge density g-space grids:           0.0000000397

  Overlap energy of the core charge distribution:               0.00002723595804
  Self energy of the core charge distribution:              -4016.67387185402686
  Core Hamiltonian energy:                                   1146.10212660633260
  Hartree energy:                                            1522.44794454118187
  Exchange-correlation energy:                               -373.73025821248865
  Dispersion energy:                                           -0.26175589414922
  Electronic entropic energy:                                  -0.00183566835916
  Fermi energy:                                                -0.01420081206009

  Total energy:                                             -1722.11762349953256

 !-----------------------------------------------------------------------------!
                     Mulliken Population Analysis

 #  Atom  Element  Kind  Atomic population                           Net charge
       1     Ti       1         11.032920                              0.967080
       2     Ti       1         10.986421                              1.013579
       3     Ti       1         10.994987                              1.005013
       4     Ti       1         11.000786                              0.999214
       5     Ti       1         11.003737                              0.996263
       6     Ti       1         11.054904                              0.945096
       7     Ti       1         10.996698                              1.003302
       8     Ti       1         10.987441                              1.012559
       9     H        2          0.932207                              0.067793
      10     H        2          0.897363                              0.102637
      11     H        2          0.892264                              0.107736
      12     H        2          0.923114                              0.076886
      13     H        2          0.918575                              0.081425
      14     H        2          0.950823                              0.049177
      15     H        2          0.947219                              0.052781
      16     H        2          0.926014                              0.073986
      17     H        2          0.938158                              0.061842
      18     H        2          0.927428                              0.072572
      19     H        2          0.930707                              0.069293
      20     H        2          0.943850                              0.056150
      21     H        2          0.821871                              0.178129
      22     H        2          0.849845                              0.150155
      23     H        2          0.880770                              0.119230
      24     H        2          0.829141                              0.170859
      25     H        2          0.931048                              0.068952
      26     H        2          0.939618                              0.060382
      27     H        2          0.923528                              0.076472
      28     H        2          0.912671                              0.087329
      29     H        2          0.911478                              0.088522
      30     H        2          0.907562                              0.092438
      31     H        2          0.885397                              0.114603
      32     H        2          0.888336                              0.111664
      33     H        2          0.856923                              0.143077
      34     H        2          0.744005                              0.255995
      35     H        2          0.890225                              0.109775
      36     H        2          0.904177                              0.095823
      37     H        2          0.881682                              0.118318
      38     H        2          0.890230                              0.109770
      39     H        2          0.886010                              0.113990
      40     H        2          0.876437                              0.123563
      41     H        2          0.882483                              0.117517
      42     H        2          0.878153                              0.121847
      43     C        3          3.769783                              0.230217
      44     C        3          3.771078                              0.228922
      45     C        3          3.775653                              0.224347
      46     C        3          3.774154                              0.225846
      47     C        3          4.065627                             -0.065627
      48     C        3          4.042707                             -0.042707
      49     C        3          4.056042                             -0.056042
      50     C        3          4.027209                             -0.027209
      51     C        3          3.974566                              0.025434
      52     C        3          4.065407                             -0.065407
      53     C        3          3.987714                              0.012286
      54     C        3          4.051422                             -0.051422
      55     C        3          4.041012                             -0.041012
      56     C        3          4.011751                             -0.011751
      57     C        3          4.033915                             -0.033915
      58     C        3          4.053019                             -0.053019
      59     C        3          4.051394                             -0.051394
      60     C        3          4.029741                             -0.029741
      61     C        3          4.044984                             -0.044984
      62     C        3          4.035040                             -0.035040
      63     C        3          4.018643                             -0.018643
      64     C        3          4.064037                             -0.064037
      65     C        3          4.069105                             -0.069105
      66     C        3          3.990012                              0.009988
      67     C        3          3.777844                              0.222156
      68     C        3          3.791284                              0.208716
      69     C        3          3.782089                              0.217911
      70     C        3          3.770426                              0.229574
      71     C        3          3.778180                              0.221820
      72     C        3          3.789637                              0.210363
      73     C        3          3.791383                              0.208617
      74     C        3          3.781405                              0.218595
      75     C        3          3.974936                              0.025064
      76     C        3          4.045347                             -0.045347
      77     C        3          4.040016                             -0.040016
      78     C        3          4.065174                             -0.065174
      79     C        3          4.067339                             -0.067339
      80     C        3          4.017273                             -0.017273
      81     C        3          3.981151                              0.018849
      82     C        3          4.027644                             -0.027644
      83     C        3          3.938868                              0.061132
      84     C        3          4.050937                             -0.050937
      85     C        3          4.008849                             -0.008849
      86     C        3          4.040656                             -0.040656
      87     C        3          3.983344                              0.016656
      88     C        3          4.050188                             -0.050188
      89     C        3          4.070323                             -0.070323
      90     C        3          3.933700                              0.066300
      91     N        4          5.030936                             -0.030936
      92     N        4          5.208962                             -0.208962
      93     N        4          4.989004                              0.010996
      94     N        4          4.962653                              0.037347
      95     N        4          5.026905                             -0.026905
      96     N        4          5.049502                             -0.049502
      97     O        5          6.325187                             -0.325187
      98     O        5          6.277266                             -0.277266
      99     O        5          6.323944                             -0.323944
     100     O        5          6.284739                             -0.284739
     101     O        5          6.297229                             -0.297229
     102     O        5          6.289049                             -0.289049
     103     O        5          6.291857                             -0.291857
     104     O        5          6.279874                             -0.279874
     105     O        5          6.434526                             -0.434526
     106     O        5          6.463429                             -0.463429
     107     O        5          6.461468                             -0.461468
     108     O        5          6.446776                             -0.446776
     109     O        5          6.414725                             -0.414725
     110     O        5          6.448030                             -0.448030
     111     O        5          6.468110                             -0.468110
     112     O        5          6.462653                             -0.462653
     113     O        5          6.331234                             -0.331234
     114     O        5          6.300524                             -0.300524
     115     O        5          6.337125                             -0.337125
     116     O        5          6.299693                             -0.299693
     117     O        5          6.314393                             -0.314393
     118     O        5          6.324905                             -0.324905
     119     O        5          6.296639                             -0.296639
     120     O        5          6.269218                             -0.269218
     121     O        5          6.331500                             -0.331500
     122     O        5          6.310210                             -0.310210
     123     O        5          6.340322                             -0.340322
     124     O        5          6.314240                             -0.314240
     125     O        5          6.310491                             -0.310491
     126     O        5          6.349451                             -0.349451
     127     O        5          6.289116                             -0.289116
     128     O        5          6.289755                             -0.289755
     129     O        5          6.490956                             -0.490956
     130     O        5          6.462162                             -0.462162
     131     O        5          6.462705                             -0.462705
     132     O        5          6.452522                             -0.452522
     133     H        2          0.937887                              0.062113
     134     H        2          0.911418                              0.088582
     135     H        2          0.913777                              0.086223
     136     H        2          0.909208                              0.090792
     137     C        3          4.266310                             -0.266310
     138     C        3          4.174344                             -0.174344
     139     H        2          0.914277                              0.085723
     140     H        2          0.913437                              0.086563
     141     C        3          4.101369                             -0.101369
     142     C        3          4.121970                             -0.121970
     143     H        2          0.928476                              0.071524
     144     H        2          0.936428                              0.063572
     145     H        2          0.912085                              0.087915
     146     H        2          0.919709                              0.080291
     147     C        3          4.017791                             -0.017791
     148     N        4          4.835798                              0.164202
     149     C        3          3.908941                              0.091059
     150     C        3          3.997192                              0.002808
     151     H        2          0.954375                              0.045625
     152     N        4          4.860889                              0.139111
     153     C        3          4.181443                             -0.181443
     154     H        2          0.920058                              0.079942
     155     H        2          0.916442                              0.083558
     156     H        2          0.931698                              0.068302
     157     H        2          0.936186                              0.063814
     158     O        5          6.298594                             -0.298594
     159     N        4          5.259280                             -0.259280
     160     S        6          5.469300                              0.530700
     161     O        5          6.307249                             -0.307249
     162     F        7          7.160953                             -0.160953
     163     C        3          3.818131                              0.181869
     164     F        7          7.102119                             -0.102119
     165     F        7          7.073752                             -0.073752
     166     C        3          3.845862                              0.154138
     167     F        7          7.100756                             -0.100756
     168     F        7          7.067355                             -0.067355
     169     F        7          7.063358                             -0.063358
     170     O        5          6.353358                             -0.353358
     171     S        6          5.425105                              0.574895
     172     O        5          6.300124                             -0.300124
 # Total charge                            716.000000                  0.000000

 !-----------------------------------------------------------------------------!

 !-----------------------------------------------------------------------------!
                           Hirshfeld Charges

  #Atom  Element  Kind  Ref Charge     Population                    Net charge
      1       Ti     1      12.000         13.502                        -1.502
      2       Ti     1      12.000         13.385                        -1.385
      3       Ti     1      12.000         13.436                        -1.436
      4       Ti     1      12.000         13.461                        -1.461
      5       Ti     1      12.000         13.402                        -1.402
      6       Ti     1      12.000         13.531                        -1.531
      7       Ti     1      12.000         13.410                        -1.410
      8       Ti     1      12.000         13.433                        -1.433
      9       H      2       1.000          0.545                         0.455
     10       H      2       1.000          0.519                         0.481
     11       H      2       1.000          0.521                         0.479
     12       H      2       1.000          0.545                         0.455
     13       H      2       1.000          0.536                         0.464
     14       H      2       1.000          0.544                         0.456
     15       H      2       1.000          0.555                         0.445
     16       H      2       1.000          0.540                         0.460
     17       H      2       1.000          0.543                         0.457
     18       H      2       1.000          0.543                         0.457
     19       H      2       1.000          0.543                         0.457
     20       H      2       1.000          0.553                         0.447
     21       H      2       1.000          0.413                         0.587
     22       H      2       1.000          0.420                         0.580
     23       H      2       1.000          0.425                         0.575
     24       H      2       1.000          0.419                         0.581
     25       H      2       1.000          0.550                         0.450
     26       H      2       1.000          0.553                         0.447
     27       H      2       1.000          0.538                         0.462
     28       H      2       1.000          0.537                         0.463
     29       H      2       1.000          0.534                         0.466
     30       H      2       1.000          0.531                         0.469
     31       H      2       1.000          0.480                         0.520
     32       H      2       1.000          0.461                         0.539
     33       H      2       1.000          0.450                         0.550
     34       H      2       1.000          0.466                         0.534
     35       H      2       1.000          0.479                         0.521
     36       H      2       1.000          0.468                         0.532
     37       H      2       1.000          0.480                         0.520
     38       H      2       1.000          0.463                         0.537
     39       H      2       1.000          0.476                         0.524
     40       H      2       1.000          0.454                         0.546
     41       H      2       1.000          0.478                         0.522
     42       H      2       1.000          0.455                         0.545
     43       C      3       4.000          3.465                         0.535
     44       C      3       4.000          3.446                         0.554
     45       C      3       4.000          3.474                         0.526
     46       C      3       4.000          3.463                         0.537
     47       C      3       4.000          4.025                        -0.025
     48       C      3       4.000          3.994                         0.006
     49       C      3       4.000          4.021                        -0.021
     50       C      3       4.000          3.991                         0.009
     51       C      3       4.000          3.873                         0.127
     52       C      3       4.000          4.439                        -0.439
     53       C      3       4.000          3.865                         0.135
     54       C      3       4.000          4.405                        -0.405
     55       C      3       4.000          4.428                        -0.428
     56       C      3       4.000          4.385                        -0.385
     57       C      3       4.000          4.396                        -0.396
     58       C      3       4.000          4.450                        -0.450
     59       C      3       4.000          4.022                        -0.022
     60       C      3       4.000          4.000                        -0.000
     61       C      3       4.000          4.008                        -0.008
     62       C      3       4.000          3.985                         0.015
     63       C      3       4.000          3.984                         0.016
     64       C      3       4.000          4.023                        -0.023
     65       C      3       4.000          4.026                        -0.026
     66       C      3       4.000          3.966                         0.034
     67       C      3       4.000          3.478                         0.522
     68       C      3       4.000          3.492                         0.508
     69       C      3       4.000          3.481                         0.519
     70       C      3       4.000          3.453                         0.547
     71       C      3       4.000          3.460                         0.540
     72       C      3       4.000          3.459                         0.541
     73       C      3       4.000          3.459                         0.541
     74       C      3       4.000          3.485                         0.515
     75       C      3       4.000          3.857                         0.143
     76       C      3       4.000          4.431                        -0.431
     77       C      3       4.000          4.368                        -0.368
     78       C      3       4.000          4.420                        -0.420
     79       C      3       4.000          4.454                        -0.454
     80       C      3       4.000          4.380                        -0.380
     81       C      3       4.000          4.354                        -0.354
     82       C      3       4.000          4.387                        -0.387
     83       C      3       4.000          3.824                         0.176
     84       C      3       4.000          4.447                        -0.447
     85       C      3       4.000          4.371                        -0.371
     86       C      3       4.000          4.405                        -0.405
     87       C      3       4.000          3.875                         0.125
     88       C      3       4.000          4.414                        -0.414
     89       C      3       4.000          4.425                        -0.425
     90       C      3       4.000          3.864                         0.136
     91       N      4       5.000          5.898                        -0.898
     92       N      4       5.000          5.865                        -0.865
     93       N      4       5.000          5.903                        -0.903
     94       N      4       5.000          5.815                        -0.815
     95       N      4       5.000          5.889                        -0.889
     96       N      4       5.000          5.905                        -0.905
     97       O      5       6.000          6.165                        -0.165
     98       O      5       6.000          6.101                        -0.101
     99       O      5       6.000          6.183                        -0.183
    100       O      5       6.000          6.132                        -0.132
    101       O      5       6.000          6.122                        -0.122
    102       O      5       6.000          6.122                        -0.122
    103       O      5       6.000          6.101                        -0.101
    104       O      5       6.000          6.083                        -0.083
    105       O      5       6.000          5.660                         0.340
    106       O      5       6.000          5.718                         0.282
    107       O      5       6.000          5.733                         0.267
    108       O      5       6.000          5.683                         0.317
    109       O      5       6.000          5.642                         0.358
    110       O      5       6.000          5.689                         0.311
    111       O      5       6.000          5.767                         0.233
    112       O      5       6.000          5.694                         0.306
    113       O      5       6.000          6.118                        -0.118
    114       O      5       6.000          6.146                        -0.146
    115       O      5       6.000          6.198                        -0.198
    116       O      5       6.000          6.100                        -0.100
    117       O      5       6.000          6.102                        -0.102
    118       O      5       6.000          6.160                        -0.160
    119       O      5       6.000          6.152                        -0.152
    120       O      5       6.000          6.097                        -0.097
    121       O      5       6.000          6.072                        -0.072
    122       O      5       6.000          6.096                        -0.096
    123       O      5       6.000          6.191                        -0.191
    124       O      5       6.000          6.169                        -0.169
    125       O      5       6.000          6.071                        -0.071
    126       O      5       6.000          6.207                        -0.207
    127       O      5       6.000          6.129                        -0.129
    128       O      5       6.000          6.065                        -0.065
    129       O      5       6.000          6.013                        -0.013
    130       O      5       6.000          6.019                        -0.019
    131       O      5       6.000          5.986                         0.014
    132       O      5       6.000          5.926                         0.074
    133       H      2       1.000          0.569                         0.431
    134       H      2       1.000          0.562                         0.438
    135       H      2       1.000          0.555                         0.445
    136       H      2       1.000          0.559                         0.441
    137       C      3       4.000          5.285                        -1.285
    138       C      3       4.000          4.817                        -0.817
    139       H      2       1.000          0.544                         0.456
    140       H      2       1.000          0.556                         0.444
    141       C      3       4.000          4.491                        -0.491
    142       C      3       4.000          4.729                        -0.729
    143       H      2       1.000          0.571                         0.429
    144       H      2       1.000          0.530                         0.470
    145       H      2       1.000          0.548                         0.452
    146       H      2       1.000          0.541                         0.459
    147       C      3       4.000          4.247                        -0.247
    148       N      4       5.000          5.129                        -0.129
    149       C      3       4.000          4.046                        -0.046
    150       C      3       4.000          4.204                        -0.204
    151       H      2       1.000          0.501                         0.499
    152       N      4       5.000          5.160                        -0.160
    153       C      3       4.000          4.742                        -0.742
    154       H      2       1.000          0.535                         0.465
    155       H      2       1.000          0.532                         0.468
    156       H      2       1.000          0.518                         0.482
    157       H      2       1.000          0.526                         0.474
    158       O      5       6.000          6.433                        -0.433
    159       N      4       5.000          5.288                        -0.288
    160       S      6       6.000          5.583                         0.417
    161       O      5       6.000          6.539                        -0.539
    162       F      7       7.000          7.362                        -0.362
    163       C      3       4.000          3.122                         0.878
    164       F      7       7.000          7.290                        -0.290
    165       F      7       7.000          7.300                        -0.300
    166       C      3       4.000          3.100                         0.900
    167       F      7       7.000          7.293                        -0.293
    168       F      7       7.000          7.265                        -0.265
    169       F      7       7.000          7.287                        -0.287
    170       O      5       6.000          6.439                        -0.439
    171       S      6       6.000          5.535                         0.465
    172       O      5       6.000          6.458                        -0.458

  Total Charge                                                            0.070
 !-----------------------------------------------------------------------------!

 ENERGY| Total FORCE_EVAL ( QS ) energy [hartree]          -1722.115749255441870

 *******************************************************************************
 **                 BAND EVALUATION OF ENERGIES AND FORCES                    **
 *******************************************************************************
 **                                                                           **
 **                                                                           **
 ** Replica Env Nr. :    1              Replica Band Nr. :    2               **
 ** Band  Step  Nr. :    8                                                    **
 *******************************************************************************

 Number of electrons:                                                        716
 Number of occupied orbitals:                                                389
 Number of molecular orbitals:                                               458

 Number of orbital functions:                                               1948
 Number of independent orbital functions:                                   1948

 Parameters for the always stable predictor-corrector (ASPC) method:

  ASPC order: 3

  B(1) =   3.000000
  B(2) =  -3.428571
  B(3) =   1.928571
  B(4) =  -0.571429
  B(5) =   0.071429

 *** WARNING in fm/cp_fm_elpa.F:521 :: Setting real_kernel for ELPA failed ***


 Extrapolation method: ASPC


 SCF WAVEFUNCTION OPTIMIZATION

  Step     Update method      Time    Convergence         Total energy    Change
  ------------------------------------------------------------------------------

 *** WARNING in fm/cp_fm_elpa.F:521 :: Setting real_kernel for ELPA failed ***

     1 Broy./Diag. 0.15E+00    8.6     0.12600361     -1722.1979035398 -1.72E+03

 *** WARNING in fm/cp_fm_elpa.F:521 :: Setting real_kernel for ELPA failed ***

     2 Broy./Diag. 0.15E+00   12.2     0.01382879     -1723.0399101425 -8.42E-01

 *** WARNING in fm/cp_fm_elpa.F:521 :: Setting real_kernel for ELPA failed ***

     3 Broy./Diag. 0.15E+00   12.8     0.02602590     -1722.6800930833  3.60E-01

 *** WARNING in fm/cp_fm_elpa.F:521 :: Setting real_kernel for ELPA failed ***

     4 Broy./Diag. 0.15E+00   13.0     0.00364075     -1722.3738902080  3.06E-01

 *** WARNING in fm/cp_fm_elpa.F:521 :: Setting real_kernel for ELPA failed ***

     5 Broy./Diag. 0.15E+00   13.3     0.00202885     -1722.2409920007  1.33E-01

 *** WARNING in fm/cp_fm_elpa.F:521 :: Setting real_kernel for ELPA failed ***

     6 Broy./Diag. 0.15E+00   13.5     0.00120071     -1722.2136618754  2.73E-02

 *** WARNING in fm/cp_fm_elpa.F:521 :: Setting real_kernel for ELPA failed ***

     7 Broy./Diag. 0.15E+00   13.4     0.00056480     -1722.2327772816 -1.91E-02

 *** WARNING in fm/cp_fm_elpa.F:521 :: Setting real_kernel for ELPA failed ***

     8 Broy./Diag. 0.15E+00   13.1     0.00030917     -1722.2488132178 -1.60E-02

 *** WARNING in fm/cp_fm_elpa.F:521 :: Setting real_kernel for ELPA failed ***

     9 Broy./Diag. 0.15E+00   13.2     0.00017682     -1722.2565047011 -7.69E-03

 *** WARNING in fm/cp_fm_elpa.F:521 :: Setting real_kernel for ELPA failed ***

    10 Broy./Diag. 0.15E+00   13.6     0.00005305     -1722.2591023089 -2.60E-03

 *** WARNING in fm/cp_fm_elpa.F:521 :: Setting real_kernel for ELPA failed ***

    11 Broy./Diag. 0.15E+00   13.5     0.00005925     -1722.2593727237 -2.70E-04

 *** WARNING in fm/cp_fm_elpa.F:521 :: Setting real_kernel for ELPA failed ***

    12 Broy./Diag. 0.15E+00   14.1     0.00006688     -1722.2578781338  1.49E-03

 *** WARNING in fm/cp_fm_elpa.F:521 :: Setting real_kernel for ELPA failed ***

    13 Broy./Diag. 0.15E+00   13.4     0.00004008     -1722.2558178566  2.06E-03

  *** SCF run converged in    13 steps ***


  Electronic density on regular grids:       -715.9999999260        0.0000000740
  Core density on regular grids:              715.9999999655       -0.0000000345
  Total charge density on r-space grids:        0.0000000395
  Total charge density g-space grids:           0.0000000395

  Overlap energy of the core charge distribution:               0.00002450511670
  Self energy of the core charge distribution:              -4016.67387185402686
  Core Hamiltonian energy:                                   1145.13409794660834
  Hartree energy:                                            1523.07576961535960
  Exchange-correlation energy:                               -373.52825136576695
  Dispersion energy:                                           -0.26202386973245
  Electronic entropic energy:                                  -0.00156280296789
  Fermi energy:                                                -0.01480564570712

  Total energy:                                             -1722.25581785656141

 !-----------------------------------------------------------------------------!
                     Mulliken Population Analysis

 #  Atom  Element  Kind  Atomic population                           Net charge
       1     Ti       1         11.026618                              0.973382
       2     Ti       1         10.986234                              1.013766
       3     Ti       1         10.996297                              1.003703
       4     Ti       1         11.000559                              0.999441
       5     Ti       1         11.006901                              0.993099
       6     Ti       1         11.051419                              0.948581
       7     Ti       1         10.996426                              1.003574
       8     Ti       1         10.986254                              1.013746
       9     H        2          0.931939                              0.068061
      10     H        2          0.891323                              0.108677
      11     H        2          0.885273                              0.114727
      12     H        2          0.922331                              0.077669
      13     H        2          0.915280                              0.084720
      14     H        2          0.942329                              0.057671
      15     H        2          0.947947                              0.052053
      16     H        2          0.920009                              0.079991
      17     H        2          0.939002                              0.060998
      18     H        2          0.927214                              0.072786
      19     H        2          0.930651                              0.069349
      20     H        2          0.943346                              0.056654
      21     H        2          0.821554                              0.178446
      22     H        2          0.849399                              0.150601
      23     H        2          0.879654                              0.120346
      24     H        2          0.828830                              0.171170
      25     H        2          0.932104                              0.067896
      26     H        2          0.939870                              0.060130
      27     H        2          0.920509                              0.079491
      28     H        2          0.909367                              0.090633
      29     H        2          0.907125                              0.092875
      30     H        2          0.905680                              0.094320
      31     H        2          0.885167                              0.114833
      32     H        2          0.888060                              0.111940
      33     H        2          0.853900                              0.146100
      34     H        2          0.760838                              0.239162
      35     H        2          0.889270                              0.110730
      36     H        2          0.906576                              0.093424
      37     H        2          0.883519                              0.116481
      38     H        2          0.890083                              0.109917
      39     H        2          0.886606                              0.113394
      40     H        2          0.874498                              0.125502
      41     H        2          0.881778                              0.118222
      42     H        2          0.877213                              0.122787
      43     C        3          3.769593                              0.230407
      44     C        3          3.770319                              0.229681
      45     C        3          3.775884                              0.224116
      46     C        3          3.773949                              0.226051
      47     C        3          4.062884                             -0.062884
      48     C        3          4.038699                             -0.038699
      49     C        3          4.056250                             -0.056250
      50     C        3          4.027309                             -0.027309
      51     C        3          3.975875                              0.024125
      52     C        3          4.070030                             -0.070030
      53     C        3          3.986334                              0.013666
      54     C        3          4.052108                             -0.052108
      55     C        3          4.038818                             -0.038818
      56     C        3          4.009598                             -0.009598
      57     C        3          4.038128                             -0.038128
      58     C        3          4.055621                             -0.055621
      59     C        3          4.051180                             -0.051180
      60     C        3          4.029785                             -0.029785
      61     C        3          4.043283                             -0.043283
      62     C        3          4.031547                             -0.031547
      63     C        3          4.015371                             -0.015371
      64     C        3          4.063869                             -0.063869
      65     C        3          4.065475                             -0.065475
      66     C        3          3.996635                              0.003365
      67     C        3          3.777561                              0.222439
      68     C        3          3.791342                              0.208658
      69     C        3          3.782659                              0.217341
      70     C        3          3.770332                              0.229668
      71     C        3          3.777302                              0.222698
      72     C        3          3.785868                              0.214132
      73     C        3          3.791628                              0.208372
      74     C        3          3.783233                              0.216767
      75     C        3          3.974789                              0.025211
      76     C        3          4.045474                             -0.045474
      77     C        3          4.048439                             -0.048439
      78     C        3          4.070434                             -0.070434
      79     C        3          4.066128                             -0.066128
      80     C        3          4.019034                             -0.019034
      81     C        3          3.979087                              0.020913
      82     C        3          4.032574                             -0.032574
      83     C        3          3.942487                              0.057513
      84     C        3          4.054423                             -0.054423
      85     C        3          4.008671                             -0.008671
      86     C        3          4.040879                             -0.040879
      87     C        3          3.986511                              0.013489
      88     C        3          4.045523                             -0.045523
      89     C        3          4.073797                             -0.073797
      90     C        3          3.938877                              0.061123
      91     N        4          5.031303                             -0.031303
      92     N        4          5.196958                             -0.196958
      93     N        4          4.986203                              0.013797
      94     N        4          4.959713                              0.040287
      95     N        4          5.033813                             -0.033813
      96     N        4          5.056562                             -0.056562
      97     O        5          6.325555                             -0.325555
      98     O        5          6.276169                             -0.276169
      99     O        5          6.321688                             -0.321688
     100     O        5          6.284321                             -0.284321
     101     O        5          6.297638                             -0.297638
     102     O        5          6.290450                             -0.290450
     103     O        5          6.291773                             -0.291773
     104     O        5          6.280512                             -0.280512
     105     O        5          6.434738                             -0.434738
     106     O        5          6.461735                             -0.461735
     107     O        5          6.461058                             -0.461058
     108     O        5          6.447457                             -0.447457
     109     O        5          6.413782                             -0.413782
     110     O        5          6.449147                             -0.449147
     111     O        5          6.465901                             -0.465901
     112     O        5          6.462365                             -0.462365
     113     O        5          6.330875                             -0.330875
     114     O        5          6.301218                             -0.301218
     115     O        5          6.337763                             -0.337763
     116     O        5          6.299253                             -0.299253
     117     O        5          6.314913                             -0.314913
     118     O        5          6.326524                             -0.326524
     119     O        5          6.302443                             -0.302443
     120     O        5          6.273357                             -0.273357
     121     O        5          6.332730                             -0.332730
     122     O        5          6.310091                             -0.310091
     123     O        5          6.340065                             -0.340065
     124     O        5          6.314465                             -0.314465
     125     O        5          6.318010                             -0.318010
     126     O        5          6.335493                             -0.335493
     127     O        5          6.290027                             -0.290027
     128     O        5          6.296768                             -0.296768
     129     O        5          6.490719                             -0.490719
     130     O        5          6.463162                             -0.463162
     131     O        5          6.464102                             -0.464102
     132     O        5          6.459126                             -0.459126
     133     H        2          0.937569                              0.062431
     134     H        2          0.911417                              0.088583
     135     H        2          0.913659                              0.086341
     136     H        2          0.909266                              0.090734
     137     C        3          4.266946                             -0.266946
     138     C        3          4.174686                             -0.174686
     139     H        2          0.914568                              0.085432
     140     H        2          0.913299                              0.086701
     141     C        3          4.101170                             -0.101170
     142     C        3          4.122222                             -0.122222
     143     H        2          0.928149                              0.071851
     144     H        2          0.936794                              0.063206
     145     H        2          0.911867                              0.088133
     146     H        2          0.920987                              0.079013
     147     C        3          4.018252                             -0.018252
     148     N        4          4.835386                              0.164614
     149     C        3          3.909645                              0.090355
     150     C        3          3.997627                              0.002373
     151     H        2          0.955740                              0.044260
     152     N        4          4.861076                              0.138924
     153     C        3          4.180889                             -0.180889
     154     H        2          0.920486                              0.079514
     155     H        2          0.916444                              0.083556
     156     H        2          0.931623                              0.068377
     157     H        2          0.932998                              0.067002
     158     O        5          6.319127                             -0.319127
     159     N        4          5.321773                             -0.321773
     160     S        6          5.404474                              0.595526
     161     O        5          6.324633                             -0.324633
     162     F        7          7.143614                             -0.143614
     163     C        3          3.820392                              0.179608
     164     F        7          7.108593                             -0.108593
     165     F        7          7.077471                             -0.077471
     166     C        3          3.838755                              0.161245
     167     F        7          7.096799                             -0.096799
     168     F        7          7.079399                             -0.079399
     169     F        7          7.075657                             -0.075657
     170     O        5          6.353340                             -0.353340
     171     S        6          5.377758                              0.622242
     172     O        5          6.300950                             -0.300950
 # Total charge                            716.000000                  0.000000

 !-----------------------------------------------------------------------------!

 !-----------------------------------------------------------------------------!
                           Hirshfeld Charges

  #Atom  Element  Kind  Ref Charge     Population                    Net charge
      1       Ti     1      12.000         13.492                        -1.492
      2       Ti     1      12.000         13.387                        -1.387
      3       Ti     1      12.000         13.439                        -1.439
      4       Ti     1      12.000         13.461                        -1.461
      5       Ti     1      12.000         13.414                        -1.414
      6       Ti     1      12.000         13.531                        -1.531
      7       Ti     1      12.000         13.410                        -1.410
      8       Ti     1      12.000         13.432                        -1.432
      9       H      2       1.000          0.545                         0.455
     10       H      2       1.000          0.519                         0.481
     11       H      2       1.000          0.522                         0.478
     12       H      2       1.000          0.545                         0.455
     13       H      2       1.000          0.536                         0.464
     14       H      2       1.000          0.543                         0.457
     15       H      2       1.000          0.553                         0.447
     16       H      2       1.000          0.539                         0.461
     17       H      2       1.000          0.544                         0.456
     18       H      2       1.000          0.543                         0.457
     19       H      2       1.000          0.543                         0.457
     20       H      2       1.000          0.553                         0.447
     21       H      2       1.000          0.413                         0.587
     22       H      2       1.000          0.420                         0.580
     23       H      2       1.000          0.424                         0.576
     24       H      2       1.000          0.419                         0.581
     25       H      2       1.000          0.550                         0.450
     26       H      2       1.000          0.552                         0.448
     27       H      2       1.000          0.538                         0.462
     28       H      2       1.000          0.538                         0.462
     29       H      2       1.000          0.534                         0.466
     30       H      2       1.000          0.531                         0.469
     31       H      2       1.000          0.480                         0.520
     32       H      2       1.000          0.460                         0.540
     33       H      2       1.000          0.448                         0.552
     34       H      2       1.000          0.462                         0.538
     35       H      2       1.000          0.477                         0.523
     36       H      2       1.000          0.469                         0.531
     37       H      2       1.000          0.481                         0.519
     38       H      2       1.000          0.462                         0.538
     39       H      2       1.000          0.477                         0.523
     40       H      2       1.000          0.453                         0.547
     41       H      2       1.000          0.477                         0.523
     42       H      2       1.000          0.455                         0.545
     43       C      3       4.000          3.465                         0.535
     44       C      3       4.000          3.446                         0.554
     45       C      3       4.000          3.475                         0.525
     46       C      3       4.000          3.463                         0.537
     47       C      3       4.000          4.028                        -0.028
     48       C      3       4.000          3.996                         0.004
     49       C      3       4.000          4.022                        -0.022
     50       C      3       4.000          3.992                         0.008
     51       C      3       4.000          3.870                         0.130
     52       C      3       4.000          4.436                        -0.436
     53       C      3       4.000          3.864                         0.136
     54       C      3       4.000          4.404                        -0.404
     55       C      3       4.000          4.426                        -0.426
     56       C      3       4.000          4.384                        -0.384
     57       C      3       4.000          4.394                        -0.394
     58       C      3       4.000          4.447                        -0.447
     59       C      3       4.000          4.022                        -0.022
     60       C      3       4.000          4.000                        -0.000
     61       C      3       4.000          4.009                        -0.009
     62       C      3       4.000          3.987                         0.013
     63       C      3       4.000          3.987                         0.013
     64       C      3       4.000          4.026                        -0.026
     65       C      3       4.000          4.025                        -0.025
     66       C      3       4.000          3.969                         0.031
     67       C      3       4.000          3.478                         0.522
     68       C      3       4.000          3.493                         0.507
     69       C      3       4.000          3.481                         0.519
     70       C      3       4.000          3.453                         0.547
     71       C      3       4.000          3.459                         0.541
     72       C      3       4.000          3.461                         0.539
     73       C      3       4.000          3.463                         0.537
     74       C      3       4.000          3.480                         0.520
     75       C      3       4.000          3.857                         0.143
     76       C      3       4.000          4.431                        -0.431
     77       C      3       4.000          4.367                        -0.367
     78       C      3       4.000          4.419                        -0.419
     79       C      3       4.000          4.447                        -0.447
     80       C      3       4.000          4.379                        -0.379
     81       C      3       4.000          4.353                        -0.353
     82       C      3       4.000          4.389                        -0.389
     83       C      3       4.000          3.825                         0.175
     84       C      3       4.000          4.447                        -0.447
     85       C      3       4.000          4.371                        -0.371
     86       C      3       4.000          4.405                        -0.405
     87       C      3       4.000          3.873                         0.127
     88       C      3       4.000          4.412                        -0.412
     89       C      3       4.000          4.422                        -0.422
     90       C      3       4.000          3.864                         0.136
     91       N      4       5.000          5.898                        -0.898
     92       N      4       5.000          5.876                        -0.876
     93       N      4       5.000          5.900                        -0.900
     94       N      4       5.000          5.814                        -0.814
     95       N      4       5.000          5.896                        -0.896
     96       N      4       5.000          5.911                        -0.911
     97       O      5       6.000          6.166                        -0.166
     98       O      5       6.000          6.101                        -0.101
     99       O      5       6.000          6.184                        -0.184
    100       O      5       6.000          6.131                        -0.131
    101       O      5       6.000          6.120                        -0.120
    102       O      5       6.000          6.122                        -0.122
    103       O      5       6.000          6.102                        -0.102
    104       O      5       6.000          6.078                        -0.078
    105       O      5       6.000          5.659                         0.341
    106       O      5       6.000          5.719                         0.281
    107       O      5       6.000          5.734                         0.266
    108       O      5       6.000          5.682                         0.318
    109       O      5       6.000          5.639                         0.361
    110       O      5       6.000          5.691                         0.309
    111       O      5       6.000          5.766                         0.234
    112       O      5       6.000          5.694                         0.306
    113       O      5       6.000          6.117                        -0.117
    114       O      5       6.000          6.148                        -0.148
    115       O      5       6.000          6.196                        -0.196
    116       O      5       6.000          6.098                        -0.098
    117       O      5       6.000          6.102                        -0.102
    118       O      5       6.000          6.163                        -0.163
    119       O      5       6.000          6.149                        -0.149
    120       O      5       6.000          6.090                        -0.090
    121       O      5       6.000          6.072                        -0.072
    122       O      5       6.000          6.095                        -0.095
    123       O      5       6.000          6.190                        -0.190
    124       O      5       6.000          6.172                        -0.172
    125       O      5       6.000          6.081                        -0.081
    126       O      5       6.000          6.210                        -0.210
    127       O      5       6.000          6.124                        -0.124
    128       O      5       6.000          6.064                        -0.064
    129       O      5       6.000          6.014                        -0.014
    130       O      5       6.000          6.017                        -0.017
    131       O      5       6.000          5.987                         0.013
    132       O      5       6.000          5.935                         0.065
    133       H      2       1.000          0.568                         0.432
    134       H      2       1.000          0.562                         0.438
    135       H      2       1.000          0.555                         0.445
    136       H      2       1.000          0.559                         0.441
    137       C      3       4.000          5.283                        -1.283
    138       C      3       4.000          4.816                        -0.816
    139       H      2       1.000          0.544                         0.456
    140       H      2       1.000          0.556                         0.444
    141       C      3       4.000          4.490                        -0.490
    142       C      3       4.000          4.729                        -0.729
    143       H      2       1.000          0.571                         0.429
    144       H      2       1.000          0.530                         0.470
    145       H      2       1.000          0.548                         0.452
    146       H      2       1.000          0.541                         0.459
    147       C      3       4.000          4.246                        -0.246
    148       N      4       5.000          5.129                        -0.129
    149       C      3       4.000          4.045                        -0.045
    150       C      3       4.000          4.203                        -0.203
    151       H      2       1.000          0.499                         0.501
    152       N      4       5.000          5.160                        -0.160
    153       C      3       4.000          4.744                        -0.744
    154       H      2       1.000          0.535                         0.465
    155       H      2       1.000          0.531                         0.469
    156       H      2       1.000          0.518                         0.482
    157       H      2       1.000          0.526                         0.474
    158       O      5       6.000          6.434                        -0.434
    159       N      4       5.000          5.294                        -0.294
    160       S      6       6.000          5.584                         0.416
    161       O      5       6.000          6.540                        -0.540
    162       F      7       7.000          7.352                        -0.352
    163       C      3       4.000          3.115                         0.885
    164       F      7       7.000          7.298                        -0.298
    165       F      7       7.000          7.302                        -0.302
    166       C      3       4.000          3.096                         0.904
    167       F      7       7.000          7.291                        -0.291
    168       F      7       7.000          7.273                        -0.273
    169       F      7       7.000          7.295                        -0.295
    170       O      5       6.000          6.433                        -0.433
    171       S      6       6.000          5.542                         0.458
    172       O      5       6.000          6.452                        -0.452

  Total Charge                                                            0.069
 !-----------------------------------------------------------------------------!

 ENERGY| Total FORCE_EVAL ( QS ) energy [hartree]          -1722.255337114448594

 *******************************************************************************
 **                 BAND EVALUATION OF ENERGIES AND FORCES                    **
 *******************************************************************************
 **                                                                           **
 **                                                                           **
 ** Replica Env Nr. :    1              Replica Band Nr. :    2               **
 ** Band  Step  Nr. :    8                                                    **
 *******************************************************************************

 Number of electrons:                                                        716
 Number of occupied orbitals:                                                389
 Number of molecular orbitals:                                               458

 Number of orbital functions:                                               1948
 Number of independent orbital functions:                                   1948

 Parameters for the always stable predictor-corrector (ASPC) method:

  ASPC order: 3

  B(1) =   3.000000
  B(2) =  -3.428571
  B(3) =   1.928571
  B(4) =  -0.571429
  B(5) =   0.071429

 *** WARNING in fm/cp_fm_elpa.F:521 :: Setting real_kernel for ELPA failed ***


 Extrapolation method: ASPC


 SCF WAVEFUNCTION OPTIMIZATION

  Step     Update method      Time    Convergence         Total energy    Change
  ------------------------------------------------------------------------------

 *** WARNING in fm/cp_fm_elpa.F:521 :: Setting real_kernel for ELPA failed ***

     1 Broy./Diag. 0.15E+00    8.9     0.08757767     -1722.2308831867 -1.72E+03

 *** WARNING in fm/cp_fm_elpa.F:521 :: Setting real_kernel for ELPA failed ***

     2 Broy./Diag. 0.15E+00   12.6     0.01166938     -1722.6987561450 -4.68E-01

 *** WARNING in fm/cp_fm_elpa.F:521 :: Setting real_kernel for ELPA failed ***

     3 Broy./Diag. 0.15E+00   13.1     0.01515885     -1722.5213881191  1.77E-01

 *** WARNING in fm/cp_fm_elpa.F:521 :: Setting real_kernel for ELPA failed ***

     4 Broy./Diag. 0.15E+00   13.6     0.00424097     -1722.3518427578  1.70E-01

 *** WARNING in fm/cp_fm_elpa.F:521 :: Setting real_kernel for ELPA failed ***

     5 Broy./Diag. 0.15E+00   13.5     0.00157572     -1722.2625464607  8.93E-02

 *** WARNING in fm/cp_fm_elpa.F:521 :: Setting real_kernel for ELPA failed ***

     6 Broy./Diag. 0.15E+00   13.7     0.00094363     -1722.2376932577  2.49E-02

 *** WARNING in fm/cp_fm_elpa.F:521 :: Setting real_kernel for ELPA failed ***

     7 Broy./Diag. 0.15E+00   13.5     0.00047750     -1722.2428921240 -5.20E-03

 *** WARNING in fm/cp_fm_elpa.F:521 :: Setting real_kernel for ELPA failed ***

     8 Broy./Diag. 0.15E+00   13.7     0.00033350     -1722.2521445370 -9.25E-03

 *** WARNING in fm/cp_fm_elpa.F:521 :: Setting real_kernel for ELPA failed ***

     9 Broy./Diag. 0.15E+00   13.4     0.00010371     -1722.2576649665 -5.52E-03

 *** WARNING in fm/cp_fm_elpa.F:521 :: Setting real_kernel for ELPA failed ***

    10 Broy./Diag. 0.15E+00   13.5     0.00009758     -1722.2595296210 -1.86E-03

 *** WARNING in fm/cp_fm_elpa.F:521 :: Setting real_kernel for ELPA failed ***

    11 Broy./Diag. 0.15E+00   14.4     0.00006790     -1722.2593759757  1.54E-04

 *** WARNING in fm/cp_fm_elpa.F:521 :: Setting real_kernel for ELPA failed ***

    12 Broy./Diag. 0.15E+00   14.3     0.00007295     -1722.2581005608  1.28E-03

 *** WARNING in fm/cp_fm_elpa.F:521 :: Setting real_kernel for ELPA failed ***

    13 Broy./Diag. 0.15E+00   14.0     0.00004751     -1722.2564892920  1.61E-03

  *** SCF run converged in    13 steps ***


  Electronic density on regular grids:       -715.9999999260        0.0000000740
  Core density on regular grids:              715.9999999655       -0.0000000345
  Total charge density on r-space grids:        0.0000000395
  Total charge density g-space grids:           0.0000000395

  Overlap energy of the core charge distribution:               0.00002450511670
  Self energy of the core charge distribution:              -4016.67387185402686
  Core Hamiltonian energy:                                   1145.13376327836045
  Hartree energy:                                            1523.07554975716016
  Exchange-correlation energy:                               -373.52836778420061
  Dispersion energy:                                           -0.26202386973245
  Electronic entropic energy:                                  -0.00156287267825
  Fermi energy:                                                -0.01480436684919

  Total energy:                                             -1722.25648929204590

 !-----------------------------------------------------------------------------!
                     Mulliken Population Analysis

 #  Atom  Element  Kind  Atomic population                           Net charge
       1     Ti       1         11.026637                              0.973363
       2     Ti       1         10.986227                              1.013773
       3     Ti       1         10.996312                              1.003688
       4     Ti       1         11.000557                              0.999443
       5     Ti       1         11.006909                              0.993091
       6     Ti       1         11.051432                              0.948568
       7     Ti       1         10.996434                              1.003566
       8     Ti       1         10.986269                              1.013731
       9     H        2          0.931943                              0.068057
      10     H        2          0.891319                              0.108681
      11     H        2          0.885273                              0.114727
      12     H        2          0.922341                              0.077659
      13     H        2          0.915289                              0.084711
      14     H        2          0.942334                              0.057666
      15     H        2          0.947948                              0.052052
      16     H        2          0.920006                              0.079994
      17     H        2          0.938997                              0.061003
      18     H        2          0.927224                              0.072776
      19     H        2          0.930655                              0.069345
      20     H        2          0.943357                              0.056643
      21     H        2          0.821548                              0.178452
      22     H        2          0.849397                              0.150603
      23     H        2          0.879653                              0.120347
      24     H        2          0.828830                              0.171170
      25     H        2          0.932104                              0.067896
      26     H        2          0.939864                              0.060136
      27     H        2          0.920516                              0.079484
      28     H        2          0.909375                              0.090625
      29     H        2          0.907137                              0.092863
      30     H        2          0.905678                              0.094322
      31     H        2          0.885169                              0.114831
      32     H        2          0.888055                              0.111945
      33     H        2          0.853896                              0.146104
      34     H        2          0.760862                              0.239138
      35     H        2          0.889281                              0.110719
      36     H        2          0.906575                              0.093425
      37     H        2          0.883516                              0.116484
      38     H        2          0.890088                              0.109912
      39     H        2          0.886609                              0.113391
      40     H        2          0.874499                              0.125501
      41     H        2          0.881768                              0.118232
      42     H        2          0.877210                              0.122790
      43     C        3          3.769610                              0.230390
      44     C        3          3.770337                              0.229663
      45     C        3          3.775874                              0.224126
      46     C        3          3.773949                              0.226051
      47     C        3          4.062890                             -0.062890
      48     C        3          4.038706                             -0.038706
      49     C        3          4.056244                             -0.056244
      50     C        3          4.027302                             -0.027302
      51     C        3          3.975873                              0.024127
      52     C        3          4.070064                             -0.070064
      53     C        3          3.986329                              0.013671
      54     C        3          4.052100                             -0.052100
      55     C        3          4.038806                             -0.038806
      56     C        3          4.009607                             -0.009607
      57     C        3          4.038090                             -0.038090
      58     C        3          4.055660                             -0.055660
      59     C        3          4.051178                             -0.051178
      60     C        3          4.029788                             -0.029788
      61     C        3          4.043284                             -0.043284
      62     C        3          4.031542                             -0.031542
      63     C        3          4.015349                             -0.015349
      64     C        3          4.063879                             -0.063879
      65     C        3          4.065465                             -0.065465
      66     C        3          3.996618                              0.003382
      67     C        3          3.777561                              0.222439
      68     C        3          3.791342                              0.208658
      69     C        3          3.782663                              0.217337
      70     C        3          3.770334                              0.229666
      71     C        3          3.777299                              0.222701
      72     C        3          3.785876                              0.214124
      73     C        3          3.791612                              0.208388
      74     C        3          3.783249                              0.216751
      75     C        3          3.974788                              0.025212
      76     C        3          4.045482                             -0.045482
      77     C        3          4.048438                             -0.048438
      78     C        3          4.070420                             -0.070420
      79     C        3          4.066179                             -0.066179
      80     C        3          4.018990                             -0.018990
      81     C        3          3.979086                              0.020914
      82     C        3          4.032567                             -0.032567
      83     C        3          3.942474                              0.057526
      84     C        3          4.054424                             -0.054424
      85     C        3          4.008687                             -0.008687
      86     C        3          4.040886                             -0.040886
      87     C        3          3.986502                              0.013498
      88     C        3          4.045510                             -0.045510
      89     C        3          4.073798                             -0.073798
      90     C        3          3.938863                              0.061137
      91     N        4          5.031279                             -0.031279
      92     N        4          5.196959                             -0.196959
      93     N        4          4.986195                              0.013805
      94     N        4          4.959720                              0.040280
      95     N        4          5.033824                             -0.033824
      96     N        4          5.056551                             -0.056551
      97     O        5          6.325566                             -0.325566
      98     O        5          6.276174                             -0.276174
      99     O        5          6.321680                             -0.321680
     100     O        5          6.284317                             -0.284317
     101     O        5          6.297630                             -0.297630
     102     O        5          6.290445                             -0.290445
     103     O        5          6.291779                             -0.291779
     104     O        5          6.280517                             -0.280517
     105     O        5          6.434755                             -0.434755
     106     O        5          6.461742                             -0.461742
     107     O        5          6.461052                             -0.461052
     108     O        5          6.447429                             -0.447429
     109     O        5          6.413749                             -0.413749
     110     O        5          6.449155                             -0.449155
     111     O        5          6.465887                             -0.465887
     112     O        5          6.462349                             -0.462349
     113     O        5          6.330886                             -0.330886
     114     O        5          6.301232                             -0.301232
     115     O        5          6.337773                             -0.337773
     116     O        5          6.299258                             -0.299258
     117     O        5          6.314892                             -0.314892
     118     O        5          6.326526                             -0.326526
     119     O        5          6.302438                             -0.302438
     120     O        5          6.273340                             -0.273340
     121     O        5          6.332723                             -0.332723
     122     O        5          6.310080                             -0.310080
     123     O        5          6.340054                             -0.340054
     124     O        5          6.314465                             -0.314465
     125     O        5          6.318033                             -0.318033
     126     O        5          6.335475                             -0.335475
     127     O        5          6.290024                             -0.290024
     128     O        5          6.296786                             -0.296786
     129     O        5          6.490716                             -0.490716
     130     O        5          6.463159                             -0.463159
     131     O        5          6.464098                             -0.464098
     132     O        5          6.459133                             -0.459133
     133     H        2          0.937580                              0.062420
     134     H        2          0.911426                              0.088574
     135     H        2          0.913654                              0.086346
     136     H        2          0.909262                              0.090738
     137     C        3          4.266956                             -0.266956
     138     C        3          4.174691                             -0.174691
     139     H        2          0.914569                              0.085431
     140     H        2          0.913300                              0.086700
     141     C        3          4.101169                             -0.101169
     142     C        3          4.122216                             -0.122216
     143     H        2          0.928148                              0.071852
     144     H        2          0.936796                              0.063204
     145     H        2          0.911865                              0.088135
     146     H        2          0.920985                              0.079015
     147     C        3          4.018250                             -0.018250
     148     N        4          4.835383                              0.164617
     149     C        3          3.909641                              0.090359
     150     C        3          3.997622                              0.002378
     151     H        2          0.955742                              0.044258
     152     N        4          4.861075                              0.138925
     153     C        3          4.180883                             -0.180883
     154     H        2          0.920490                              0.079510
     155     H        2          0.916448                              0.083552
     156     H        2          0.931625                              0.068375
     157     H        2          0.932998                              0.067002
     158     O        5          6.319140                             -0.319140
     159     N        4          5.321798                             -0.321798
     160     S        6          5.404472                              0.595528
     161     O        5          6.324637                             -0.324637
     162     F        7          7.143614                             -0.143614
     163     C        3          3.820402                              0.179598
     164     F        7          7.108583                             -0.108583
     165     F        7          7.077472                             -0.077472
     166     C        3          3.838746                              0.161254
     167     F        7          7.096811                             -0.096811
     168     F        7          7.079386                             -0.079386
     169     F        7          7.075667                             -0.075667
     170     O        5          6.353334                             -0.353334
     171     S        6          5.377724                              0.622276
     172     O        5          6.300932                             -0.300932
 # Total charge                            716.000000                  0.000000

 !-----------------------------------------------------------------------------!

 !-----------------------------------------------------------------------------!
                           Hirshfeld Charges

  #Atom  Element  Kind  Ref Charge     Population                    Net charge
      1       Ti     1      12.000         13.492                        -1.492
      2       Ti     1      12.000         13.387                        -1.387
      3       Ti     1      12.000         13.439                        -1.439
      4       Ti     1      12.000         13.461                        -1.461
      5       Ti     1      12.000         13.414                        -1.414
      6       Ti     1      12.000         13.531                        -1.531
      7       Ti     1      12.000         13.410                        -1.410
      8       Ti     1      12.000         13.432                        -1.432
      9       H      2       1.000          0.545                         0.455
     10       H      2       1.000          0.519                         0.481
     11       H      2       1.000          0.522                         0.478
     12       H      2       1.000          0.545                         0.455
     13       H      2       1.000          0.536                         0.464
     14       H      2       1.000          0.543                         0.457
     15       H      2       1.000          0.553                         0.447
     16       H      2       1.000          0.539                         0.461
     17       H      2       1.000          0.544                         0.456
     18       H      2       1.000          0.543                         0.457
     19       H      2       1.000          0.543                         0.457
     20       H      2       1.000          0.553                         0.447
     21       H      2       1.000          0.413                         0.587
     22       H      2       1.000          0.420                         0.580
     23       H      2       1.000          0.424                         0.576
     24       H      2       1.000          0.419                         0.581
     25       H      2       1.000          0.550                         0.450
     26       H      2       1.000          0.552                         0.448
     27       H      2       1.000          0.538                         0.462
     28       H      2       1.000          0.538                         0.462
     29       H      2       1.000          0.534                         0.466
     30       H      2       1.000          0.531                         0.469
     31       H      2       1.000          0.480                         0.520
     32       H      2       1.000          0.460                         0.540
     33       H      2       1.000          0.448                         0.552
     34       H      2       1.000          0.462                         0.538
     35       H      2       1.000          0.477                         0.523
     36       H      2       1.000          0.469                         0.531
     37       H      2       1.000          0.481                         0.519
     38       H      2       1.000          0.462                         0.538
     39       H      2       1.000          0.477                         0.523
     40       H      2       1.000          0.453                         0.547
     41       H      2       1.000          0.477                         0.523
     42       H      2       1.000          0.455                         0.545
     43       C      3       4.000          3.465                         0.535
     44       C      3       4.000          3.446                         0.554
     45       C      3       4.000          3.475                         0.525
     46       C      3       4.000          3.463                         0.537
     47       C      3       4.000          4.028                        -0.028
     48       C      3       4.000          3.996                         0.004
     49       C      3       4.000          4.022                        -0.022
     50       C      3       4.000          3.992                         0.008
     51       C      3       4.000          3.870                         0.130
     52       C      3       4.000          4.436                        -0.436
     53       C      3       4.000          3.864                         0.136
     54       C      3       4.000          4.404                        -0.404
     55       C      3       4.000          4.426                        -0.426
     56       C      3       4.000          4.384                        -0.384
     57       C      3       4.000          4.394                        -0.394
     58       C      3       4.000          4.447                        -0.447
     59       C      3       4.000          4.022                        -0.022
     60       C      3       4.000          4.000                        -0.000
     61       C      3       4.000          4.009                        -0.009
     62       C      3       4.000          3.987                         0.013
     63       C      3       4.000          3.987                         0.013
     64       C      3       4.000          4.026                        -0.026
     65       C      3       4.000          4.025                        -0.025
     66       C      3       4.000          3.969                         0.031
     67       C      3       4.000          3.478                         0.522
     68       C      3       4.000          3.493                         0.507
     69       C      3       4.000          3.481                         0.519
     70       C      3       4.000          3.453                         0.547
     71       C      3       4.000          3.459                         0.541
     72       C      3       4.000          3.461                         0.539
     73       C      3       4.000          3.463                         0.537
     74       C      3       4.000          3.480                         0.520
     75       C      3       4.000          3.857                         0.143
     76       C      3       4.000          4.431                        -0.431
     77       C      3       4.000          4.367                        -0.367
     78       C      3       4.000          4.419                        -0.419
     79       C      3       4.000          4.447                        -0.447
     80       C      3       4.000          4.378                        -0.378
     81       C      3       4.000          4.353                        -0.353
     82       C      3       4.000          4.389                        -0.389
     83       C      3       4.000          3.825                         0.175
     84       C      3       4.000          4.447                        -0.447
     85       C      3       4.000          4.371                        -0.371
     86       C      3       4.000          4.405                        -0.405
     87       C      3       4.000          3.873                         0.127
     88       C      3       4.000          4.412                        -0.412
     89       C      3       4.000          4.422                        -0.422
     90       C      3       4.000          3.864                         0.136
     91       N      4       5.000          5.898                        -0.898
     92       N      4       5.000          5.876                        -0.876
     93       N      4       5.000          5.900                        -0.900
     94       N      4       5.000          5.814                        -0.814
     95       N      4       5.000          5.896                        -0.896
     96       N      4       5.000          5.911                        -0.911
     97       O      5       6.000          6.166                        -0.166
     98       O      5       6.000          6.101                        -0.101
     99       O      5       6.000          6.184                        -0.184
    100       O      5       6.000          6.131                        -0.131
    101       O      5       6.000          6.120                        -0.120
    102       O      5       6.000          6.122                        -0.122
    103       O      5       6.000          6.102                        -0.102
    104       O      5       6.000          6.078                        -0.078
    105       O      5       6.000          5.659                         0.341
    106       O      5       6.000          5.719                         0.281
    107       O      5       6.000          5.734                         0.266
    108       O      5       6.000          5.682                         0.318
    109       O      5       6.000          5.639                         0.361
    110       O      5       6.000          5.691                         0.309
    111       O      5       6.000          5.766                         0.234
    112       O      5       6.000          5.694                         0.306
    113       O      5       6.000          6.117                        -0.117
    114       O      5       6.000          6.148                        -0.148
    115       O      5       6.000          6.196                        -0.196
    116       O      5       6.000          6.098                        -0.098
    117       O      5       6.000          6.102                        -0.102
    118       O      5       6.000          6.163                        -0.163
    119       O      5       6.000          6.149                        -0.149
    120       O      5       6.000          6.090                        -0.090
    121       O      5       6.000          6.072                        -0.072
    122       O      5       6.000          6.095                        -0.095
    123       O      5       6.000          6.190                        -0.190
    124       O      5       6.000          6.172                        -0.172
    125       O      5       6.000          6.081                        -0.081
    126       O      5       6.000          6.210                        -0.210
    127       O      5       6.000          6.124                        -0.124
    128       O      5       6.000          6.064                        -0.064
    129       O      5       6.000          6.014                        -0.014
    130       O      5       6.000          6.017                        -0.017
    131       O      5       6.000          5.987                         0.013
    132       O      5       6.000          5.935                         0.065
    133       H      2       1.000          0.568                         0.432
    134       H      2       1.000          0.562                         0.438
    135       H      2       1.000          0.555                         0.445
    136       H      2       1.000          0.559                         0.441
    137       C      3       4.000          5.283                        -1.283
    138       C      3       4.000          4.816                        -0.816
    139       H      2       1.000          0.544                         0.456
    140       H      2       1.000          0.556                         0.444
    141       C      3       4.000          4.490                        -0.490
    142       C      3       4.000          4.729                        -0.729
    143       H      2       1.000          0.571                         0.429
    144       H      2       1.000          0.530                         0.470
    145       H      2       1.000          0.548                         0.452
    146       H      2       1.000          0.541                         0.459
    147       C      3       4.000          4.246                        -0.246
    148       N      4       5.000          5.129                        -0.129
    149       C      3       4.000          4.045                        -0.045
    150       C      3       4.000          4.203                        -0.203
    151       H      2       1.000          0.499                         0.501
    152       N      4       5.000          5.160                        -0.160
    153       C      3       4.000          4.744                        -0.744
    154       H      2       1.000          0.535                         0.465
    155       H      2       1.000          0.531                         0.469
    156       H      2       1.000          0.518                         0.482
    157       H      2       1.000          0.526                         0.474
    158       O      5       6.000          6.434                        -0.434
    159       N      4       5.000          5.294                        -0.294
    160       S      6       6.000          5.584                         0.416
    161       O      5       6.000          6.540                        -0.540
    162       F      7       7.000          7.352                        -0.352
    163       C      3       4.000          3.115                         0.885
    164       F      7       7.000          7.298                        -0.298
    165       F      7       7.000          7.302                        -0.302
    166       C      3       4.000          3.096                         0.904
    167       F      7       7.000          7.291                        -0.291
    168       F      7       7.000          7.273                        -0.273
    169       F      7       7.000          7.295                        -0.295
    170       O      5       6.000          6.433                        -0.433
    171       S      6       6.000          5.541                         0.459
    172       O      5       6.000          6.452                        -0.452

  Total Charge                                                            0.069
 !-----------------------------------------------------------------------------!

 ENERGY| Total FORCE_EVAL ( QS ) energy [hartree]          -1722.255337131629403

 *******************************************************************************
 **                 BAND EVALUATION OF ENERGIES AND FORCES                    **
 *******************************************************************************
 **                                                                           **
 **                                                                           **
 ** Replica Env Nr. :    1              Replica Band Nr. :    2               **
 ** Band  Step  Nr. :    9                                                    **
 *******************************************************************************

 Number of electrons:                                                        716
 Number of occupied orbitals:                                                389
 Number of molecular orbitals:                                               458

 Number of orbital functions:                                               1948
 Number of independent orbital functions:                                   1948

 Parameters for the always stable predictor-corrector (ASPC) method:

  ASPC order: 3

  B(1) =   3.000000
  B(2) =  -3.428571
  B(3) =   1.928571
  B(4) =  -0.571429
  B(5) =   0.071429

 *** WARNING in fm/cp_fm_elpa.F:521 :: Setting real_kernel for ELPA failed ***


 Extrapolation method: ASPC


 SCF WAVEFUNCTION OPTIMIZATION

  Step     Update method      Time    Convergence         Total energy    Change
  ------------------------------------------------------------------------------

 *** WARNING in fm/cp_fm_elpa.F:521 :: Setting real_kernel for ELPA failed ***

     1 Broy./Diag. 0.15E+00    8.6     0.05932168     -1722.3448144193 -1.72E+03

 *** WARNING in fm/cp_fm_elpa.F:521 :: Setting real_kernel for ELPA failed ***

     2 Broy./Diag. 0.15E+00   12.6     0.00542633     -1722.4536376953 -1.09E-01

 *** WARNING in fm/cp_fm_elpa.F:521 :: Setting real_kernel for ELPA failed ***

     3 Broy./Diag. 0.15E+00   13.4     0.00863272     -1722.4340250096  1.96E-02

 *** WARNING in fm/cp_fm_elpa.F:521 :: Setting real_kernel for ELPA failed ***

     4 Broy./Diag. 0.15E+00   13.9     0.00147758     -1722.4132041081  2.08E-02

 *** WARNING in fm/cp_fm_elpa.F:521 :: Setting real_kernel for ELPA failed ***

     5 Broy./Diag. 0.15E+00   13.3     0.00092876     -1722.3628219316  5.04E-02

 *** WARNING in fm/cp_fm_elpa.F:521 :: Setting real_kernel for ELPA failed ***

     6 Broy./Diag. 0.15E+00   13.6     0.00059145     -1722.3447170640  1.81E-02

 *** WARNING in fm/cp_fm_elpa.F:521 :: Setting real_kernel for ELPA failed ***

     7 Broy./Diag. 0.15E+00   13.5     0.00030849     -1722.3484682919 -3.75E-03

 *** WARNING in fm/cp_fm_elpa.F:521 :: Setting real_kernel for ELPA failed ***

     8 Broy./Diag. 0.15E+00   14.4     0.00009128     -1722.3557417487 -7.27E-03

 *** WARNING in fm/cp_fm_elpa.F:521 :: Setting real_kernel for ELPA failed ***

     9 Broy./Diag. 0.15E+00   13.5     0.00008740     -1722.3604212141 -4.68E-03

 *** WARNING in fm/cp_fm_elpa.F:521 :: Setting real_kernel for ELPA failed ***

    10 Broy./Diag. 0.15E+00   13.2     0.00003367     -1722.3622166283 -1.80E-03

  *** SCF run converged in    10 steps ***


  Electronic density on regular grids:       -715.9999999261        0.0000000739
  Core density on regular grids:              715.9999999656       -0.0000000344
  Total charge density on r-space grids:        0.0000000395
  Total charge density g-space grids:           0.0000000395

  Overlap energy of the core charge distribution:               0.00002293753559
  Self energy of the core charge distribution:              -4016.67387185402686
  Core Hamiltonian energy:                                   1144.53067891128421
  Hartree energy:                                            1523.45126317213794
  Exchange-correlation energy:                               -373.40666249589560
  Dispersion energy:                                           -0.26233602869559
  Electronic entropic energy:                                  -0.00131139325683
  Fermi energy:                                                -0.01579692357777

  Total energy:                                             -1722.36221662834555

 !-----------------------------------------------------------------------------!
                     Mulliken Population Analysis

 #  Atom  Element  Kind  Atomic population                           Net charge
       1     Ti       1         11.021674                              0.978326
       2     Ti       1         10.985475                              1.014525
       3     Ti       1         10.997219                              1.002781
       4     Ti       1         11.000471                              0.999529
       5     Ti       1         11.009967                              0.990033
       6     Ti       1         11.048670                              0.951330
       7     Ti       1         10.995733                              1.004267
       8     Ti       1         10.984815                              1.015185
       9     H        2          0.931644                              0.068356
      10     H        2          0.887039                              0.112961
      11     H        2          0.880926                              0.119074
      12     H        2          0.922181                              0.077819
      13     H        2          0.913442                              0.086558
      14     H        2          0.936590                              0.063410
      15     H        2          0.946247                              0.053753
      16     H        2          0.915890                              0.084110
      17     H        2          0.938870                              0.061130
      18     H        2          0.926931                              0.073069
      19     H        2          0.930520                              0.069480
      20     H        2          0.942091                              0.057909
      21     H        2          0.821013                              0.178987
      22     H        2          0.849073                              0.150927
      23     H        2          0.879390                              0.120610
      24     H        2          0.828628                              0.171372
      25     H        2          0.932730                              0.067270
      26     H        2          0.939765                              0.060235
      27     H        2          0.917918                              0.082082
      28     H        2          0.907291                              0.092709
      29     H        2          0.904070                              0.095930
      30     H        2          0.905598                              0.094402
      31     H        2          0.884980                              0.115020
      32     H        2          0.887872                              0.112128
      33     H        2          0.852677                              0.147323
      34     H        2          0.782771                              0.217229
      35     H        2          0.887630                              0.112370
      36     H        2          0.907726                              0.092274
      37     H        2          0.885535                              0.114465
      38     H        2          0.889754                              0.110246
      39     H        2          0.887273                              0.112727
      40     H        2          0.873054                              0.126946
      41     H        2          0.880986                              0.119014
      42     H        2          0.876757                              0.123243
      43     C        3          3.769163                              0.230837
      44     C        3          3.769360                              0.230640
      45     C        3          3.775889                              0.224111
      46     C        3          3.773657                              0.226343
      47     C        3          4.060111                             -0.060111
      48     C        3          4.034554                             -0.034554
      49     C        3          4.056679                             -0.056679
      50     C        3          4.027763                             -0.027763
      51     C        3          3.977096                              0.022904
      52     C        3          4.073151                             -0.073151
      53     C        3          3.984929                              0.015071
      54     C        3          4.051648                             -0.051648
      55     C        3          4.037323                             -0.037323
      56     C        3          4.007645                             -0.007645
      57     C        3          4.041097                             -0.041097
      58     C        3          4.057312                             -0.057312
      59     C        3          4.050975                             -0.050975
      60     C        3          4.029780                             -0.029780
      61     C        3          4.042303                             -0.042303
      62     C        3          4.028103                             -0.028103
      63     C        3          4.012919                             -0.012919
      64     C        3          4.064019                             -0.064019
      65     C        3          4.063676                             -0.063676
      66     C        3          4.002270                             -0.002270
      67     C        3          3.777308                              0.222692
      68     C        3          3.791420                              0.208580
      69     C        3          3.783035                              0.216965
      70     C        3          3.770042                              0.229958
      71     C        3          3.775601                              0.224399
      72     C        3          3.782732                              0.217268
      73     C        3          3.792564                              0.207436
      74     C        3          3.783322                              0.216678
      75     C        3          3.974657                              0.025343
      76     C        3          4.045506                             -0.045506
      77     C        3          4.054410                             -0.054410
      78     C        3          4.073478                             -0.073478
      79     C        3          4.064707                             -0.064707
      80     C        3          4.020199                             -0.020199
      81     C        3          3.979866                              0.020134
      82     C        3          4.035310                             -0.035310
      83     C        3          3.945849                              0.054151
      84     C        3          4.057096                             -0.057096
      85     C        3          4.008438                             -0.008438
      86     C        3          4.041050                             -0.041050
      87     C        3          3.987676                              0.012324
      88     C        3          4.042710                             -0.042710
      89     C        3          4.074700                             -0.074700
      90     C        3          3.944999                              0.055001
      91     N        4          5.031696                             -0.031696
      92     N        4          5.178558                             -0.178558
      93     N        4          4.988003                              0.011997
      94     N        4          4.959027                              0.040973
      95     N        4          5.040499                             -0.040499
      96     N        4          5.061507                             -0.061507
      97     O        5          6.326265                             -0.326265
      98     O        5          6.275512                             -0.275512
      99     O        5          6.320311                             -0.320311
     100     O        5          6.283613                             -0.283613
     101     O        5          6.297939                             -0.297939
     102     O        5          6.291540                             -0.291540
     103     O        5          6.292383                             -0.292383
     104     O        5          6.281721                             -0.281721
     105     O        5          6.434624                             -0.434624
     106     O        5          6.460297                             -0.460297
     107     O        5          6.460495                             -0.460495
     108     O        5          6.448095                             -0.448095
     109     O        5          6.412808                             -0.412808
     110     O        5          6.449771                             -0.449771
     111     O        5          6.463511                             -0.463511
     112     O        5          6.461534                             -0.461534
     113     O        5          6.330407                             -0.330407
     114     O        5          6.302039                             -0.302039
     115     O        5          6.338241                             -0.338241
     116     O        5          6.298974                             -0.298974
     117     O        5          6.315612                             -0.315612
     118     O        5          6.328424                             -0.328424
     119     O        5          6.305024                             -0.305024
     120     O        5          6.275466                             -0.275466
     121     O        5          6.334013                             -0.334013
     122     O        5          6.309760                             -0.309760
     123     O        5          6.339741                             -0.339741
     124     O        5          6.314295                             -0.314295
     125     O        5          6.323540                             -0.323540
     126     O        5          6.325986                             -0.325986
     127     O        5          6.291503                             -0.291503
     128     O        5          6.301824                             -0.301824
     129     O        5          6.490368                             -0.490368
     130     O        5          6.463351                             -0.463351
     131     O        5          6.465056                             -0.465056
     132     O        5          6.465120                             -0.465120
     133     H        2          0.937189                              0.062811
     134     H        2          0.911488                              0.088512
     135     H        2          0.913553                              0.086447
     136     H        2          0.909325                              0.090675
     137     C        3          4.267591                             -0.267591
     138     C        3          4.174802                             -0.174802
     139     H        2          0.915148                              0.084852
     140     H        2          0.913233                              0.086767
     141     C        3          4.100890                             -0.100890
     142     C        3          4.122485                             -0.122485
     143     H        2          0.927884                              0.072116
     144     H        2          0.937205                              0.062795
     145     H        2          0.911765                              0.088235
     146     H        2          0.922014                              0.077986
     147     C        3          4.018297                             -0.018297
     148     N        4          4.834260                              0.165740
     149     C        3          3.910225                              0.089775
     150     C        3          3.997746                              0.002254
     151     H        2          0.956689                              0.043311
     152     N        4          4.861203                              0.138797
     153     C        3          4.180765                             -0.180765
     154     H        2          0.920557                              0.079443
     155     H        2          0.916719                              0.083281
     156     H        2          0.931636                              0.068364
     157     H        2          0.931125                              0.068875
     158     O        5          6.325656                             -0.325656
     159     N        4          5.354637                             -0.354637
     160     S        6          5.373039                              0.626961
     161     O        5          6.332522                             -0.332522
     162     F        7          7.136317                             -0.136317
     163     C        3          3.821706                              0.178294
     164     F        7          7.111994                             -0.111994
     165     F        7          7.078061                             -0.078061
     166     C        3          3.831780                              0.168220
     167     F        7          7.095179                             -0.095179
     168     F        7          7.085818                             -0.085818
     169     F        7          7.082980                             -0.082980
     170     O        5          6.357531                             -0.357531
     171     S        6          5.350957                              0.649043
     172     O        5          6.302594                             -0.302594
 # Total charge                            716.000000                  0.000000

 !-----------------------------------------------------------------------------!

 !-----------------------------------------------------------------------------!
                           Hirshfeld Charges

  #Atom  Element  Kind  Ref Charge     Population                    Net charge
      1       Ti     1      12.000         13.482                        -1.482
      2       Ti     1      12.000         13.386                        -1.386
      3       Ti     1      12.000         13.439                        -1.439
      4       Ti     1      12.000         13.460                        -1.460
      5       Ti     1      12.000         13.423                        -1.423
      6       Ti     1      12.000         13.527                        -1.527
      7       Ti     1      12.000         13.410                        -1.410
      8       Ti     1      12.000         13.430                        -1.430
      9       H      2       1.000          0.545                         0.455
     10       H      2       1.000          0.519                         0.481
     11       H      2       1.000          0.522                         0.478
     12       H      2       1.000          0.545                         0.455
     13       H      2       1.000          0.536                         0.464
     14       H      2       1.000          0.542                         0.458
     15       H      2       1.000          0.552                         0.448
     16       H      2       1.000          0.539                         0.461
     17       H      2       1.000          0.545                         0.455
     18       H      2       1.000          0.543                         0.457
     19       H      2       1.000          0.543                         0.457
     20       H      2       1.000          0.554                         0.446
     21       H      2       1.000          0.413                         0.587
     22       H      2       1.000          0.420                         0.580
     23       H      2       1.000          0.424                         0.576
     24       H      2       1.000          0.418                         0.582
     25       H      2       1.000          0.550                         0.450
     26       H      2       1.000          0.552                         0.448
     27       H      2       1.000          0.538                         0.462
     28       H      2       1.000          0.538                         0.462
     29       H      2       1.000          0.534                         0.466
     30       H      2       1.000          0.532                         0.468
     31       H      2       1.000          0.480                         0.520
     32       H      2       1.000          0.460                         0.540
     33       H      2       1.000          0.447                         0.553
     34       H      2       1.000          0.461                         0.539
     35       H      2       1.000          0.476                         0.524
     36       H      2       1.000          0.470                         0.530
     37       H      2       1.000          0.482                         0.518
     38       H      2       1.000          0.461                         0.539
     39       H      2       1.000          0.477                         0.523
     40       H      2       1.000          0.452                         0.548
     41       H      2       1.000          0.477                         0.523
     42       H      2       1.000          0.455                         0.545
     43       C      3       4.000          3.466                         0.534
     44       C      3       4.000          3.446                         0.554
     45       C      3       4.000          3.475                         0.525
     46       C      3       4.000          3.463                         0.537
     47       C      3       4.000          4.030                        -0.030
     48       C      3       4.000          3.998                         0.002
     49       C      3       4.000          4.023                        -0.023
     50       C      3       4.000          3.992                         0.008
     51       C      3       4.000          3.867                         0.133
     52       C      3       4.000          4.433                        -0.433
     53       C      3       4.000          3.862                         0.138
     54       C      3       4.000          4.404                        -0.404
     55       C      3       4.000          4.424                        -0.424
     56       C      3       4.000          4.383                        -0.383
     57       C      3       4.000          4.391                        -0.391
     58       C      3       4.000          4.444                        -0.444
     59       C      3       4.000          4.021                        -0.021
     60       C      3       4.000          4.001                        -0.001
     61       C      3       4.000          4.011                        -0.011
     62       C      3       4.000          3.988                         0.012
     63       C      3       4.000          3.990                         0.010
     64       C      3       4.000          4.028                        -0.028
     65       C      3       4.000          4.026                        -0.026
     66       C      3       4.000          3.972                         0.028
     67       C      3       4.000          3.477                         0.523
     68       C      3       4.000          3.494                         0.506
     69       C      3       4.000          3.481                         0.519
     70       C      3       4.000          3.452                         0.548
     71       C      3       4.000          3.458                         0.542
     72       C      3       4.000          3.463                         0.537
     73       C      3       4.000          3.466                         0.534
     74       C      3       4.000          3.476                         0.524
     75       C      3       4.000          3.857                         0.143
     76       C      3       4.000          4.431                        -0.431
     77       C      3       4.000          4.366                        -0.366
     78       C      3       4.000          4.418                        -0.418
     79       C      3       4.000          4.440                        -0.440
     80       C      3       4.000          4.377                        -0.377
     81       C      3       4.000          4.353                        -0.353
     82       C      3       4.000          4.389                        -0.389
     83       C      3       4.000          3.826                         0.174
     84       C      3       4.000          4.446                        -0.446
     85       C      3       4.000          4.371                        -0.371
     86       C      3       4.000          4.406                        -0.406
     87       C      3       4.000          3.873                         0.127
     88       C      3       4.000          4.410                        -0.410
     89       C      3       4.000          4.419                        -0.419
     90       C      3       4.000          3.864                         0.136
     91       N      4       5.000          5.898                        -0.898
     92       N      4       5.000          5.886                        -0.886
     93       N      4       5.000          5.900                        -0.900
     94       N      4       5.000          5.814                        -0.814
     95       N      4       5.000          5.903                        -0.903
     96       N      4       5.000          5.914                        -0.914
     97       O      5       6.000          6.167                        -0.167
     98       O      5       6.000          6.103                        -0.103
     99       O      5       6.000          6.186                        -0.186
    100       O      5       6.000          6.130                        -0.130
    101       O      5       6.000          6.119                        -0.119
    102       O      5       6.000          6.122                        -0.122
    103       O      5       6.000          6.103                        -0.103
    104       O      5       6.000          6.075                        -0.075
    105       O      5       6.000          5.658                         0.342
    106       O      5       6.000          5.719                         0.281
    107       O      5       6.000          5.735                         0.265
    108       O      5       6.000          5.681                         0.319
    109       O      5       6.000          5.637                         0.363
    110       O      5       6.000          5.692                         0.308
    111       O      5       6.000          5.765                         0.235
    112       O      5       6.000          5.695                         0.305
    113       O      5       6.000          6.116                        -0.116
    114       O      5       6.000          6.149                        -0.149
    115       O      5       6.000          6.194                        -0.194
    116       O      5       6.000          6.096                        -0.096
    117       O      5       6.000          6.103                        -0.103
    118       O      5       6.000          6.168                        -0.168
    119       O      5       6.000          6.147                        -0.147
    120       O      5       6.000          6.081                        -0.081
    121       O      5       6.000          6.073                        -0.073
    122       O      5       6.000          6.094                        -0.094
    123       O      5       6.000          6.189                        -0.189
    124       O      5       6.000          6.174                        -0.174
    125       O      5       6.000          6.092                        -0.092
    126       O      5       6.000          6.215                        -0.215
    127       O      5       6.000          6.121                        -0.121
    128       O      5       6.000          6.064                        -0.064
    129       O      5       6.000          6.014                        -0.014
    130       O      5       6.000          6.015                        -0.015
    131       O      5       6.000          5.987                         0.013
    132       O      5       6.000          5.944                         0.056
    133       H      2       1.000          0.568                         0.432
    134       H      2       1.000          0.562                         0.438
    135       H      2       1.000          0.555                         0.445
    136       H      2       1.000          0.559                         0.441
    137       C      3       4.000          5.282                        -1.282
    138       C      3       4.000          4.815                        -0.815
    139       H      2       1.000          0.544                         0.456
    140       H      2       1.000          0.556                         0.444
    141       C      3       4.000          4.489                        -0.489
    142       C      3       4.000          4.728                        -0.728
    143       H      2       1.000          0.570                         0.430
    144       H      2       1.000          0.530                         0.470
    145       H      2       1.000          0.547                         0.453
    146       H      2       1.000          0.541                         0.459
    147       C      3       4.000          4.245                        -0.245
    148       N      4       5.000          5.129                        -0.129
    149       C      3       4.000          4.045                        -0.045
    150       C      3       4.000          4.201                        -0.201
    151       H      2       1.000          0.499                         0.501
    152       N      4       5.000          5.160                        -0.160
    153       C      3       4.000          4.743                        -0.743
    154       H      2       1.000          0.534                         0.466
    155       H      2       1.000          0.531                         0.469
    156       H      2       1.000          0.518                         0.482
    157       H      2       1.000          0.526                         0.474
    158       O      5       6.000          6.432                        -0.432
    159       N      4       5.000          5.295                        -0.295
    160       S      6       6.000          5.587                         0.413
    161       O      5       6.000          6.538                        -0.538
    162       F      7       7.000          7.348                        -0.348
    163       C      3       4.000          3.112                         0.888
    164       F      7       7.000          7.302                        -0.302
    165       F      7       7.000          7.301                        -0.301
    166       C      3       4.000          3.094                         0.906
    167       F      7       7.000          7.289                        -0.289
    168       F      7       7.000          7.277                        -0.277
    169       F      7       7.000          7.299                        -0.299
    170       O      5       6.000          6.431                        -0.431
    171       S      6       6.000          5.549                         0.451
    172       O      5       6.000          6.449                        -0.449

  Total Charge                                                            0.069
 !-----------------------------------------------------------------------------!

 ENERGY| Total FORCE_EVAL ( QS ) energy [hartree]          -1722.360711887611615

 *******************************************************************************
 **                 BAND EVALUATION OF ENERGIES AND FORCES                    **
 *******************************************************************************
 **                                                                           **
 **                                                                           **
 ** Replica Env Nr. :    1              Replica Band Nr. :    2               **
 ** Band  Step  Nr. :    9                                                    **
 *******************************************************************************

 Number of electrons:                                                        716
 Number of occupied orbitals:                                                388
 Number of molecular orbitals:                                               458

 Number of orbital functions:                                               1948
 Number of independent orbital functions:                                   1948

 Parameters for the always stable predictor-corrector (ASPC) method:

  ASPC order: 3

  B(1) =   3.000000
  B(2) =  -3.428571
  B(3) =   1.928571
  B(4) =  -0.571429
  B(5) =   0.071429

 *** WARNING in fm/cp_fm_elpa.F:521 :: Setting real_kernel for ELPA failed ***


 Extrapolation method: ASPC


 SCF WAVEFUNCTION OPTIMIZATION

  Step     Update method      Time    Convergence         Total energy    Change
  ------------------------------------------------------------------------------

 *** WARNING in fm/cp_fm_elpa.F:521 :: Setting real_kernel for ELPA failed ***

     1 Broy./Diag. 0.15E+00    9.2     0.07311360     -1722.3437772708 -1.72E+03

 *** WARNING in fm/cp_fm_elpa.F:521 :: Setting real_kernel for ELPA failed ***

     2 Broy./Diag. 0.15E+00   12.2     0.00936050     -1722.5846665198 -2.41E-01

 *** WARNING in fm/cp_fm_elpa.F:521 :: Setting real_kernel for ELPA failed ***

     3 Broy./Diag. 0.15E+00   12.6     0.01295756     -1722.4857754040  9.89E-02

 *** WARNING in fm/cp_fm_elpa.F:521 :: Setting real_kernel for ELPA failed ***

     4 Broy./Diag. 0.15E+00   12.6     0.00229334     -1722.3934363478  9.23E-02

 *** WARNING in fm/cp_fm_elpa.F:521 :: Setting real_kernel for ELPA failed ***

     5 Broy./Diag. 0.15E+00   13.0     0.00096547     -1722.3580323420  3.54E-02

 *** WARNING in fm/cp_fm_elpa.F:521 :: Setting real_kernel for ELPA failed ***

     6 Broy./Diag. 0.15E+00   13.2     0.00072989     -1722.3505465269  7.49E-03

 *** WARNING in fm/cp_fm_elpa.F:521 :: Setting real_kernel for ELPA failed ***

     7 Broy./Diag. 0.15E+00   13.6     0.00035357     -1722.3543568354 -3.81E-03

 *** WARNING in fm/cp_fm_elpa.F:521 :: Setting real_kernel for ELPA failed ***

     8 Broy./Diag. 0.15E+00   13.8     0.00018952     -1722.3588843337 -4.53E-03

 *** WARNING in fm/cp_fm_elpa.F:521 :: Setting real_kernel for ELPA failed ***

     9 Broy./Diag. 0.15E+00   13.9     0.00009427     -1722.3618641625 -2.98E-03

 *** WARNING in fm/cp_fm_elpa.F:521 :: Setting real_kernel for ELPA failed ***

    10 Broy./Diag. 0.15E+00   13.6     0.00005735     -1722.3627753638 -9.11E-04

 *** WARNING in fm/cp_fm_elpa.F:521 :: Setting real_kernel for ELPA failed ***

    11 Broy./Diag. 0.15E+00   14.5     0.00005716     -1722.3623799420  3.95E-04

 *** WARNING in fm/cp_fm_elpa.F:521 :: Setting real_kernel for ELPA failed ***

    12 Broy./Diag. 0.15E+00   13.5     0.00005613     -1722.3615714130  8.09E-04

 *** WARNING in fm/cp_fm_elpa.F:521 :: Setting real_kernel for ELPA failed ***

    13 Broy./Diag. 0.15E+00   13.4     0.00002778     -1722.3609449415  6.26E-04

  *** SCF run converged in    13 steps ***


  Electronic density on regular grids:       -715.9999999261        0.0000000739
  Core density on regular grids:              715.9999999656       -0.0000000344
  Total charge density on r-space grids:        0.0000000395
  Total charge density g-space grids:           0.0000000395

  Overlap energy of the core charge distribution:               0.00002293753559
  Self energy of the core charge distribution:              -4016.67387185402686
  Core Hamiltonian energy:                                   1144.53043077024176
  Hartree energy:                                            1523.45275846725417
  Exchange-correlation energy:                               -373.40663627278957
  Dispersion energy:                                           -0.26233602869559
  Electronic entropic energy:                                  -0.00131252184977
  Fermi energy:                                                -0.01578182275157

  Total energy:                                             -1722.36094494145641

 !-----------------------------------------------------------------------------!
                     Mulliken Population Analysis

 #  Atom  Element  Kind  Atomic population                           Net charge
       1     Ti       1         11.021688                              0.978312
       2     Ti       1         10.985465                              1.014535
       3     Ti       1         10.997267                              1.002733
       4     Ti       1         11.000406                              0.999594
       5     Ti       1         11.009976                              0.990024
       6     Ti       1         11.048652                              0.951348
       7     Ti       1         10.995767                              1.004233
       8     Ti       1         10.984794                              1.015206
       9     H        2          0.931650                              0.068350
      10     H        2          0.887030                              0.112970
      11     H        2          0.880895                              0.119105
      12     H        2          0.922200                              0.077800
      13     H        2          0.913451                              0.086549
      14     H        2          0.936606                              0.063394
      15     H        2          0.946227                              0.053773
      16     H        2          0.915889                              0.084111
      17     H        2          0.938853                              0.061147
      18     H        2          0.926942                              0.073058
      19     H        2          0.930537                              0.069463
      20     H        2          0.942111                              0.057889
      21     H        2          0.821003                              0.178997
      22     H        2          0.849063                              0.150937
      23     H        2          0.879381                              0.120619
      24     H        2          0.828622                              0.171378
      25     H        2          0.932739                              0.067261
      26     H        2          0.939762                              0.060238
      27     H        2          0.917934                              0.082066
      28     H        2          0.907284                              0.092716
      29     H        2          0.904087                              0.095913
      30     H        2          0.905590                              0.094410
      31     H        2          0.884995                              0.115005
      32     H        2          0.887854                              0.112146
      33     H        2          0.852665                              0.147335
      34     H        2          0.782774                              0.217226
      35     H        2          0.887667                              0.112333
      36     H        2          0.907712                              0.092288
      37     H        2          0.885513                              0.114487
      38     H        2          0.889748                              0.110252
      39     H        2          0.887270                              0.112730
      40     H        2          0.873031                              0.126969
      41     H        2          0.880977                              0.119023
      42     H        2          0.876754                              0.123246
      43     C        3          3.769173                              0.230827
      44     C        3          3.769424                              0.230576
      45     C        3          3.775888                              0.224112
      46     C        3          3.773619                              0.226381
      47     C        3          4.060151                             -0.060151
      48     C        3          4.034617                             -0.034617
      49     C        3          4.056663                             -0.056663
      50     C        3          4.027731                             -0.027731
      51     C        3          3.977139                              0.022861
      52     C        3          4.073248                             -0.073248
      53     C        3          3.984918                              0.015082
      54     C        3          4.051613                             -0.051613
      55     C        3          4.037307                             -0.037307
      56     C        3          4.007661                             -0.007661
      57     C        3          4.041098                             -0.041098
      58     C        3          4.057414                             -0.057414
      59     C        3          4.050975                             -0.050975
      60     C        3          4.029794                             -0.029794
      61     C        3          4.042285                             -0.042285
      62     C        3          4.028112                             -0.028112
      63     C        3          4.012873                             -0.012873
      64     C        3          4.064021                             -0.064021
      65     C        3          4.063678                             -0.063678
      66     C        3          4.002263                             -0.002263
      67     C        3          3.777299                              0.222701
      68     C        3          3.791428                              0.208572
      69     C        3          3.783017                              0.216983
      70     C        3          3.770069                              0.229931
      71     C        3          3.775599                              0.224401
      72     C        3          3.782717                              0.217283
      73     C        3          3.792539                              0.207461
      74     C        3          3.783298                              0.216702
      75     C        3          3.974665                              0.025335
      76     C        3          4.045526                             -0.045526
      77     C        3          4.054390                             -0.054390
      78     C        3          4.073499                             -0.073499
      79     C        3          4.064767                             -0.064767
      80     C        3          4.020195                             -0.020195
      81     C        3          3.979866                              0.020134
      82     C        3          4.035341                             -0.035341
      83     C        3          3.945840                              0.054160
      84     C        3          4.057146                             -0.057146
      85     C        3          4.008464                             -0.008464
      86     C        3          4.041087                             -0.041087
      87     C        3          3.987681                              0.012319
      88     C        3          4.042674                             -0.042674
      89     C        3          4.074736                             -0.074736
      90     C        3          3.944973                              0.055027
      91     N        4          5.031670                             -0.031670
      92     N        4          5.178481                             -0.178481
      93     N        4          4.988035                              0.011965
      94     N        4          4.959027                              0.040973
      95     N        4          5.040488                             -0.040488
      96     N        4          5.061506                             -0.061506
      97     O        5          6.326262                             -0.326262
      98     O        5          6.275545                             -0.275545
      99     O        5          6.320305                             -0.320305
     100     O        5          6.283582                             -0.283582
     101     O        5          6.297924                             -0.297924
     102     O        5          6.291546                             -0.291546
     103     O        5          6.292378                             -0.292378
     104     O        5          6.281768                             -0.281768
     105     O        5          6.434646                             -0.434646
     106     O        5          6.460278                             -0.460278
     107     O        5          6.460460                             -0.460460
     108     O        5          6.448125                             -0.448125
     109     O        5          6.412823                             -0.412823
     110     O        5          6.449723                             -0.449723
     111     O        5          6.463494                             -0.463494
     112     O        5          6.461489                             -0.461489
     113     O        5          6.330416                             -0.330416
     114     O        5          6.302079                             -0.302079
     115     O        5          6.338234                             -0.338234
     116     O        5          6.299009                             -0.299009
     117     O        5          6.315586                             -0.315586
     118     O        5          6.328394                             -0.328394
     119     O        5          6.305018                             -0.305018
     120     O        5          6.275404                             -0.275404
     121     O        5          6.333972                             -0.333972
     122     O        5          6.309748                             -0.309748
     123     O        5          6.339711                             -0.339711
     124     O        5          6.314294                             -0.314294
     125     O        5          6.323521                             -0.323521
     126     O        5          6.326042                             -0.326042
     127     O        5          6.291497                             -0.291497
     128     O        5          6.301828                             -0.301828
     129     O        5          6.490343                             -0.490343
     130     O        5          6.463346                             -0.463346
     131     O        5          6.465049                             -0.465049
     132     O        5          6.465099                             -0.465099
     133     H        2          0.937219                              0.062781
     134     H        2          0.911511                              0.088489
     135     H        2          0.913553                              0.086447
     136     H        2          0.909324                              0.090676
     137     C        3          4.267602                             -0.267602
     138     C        3          4.174817                             -0.174817
     139     H        2          0.915152                              0.084848
     140     H        2          0.913245                              0.086755
     141     C        3          4.100891                             -0.100891
     142     C        3          4.122488                             -0.122488
     143     H        2          0.927898                              0.072102
     144     H        2          0.937209                              0.062791
     145     H        2          0.911766                              0.088234
     146     H        2          0.921997                              0.078003
     147     C        3          4.018303                             -0.018303
     148     N        4          4.834264                              0.165736
     149     C        3          3.910218                              0.089782
     150     C        3          3.997722                              0.002278
     151     H        2          0.956676                              0.043324
     152     N        4          4.861186                              0.138814
     153     C        3          4.180746                             -0.180746
     154     H        2          0.920543                              0.079457
     155     H        2          0.916714                              0.083286
     156     H        2          0.931628                              0.068372
     157     H        2          0.931103                              0.068897
     158     O        5          6.325649                             -0.325649
     159     N        4          5.354619                             -0.354619
     160     S        6          5.373051                              0.626949
     161     O        5          6.332516                             -0.332516
     162     F        7          7.136345                             -0.136345
     163     C        3          3.821681                              0.178319
     164     F        7          7.111944                             -0.111944
     165     F        7          7.078077                             -0.078077
     166     C        3          3.831809                              0.168191
     167     F        7          7.095209                             -0.095209
     168     F        7          7.085804                             -0.085804
     169     F        7          7.082953                             -0.082953
     170     O        5          6.357499                             -0.357499
     171     S        6          5.351000                              0.649000
     172     O        5          6.302614                             -0.302614
 # Total charge                            716.000000                  0.000000

 !-----------------------------------------------------------------------------!

 !-----------------------------------------------------------------------------!
                           Hirshfeld Charges

  #Atom  Element  Kind  Ref Charge     Population                    Net charge
      1       Ti     1      12.000         13.482                        -1.482
      2       Ti     1      12.000         13.386                        -1.386
      3       Ti     1      12.000         13.440                        -1.440
      4       Ti     1      12.000         13.460                        -1.460
      5       Ti     1      12.000         13.423                        -1.423
      6       Ti     1      12.000         13.527                        -1.527
      7       Ti     1      12.000         13.410                        -1.410
      8       Ti     1      12.000         13.430                        -1.430
      9       H      2       1.000          0.545                         0.455
     10       H      2       1.000          0.519                         0.481
     11       H      2       1.000          0.522                         0.478
     12       H      2       1.000          0.545                         0.455
     13       H      2       1.000          0.536                         0.464
     14       H      2       1.000          0.542                         0.458
     15       H      2       1.000          0.552                         0.448
     16       H      2       1.000          0.539                         0.461
     17       H      2       1.000          0.545                         0.455
     18       H      2       1.000          0.543                         0.457
     19       H      2       1.000          0.543                         0.457
     20       H      2       1.000          0.554                         0.446
     21       H      2       1.000          0.413                         0.587
     22       H      2       1.000          0.420                         0.580
     23       H      2       1.000          0.424                         0.576
     24       H      2       1.000          0.418                         0.582
     25       H      2       1.000          0.550                         0.450
     26       H      2       1.000          0.552                         0.448
     27       H      2       1.000          0.538                         0.462
     28       H      2       1.000          0.538                         0.462
     29       H      2       1.000          0.534                         0.466
     30       H      2       1.000          0.532                         0.468
     31       H      2       1.000          0.480                         0.520
     32       H      2       1.000          0.460                         0.540
     33       H      2       1.000          0.447                         0.553
     34       H      2       1.000          0.461                         0.539
     35       H      2       1.000          0.476                         0.524
     36       H      2       1.000          0.470                         0.530
     37       H      2       1.000          0.482                         0.518
     38       H      2       1.000          0.461                         0.539
     39       H      2       1.000          0.477                         0.523
     40       H      2       1.000          0.452                         0.548
     41       H      2       1.000          0.477                         0.523
     42       H      2       1.000          0.455                         0.545
     43       C      3       4.000          3.466                         0.534
     44       C      3       4.000          3.447                         0.553
     45       C      3       4.000          3.475                         0.525
     46       C      3       4.000          3.463                         0.537
     47       C      3       4.000          4.030                        -0.030
     48       C      3       4.000          3.998                         0.002
     49       C      3       4.000          4.023                        -0.023
     50       C      3       4.000          3.992                         0.008
     51       C      3       4.000          3.867                         0.133
     52       C      3       4.000          4.433                        -0.433
     53       C      3       4.000          3.862                         0.138
     54       C      3       4.000          4.404                        -0.404
     55       C      3       4.000          4.424                        -0.424
     56       C      3       4.000          4.383                        -0.383
     57       C      3       4.000          4.391                        -0.391
     58       C      3       4.000          4.444                        -0.444
     59       C      3       4.000          4.021                        -0.021
     60       C      3       4.000          4.001                        -0.001
     61       C      3       4.000          4.011                        -0.011
     62       C      3       4.000          3.988                         0.012
     63       C      3       4.000          3.990                         0.010
     64       C      3       4.000          4.028                        -0.028
     65       C      3       4.000          4.026                        -0.026
     66       C      3       4.000          3.972                         0.028
     67       C      3       4.000          3.477                         0.523
     68       C      3       4.000          3.494                         0.506
     69       C      3       4.000          3.481                         0.519
     70       C      3       4.000          3.452                         0.548
     71       C      3       4.000          3.458                         0.542
     72       C      3       4.000          3.463                         0.537
     73       C      3       4.000          3.465                         0.535
     74       C      3       4.000          3.476                         0.524
     75       C      3       4.000          3.857                         0.143
     76       C      3       4.000          4.431                        -0.431
     77       C      3       4.000          4.366                        -0.366
     78       C      3       4.000          4.418                        -0.418
     79       C      3       4.000          4.440                        -0.440
     80       C      3       4.000          4.377                        -0.377
     81       C      3       4.000          4.353                        -0.353
     82       C      3       4.000          4.389                        -0.389
     83       C      3       4.000          3.826                         0.174
     84       C      3       4.000          4.446                        -0.446
     85       C      3       4.000          4.371                        -0.371
     86       C      3       4.000          4.406                        -0.406
     87       C      3       4.000          3.873                         0.127
     88       C      3       4.000          4.410                        -0.410
     89       C      3       4.000          4.419                        -0.419
     90       C      3       4.000          3.864                         0.136
     91       N      4       5.000          5.898                        -0.898
     92       N      4       5.000          5.886                        -0.886
     93       N      4       5.000          5.900                        -0.900
     94       N      4       5.000          5.814                        -0.814
     95       N      4       5.000          5.903                        -0.903
     96       N      4       5.000          5.914                        -0.914
     97       O      5       6.000          6.167                        -0.167
     98       O      5       6.000          6.103                        -0.103
     99       O      5       6.000          6.186                        -0.186
    100       O      5       6.000          6.130                        -0.130
    101       O      5       6.000          6.119                        -0.119
    102       O      5       6.000          6.122                        -0.122
    103       O      5       6.000          6.103                        -0.103
    104       O      5       6.000          6.075                        -0.075
    105       O      5       6.000          5.658                         0.342
    106       O      5       6.000          5.719                         0.281
    107       O      5       6.000          5.735                         0.265
    108       O      5       6.000          5.681                         0.319
    109       O      5       6.000          5.637                         0.363
    110       O      5       6.000          5.692                         0.308
    111       O      5       6.000          5.765                         0.235
    112       O      5       6.000          5.695                         0.305
    113       O      5       6.000          6.116                        -0.116
    114       O      5       6.000          6.149                        -0.149
    115       O      5       6.000          6.194                        -0.194
    116       O      5       6.000          6.096                        -0.096
    117       O      5       6.000          6.103                        -0.103
    118       O      5       6.000          6.168                        -0.168
    119       O      5       6.000          6.147                        -0.147
    120       O      5       6.000          6.081                        -0.081
    121       O      5       6.000          6.073                        -0.073
    122       O      5       6.000          6.094                        -0.094
    123       O      5       6.000          6.189                        -0.189
    124       O      5       6.000          6.174                        -0.174
    125       O      5       6.000          6.092                        -0.092
    126       O      5       6.000          6.215                        -0.215
    127       O      5       6.000          6.121                        -0.121
    128       O      5       6.000          6.064                        -0.064
    129       O      5       6.000          6.014                        -0.014
    130       O      5       6.000          6.015                        -0.015
    131       O      5       6.000          5.987                         0.013
    132       O      5       6.000          5.944                         0.056
    133       H      2       1.000          0.568                         0.432
    134       H      2       1.000          0.562                         0.438
    135       H      2       1.000          0.555                         0.445
    136       H      2       1.000          0.559                         0.441
    137       C      3       4.000          5.282                        -1.282
    138       C      3       4.000          4.815                        -0.815
    139       H      2       1.000          0.544                         0.456
    140       H      2       1.000          0.556                         0.444
    141       C      3       4.000          4.489                        -0.489
    142       C      3       4.000          4.728                        -0.728
    143       H      2       1.000          0.570                         0.430
    144       H      2       1.000          0.530                         0.470
    145       H      2       1.000          0.547                         0.453
    146       H      2       1.000          0.541                         0.459
    147       C      3       4.000          4.245                        -0.245
    148       N      4       5.000          5.129                        -0.129
    149       C      3       4.000          4.045                        -0.045
    150       C      3       4.000          4.201                        -0.201
    151       H      2       1.000          0.499                         0.501
    152       N      4       5.000          5.159                        -0.159
    153       C      3       4.000          4.743                        -0.743
    154       H      2       1.000          0.534                         0.466
    155       H      2       1.000          0.531                         0.469
    156       H      2       1.000          0.518                         0.482
    157       H      2       1.000          0.526                         0.474
    158       O      5       6.000          6.432                        -0.432
    159       N      4       5.000          5.295                        -0.295
    160       S      6       6.000          5.587                         0.413
    161       O      5       6.000          6.538                        -0.538
    162       F      7       7.000          7.348                        -0.348
    163       C      3       4.000          3.112                         0.888
    164       F      7       7.000          7.302                        -0.302
    165       F      7       7.000          7.301                        -0.301
    166       C      3       4.000          3.094                         0.906
    167       F      7       7.000          7.289                        -0.289
    168       F      7       7.000          7.277                        -0.277
    169       F      7       7.000          7.299                        -0.299
    170       O      5       6.000          6.431                        -0.431
    171       S      6       6.000          5.549                         0.451
    172       O      5       6.000          6.449                        -0.449

  Total Charge                                                            0.069
 !-----------------------------------------------------------------------------!

 ENERGY| Total FORCE_EVAL ( QS ) energy [hartree]          -1722.360712050191751

 *******************************************************************************
 **                 BAND EVALUATION OF ENERGIES AND FORCES                    **
 *******************************************************************************
 **                                                                           **
 **                                                                           **
 ** Replica Env Nr. :    1              Replica Band Nr. :    2               **
 ** Band  Step  Nr. :   10                                                    **
 *******************************************************************************

 Number of electrons:                                                        716
 Number of occupied orbitals:                                                388
 Number of molecular orbitals:                                               458

 Number of orbital functions:                                               1948
 Number of independent orbital functions:                                   1948

 Parameters for the always stable predictor-corrector (ASPC) method:

  ASPC order: 3

  B(1) =   3.000000
  B(2) =  -3.428571
  B(3) =   1.928571
  B(4) =  -0.571429
  B(5) =   0.071429

 *** WARNING in fm/cp_fm_elpa.F:521 :: Setting real_kernel for ELPA failed ***


 Extrapolation method: ASPC


 SCF WAVEFUNCTION OPTIMIZATION

  Step     Update method      Time    Convergence         Total energy    Change
  ------------------------------------------------------------------------------

 *** WARNING in fm/cp_fm_elpa.F:521 :: Setting real_kernel for ELPA failed ***

     1 Broy./Diag. 0.15E+00    8.3     0.04106429     -1722.4264595839 -1.72E+03

 *** WARNING in fm/cp_fm_elpa.F:521 :: Setting real_kernel for ELPA failed ***

     2 Broy./Diag. 0.15E+00   12.2     0.00594499     -1722.4458123547 -1.94E-02

 *** WARNING in fm/cp_fm_elpa.F:521 :: Setting real_kernel for ELPA failed ***

     3 Broy./Diag. 0.15E+00   13.0     0.00973341     -1722.4581617465 -1.23E-02

 *** WARNING in fm/cp_fm_elpa.F:521 :: Setting real_kernel for ELPA failed ***

     4 Broy./Diag. 0.15E+00   13.0     0.00145301     -1722.4660498858 -7.89E-03

 *** WARNING in fm/cp_fm_elpa.F:521 :: Setting real_kernel for ELPA failed ***

     5 Broy./Diag. 0.15E+00   13.6     0.00087501     -1722.4378636416  2.82E-02

 *** WARNING in fm/cp_fm_elpa.F:521 :: Setting real_kernel for ELPA failed ***

     6 Broy./Diag. 0.15E+00   13.5     0.00044051     -1722.4264589047  1.14E-02

 *** WARNING in fm/cp_fm_elpa.F:521 :: Setting real_kernel for ELPA failed ***

     7 Broy./Diag. 0.15E+00   13.4     0.00027256     -1722.4300312804 -3.57E-03

 *** WARNING in fm/cp_fm_elpa.F:521 :: Setting real_kernel for ELPA failed ***

     8 Broy./Diag. 0.15E+00   13.3     0.00006183     -1722.4356961073 -5.66E-03

 *** WARNING in fm/cp_fm_elpa.F:521 :: Setting real_kernel for ELPA failed ***

     9 Broy./Diag. 0.15E+00   13.3     0.00007327     -1722.4385136294 -2.82E-03

 *** WARNING in fm/cp_fm_elpa.F:521 :: Setting real_kernel for ELPA failed ***

    10 Broy./Diag. 0.15E+00   13.5     0.00003194     -1722.4392159809 -7.02E-04

  *** SCF run converged in    10 steps ***


  Electronic density on regular grids:       -715.9999999262        0.0000000738
  Core density on regular grids:              715.9999999656       -0.0000000344
  Total charge density on r-space grids:        0.0000000394
  Total charge density g-space grids:           0.0000000394

  Overlap energy of the core charge distribution:               0.00002201516116
  Self energy of the core charge distribution:              -4016.67387185402686
  Core Hamiltonian energy:                                   1144.20031193945761
  Hartree energy:                                            1523.64492741957861
  Exchange-correlation energy:                               -373.34682444469382
  Dispersion energy:                                           -0.26265436856252
  Electronic entropic energy:                                  -0.00112689591097
  Fermi energy:                                                -0.01677713199805

  Total energy:                                             -1722.43921598092834

 !-----------------------------------------------------------------------------!
                     Mulliken Population Analysis

 #  Atom  Element  Kind  Atomic population                           Net charge
       1     Ti       1         11.017752                              0.982248
       2     Ti       1         10.984110                              1.015890
       3     Ti       1         10.997808                              1.002192
       4     Ti       1         11.000086                              0.999914
       5     Ti       1         11.012499                              0.987501
       6     Ti       1         11.046046                              0.953954
       7     Ti       1         10.994772                              1.005228
       8     Ti       1         10.983217                              1.016783
       9     H        2          0.931363                              0.068637
      10     H        2          0.884551                              0.115449
      11     H        2          0.879349                              0.120651
      12     H        2          0.922662                              0.077338
      13     H        2          0.913296                              0.086704
      14     H        2          0.933351                              0.066649
      15     H        2          0.943427                              0.056573
      16     H        2          0.914498                              0.085502
      17     H        2          0.938542                              0.061458
      18     H        2          0.926642                              0.073358
      19     H        2          0.930376                              0.069624
      20     H        2          0.941175                              0.058825
      21     H        2          0.820635                              0.179365
      22     H        2          0.848822                              0.151178
      23     H        2          0.879738                              0.120262
      24     H        2          0.828394                              0.171606
      25     H        2          0.932885                              0.067115
      26     H        2          0.939470                              0.060530
      27     H        2          0.916199                              0.083801
      28     H        2          0.906715                              0.093285
      29     H        2          0.902741                              0.097259
      30     H        2          0.906395                              0.093605
      31     H        2          0.884847                              0.115153
      32     H        2          0.887721                              0.112279
      33     H        2          0.853585                              0.146415
      34     H        2          0.806343                              0.193657
      35     H        2          0.885697                              0.114303
      36     H        2          0.907423                              0.092577
      37     H        2          0.886882                              0.113118
      38     H        2          0.889202                              0.110798
      39     H        2          0.887919                              0.112081
      40     H        2          0.872191                              0.127809
      41     H        2          0.880361                              0.119639
      42     H        2          0.876778                              0.123222
      43     C        3          3.768609                              0.231391
      44     C        3          3.768474                              0.231526
      45     C        3          3.775871                              0.224129
      46     C        3          3.773409                              0.226591
      47     C        3          4.057754                             -0.057754
      48     C        3          4.031043                             -0.031043
      49     C        3          4.057061                             -0.057061
      50     C        3          4.028265                             -0.028265
      51     C        3          3.978318                              0.021682
      52     C        3          4.074612                             -0.074612
      53     C        3          3.983784                              0.016216
      54     C        3          4.050767                             -0.050767
      55     C        3          4.036336                             -0.036336
      56     C        3          4.006231                             -0.006231
      57     C        3          4.042510                             -0.042510
      58     C        3          4.058323                             -0.058323
      59     C        3          4.050768                             -0.050768
      60     C        3          4.029757                             -0.029757
      61     C        3          4.041800                             -0.041800
      62     C        3          4.025251                             -0.025251
      63     C        3          4.011411                             -0.011411
      64     C        3          4.064088                             -0.064088
      65     C        3          4.062831                             -0.062831
      66     C        3          4.006714                             -0.006714
      67     C        3          3.777051                              0.222949
      68     C        3          3.791586                              0.208414
      69     C        3          3.783012                              0.216988
      70     C        3          3.769727                              0.230273
      71     C        3          3.773771                              0.226229
      72     C        3          3.780280                              0.219720
      73     C        3          3.793826                              0.206174
      74     C        3          3.782659                              0.217341
      75     C        3          3.974542                              0.025458
      76     C        3          4.045512                             -0.045512
      77     C        3          4.057660                             -0.057660
      78     C        3          4.075043                             -0.075043
      79     C        3          4.063179                             -0.063179
      80     C        3          4.020728                             -0.020728
      81     C        3          3.981668                              0.018332
      82     C        3          4.036353                             -0.036353
      83     C        3          3.948461                              0.051539
      84     C        3          4.058251                             -0.058251
      85     C        3          4.008189                             -0.008189
      86     C        3          4.041203                             -0.041203
      87     C        3          3.987428                              0.012572
      88     C        3          4.041092                             -0.041092
      89     C        3          4.072912                             -0.072912
      90     C        3          3.951173                              0.048827
      91     N        4          5.032042                             -0.032042
      92     N        4          5.155411                             -0.155411
      93     N        4          4.992526                              0.007474
      94     N        4          4.959810                              0.040190
      95     N        4          5.046102                             -0.046102
      96     N        4          5.064265                             -0.064265
      97     O        5          6.327238                             -0.327238
      98     O        5          6.275742                             -0.275742
      99     O        5          6.319525                             -0.319525
     100     O        5          6.282882                             -0.282882
     101     O        5          6.298144                             -0.298144
     102     O        5          6.292427                             -0.292427
     103     O        5          6.293640                             -0.293640
     104     O        5          6.283110                             -0.283110
     105     O        5          6.434401                             -0.434401
     106     O        5          6.459100                             -0.459100
     107     O        5          6.459608                             -0.459608
     108     O        5          6.448859                             -0.448859
     109     O        5          6.412300                             -0.412300
     110     O        5          6.449782                             -0.449782
     111     O        5          6.461281                             -0.461281
     112     O        5          6.460249                             -0.460249
     113     O        5          6.329901                             -0.329901
     114     O        5          6.302782                             -0.302782
     115     O        5          6.338358                             -0.338358
     116     O        5          6.298698                             -0.298698
     117     O        5          6.316676                             -0.316676
     118     O        5          6.329919                             -0.329919
     119     O        5          6.306254                             -0.306254
     120     O        5          6.274804                             -0.274804
     121     O        5          6.335289                             -0.335289
     122     O        5          6.309503                             -0.309503
     123     O        5          6.339429                             -0.339429
     124     O        5          6.313995                             -0.313995
     125     O        5          6.326969                             -0.326969
     126     O        5          6.322000                             -0.322000
     127     O        5          6.293067                             -0.293067
     128     O        5          6.306039                             -0.306039
     129     O        5          6.489897                             -0.489897
     130     O        5          6.462968                             -0.462968
     131     O        5          6.465562                             -0.465562
     132     O        5          6.469725                             -0.469725
     133     H        2          0.936828                              0.063172
     134     H        2          0.911669                              0.088331
     135     H        2          0.913489                              0.086511
     136     H        2          0.909410                              0.090590
     137     C        3          4.268220                             -0.268220
     138     C        3          4.174775                             -0.174775
     139     H        2          0.915970                              0.084030
     140     H        2          0.913255                              0.086745
     141     C        3          4.100475                             -0.100475
     142     C        3          4.122680                             -0.122680
     143     H        2          0.927718                              0.072282
     144     H        2          0.937663                              0.062337
     145     H        2          0.911778                              0.088222
     146     H        2          0.922777                              0.077223
     147     C        3          4.018086                             -0.018086
     148     N        4          4.832779                              0.167221
     149     C        3          3.910309                              0.089691
     150     C        3          3.997812                              0.002188
     151     H        2          0.957305                              0.042695
     152     N        4          4.861428                              0.138572
     153     C        3          4.180708                             -0.180708
     154     H        2          0.920362                              0.079638
     155     H        2          0.917137                              0.082863
     156     H        2          0.931751                              0.068249
     157     H        2          0.929999                              0.070001
     158     O        5          6.327279                             -0.327279
     159     N        4          5.371552                             -0.371552
     160     S        6          5.357560                              0.642440
     161     O        5          6.337415                             -0.337415
     162     F        7          7.134397                             -0.134397
     163     C        3          3.822074                              0.177926
     164     F        7          7.113066                             -0.113066
     165     F        7          7.077253                             -0.077253
     166     C        3          3.827056                              0.172944
     167     F        7          7.094520                             -0.094520
     168     F        7          7.089827                             -0.089827
     169     F        7          7.085763                             -0.085763
     170     O        5          6.360548                             -0.360548
     171     S        6          5.336549                              0.663451
     172     O        5          6.304727                             -0.304727
 # Total charge                            716.000000                  0.000000

 !-----------------------------------------------------------------------------!

 !-----------------------------------------------------------------------------!
                           Hirshfeld Charges

  #Atom  Element  Kind  Ref Charge     Population                    Net charge
      1       Ti     1      12.000         13.473                        -1.473
      2       Ti     1      12.000         13.381                        -1.381
      3       Ti     1      12.000         13.440                        -1.440
      4       Ti     1      12.000         13.457                        -1.457
      5       Ti     1      12.000         13.428                        -1.428
      6       Ti     1      12.000         13.521                        -1.521
      7       Ti     1      12.000         13.410                        -1.410
      8       Ti     1      12.000         13.428                        -1.428
      9       H      2       1.000          0.545                         0.455
     10       H      2       1.000          0.520                         0.480
     11       H      2       1.000          0.523                         0.477
     12       H      2       1.000          0.545                         0.455
     13       H      2       1.000          0.537                         0.463
     14       H      2       1.000          0.541                         0.459
     15       H      2       1.000          0.550                         0.450
     16       H      2       1.000          0.538                         0.462
     17       H      2       1.000          0.545                         0.455
     18       H      2       1.000          0.543                         0.457
     19       H      2       1.000          0.543                         0.457
     20       H      2       1.000          0.554                         0.446
     21       H      2       1.000          0.413                         0.587
     22       H      2       1.000          0.420                         0.580
     23       H      2       1.000          0.424                         0.576
     24       H      2       1.000          0.418                         0.582
     25       H      2       1.000          0.549                         0.451
     26       H      2       1.000          0.551                         0.449
     27       H      2       1.000          0.538                         0.462
     28       H      2       1.000          0.538                         0.462
     29       H      2       1.000          0.534                         0.466
     30       H      2       1.000          0.532                         0.468
     31       H      2       1.000          0.480                         0.520
     32       H      2       1.000          0.460                         0.540
     33       H      2       1.000          0.447                         0.553
     34       H      2       1.000          0.461                         0.539
     35       H      2       1.000          0.474                         0.526
     36       H      2       1.000          0.469                         0.531
     37       H      2       1.000          0.483                         0.517
     38       H      2       1.000          0.460                         0.540
     39       H      2       1.000          0.478                         0.522
     40       H      2       1.000          0.452                         0.548
     41       H      2       1.000          0.476                         0.524
     42       H      2       1.000          0.455                         0.545
     43       C      3       4.000          3.467                         0.533
     44       C      3       4.000          3.448                         0.552
     45       C      3       4.000          3.476                         0.524
     46       C      3       4.000          3.463                         0.537
     47       C      3       4.000          4.032                        -0.032
     48       C      3       4.000          3.999                         0.001
     49       C      3       4.000          4.023                        -0.023
     50       C      3       4.000          3.993                         0.007
     51       C      3       4.000          3.865                         0.135
     52       C      3       4.000          4.430                        -0.430
     53       C      3       4.000          3.861                         0.139
     54       C      3       4.000          4.404                        -0.404
     55       C      3       4.000          4.423                        -0.423
     56       C      3       4.000          4.382                        -0.382
     57       C      3       4.000          4.390                        -0.390
     58       C      3       4.000          4.441                        -0.441
     59       C      3       4.000          4.021                        -0.021
     60       C      3       4.000          4.001                        -0.001
     61       C      3       4.000          4.012                        -0.012
     62       C      3       4.000          3.990                         0.010
     63       C      3       4.000          3.992                         0.008
     64       C      3       4.000          4.030                        -0.030
     65       C      3       4.000          4.027                        -0.027
     66       C      3       4.000          3.974                         0.026
     67       C      3       4.000          3.477                         0.523
     68       C      3       4.000          3.494                         0.506
     69       C      3       4.000          3.481                         0.519
     70       C      3       4.000          3.453                         0.547
     71       C      3       4.000          3.458                         0.542
     72       C      3       4.000          3.465                         0.535
     73       C      3       4.000          3.468                         0.532
     74       C      3       4.000          3.472                         0.528
     75       C      3       4.000          3.857                         0.143
     76       C      3       4.000          4.431                        -0.431
     77       C      3       4.000          4.365                        -0.365
     78       C      3       4.000          4.416                        -0.416
     79       C      3       4.000          4.436                        -0.436
     80       C      3       4.000          4.377                        -0.377
     81       C      3       4.000          4.353                        -0.353
     82       C      3       4.000          4.389                        -0.389
     83       C      3       4.000          3.828                         0.172
     84       C      3       4.000          4.444                        -0.444
     85       C      3       4.000          4.370                        -0.370
     86       C      3       4.000          4.406                        -0.406
     87       C      3       4.000          3.873                         0.127
     88       C      3       4.000          4.408                        -0.408
     89       C      3       4.000          4.417                        -0.417
     90       C      3       4.000          3.865                         0.135
     91       N      4       5.000          5.898                        -0.898
     92       N      4       5.000          5.894                        -0.894
     93       N      4       5.000          5.901                        -0.901
     94       N      4       5.000          5.814                        -0.814
     95       N      4       5.000          5.909                        -0.909
     96       N      4       5.000          5.917                        -0.917
     97       O      5       6.000          6.169                        -0.169
     98       O      5       6.000          6.105                        -0.105
     99       O      5       6.000          6.188                        -0.188
    100       O      5       6.000          6.130                        -0.130
    101       O      5       6.000          6.118                        -0.118
    102       O      5       6.000          6.122                        -0.122
    103       O      5       6.000          6.105                        -0.105
    104       O      5       6.000          6.074                        -0.074
    105       O      5       6.000          5.658                         0.342
    106       O      5       6.000          5.720                         0.280
    107       O      5       6.000          5.734                         0.266
    108       O      5       6.000          5.682                         0.318
    109       O      5       6.000          5.635                         0.365
    110       O      5       6.000          5.691                         0.309
    111       O      5       6.000          5.764                         0.236
    112       O      5       6.000          5.695                         0.305
    113       O      5       6.000          6.116                        -0.116
    114       O      5       6.000          6.149                        -0.149
    115       O      5       6.000          6.192                        -0.192
    116       O      5       6.000          6.094                        -0.094
    117       O      5       6.000          6.104                        -0.104
    118       O      5       6.000          6.175                        -0.175
    119       O      5       6.000          6.146                        -0.146
    120       O      5       6.000          6.072                        -0.072
    121       O      5       6.000          6.075                        -0.075
    122       O      5       6.000          6.093                        -0.093
    123       O      5       6.000          6.189                        -0.189
    124       O      5       6.000          6.177                        -0.177
    125       O      5       6.000          6.103                        -0.103
    126       O      5       6.000          6.220                        -0.220
    127       O      5       6.000          6.118                        -0.118
    128       O      5       6.000          6.064                        -0.064
    129       O      5       6.000          6.015                        -0.015
    130       O      5       6.000          6.013                        -0.013
    131       O      5       6.000          5.987                         0.013
    132       O      5       6.000          5.951                         0.049
    133       H      2       1.000          0.568                         0.432
    134       H      2       1.000          0.562                         0.438
    135       H      2       1.000          0.555                         0.445
    136       H      2       1.000          0.559                         0.441
    137       C      3       4.000          5.282                        -1.282
    138       C      3       4.000          4.814                        -0.814
    139       H      2       1.000          0.543                         0.457
    140       H      2       1.000          0.556                         0.444
    141       C      3       4.000          4.488                        -0.488
    142       C      3       4.000          4.728                        -0.728
    143       H      2       1.000          0.570                         0.430
    144       H      2       1.000          0.530                         0.470
    145       H      2       1.000          0.547                         0.453
    146       H      2       1.000          0.541                         0.459
    147       C      3       4.000          4.243                        -0.243
    148       N      4       5.000          5.129                        -0.129
    149       C      3       4.000          4.046                        -0.046
    150       C      3       4.000          4.199                        -0.199
    151       H      2       1.000          0.499                         0.501
    152       N      4       5.000          5.160                        -0.160
    153       C      3       4.000          4.741                        -0.741
    154       H      2       1.000          0.534                         0.466
    155       H      2       1.000          0.531                         0.469
    156       H      2       1.000          0.517                         0.483
    157       H      2       1.000          0.525                         0.475
    158       O      5       6.000          6.431                        -0.431
    159       N      4       5.000          5.294                        -0.294
    160       S      6       6.000          5.591                         0.409
    161       O      5       6.000          6.536                        -0.536
    162       F      7       7.000          7.347                        -0.347
    163       C      3       4.000          3.110                         0.890
    164       F      7       7.000          7.304                        -0.304
    165       F      7       7.000          7.300                        -0.300
    166       C      3       4.000          3.092                         0.908
    167       F      7       7.000          7.288                        -0.288
    168       F      7       7.000          7.280                        -0.280
    169       F      7       7.000          7.301                        -0.301
    170       O      5       6.000          6.431                        -0.431
    171       S      6       6.000          5.554                         0.446
    172       O      5       6.000          6.449                        -0.449

  Total Charge                                                            0.068
 !-----------------------------------------------------------------------------!

 ENERGY| Total FORCE_EVAL ( QS ) energy [hartree]          -1722.438099789169428

 *******************************************************************************
 **                 BAND EVALUATION OF ENERGIES AND FORCES                    **
 *******************************************************************************
 **                                                                           **
 **                                                                           **
 ** Replica Env Nr. :    1              Replica Band Nr. :    2               **
 ** Band  Step  Nr. :   10                                                    **
 *******************************************************************************

 Number of electrons:                                                        716
 Number of occupied orbitals:                                                388
 Number of molecular orbitals:                                               458

 Number of orbital functions:                                               1948
 Number of independent orbital functions:                                   1948

 Parameters for the always stable predictor-corrector (ASPC) method:

  ASPC order: 3

  B(1) =   3.000000
  B(2) =  -3.428571
  B(3) =   1.928571
  B(4) =  -0.571429
  B(5) =   0.071429

 *** WARNING in fm/cp_fm_elpa.F:521 :: Setting real_kernel for ELPA failed ***


 Extrapolation method: ASPC


 SCF WAVEFUNCTION OPTIMIZATION

  Step     Update method      Time    Convergence         Total energy    Change
  ------------------------------------------------------------------------------

 *** WARNING in fm/cp_fm_elpa.F:521 :: Setting real_kernel for ELPA failed ***

     1 Broy./Diag. 0.15E+00    8.3     0.03956634     -1722.4270026892 -1.72E+03

 *** WARNING in fm/cp_fm_elpa.F:521 :: Setting real_kernel for ELPA failed ***

     2 Broy./Diag. 0.15E+00   12.4     0.00567658     -1722.4671764036 -4.02E-02

 *** WARNING in fm/cp_fm_elpa.F:521 :: Setting real_kernel for ELPA failed ***

     3 Broy./Diag. 0.15E+00   12.7     0.00830398     -1722.4607669164  6.41E-03

 *** WARNING in fm/cp_fm_elpa.F:521 :: Setting real_kernel for ELPA failed ***

     4 Broy./Diag. 0.15E+00   13.1     0.00220013     -1722.4506888051  1.01E-02

 *** WARNING in fm/cp_fm_elpa.F:521 :: Setting real_kernel for ELPA failed ***

     5 Broy./Diag. 0.15E+00   13.1     0.00102908     -1722.4384235149  1.23E-02

 *** WARNING in fm/cp_fm_elpa.F:521 :: Setting real_kernel for ELPA failed ***

     6 Broy./Diag. 0.15E+00   13.8     0.00048322     -1722.4343737911  4.05E-03

 *** WARNING in fm/cp_fm_elpa.F:521 :: Setting real_kernel for ELPA failed ***

     7 Broy./Diag. 0.15E+00   13.3     0.00029195     -1722.4354204987 -1.05E-03

 *** WARNING in fm/cp_fm_elpa.F:521 :: Setting real_kernel for ELPA failed ***

     8 Broy./Diag. 0.15E+00   13.2     0.00011185     -1722.4374160378 -2.00E-03

 *** WARNING in fm/cp_fm_elpa.F:521 :: Setting real_kernel for ELPA failed ***

     9 Broy./Diag. 0.15E+00   13.1     0.00007397     -1722.4386990621 -1.28E-03

 *** WARNING in fm/cp_fm_elpa.F:521 :: Setting real_kernel for ELPA failed ***

    10 Broy./Diag. 0.15E+00   13.3     0.00003561     -1722.4390652108 -3.66E-04

  *** SCF run converged in    10 steps ***


  Electronic density on regular grids:       -715.9999999262        0.0000000738
  Core density on regular grids:              715.9999999656       -0.0000000344
  Total charge density on r-space grids:        0.0000000394
  Total charge density g-space grids:           0.0000000394

  Overlap energy of the core charge distribution:               0.00002201516116
  Self energy of the core charge distribution:              -4016.67387185402686
  Core Hamiltonian energy:                                   1144.19992300650733
  Hartree energy:                                            1523.64563481037385
  Exchange-correlation energy:                               -373.34698817354911
  Dispersion energy:                                           -0.26265436856252
  Electronic entropic energy:                                  -0.00112998201687
  Fermi energy:                                                -0.01677304478370

  Total energy:                                             -1722.43906521079407

 !-----------------------------------------------------------------------------!
                     Mulliken Population Analysis

 #  Atom  Element  Kind  Atomic population                           Net charge
       1     Ti       1         11.017757                              0.982243
       2     Ti       1         10.984137                              1.015863
       3     Ti       1         10.997875                              1.002125
       4     Ti       1         11.000031                              0.999969
       5     Ti       1         11.012514                              0.987486
       6     Ti       1         11.046080                              0.953920
       7     Ti       1         10.994798                              1.005202
       8     Ti       1         10.983197                              1.016803
       9     H        2          0.931366                              0.068634
      10     H        2          0.884553                              0.115447
      11     H        2          0.879334                              0.120666
      12     H        2          0.922655                              0.077345
      13     H        2          0.913319                              0.086681
      14     H        2          0.933366                              0.066634
      15     H        2          0.943420                              0.056580
      16     H        2          0.914523                              0.085477
      17     H        2          0.938539                              0.061461
      18     H        2          0.926649                              0.073351
      19     H        2          0.930390                              0.069610
      20     H        2          0.941204                              0.058796
      21     H        2          0.820647                              0.179353
      22     H        2          0.848810                              0.151190
      23     H        2          0.879726                              0.120274
      24     H        2          0.828404                              0.171596
      25     H        2          0.932876                              0.067124
      26     H        2          0.939465                              0.060535
      27     H        2          0.916170                              0.083830
      28     H        2          0.906740                              0.093260
      29     H        2          0.902754                              0.097246
      30     H        2          0.906358                              0.093642
      31     H        2          0.884864                              0.115136
      32     H        2          0.887716                              0.112284
      33     H        2          0.853542                              0.146458
      34     H        2          0.806389                              0.193611
      35     H        2          0.885712                              0.114288
      36     H        2          0.907423                              0.092577
      37     H        2          0.886868                              0.113132
      38     H        2          0.889190                              0.110810
      39     H        2          0.887881                              0.112119
      40     H        2          0.872170                              0.127830
      41     H        2          0.880362                              0.119638
      42     H        2          0.876793                              0.123207
      43     C        3          3.768633                              0.231367
      44     C        3          3.768517                              0.231483
      45     C        3          3.775905                              0.224095
      46     C        3          3.773388                              0.226612
      47     C        3          4.057817                             -0.057817
      48     C        3          4.031102                             -0.031102
      49     C        3          4.057066                             -0.057066
      50     C        3          4.028253                             -0.028253
      51     C        3          3.978317                              0.021683
      52     C        3          4.074707                             -0.074707
      53     C        3          3.983802                              0.016198
      54     C        3          4.050706                             -0.050706
      55     C        3          4.036337                             -0.036337
      56     C        3          4.006223                             -0.006223
      57     C        3          4.042546                             -0.042546
      58     C        3          4.058337                             -0.058337
      59     C        3          4.050770                             -0.050770
      60     C        3          4.029764                             -0.029764
      61     C        3          4.041779                             -0.041779
      62     C        3          4.025262                             -0.025262
      63     C        3          4.011395                             -0.011395
      64     C        3          4.064079                             -0.064079
      65     C        3          4.062835                             -0.062835
      66     C        3          4.006712                             -0.006712
      67     C        3          3.777046                              0.222954
      68     C        3          3.791593                              0.208407
      69     C        3          3.782982                              0.217018
      70     C        3          3.769763                              0.230237
      71     C        3          3.773821                              0.226179
      72     C        3          3.780217                              0.219783
      73     C        3          3.793831                              0.206169
      74     C        3          3.782636                              0.217364
      75     C        3          3.974557                              0.025443
      76     C        3          4.045507                             -0.045507
      77     C        3          4.057623                             -0.057623
      78     C        3          4.075040                             -0.075040
      79     C        3          4.063249                             -0.063249
      80     C        3          4.020657                             -0.020657
      81     C        3          3.981676                              0.018324
      82     C        3          4.036379                             -0.036379
      83     C        3          3.948421                              0.051579
      84     C        3          4.058280                             -0.058280
      85     C        3          4.008192                             -0.008192
      86     C        3          4.041233                             -0.041233
      87     C        3          3.987430                              0.012570
      88     C        3          4.041085                             -0.041085
      89     C        3          4.072978                             -0.072978
      90     C        3          3.951109                              0.048891
      91     N        4          5.032047                             -0.032047
      92     N        4          5.155320                             -0.155320
      93     N        4          4.992550                              0.007450
      94     N        4          4.959762                              0.040238
      95     N        4          5.046032                             -0.046032
      96     N        4          5.064321                             -0.064321
      97     O        5          6.327223                             -0.327223
      98     O        5          6.275779                             -0.275779
      99     O        5          6.319547                             -0.319547
     100     O        5          6.282838                             -0.282838
     101     O        5          6.298135                             -0.298135
     102     O        5          6.292429                             -0.292429
     103     O        5          6.293677                             -0.293677
     104     O        5          6.283096                             -0.283096
     105     O        5          6.434455                             -0.434455
     106     O        5          6.459051                             -0.459051
     107     O        5          6.459540                             -0.459540
     108     O        5          6.448928                             -0.448928
     109     O        5          6.412390                             -0.412390
     110     O        5          6.449718                             -0.449718
     111     O        5          6.461208                             -0.461208
     112     O        5          6.460249                             -0.460249
     113     O        5          6.329901                             -0.329901
     114     O        5          6.302811                             -0.302811
     115     O        5          6.338334                             -0.338334
     116     O        5          6.298734                             -0.298734
     117     O        5          6.316705                             -0.316705
     118     O        5          6.329876                             -0.329876
     119     O        5          6.306267                             -0.306267
     120     O        5          6.274783                             -0.274783
     121     O        5          6.335259                             -0.335259
     122     O        5          6.309519                             -0.309519
     123     O        5          6.339416                             -0.339416
     124     O        5          6.313995                             -0.313995
     125     O        5          6.326994                             -0.326994
     126     O        5          6.321996                             -0.321996
     127     O        5          6.293098                             -0.293098
     128     O        5          6.306007                             -0.306007
     129     O        5          6.489880                             -0.489880
     130     O        5          6.462991                             -0.462991
     131     O        5          6.465593                             -0.465593
     132     O        5          6.469685                             -0.469685
     133     H        2          0.936841                              0.063159
     134     H        2          0.911678                              0.088322
     135     H        2          0.913475                              0.086525
     136     H        2          0.909399                              0.090601
     137     C        3          4.268205                             -0.268205
     138     C        3          4.174779                             -0.174779
     139     H        2          0.915981                              0.084019
     140     H        2          0.913230                              0.086770
     141     C        3          4.100498                             -0.100498
     142     C        3          4.122675                             -0.122675
     143     H        2          0.927727                              0.072273
     144     H        2          0.937667                              0.062333
     145     H        2          0.911785                              0.088215
     146     H        2          0.922759                              0.077241
     147     C        3          4.018099                             -0.018099
     148     N        4          4.832772                              0.167228
     149     C        3          3.910309                              0.089691
     150     C        3          3.997797                              0.002203
     151     H        2          0.957297                              0.042703
     152     N        4          4.861426                              0.138574
     153     C        3          4.180686                             -0.180686
     154     H        2          0.920356                              0.079644
     155     H        2          0.917134                              0.082866
     156     H        2          0.931741                              0.068259
     157     H        2          0.929972                              0.070028
     158     O        5          6.327307                             -0.327307
     159     N        4          5.371515                             -0.371515
     160     S        6          5.357470                              0.642530
     161     O        5          6.337412                             -0.337412
     162     F        7          7.134406                             -0.134406
     163     C        3          3.822038                              0.177962
     164     F        7          7.113080                             -0.113080
     165     F        7          7.077225                             -0.077225
     166     C        3          3.827024                              0.172976
     167     F        7          7.094551                             -0.094551
     168     F        7          7.089873                             -0.089873
     169     F        7          7.085789                             -0.085789
     170     O        5          6.360576                             -0.360576
     171     S        6          5.336478                              0.663522
     172     O        5          6.304702                             -0.304702
 # Total charge                            716.000000                  0.000000

 !-----------------------------------------------------------------------------!

 !-----------------------------------------------------------------------------!
                           Hirshfeld Charges

  #Atom  Element  Kind  Ref Charge     Population                    Net charge
      1       Ti     1      12.000         13.473                        -1.473
      2       Ti     1      12.000         13.381                        -1.381
      3       Ti     1      12.000         13.440                        -1.440
      4       Ti     1      12.000         13.457                        -1.457
      5       Ti     1      12.000         13.428                        -1.428
      6       Ti     1      12.000         13.521                        -1.521
      7       Ti     1      12.000         13.410                        -1.410
      8       Ti     1      12.000         13.428                        -1.428
      9       H      2       1.000          0.545                         0.455
     10       H      2       1.000          0.520                         0.480
     11       H      2       1.000          0.523                         0.477
     12       H      2       1.000          0.545                         0.455
     13       H      2       1.000          0.537                         0.463
     14       H      2       1.000          0.541                         0.459
     15       H      2       1.000          0.550                         0.450
     16       H      2       1.000          0.538                         0.462
     17       H      2       1.000          0.545                         0.455
     18       H      2       1.000          0.543                         0.457
     19       H      2       1.000          0.543                         0.457
     20       H      2       1.000          0.554                         0.446
     21       H      2       1.000          0.413                         0.587
     22       H      2       1.000          0.420                         0.580
     23       H      2       1.000          0.424                         0.576
     24       H      2       1.000          0.418                         0.582
     25       H      2       1.000          0.549                         0.451
     26       H      2       1.000          0.551                         0.449
     27       H      2       1.000          0.538                         0.462
     28       H      2       1.000          0.538                         0.462
     29       H      2       1.000          0.534                         0.466
     30       H      2       1.000          0.532                         0.468
     31       H      2       1.000          0.480                         0.520
     32       H      2       1.000          0.460                         0.540
     33       H      2       1.000          0.447                         0.553
     34       H      2       1.000          0.461                         0.539
     35       H      2       1.000          0.474                         0.526
     36       H      2       1.000          0.469                         0.531
     37       H      2       1.000          0.483                         0.517
     38       H      2       1.000          0.460                         0.540
     39       H      2       1.000          0.478                         0.522
     40       H      2       1.000          0.452                         0.548
     41       H      2       1.000          0.476                         0.524
     42       H      2       1.000          0.455                         0.545
     43       C      3       4.000          3.467                         0.533
     44       C      3       4.000          3.448                         0.552
     45       C      3       4.000          3.476                         0.524
     46       C      3       4.000          3.463                         0.537
     47       C      3       4.000          4.033                        -0.033
     48       C      3       4.000          3.999                         0.001
     49       C      3       4.000          4.023                        -0.023
     50       C      3       4.000          3.993                         0.007
     51       C      3       4.000          3.865                         0.135
     52       C      3       4.000          4.430                        -0.430
     53       C      3       4.000          3.861                         0.139
     54       C      3       4.000          4.404                        -0.404
     55       C      3       4.000          4.423                        -0.423
     56       C      3       4.000          4.382                        -0.382
     57       C      3       4.000          4.390                        -0.390
     58       C      3       4.000          4.441                        -0.441
     59       C      3       4.000          4.021                        -0.021
     60       C      3       4.000          4.001                        -0.001
     61       C      3       4.000          4.012                        -0.012
     62       C      3       4.000          3.990                         0.010
     63       C      3       4.000          3.992                         0.008
     64       C      3       4.000          4.030                        -0.030
     65       C      3       4.000          4.027                        -0.027
     66       C      3       4.000          3.974                         0.026
     67       C      3       4.000          3.477                         0.523
     68       C      3       4.000          3.494                         0.506
     69       C      3       4.000          3.481                         0.519
     70       C      3       4.000          3.453                         0.547
     71       C      3       4.000          3.458                         0.542
     72       C      3       4.000          3.465                         0.535
     73       C      3       4.000          3.468                         0.532
     74       C      3       4.000          3.472                         0.528
     75       C      3       4.000          3.857                         0.143
     76       C      3       4.000          4.431                        -0.431
     77       C      3       4.000          4.365                        -0.365
     78       C      3       4.000          4.416                        -0.416
     79       C      3       4.000          4.436                        -0.436
     80       C      3       4.000          4.377                        -0.377
     81       C      3       4.000          4.353                        -0.353
     82       C      3       4.000          4.389                        -0.389
     83       C      3       4.000          3.828                         0.172
     84       C      3       4.000          4.444                        -0.444
     85       C      3       4.000          4.370                        -0.370
     86       C      3       4.000          4.406                        -0.406
     87       C      3       4.000          3.873                         0.127
     88       C      3       4.000          4.408                        -0.408
     89       C      3       4.000          4.417                        -0.417
     90       C      3       4.000          3.865                         0.135
     91       N      4       5.000          5.898                        -0.898
     92       N      4       5.000          5.893                        -0.893
     93       N      4       5.000          5.901                        -0.901
     94       N      4       5.000          5.814                        -0.814
     95       N      4       5.000          5.909                        -0.909
     96       N      4       5.000          5.917                        -0.917
     97       O      5       6.000          6.169                        -0.169
     98       O      5       6.000          6.105                        -0.105
     99       O      5       6.000          6.188                        -0.188
    100       O      5       6.000          6.130                        -0.130
    101       O      5       6.000          6.118                        -0.118
    102       O      5       6.000          6.122                        -0.122
    103       O      5       6.000          6.105                        -0.105
    104       O      5       6.000          6.074                        -0.074
    105       O      5       6.000          5.658                         0.342
    106       O      5       6.000          5.719                         0.281
    107       O      5       6.000          5.734                         0.266
    108       O      5       6.000          5.682                         0.318
    109       O      5       6.000          5.635                         0.365
    110       O      5       6.000          5.691                         0.309
    111       O      5       6.000          5.764                         0.236
    112       O      5       6.000          5.695                         0.305
    113       O      5       6.000          6.116                        -0.116
    114       O      5       6.000          6.149                        -0.149
    115       O      5       6.000          6.192                        -0.192
    116       O      5       6.000          6.094                        -0.094
    117       O      5       6.000          6.104                        -0.104
    118       O      5       6.000          6.175                        -0.175
    119       O      5       6.000          6.146                        -0.146
    120       O      5       6.000          6.072                        -0.072
    121       O      5       6.000          6.075                        -0.075
    122       O      5       6.000          6.093                        -0.093
    123       O      5       6.000          6.189                        -0.189
    124       O      5       6.000          6.177                        -0.177
    125       O      5       6.000          6.103                        -0.103
    126       O      5       6.000          6.220                        -0.220
    127       O      5       6.000          6.118                        -0.118
    128       O      5       6.000          6.064                        -0.064
    129       O      5       6.000          6.015                        -0.015
    130       O      5       6.000          6.013                        -0.013
    131       O      5       6.000          5.987                         0.013
    132       O      5       6.000          5.951                         0.049
    133       H      2       1.000          0.568                         0.432
    134       H      2       1.000          0.562                         0.438
    135       H      2       1.000          0.555                         0.445
    136       H      2       1.000          0.559                         0.441
    137       C      3       4.000          5.282                        -1.282
    138       C      3       4.000          4.814                        -0.814
    139       H      2       1.000          0.543                         0.457
    140       H      2       1.000          0.556                         0.444
    141       C      3       4.000          4.488                        -0.488
    142       C      3       4.000          4.728                        -0.728
    143       H      2       1.000          0.570                         0.430
    144       H      2       1.000          0.530                         0.470
    145       H      2       1.000          0.547                         0.453
    146       H      2       1.000          0.541                         0.459
    147       C      3       4.000          4.243                        -0.243
    148       N      4       5.000          5.129                        -0.129
    149       C      3       4.000          4.046                        -0.046
    150       C      3       4.000          4.199                        -0.199
    151       H      2       1.000          0.499                         0.501
    152       N      4       5.000          5.160                        -0.160
    153       C      3       4.000          4.741                        -0.741
    154       H      2       1.000          0.534                         0.466
    155       H      2       1.000          0.531                         0.469
    156       H      2       1.000          0.517                         0.483
    157       H      2       1.000          0.525                         0.475
    158       O      5       6.000          6.431                        -0.431
    159       N      4       5.000          5.294                        -0.294
    160       S      6       6.000          5.591                         0.409
    161       O      5       6.000          6.536                        -0.536
    162       F      7       7.000          7.347                        -0.347
    163       C      3       4.000          3.110                         0.890
    164       F      7       7.000          7.304                        -0.304
    165       F      7       7.000          7.300                        -0.300
    166       C      3       4.000          3.092                         0.908
    167       F      7       7.000          7.288                        -0.288
    168       F      7       7.000          7.280                        -0.280
    169       F      7       7.000          7.301                        -0.301
    170       O      5       6.000          6.431                        -0.431
    171       S      6       6.000          5.554                         0.446
    172       O      5       6.000          6.449                        -0.449

  Total Charge                                                            0.068
 !-----------------------------------------------------------------------------!

 ENERGY| Total FORCE_EVAL ( QS ) energy [hartree]          -1722.438099687999056

 *******************************************************************************
 **                 BAND EVALUATION OF ENERGIES AND FORCES                    **
 *******************************************************************************
 **                                                                           **
 **                                                                           **
 ** Replica Env Nr. :    1              Replica Band Nr. :    2               **
 ** Band  Step  Nr. :   11                                                    **
 *******************************************************************************

 Number of electrons:                                                        716
 Number of occupied orbitals:                                                388
 Number of molecular orbitals:                                               458

 Number of orbital functions:                                               1948
 Number of independent orbital functions:                                   1948

 Parameters for the always stable predictor-corrector (ASPC) method:

  ASPC order: 3

  B(1) =   3.000000
  B(2) =  -3.428571
  B(3) =   1.928571
  B(4) =  -0.571429
  B(5) =   0.071429

 *** WARNING in fm/cp_fm_elpa.F:521 :: Setting real_kernel for ELPA failed ***


 Extrapolation method: ASPC


 SCF WAVEFUNCTION OPTIMIZATION

  Step     Update method      Time    Convergence         Total energy    Change
  ------------------------------------------------------------------------------

 *** WARNING in fm/cp_fm_elpa.F:521 :: Setting real_kernel for ELPA failed ***

     1 Broy./Diag. 0.15E+00    8.9     0.01632240     -1722.4709957833 -1.72E+03

 *** WARNING in fm/cp_fm_elpa.F:521 :: Setting real_kernel for ELPA failed ***

     2 Broy./Diag. 0.15E+00   12.3     0.00384379     -1722.4562385343  1.48E-02

 *** WARNING in fm/cp_fm_elpa.F:521 :: Setting real_kernel for ELPA failed ***

     3 Broy./Diag. 0.15E+00   13.1     0.00627524     -1722.4720334511 -1.58E-02

 *** WARNING in fm/cp_fm_elpa.F:521 :: Setting real_kernel for ELPA failed ***

     4 Broy./Diag. 0.15E+00   13.1     0.00084100     -1722.4836192934 -1.16E-02

 *** WARNING in fm/cp_fm_elpa.F:521 :: Setting real_kernel for ELPA failed ***

     5 Broy./Diag. 0.15E+00   13.3     0.00054782     -1722.4737011636  9.92E-03

 *** WARNING in fm/cp_fm_elpa.F:521 :: Setting real_kernel for ELPA failed ***

     6 Broy./Diag. 0.15E+00   13.5     0.00020632     -1722.4695483620  4.15E-03

 *** WARNING in fm/cp_fm_elpa.F:521 :: Setting real_kernel for ELPA failed ***

     7 Broy./Diag. 0.15E+00   13.3     0.00014967     -1722.4716503027 -2.10E-03

 *** WARNING in fm/cp_fm_elpa.F:521 :: Setting real_kernel for ELPA failed ***

     8 Broy./Diag. 0.15E+00   13.4     0.00004248     -1722.4745042125 -2.85E-03

  *** SCF run converged in     8 steps ***


  Electronic density on regular grids:       -715.9999999262        0.0000000738
  Core density on regular grids:              715.9999999656       -0.0000000344
  Total charge density on r-space grids:        0.0000000394
  Total charge density g-space grids:           0.0000000394

  Overlap energy of the core charge distribution:               0.00002167262649
  Self energy of the core charge distribution:              -4016.67387185402686
  Core Hamiltonian energy:                                   1144.09187632976841
  Hartree energy:                                            1523.70284356211164
  Exchange-correlation energy:                               -373.33147708644145
  Dispersion energy:                                           -0.26284647760207
  Electronic entropic energy:                                  -0.00105016274103
  Fermi energy:                                                -0.01731203725817

  Total energy:                                             -1722.47450421248959

 !-----------------------------------------------------------------------------!
                     Mulliken Population Analysis

 #  Atom  Element  Kind  Atomic population                           Net charge
       1     Ti       1         11.015477                              0.984523
       2     Ti       1         10.982945                              1.017055
       3     Ti       1         10.997966                              1.002034
       4     Ti       1         10.999612                              1.000388
       5     Ti       1         11.013912                              0.986088
       6     Ti       1         11.044353                              0.955647
       7     Ti       1         10.993991                              1.006009
       8     Ti       1         10.982206                              1.017794
       9     H        2          0.931195                              0.068805
      10     H        2          0.883903                              0.116097
      11     H        2          0.879736                              0.120264
      12     H        2          0.923116                              0.076884
      13     H        2          0.913963                              0.086037
      14     H        2          0.932217                              0.067783
      15     H        2          0.941691                              0.058309
      16     H        2          0.914771                              0.085229
      17     H        2          0.938214                              0.061786
      18     H        2          0.926469                              0.073531
      19     H        2          0.930276                              0.069724
      20     H        2          0.940972                              0.059028
      21     H        2          0.820508                              0.179492
      22     H        2          0.848708                              0.151292
      23     H        2          0.880156                              0.119844
      24     H        2          0.828203                              0.171797
      25     H        2          0.932731                              0.067269
      26     H        2          0.939186                              0.060814
      27     H        2          0.915651                              0.084349
      28     H        2          0.907118                              0.092882
      29     H        2          0.902844                              0.097156
      30     H        2          0.906999                              0.093001
      31     H        2          0.884774                              0.115226
      32     H        2          0.887642                              0.112358
      33     H        2          0.855438                              0.144562
      34     H        2          0.819283                              0.180717
      35     H        2          0.884532                              0.115468
      36     H        2          0.906825                              0.093175
      37     H        2          0.887349                              0.112651
      38     H        2          0.888853                              0.111147
      39     H        2          0.888265                              0.111735
      40     H        2          0.872008                              0.127992
      41     H        2          0.880118                              0.119882
      42     H        2          0.876963                              0.123037
      43     C        3          3.768282                              0.231718
      44     C        3          3.767987                              0.232013
      45     C        3          3.775924                              0.224076
      46     C        3          3.773357                              0.226643
      47     C        3          4.056472                             -0.056472
      48     C        3          4.029175                             -0.029175
      49     C        3          4.057224                             -0.057224
      50     C        3          4.028554                             -0.028554
      51     C        3          3.979069                              0.020931
      52     C        3          4.074733                             -0.074733
      53     C        3          3.983265                              0.016735
      54     C        3          4.050199                             -0.050199
      55     C        3          4.035959                             -0.035959
      56     C        3          4.005677                             -0.005677
      57     C        3          4.042541                             -0.042541
      58     C        3          4.058756                             -0.058756
      59     C        3          4.050634                             -0.050634
      60     C        3          4.029734                             -0.029734
      61     C        3          4.041559                             -0.041559
      62     C        3          4.023850                             -0.023850
      63     C        3          4.010757                             -0.010757
      64     C        3          4.063984                             -0.063984
      65     C        3          4.062519                             -0.062519
      66     C        3          4.008968                             -0.008968
      67     C        3          3.776901                              0.223099
      68     C        3          3.791756                              0.208244
      69     C        3          3.782792                              0.217208
      70     C        3          3.769581                              0.230419
      71     C        3          3.772847                              0.227153
      72     C        3          3.779126                              0.220874
      73     C        3          3.794679                              0.205321
      74     C        3          3.782316                              0.217684
      75     C        3          3.974476                              0.025524
      76     C        3          4.045482                             -0.045482
      77     C        3          4.058316                             -0.058316
      78     C        3          4.075528                             -0.075528
      79     C        3          4.062233                             -0.062233
      80     C        3          4.020792                             -0.020792
      81     C        3          3.982808                              0.017192
      82     C        3          4.036458                             -0.036458
      83     C        3          3.949736                              0.050264
      84     C        3          4.058234                             -0.058234
      85     C        3          4.008021                             -0.008021
      86     C        3          4.041272                             -0.041272
      87     C        3          3.987002                              0.012998
      88     C        3          4.040450                             -0.040450
      89     C        3          4.071050                             -0.071050
      90     C        3          3.954723                              0.045277
      91     N        4          5.032219                             -0.032219
      92     N        4          5.140518                             -0.140518
      93     N        4          4.996039                              0.003961
      94     N        4          4.960682                              0.039318
      95     N        4          5.048719                             -0.048719
      96     N        4          5.065158                             -0.065158
      97     O        5          6.327980                             -0.327980
      98     O        5          6.276249                             -0.276249
      99     O        5          6.319162                             -0.319162
     100     O        5          6.282409                             -0.282409
     101     O        5          6.298333                             -0.298333
     102     O        5          6.292932                             -0.292932
     103     O        5          6.294677                             -0.294677
     104     O        5          6.284049                             -0.284049
     105     O        5          6.434284                             -0.434284
     106     O        5          6.458375                             -0.458375
     107     O        5          6.458861                             -0.458861
     108     O        5          6.449445                             -0.449445
     109     O        5          6.412272                             -0.412272
     110     O        5          6.449654                             -0.449654
     111     O        5          6.460065                             -0.460065
     112     O        5          6.459322                             -0.459322
     113     O        5          6.329575                             -0.329575
     114     O        5          6.303172                             -0.303172
     115     O        5          6.338245                             -0.338245
     116     O        5          6.298560                             -0.298560
     117     O        5          6.317552                             -0.317552
     118     O        5          6.330627                             -0.330627
     119     O        5          6.306587                             -0.306587
     120     O        5          6.274126                             -0.274126
     121     O        5          6.336066                             -0.336066
     122     O        5          6.309374                             -0.309374
     123     O        5          6.339259                             -0.339259
     124     O        5          6.313786                             -0.313786
     125     O        5          6.328454                             -0.328454
     126     O        5          6.320424                             -0.320424
     127     O        5          6.293968                             -0.293968
     128     O        5          6.308449                             -0.308449
     129     O        5          6.489571                             -0.489571
     130     O        5          6.462591                             -0.462591
     131     O        5          6.465680                             -0.465680
     132     O        5          6.471972                             -0.471972
     133     H        2          0.936608                              0.063392
     134     H        2          0.911817                              0.088183
     135     H        2          0.913467                              0.086533
     136     H        2          0.909468                              0.090532
     137     C        3          4.268555                             -0.268555
     138     C        3          4.174679                             -0.174679
     139     H        2          0.916564                              0.083436
     140     H        2          0.913276                              0.086724
     141     C        3          4.100132                             -0.100132
     142     C        3          4.122704                             -0.122704
     143     H        2          0.927628                              0.072372
     144     H        2          0.937947                              0.062053
     145     H        2          0.911834                              0.088166
     146     H        2          0.923188                              0.076812
     147     C        3          4.017811                             -0.017811
     148     N        4          4.831808                              0.168192
     149     C        3          3.910111                              0.089889
     150     C        3          3.997856                              0.002144
     151     H        2          0.957522                              0.042478
     152     N        4          4.861644                              0.138356
     153     C        3          4.180496                             -0.180496
     154     H        2          0.920234                              0.079766
     155     H        2          0.917487                              0.082513
     156     H        2          0.931871                              0.068129
     157     H        2          0.929450                              0.070550
     158     O        5          6.327529                             -0.327529
     159     N        4          5.377948                             -0.377948
     160     S        6          5.351678                              0.648322
     161     O        5          6.339723                             -0.339723
     162     F        7          7.134540                             -0.134540
     163     C        3          3.822326                              0.177674
     164     F        7          7.113178                             -0.113178
     165     F        7          7.076837                             -0.076837
     166     C        3          3.825236                              0.174764
     167     F        7          7.094316                             -0.094316
     168     F        7          7.091634                             -0.091634
     169     F        7          7.086514                             -0.086514
     170     O        5          6.362046                             -0.362046
     171     S        6          5.331589                              0.668411
     172     O        5          6.304403                             -0.304403
 # Total charge                            716.000000                  0.000000

 !-----------------------------------------------------------------------------!

 !-----------------------------------------------------------------------------!
                           Hirshfeld Charges

  #Atom  Element  Kind  Ref Charge     Population                    Net charge
      1       Ti     1      12.000         13.467                        -1.467
      2       Ti     1      12.000         13.376                        -1.376
      3       Ti     1      12.000         13.439                        -1.439
      4       Ti     1      12.000         13.454                        -1.454
      5       Ti     1      12.000         13.429                        -1.429
      6       Ti     1      12.000         13.516                        -1.516
      7       Ti     1      12.000         13.409                        -1.409
      8       Ti     1      12.000         13.426                        -1.426
      9       H      2       1.000          0.545                         0.455
     10       H      2       1.000          0.520                         0.480
     11       H      2       1.000          0.524                         0.476
     12       H      2       1.000          0.545                         0.455
     13       H      2       1.000          0.538                         0.462
     14       H      2       1.000          0.541                         0.459
     15       H      2       1.000          0.549                         0.451
     16       H      2       1.000          0.538                         0.462
     17       H      2       1.000          0.545                         0.455
     18       H      2       1.000          0.543                         0.457
     19       H      2       1.000          0.543                         0.457
     20       H      2       1.000          0.554                         0.446
     21       H      2       1.000          0.413                         0.587
     22       H      2       1.000          0.420                         0.580
     23       H      2       1.000          0.424                         0.576
     24       H      2       1.000          0.418                         0.582
     25       H      2       1.000          0.549                         0.451
     26       H      2       1.000          0.551                         0.449
     27       H      2       1.000          0.538                         0.462
     28       H      2       1.000          0.539                         0.461
     29       H      2       1.000          0.535                         0.465
     30       H      2       1.000          0.532                         0.468
     31       H      2       1.000          0.480                         0.520
     32       H      2       1.000          0.460                         0.540
     33       H      2       1.000          0.448                         0.552
     34       H      2       1.000          0.463                         0.537
     35       H      2       1.000          0.474                         0.526
     36       H      2       1.000          0.469                         0.531
     37       H      2       1.000          0.483                         0.517
     38       H      2       1.000          0.459                         0.541
     39       H      2       1.000          0.478                         0.522
     40       H      2       1.000          0.451                         0.549
     41       H      2       1.000          0.476                         0.524
     42       H      2       1.000          0.456                         0.544
     43       C      3       4.000          3.468                         0.532
     44       C      3       4.000          3.448                         0.552
     45       C      3       4.000          3.477                         0.523
     46       C      3       4.000          3.463                         0.537
     47       C      3       4.000          4.033                        -0.033
     48       C      3       4.000          4.000                        -0.000
     49       C      3       4.000          4.024                        -0.024
     50       C      3       4.000          3.993                         0.007
     51       C      3       4.000          3.864                         0.136
     52       C      3       4.000          4.429                        -0.429
     53       C      3       4.000          3.860                         0.140
     54       C      3       4.000          4.404                        -0.404
     55       C      3       4.000          4.422                        -0.422
     56       C      3       4.000          4.382                        -0.382
     57       C      3       4.000          4.389                        -0.389
     58       C      3       4.000          4.440                        -0.440
     59       C      3       4.000          4.021                        -0.021
     60       C      3       4.000          4.001                        -0.001
     61       C      3       4.000          4.013                        -0.013
     62       C      3       4.000          3.990                         0.010
     63       C      3       4.000          3.992                         0.008
     64       C      3       4.000          4.030                        -0.030
     65       C      3       4.000          4.027                        -0.027
     66       C      3       4.000          3.975                         0.025
     67       C      3       4.000          3.477                         0.523
     68       C      3       4.000          3.495                         0.505
     69       C      3       4.000          3.481                         0.519
     70       C      3       4.000          3.453                         0.547
     71       C      3       4.000          3.458                         0.542
     72       C      3       4.000          3.466                         0.534
     73       C      3       4.000          3.469                         0.531
     74       C      3       4.000          3.470                         0.530
     75       C      3       4.000          3.857                         0.143
     76       C      3       4.000          4.431                        -0.431
     77       C      3       4.000          4.365                        -0.365
     78       C      3       4.000          4.416                        -0.416
     79       C      3       4.000          4.434                        -0.434
     80       C      3       4.000          4.376                        -0.376
     81       C      3       4.000          4.353                        -0.353
     82       C      3       4.000          4.388                        -0.388
     83       C      3       4.000          3.829                         0.171
     84       C      3       4.000          4.443                        -0.443
     85       C      3       4.000          4.370                        -0.370
     86       C      3       4.000          4.406                        -0.406
     87       C      3       4.000          3.872                         0.128
     88       C      3       4.000          4.407                        -0.407
     89       C      3       4.000          4.416                        -0.416
     90       C      3       4.000          3.865                         0.135
     91       N      4       5.000          5.898                        -0.898
     92       N      4       5.000          5.896                        -0.896
     93       N      4       5.000          5.903                        -0.903
     94       N      4       5.000          5.814                        -0.814
     95       N      4       5.000          5.912                        -0.912
     96       N      4       5.000          5.917                        -0.917
     97       O      5       6.000          6.170                        -0.170
     98       O      5       6.000          6.107                        -0.107
     99       O      5       6.000          6.190                        -0.190
    100       O      5       6.000          6.130                        -0.130
    101       O      5       6.000          6.118                        -0.118
    102       O      5       6.000          6.122                        -0.122
    103       O      5       6.000          6.107                        -0.107
    104       O      5       6.000          6.073                        -0.073
    105       O      5       6.000          5.658                         0.342
    106       O      5       6.000          5.720                         0.280
    107       O      5       6.000          5.734                         0.266
    108       O      5       6.000          5.682                         0.318
    109       O      5       6.000          5.635                         0.365
    110       O      5       6.000          5.690                         0.310
    111       O      5       6.000          5.764                         0.236
    112       O      5       6.000          5.695                         0.305
    113       O      5       6.000          6.115                        -0.115
    114       O      5       6.000          6.150                        -0.150
    115       O      5       6.000          6.191                        -0.191
    116       O      5       6.000          6.092                        -0.092
    117       O      5       6.000          6.105                        -0.105
    118       O      5       6.000          6.179                        -0.179
    119       O      5       6.000          6.146                        -0.146
    120       O      5       6.000          6.067                        -0.067
    121       O      5       6.000          6.076                        -0.076
    122       O      5       6.000          6.093                        -0.093
    123       O      5       6.000          6.189                        -0.189
    124       O      5       6.000          6.178                        -0.178
    125       O      5       6.000          6.109                        -0.109
    126       O      5       6.000          6.224                        -0.224
    127       O      5       6.000          6.117                        -0.117
    128       O      5       6.000          6.065                        -0.065
    129       O      5       6.000          6.016                        -0.016
    130       O      5       6.000          6.012                        -0.012
    131       O      5       6.000          5.988                         0.012
    132       O      5       6.000          5.955                         0.045
    133       H      2       1.000          0.568                         0.432
    134       H      2       1.000          0.562                         0.438
    135       H      2       1.000          0.555                         0.445
    136       H      2       1.000          0.559                         0.441
    137       C      3       4.000          5.281                        -1.281
    138       C      3       4.000          4.814                        -0.814
    139       H      2       1.000          0.543                         0.457
    140       H      2       1.000          0.556                         0.444
    141       C      3       4.000          4.487                        -0.487
    142       C      3       4.000          4.728                        -0.728
    143       H      2       1.000          0.570                         0.430
    144       H      2       1.000          0.530                         0.470
    145       H      2       1.000          0.547                         0.453
    146       H      2       1.000          0.541                         0.459
    147       C      3       4.000          4.241                        -0.241
    148       N      4       5.000          5.129                        -0.129
    149       C      3       4.000          4.046                        -0.046
    150       C      3       4.000          4.197                        -0.197
    151       H      2       1.000          0.499                         0.501
    152       N      4       5.000          5.160                        -0.160
    153       C      3       4.000          4.740                        -0.740
    154       H      2       1.000          0.534                         0.466
    155       H      2       1.000          0.531                         0.469
    156       H      2       1.000          0.517                         0.483
    157       H      2       1.000          0.526                         0.474
    158       O      5       6.000          6.430                        -0.430
    159       N      4       5.000          5.294                        -0.294
    160       S      6       6.000          5.593                         0.407
    161       O      5       6.000          6.535                        -0.535
    162       F      7       7.000          7.348                        -0.348
    163       C      3       4.000          3.109                         0.891
    164       F      7       7.000          7.304                        -0.304
    165       F      7       7.000          7.299                        -0.299
    166       C      3       4.000          3.092                         0.908
    167       F      7       7.000          7.288                        -0.288
    168       F      7       7.000          7.281                        -0.281
    169       F      7       7.000          7.301                        -0.301
    170       O      5       6.000          6.431                        -0.431
    171       S      6       6.000          5.557                         0.443
    172       O      5       6.000          6.449                        -0.449

  Total Charge                                                            0.068
 !-----------------------------------------------------------------------------!

 ENERGY| Total FORCE_EVAL ( QS ) energy [hartree]          -1722.474593909109444

 *******************************************************************************
 **                 BAND EVALUATION OF ENERGIES AND FORCES                    **
 *******************************************************************************
 **                                                                           **
 **                                                                           **
 ** Replica Env Nr. :    1              Replica Band Nr. :    2               **
 ** Band  Step  Nr. :   12                                                    **
 *******************************************************************************

 Number of electrons:                                                        716
 Number of occupied orbitals:                                                388
 Number of molecular orbitals:                                               458

 Number of orbital functions:                                               1948
 Number of independent orbital functions:                                   1948

 Parameters for the always stable predictor-corrector (ASPC) method:

  ASPC order: 3

  B(1) =   3.000000
  B(2) =  -3.428571
  B(3) =   1.928571
  B(4) =  -0.571429
  B(5) =   0.071429

 *** WARNING in fm/cp_fm_elpa.F:521 :: Setting real_kernel for ELPA failed ***


 Extrapolation method: ASPC


 SCF WAVEFUNCTION OPTIMIZATION

  Step     Update method      Time    Convergence         Total energy    Change
  ------------------------------------------------------------------------------

 *** WARNING in fm/cp_fm_elpa.F:521 :: Setting real_kernel for ELPA failed ***

     1 Broy./Diag. 0.15E+00    8.9     0.03391392     -1722.5009230955 -1.72E+03

 *** WARNING in fm/cp_fm_elpa.F:521 :: Setting real_kernel for ELPA failed ***

     2 Broy./Diag. 0.15E+00   12.8     0.00592425     -1722.4770675070  2.39E-02

 *** WARNING in fm/cp_fm_elpa.F:521 :: Setting real_kernel for ELPA failed ***

     3 Broy./Diag. 0.15E+00   13.0     0.01035759     -1722.5012668234 -2.42E-02

 *** WARNING in fm/cp_fm_elpa.F:521 :: Setting real_kernel for ELPA failed ***

     4 Broy./Diag. 0.15E+00   13.1     0.00206659     -1722.5185332151 -1.73E-02

 *** WARNING in fm/cp_fm_elpa.F:521 :: Setting real_kernel for ELPA failed ***

     5 Broy./Diag. 0.15E+00   13.0     0.00102167     -1722.5097768817  8.76E-03

 *** WARNING in fm/cp_fm_elpa.F:521 :: Setting real_kernel for ELPA failed ***

     6 Broy./Diag. 0.15E+00   13.6     0.00034466     -1722.5075687622  2.21E-03

 *** WARNING in fm/cp_fm_elpa.F:521 :: Setting real_kernel for ELPA failed ***

     7 Broy./Diag. 0.15E+00   13.9     0.00024711     -1722.5109841883 -3.42E-03

 *** WARNING in fm/cp_fm_elpa.F:521 :: Setting real_kernel for ELPA failed ***

     8 Broy./Diag. 0.15E+00   13.9     0.00005983     -1722.5144557517 -3.47E-03

 *** WARNING in fm/cp_fm_elpa.F:521 :: Setting real_kernel for ELPA failed ***

     9 Broy./Diag. 0.15E+00   13.8     0.00006752     -1722.5152676925 -8.12E-04

 *** WARNING in fm/cp_fm_elpa.F:521 :: Setting real_kernel for ELPA failed ***

    10 Broy./Diag. 0.15E+00   13.9     0.00002602     -1722.5148339233  4.34E-04

  *** SCF run converged in    10 steps ***


  Electronic density on regular grids:       -715.9999999262        0.0000000738
  Core density on regular grids:              715.9999999655       -0.0000000345
  Total charge density on r-space grids:        0.0000000393
  Total charge density g-space grids:           0.0000000393

  Overlap energy of the core charge distribution:               0.00002132758371
  Self energy of the core charge distribution:              -4016.67387185402686
  Core Hamiltonian energy:                                   1143.99345262226666
  Hartree energy:                                            1523.75028100834015
  Exchange-correlation energy:                               -373.32065365875366
  Dispersion energy:                                           -0.26308833614091
  Electronic entropic energy:                                  -0.00097499809137
  Fermi energy:                                                -0.01796219186329

  Total energy:                                             -1722.51483392332784

 !-----------------------------------------------------------------------------!
                     Mulliken Population Analysis

 #  Atom  Element  Kind  Atomic population                           Net charge
       1     Ti       1         11.012667                              0.987333
       2     Ti       1         10.981224                              1.018776
       3     Ti       1         10.997938                              1.002062
       4     Ti       1         10.998870                              1.001130
       5     Ti       1         11.015445                              0.984555
       6     Ti       1         11.042029                              0.957971
       7     Ti       1         10.992874                              1.007126
       8     Ti       1         10.980939                              1.019061
       9     H        2          0.930987                              0.069013
      10     H        2          0.883572                              0.116428
      11     H        2          0.880960                              0.119040
      12     H        2          0.923606                              0.076394
      13     H        2          0.915069                              0.084931
      14     H        2          0.931006                              0.068994
      15     H        2          0.939484                              0.060516
      16     H        2          0.915340                              0.084660
      17     H        2          0.937718                              0.062282
      18     H        2          0.926246                              0.073754
      19     H        2          0.930140                              0.069860
      20     H        2          0.940785                              0.059215
      21     H        2          0.820314                              0.179686
      22     H        2          0.848589                              0.151411
      23     H        2          0.880786                              0.119214
      24     H        2          0.827919                              0.172081
      25     H        2          0.932401                              0.067599
      26     H        2          0.938721                              0.061279
      27     H        2          0.915248                              0.084752
      28     H        2          0.907974                              0.092026
      29     H        2          0.903453                              0.096547
      30     H        2          0.907822                              0.092178
      31     H        2          0.884674                              0.115326
      32     H        2          0.887550                              0.112450
      33     H        2          0.858394                              0.141606
      34     H        2          0.833990                              0.166010
      35     H        2          0.883112                              0.116888
      36     H        2          0.905962                              0.094038
      37     H        2          0.887784                              0.112216
      38     H        2          0.888430                              0.111570
      39     H        2          0.888688                              0.111312
      40     H        2          0.872009                              0.127991
      41     H        2          0.879865                              0.120135
      42     H        2          0.877276                              0.122724
      43     C        3          3.767816                              0.232184
      44     C        3          3.767383                              0.232617
      45     C        3          3.776076                              0.223924
      46     C        3          3.773418                              0.226582
      47     C        3          4.055038                             -0.055038
      48     C        3          4.027228                             -0.027228
      49     C        3          4.057425                             -0.057425
      50     C        3          4.028960                             -0.028960
      51     C        3          3.979952                              0.020048
      52     C        3          4.074176                             -0.074176
      53     C        3          3.982679                              0.017321
      54     C        3          4.049485                             -0.049485
      55     C        3          4.035580                             -0.035580
      56     C        3          4.005086                             -0.005086
      57     C        3          4.042052                             -0.042052
      58     C        3          4.059127                             -0.059127
      59     C        3          4.050476                             -0.050476
      60     C        3          4.029697                             -0.029697
      61     C        3          4.041389                             -0.041389
      62     C        3          4.022463                             -0.022463
      63     C        3          4.010475                             -0.010475
      64     C        3          4.063694                             -0.063694
      65     C        3          4.062234                             -0.062234
      66     C        3          4.011778                             -0.011778
      67     C        3          3.776722                              0.223278
      68     C        3          3.791971                              0.208029
      69     C        3          3.782463                              0.217537
      70     C        3          3.769405                              0.230595
      71     C        3          3.771797                              0.228203
      72     C        3          3.777914                              0.222086
      73     C        3          3.795572                              0.204428
      74     C        3          3.781954                              0.218046
      75     C        3          3.974404                              0.025596
      76     C        3          4.045454                             -0.045454
      77     C        3          4.058264                             -0.058264
      78     C        3          4.075931                             -0.075931
      79     C        3          4.060896                             -0.060896
      80     C        3          4.020778                             -0.020778
      81     C        3          3.984323                              0.015677
      82     C        3          4.036436                             -0.036436
      83     C        3          3.951108                              0.048892
      84     C        3          4.057707                             -0.057707
      85     C        3          4.007795                             -0.007795
      86     C        3          4.041318                             -0.041318
      87     C        3          3.986341                              0.013659
      88     C        3          4.039767                             -0.039767
      89     C        3          4.068207                             -0.068207
      90     C        3          3.958943                              0.041057
      91     N        4          5.032394                             -0.032394
      92     N        4          5.122505                             -0.122505
      93     N        4          5.000623                             -0.000623
      94     N        4          4.962127                              0.037873
      95     N        4          5.051667                             -0.051667
      96     N        4          5.065881                             -0.065881
      97     O        5          6.329050                             -0.329050
      98     O        5          6.277093                             -0.277093
      99     O        5          6.318629                             -0.318629
     100     O        5          6.281778                             -0.281778
     101     O        5          6.298678                             -0.298678
     102     O        5          6.293639                             -0.293639
     103     O        5          6.296098                             -0.296098
     104     O        5          6.285389                             -0.285389
     105     O        5          6.434125                             -0.434125
     106     O        5          6.457442                             -0.457442
     107     O        5          6.457856                             -0.457856
     108     O        5          6.450153                             -0.450153
     109     O        5          6.412371                             -0.412371
     110     O        5          6.449443                             -0.449443
     111     O        5          6.458704                             -0.458704
     112     O        5          6.458221                             -0.458221
     113     O        5          6.329164                             -0.329164
     114     O        5          6.303648                             -0.303648
     115     O        5          6.337988                             -0.337988
     116     O        5          6.298439                             -0.298439
     117     O        5          6.318781                             -0.318781
     118     O        5          6.331350                             -0.331350
     119     O        5          6.306867                             -0.306867
     120     O        5          6.273213                             -0.273213
     121     O        5          6.337062                             -0.337062
     122     O        5          6.309246                             -0.309246
     123     O        5          6.339078                             -0.339078
     124     O        5          6.313533                             -0.313533
     125     O        5          6.330134                             -0.330134
     126     O        5          6.318749                             -0.318749
     127     O        5          6.295086                             -0.295086
     128     O        5          6.311510                             -0.311510
     129     O        5          6.489168                             -0.489168
     130     O        5          6.462096                             -0.462096
     131     O        5          6.465747                             -0.465747
     132     O        5          6.474650                             -0.474650
     133     H        2          0.936315                              0.063685
     134     H        2          0.912011                              0.087989
     135     H        2          0.913452                              0.086548
     136     H        2          0.909556                              0.090444
     137     C        3          4.268976                             -0.268976
     138     C        3          4.174542                             -0.174542
     139     H        2          0.917370                              0.082630
     140     H        2          0.913332                              0.086668
     141     C        3          4.099632                             -0.099632
     142     C        3          4.122743                             -0.122743
     143     H        2          0.927528                              0.072472
     144     H        2          0.938279                              0.061721
     145     H        2          0.911932                              0.088068
     146     H        2          0.923726                              0.076274
     147     C        3          4.017396                             -0.017396
     148     N        4          4.830621                              0.169379
     149     C        3          3.909697                              0.090303
     150     C        3          3.997958                              0.002042
     151     H        2          0.957702                              0.042298
     152     N        4          4.861994                              0.138006
     153     C        3          4.180093                             -0.180093
     154     H        2          0.920089                              0.079911
     155     H        2          0.917977                              0.082023
     156     H        2          0.932026                              0.067974
     157     H        2          0.928824                              0.071176
     158     O        5          6.327568                             -0.327568
     159     N        4          5.384667                             -0.384667
     160     S        6          5.345672                              0.654328
     161     O        5          6.342525                             -0.342525
     162     F        7          7.135049                             -0.135049
     163     C        3          3.822914                              0.177086
     164     F        7          7.112718                             -0.112718
     165     F        7          7.076522                             -0.076522
     166     C        3          3.823494                              0.176506
     167     F        7          7.094101                             -0.094101
     168     F        7          7.093836                             -0.093836
     169     F        7          7.087092                             -0.087092
     170     O        5          6.363068                             -0.363068
     171     S        6          5.326654                              0.673346
     172     O        5          6.303957                             -0.303957
 # Total charge                            716.000000                  0.000000

 !-----------------------------------------------------------------------------!

 !-----------------------------------------------------------------------------!
                           Hirshfeld Charges

  #Atom  Element  Kind  Ref Charge     Population                    Net charge
      1       Ti     1      12.000         13.459                        -1.459
      2       Ti     1      12.000         13.370                        -1.370
      3       Ti     1      12.000         13.438                        -1.438
      4       Ti     1      12.000         13.451                        -1.451
      5       Ti     1      12.000         13.429                        -1.429
      6       Ti     1      12.000         13.509                        -1.509
      7       Ti     1      12.000         13.408                        -1.408
      8       Ti     1      12.000         13.423                        -1.423
      9       H      2       1.000          0.545                         0.455
     10       H      2       1.000          0.520                         0.480
     11       H      2       1.000          0.525                         0.475
     12       H      2       1.000          0.545                         0.455
     13       H      2       1.000          0.538                         0.462
     14       H      2       1.000          0.541                         0.459
     15       H      2       1.000          0.548                         0.452
     16       H      2       1.000          0.539                         0.461
     17       H      2       1.000          0.545                         0.455
     18       H      2       1.000          0.543                         0.457
     19       H      2       1.000          0.543                         0.457
     20       H      2       1.000          0.554                         0.446
     21       H      2       1.000          0.413                         0.587
     22       H      2       1.000          0.420                         0.580
     23       H      2       1.000          0.424                         0.576
     24       H      2       1.000          0.418                         0.582
     25       H      2       1.000          0.549                         0.451
     26       H      2       1.000          0.551                         0.449
     27       H      2       1.000          0.538                         0.462
     28       H      2       1.000          0.539                         0.461
     29       H      2       1.000          0.535                         0.465
     30       H      2       1.000          0.532                         0.468
     31       H      2       1.000          0.480                         0.520
     32       H      2       1.000          0.460                         0.540
     33       H      2       1.000          0.449                         0.551
     34       H      2       1.000          0.465                         0.535
     35       H      2       1.000          0.473                         0.527
     36       H      2       1.000          0.468                         0.532
     37       H      2       1.000          0.484                         0.516
     38       H      2       1.000          0.458                         0.542
     39       H      2       1.000          0.478                         0.522
     40       H      2       1.000          0.451                         0.549
     41       H      2       1.000          0.476                         0.524
     42       H      2       1.000          0.456                         0.544
     43       C      3       4.000          3.469                         0.531
     44       C      3       4.000          3.450                         0.550
     45       C      3       4.000          3.477                         0.523
     46       C      3       4.000          3.463                         0.537
     47       C      3       4.000          4.034                        -0.034
     48       C      3       4.000          4.001                        -0.001
     49       C      3       4.000          4.024                        -0.024
     50       C      3       4.000          3.993                         0.007
     51       C      3       4.000          3.863                         0.137
     52       C      3       4.000          4.428                        -0.428
     53       C      3       4.000          3.859                         0.141
     54       C      3       4.000          4.404                        -0.404
     55       C      3       4.000          4.421                        -0.421
     56       C      3       4.000          4.381                        -0.381
     57       C      3       4.000          4.388                        -0.388
     58       C      3       4.000          4.438                        -0.438
     59       C      3       4.000          4.021                        -0.021
     60       C      3       4.000          4.001                        -0.001
     61       C      3       4.000          4.013                        -0.013
     62       C      3       4.000          3.991                         0.009
     63       C      3       4.000          3.993                         0.007
     64       C      3       4.000          4.030                        -0.030
     65       C      3       4.000          4.028                        -0.028
     66       C      3       4.000          3.976                         0.024
     67       C      3       4.000          3.477                         0.523
     68       C      3       4.000          3.495                         0.505
     69       C      3       4.000          3.481                         0.519
     70       C      3       4.000          3.453                         0.547
     71       C      3       4.000          3.458                         0.542
     72       C      3       4.000          3.467                         0.533
     73       C      3       4.000          3.470                         0.530
     74       C      3       4.000          3.468                         0.532
     75       C      3       4.000          3.857                         0.143
     76       C      3       4.000          4.431                        -0.431
     77       C      3       4.000          4.365                        -0.365
     78       C      3       4.000          4.415                        -0.415
     79       C      3       4.000          4.432                        -0.432
     80       C      3       4.000          4.376                        -0.376
     81       C      3       4.000          4.353                        -0.353
     82       C      3       4.000          4.388                        -0.388
     83       C      3       4.000          3.830                         0.170
     84       C      3       4.000          4.441                        -0.441
     85       C      3       4.000          4.370                        -0.370
     86       C      3       4.000          4.406                        -0.406
     87       C      3       4.000          3.872                         0.128
     88       C      3       4.000          4.406                        -0.406
     89       C      3       4.000          4.415                        -0.415
     90       C      3       4.000          3.865                         0.135
     91       N      4       5.000          5.898                        -0.898
     92       N      4       5.000          5.897                        -0.897
     93       N      4       5.000          5.905                        -0.905
     94       N      4       5.000          5.815                        -0.815
     95       N      4       5.000          5.916                        -0.916
     96       N      4       5.000          5.918                        -0.918
     97       O      5       6.000          6.173                        -0.173
     98       O      5       6.000          6.110                        -0.110
     99       O      5       6.000          6.192                        -0.192
    100       O      5       6.000          6.131                        -0.131
    101       O      5       6.000          6.117                        -0.117
    102       O      5       6.000          6.121                        -0.121
    103       O      5       6.000          6.109                        -0.109
    104       O      5       6.000          6.074                        -0.074
    105       O      5       6.000          5.658                         0.342
    106       O      5       6.000          5.719                         0.281
    107       O      5       6.000          5.733                         0.267
    108       O      5       6.000          5.683                         0.317
    109       O      5       6.000          5.634                         0.366
    110       O      5       6.000          5.689                         0.311
    111       O      5       6.000          5.764                         0.236
    112       O      5       6.000          5.696                         0.304
    113       O      5       6.000          6.114                        -0.114
    114       O      5       6.000          6.150                        -0.150
    115       O      5       6.000          6.190                        -0.190
    116       O      5       6.000          6.090                        -0.090
    117       O      5       6.000          6.106                        -0.106
    118       O      5       6.000          6.184                        -0.184
    119       O      5       6.000          6.146                        -0.146
    120       O      5       6.000          6.062                        -0.062
    121       O      5       6.000          6.077                        -0.077
    122       O      5       6.000          6.094                        -0.094
    123       O      5       6.000          6.188                        -0.188
    124       O      5       6.000          6.180                        -0.180
    125       O      5       6.000          6.116                        -0.116
    126       O      5       6.000          6.228                        -0.228
    127       O      5       6.000          6.117                        -0.117
    128       O      5       6.000          6.067                        -0.067
    129       O      5       6.000          6.017                        -0.017
    130       O      5       6.000          6.012                        -0.012
    131       O      5       6.000          5.988                         0.012
    132       O      5       6.000          5.961                         0.039
    133       H      2       1.000          0.568                         0.432
    134       H      2       1.000          0.562                         0.438
    135       H      2       1.000          0.556                         0.444
    136       H      2       1.000          0.559                         0.441
    137       C      3       4.000          5.281                        -1.281
    138       C      3       4.000          4.813                        -0.813
    139       H      2       1.000          0.543                         0.457
    140       H      2       1.000          0.556                         0.444
    141       C      3       4.000          4.487                        -0.487
    142       C      3       4.000          4.729                        -0.729
    143       H      2       1.000          0.570                         0.430
    144       H      2       1.000          0.530                         0.470
    145       H      2       1.000          0.547                         0.453
    146       H      2       1.000          0.541                         0.459
    147       C      3       4.000          4.239                        -0.239
    148       N      4       5.000          5.129                        -0.129
    149       C      3       4.000          4.046                        -0.046
    150       C      3       4.000          4.195                        -0.195
    151       H      2       1.000          0.500                         0.500
    152       N      4       5.000          5.160                        -0.160
    153       C      3       4.000          4.738                        -0.738
    154       H      2       1.000          0.533                         0.467
    155       H      2       1.000          0.531                         0.469
    156       H      2       1.000          0.517                         0.483
    157       H      2       1.000          0.526                         0.474
    158       O      5       6.000          6.429                        -0.429
    159       N      4       5.000          5.293                        -0.293
    160       S      6       6.000          5.594                         0.406
    161       O      5       6.000          6.534                        -0.534
    162       F      7       7.000          7.348                        -0.348
    163       C      3       4.000          3.109                         0.891
    164       F      7       7.000          7.305                        -0.305
    165       F      7       7.000          7.299                        -0.299
    166       C      3       4.000          3.091                         0.909
    167       F      7       7.000          7.288                        -0.288
    168       F      7       7.000          7.283                        -0.283
    169       F      7       7.000          7.301                        -0.301
    170       O      5       6.000          6.431                        -0.431
    171       S      6       6.000          5.559                         0.441
    172       O      5       6.000          6.450                        -0.450

  Total Charge                                                            0.068
 !-----------------------------------------------------------------------------!

 ENERGY| Total FORCE_EVAL ( QS ) energy [hartree]          -1722.514298546398550

 *******************************************************************************
 **                 BAND EVALUATION OF ENERGIES AND FORCES                    **
 *******************************************************************************
 **                                                                           **
 **                                                                           **
 ** Replica Env Nr. :    1              Replica Band Nr. :    2               **
 ** Band  Step  Nr. :   12                                                    **
 *******************************************************************************

 Number of electrons:                                                        716
 Number of occupied orbitals:                                                388
 Number of molecular orbitals:                                               458

 Number of orbital functions:                                               1948
 Number of independent orbital functions:                                   1948

 Parameters for the always stable predictor-corrector (ASPC) method:

  ASPC order: 3

  B(1) =   3.000000
  B(2) =  -3.428571
  B(3) =   1.928571
  B(4) =  -0.571429
  B(5) =   0.071429

 *** WARNING in fm/cp_fm_elpa.F:521 :: Setting real_kernel for ELPA failed ***


 Extrapolation method: ASPC


 SCF WAVEFUNCTION OPTIMIZATION

  Step     Update method      Time    Convergence         Total energy    Change
  ------------------------------------------------------------------------------

 *** WARNING in fm/cp_fm_elpa.F:521 :: Setting real_kernel for ELPA failed ***

     1 Broy./Diag. 0.15E+00    8.2     1.00186286     -1716.2611092791 -1.72E+03

 *** WARNING in fm/cp_fm_elpa.F:521 :: Setting real_kernel for ELPA failed ***

     2 Broy./Diag. 0.15E+00   12.6     0.80148920     -1733.4259585957 -1.72E+01

 *** WARNING in fm/cp_fm_elpa.F:521 :: Setting real_kernel for ELPA failed ***

     3 Broy./Diag. 0.15E+00   13.0     0.21495026     -1728.5601008438  4.87E+00

 *** WARNING in fm/cp_fm_elpa.F:521 :: Setting real_kernel for ELPA failed ***

     4 Broy./Diag. 0.15E+00   13.6     0.13818676     -1724.8728931968  3.69E+00

 *** WARNING in fm/cp_fm_elpa.F:521 :: Setting real_kernel for ELPA failed ***

     5 Broy./Diag. 0.15E+00   13.6     0.09710545     -1721.8514481038  3.02E+00

 *** WARNING in fm/cp_fm_elpa.F:521 :: Setting real_kernel for ELPA failed ***

     6 Broy./Diag. 0.15E+00   13.6     0.10071980     -1720.1987740413  1.65E+00

 *** WARNING in fm/cp_fm_elpa.F:521 :: Setting real_kernel for ELPA failed ***

     7 Broy./Diag. 0.15E+00   14.0     0.03678775     -1719.4424514462  7.56E-01

 *** WARNING in fm/cp_fm_elpa.F:521 :: Setting real_kernel for ELPA failed ***

     8 Broy./Diag. 0.15E+00   14.2     0.02753260     -1719.4601078837 -1.77E-02

 *** WARNING in fm/cp_fm_elpa.F:521 :: Setting real_kernel for ELPA failed ***

     9 Broy./Diag. 0.15E+00   14.0     0.00234912     -1719.6765119742 -2.16E-01

 *** WARNING in fm/cp_fm_elpa.F:521 :: Setting real_kernel for ELPA failed ***

    10 Broy./Diag. 0.15E+00   13.8     0.00335101     -1719.7906133695 -1.14E-01

 *** WARNING in fm/cp_fm_elpa.F:521 :: Setting real_kernel for ELPA failed ***

    11 Broy./Diag. 0.15E+00   14.1     0.00218249     -1719.8201037125 -2.95E-02

 *** WARNING in fm/cp_fm_elpa.F:521 :: Setting real_kernel for ELPA failed ***

    12 Broy./Diag. 0.15E+00   14.6     0.00143886     -1719.8154217622  4.68E-03

 *** WARNING in fm/cp_fm_elpa.F:521 :: Setting real_kernel for ELPA failed ***

    13 Broy./Diag. 0.15E+00   14.4     0.00095875     -1719.7909582863  2.45E-02

 *** WARNING in fm/cp_fm_elpa.F:521 :: Setting real_kernel for ELPA failed ***

    14 Broy./Diag. 0.15E+00   14.3     0.00082892     -1719.7827195281  8.24E-03

 *** WARNING in fm/cp_fm_elpa.F:521 :: Setting real_kernel for ELPA failed ***

    15 Broy./Diag. 0.15E+00   13.8     0.00063560     -1719.7845222017 -1.80E-03

 *** WARNING in fm/cp_fm_elpa.F:521 :: Setting real_kernel for ELPA failed ***

    16 Broy./Diag. 0.15E+00   13.5     0.00048249     -1719.7941453422 -9.62E-03

 *** WARNING in fm/cp_fm_elpa.F:521 :: Setting real_kernel for ELPA failed ***

    17 Broy./Diag. 0.15E+00   13.4     0.00014735     -1719.7981436224 -4.00E-03

 *** WARNING in fm/cp_fm_elpa.F:521 :: Setting real_kernel for ELPA failed ***

    18 Broy./Diag. 0.15E+00   13.6     0.00007108     -1719.7969720007  1.17E-03

 *** WARNING in fm/cp_fm_elpa.F:521 :: Setting real_kernel for ELPA failed ***

    19 Broy./Diag. 0.15E+00   13.6     0.00014693     -1719.7944907039  2.48E-03

 *** WARNING in fm/cp_fm_elpa.F:521 :: Setting real_kernel for ELPA failed ***

    20 Broy./Diag. 0.15E+00   14.4     0.00010398     -1719.7934939269  9.97E-04

 *** WARNING in fm/cp_fm_elpa.F:521 :: Setting real_kernel for ELPA failed ***

    21 Broy./Diag. 0.15E+00   14.2     0.00010642     -1719.7935390318 -4.51E-05

 *** WARNING in fm/cp_fm_elpa.F:521 :: Setting real_kernel for ELPA failed ***

    22 Broy./Diag. 0.15E+00   14.2     0.00006968     -1719.7939821044 -4.43E-04

 *** WARNING in fm/cp_fm_elpa.F:521 :: Setting real_kernel for ELPA failed ***

    23 Broy./Diag. 0.15E+00   14.2     0.00004268     -1719.7943600702 -3.78E-04

  *** SCF run converged in    23 steps ***


  Electronic density on regular grids:       -715.9999999257        0.0000000743
  Core density on regular grids:              715.9999999655       -0.0000000345
  Total charge density on r-space grids:        0.0000000398
  Total charge density g-space grids:           0.0000000398

  Overlap energy of the core charge distribution:               0.00002666874587
  Self energy of the core charge distribution:              -4016.67387185402686
  Core Hamiltonian energy:                                   1146.47645965780316
  Hartree energy:                                            1523.69199723397014
  Exchange-correlation energy:                               -373.02284992410796
  Dispersion energy:                                           -0.25590689320784
  Electronic entropic energy:                                  -0.01021588406879
  Fermi energy:                                                -0.01916527324848

  Total energy:                                             -1719.79436007017603

 !-----------------------------------------------------------------------------!
                     Mulliken Population Analysis

 #  Atom  Element  Kind  Atomic population                           Net charge
       1     Ti       1         11.180459                              0.819541
       2     Ti       1         11.082545                              0.917455
       3     Ti       1         11.006933                              0.993067
       4     Ti       1         11.031371                              0.968629
       5     Ti       1         11.025481                              0.974519
       6     Ti       1         11.121661                              0.878339
       7     Ti       1         11.054616                              0.945384
       8     Ti       1         11.038103                              0.961897
       9     H        2          0.935815                              0.064185
      10     H        2          0.891784                              0.108216
      11     H        2          0.849589                              0.150411
      12     H        2          0.913818                              0.086182
      13     H        2          0.896051                              0.103949
      14     H        2          0.924157                              0.075843
      15     H        2          0.946345                              0.053655
      16     H        2          0.857400                              0.142600
      17     H        2          0.904620                              0.095380
      18     H        2          0.930943                              0.069057
      19     H        2          0.934264                              0.065736
      20     H        2          0.909240                              0.090760
      21     H        2          0.799014                              0.200986
      22     H        2          0.848354                              0.151646
      23     H        2          0.864439                              0.135561
      24     H        2          0.834597                              0.165403
      25     H        2          0.921414                              0.078586
      26     H        2          0.933561                              0.066439
      27     H        2          0.910961                              0.089039
      28     H        2          0.875983                              0.124017
      29     H        2          0.881292                              0.118708
      30     H        2          0.861395                              0.138605
      31     H        2          0.887372                              0.112628
      32     H        2          0.890028                              0.109972
      33     H        2          0.801963                              0.198037
      34     H        2          0.746142                              0.253858
      35     H        2          0.900500                              0.099500
      36     H        2          0.927915                              0.072085
      37     H        2          0.872634                              0.127366
      38     H        2          0.885860                              0.114140
      39     H        2          0.867103                              0.132897
      40     H        2          0.871007                              0.128993
      41     H        2          0.885898                              0.114102
      42     H        2          0.868209                              0.131791
      43     C        3          3.783515                              0.216485
      44     C        3          3.789554                              0.210446
      45     C        3          3.778454                              0.221546
      46     C        3          3.775025                              0.224975
      47     C        3          4.101436                             -0.101436
      48     C        3          4.091396                             -0.091396
      49     C        3          4.030432                             -0.030432
      50     C        3          4.008173                             -0.008173
      51     C        3          3.946266                              0.053734
      52     C        3          4.058613                             -0.058613
      53     C        3          4.007435                             -0.007435
      54     C        3          4.083311                             -0.083311
      55     C        3          4.075134                             -0.075134
      56     C        3          4.058346                             -0.058346
      57     C        3          4.031217                             -0.031217
      58     C        3          4.024802                             -0.024802
      59     C        3          4.054600                             -0.054600
      60     C        3          4.029495                             -0.029495
      61     C        3          4.073816                             -0.073816
      62     C        3          4.066021                             -0.066021
      63     C        3          4.047668                             -0.047668
      64     C        3          4.049367                             -0.049367
      65     C        3          4.075894                             -0.075894
      66     C        3          3.961306                              0.038694
      67     C        3          3.781631                              0.218369
      68     C        3          3.783793                              0.216207
      69     C        3          3.783941                              0.216059
      70     C        3          3.771413                              0.228587
      71     C        3          3.802263                              0.197737
      72     C        3          3.841123                              0.158877
      73     C        3          3.747821                              0.252179
      74     C        3          3.775783                              0.224217
      75     C        3          3.976736                              0.023264
      76     C        3          4.045373                             -0.045373
      77     C        3          4.036590                             -0.036590
      78     C        3          4.046219                             -0.046219
      79     C        3          4.060525                             -0.060525
      80     C        3          4.033033                             -0.033033
      81     C        3          4.032596                             -0.032596
      82     C        3          4.064980                             -0.064980
      83     C        3          3.893969                              0.106031
      84     C        3          4.026884                             -0.026884
      85     C        3          4.011341                             -0.011341
      86     C        3          4.041084                             -0.041084
      87     C        3          3.994606                              0.005394
      88     C        3          4.069990                             -0.069990
      89     C        3          4.132033                             -0.132033
      90     C        3          3.863033                              0.136967
      91     N        4          5.029213                             -0.029213
      92     N        4          5.367640                             -0.367640
      93     N        4          4.910704                              0.089296
      94     N        4          4.977525                              0.022475
      95     N        4          5.027430                             -0.027430
      96     N        4          5.062328                             -0.062328
      97     O        5          6.295523                             -0.295523
      98     O        5          6.248893                             -0.248893
      99     O        5          6.322513                             -0.322513
     100     O        5          6.290767                             -0.290767
     101     O        5          6.291315                             -0.291315
     102     O        5          6.274377                             -0.274377
     103     O        5          6.255054                             -0.255054
     104     O        5          6.248637                             -0.248637
     105     O        5          6.431612                             -0.431612
     106     O        5          6.486482                             -0.486482
     107     O        5          6.491045                             -0.491045
     108     O        5          6.442381                             -0.442381
     109     O        5          6.410966                             -0.410966
     110     O        5          6.451180                             -0.451180
     111     O        5          6.493609                             -0.493609
     112     O        5          6.493611                             -0.493611
     113     O        5          6.341273                             -0.341273
     114     O        5          6.294696                             -0.294696
     115     O        5          6.334055                             -0.334055
     116     O        5          6.303303                             -0.303303
     117     O        5          6.263457                             -0.263457
     118     O        5          6.321364                             -0.321364
     119     O        5          6.314855                             -0.314855
     120     O        5          6.247959                             -0.247959
     121     O        5          6.291772                             -0.291772
     122     O        5          6.303382                             -0.303382
     123     O        5          6.345142                             -0.345142
     124     O        5          6.315105                             -0.315105
     125     O        5          6.234708                             -0.234708
     126     O        5          6.346138                             -0.346138
     127     O        5          6.328089                             -0.328089
     128     O        5          6.199014                             -0.199014
     129     O        5          6.500334                             -0.500334
     130     O        5          6.475133                             -0.475133
     131     O        5          6.463230                             -0.463230
     132     O        5          6.383234                             -0.383234
     133     H        2          0.944217                              0.055783
     134     H        2          0.906884                              0.093116
     135     H        2          0.914282                              0.085718
     136     H        2          0.907722                              0.092278
     137     C        3          4.262649                             -0.262649
     138     C        3          4.181860                             -0.181860
     139     H        2          0.896507                              0.103493
     140     H        2          0.912798                              0.087202
     141     C        3          4.111357                             -0.111357
     142     C        3          4.113303                             -0.113303
     143     H        2          0.932661                              0.067339
     144     H        2          0.918805                              0.081195
     145     H        2          0.910292                              0.089708
     146     H        2          0.935375                              0.064625
     147     C        3          4.023955                             -0.023955
     148     N        4          4.874783                              0.125217
     149     C        3          3.931861                              0.068139
     150     C        3          3.995455                              0.004545
     151     H        2          0.931766                              0.068234
     152     N        4          4.849867                              0.150133
     153     C        3          4.187576                             -0.187576
     154     H        2          0.921557                              0.078443
     155     H        2          0.905275                              0.094725
     156     H        2          0.924477                              0.075523
     157     H        2          0.942512                              0.057488
     158     O        5          6.307519                             -0.307519
     159     N        4          5.092946                             -0.092946
     160     S        6          5.518687                              0.481313
     161     O        5          6.271908                             -0.271908
     162     F        7          7.086151                             -0.086151
     163     C        3          3.782841                              0.217159
     164     F        7          7.107774                             -0.107774
     165     F        7          7.189269                             -0.189269
     166     C        3          3.838573                              0.161427
     167     F        7          7.080694                             -0.080694
     168     F        7          7.032060                             -0.032060
     169     F        7          7.104230                             -0.104230
     170     O        5          6.309065                             -0.309065
     171     S        6          5.522725                              0.477275
     172     O        5          6.319849                             -0.319849
 # Total charge                            716.000000                  0.000000

 !-----------------------------------------------------------------------------!

 !-----------------------------------------------------------------------------!
                           Hirshfeld Charges

  #Atom  Element  Kind  Ref Charge     Population                    Net charge
      1       Ti     1      12.000         13.765                        -1.765
      2       Ti     1      12.000         13.592                        -1.592
      3       Ti     1      12.000         13.460                        -1.460
      4       Ti     1      12.000         13.556                        -1.556
      5       Ti     1      12.000         13.439                        -1.439
      6       Ti     1      12.000         13.693                        -1.693
      7       Ti     1      12.000         13.467                        -1.467
      8       Ti     1      12.000         13.499                        -1.499
      9       H      2       1.000          0.546                         0.454
     10       H      2       1.000          0.515                         0.485
     11       H      2       1.000          0.505                         0.495
     12       H      2       1.000          0.543                         0.457
     13       H      2       1.000          0.526                         0.474
     14       H      2       1.000          0.545                         0.455
     15       H      2       1.000          0.544                         0.456
     16       H      2       1.000          0.557                         0.443
     17       H      2       1.000          0.530                         0.470
     18       H      2       1.000          0.545                         0.455
     19       H      2       1.000          0.545                         0.455
     20       H      2       1.000          0.544                         0.456
     21       H      2       1.000          0.397                         0.603
     22       H      2       1.000          0.419                         0.581
     23       H      2       1.000          0.422                         0.578
     24       H      2       1.000          0.419                         0.581
     25       H      2       1.000          0.556                         0.444
     26       H      2       1.000          0.562                         0.438
     27       H      2       1.000          0.534                         0.466
     28       H      2       1.000          0.530                         0.470
     29       H      2       1.000          0.529                         0.471
     30       H      2       1.000          0.524                         0.476
     31       H      2       1.000          0.481                         0.519
     32       H      2       1.000          0.462                         0.538
     33       H      2       1.000          0.418                         0.582
     34       H      2       1.000          0.610                         0.390
     35       H      2       1.000          0.488                         0.512
     36       H      2       1.000          0.485                         0.515
     37       H      2       1.000          0.477                         0.523
     38       H      2       1.000          0.471                         0.529
     39       H      2       1.000          0.467                         0.533
     40       H      2       1.000          0.454                         0.546
     41       H      2       1.000          0.482                         0.518
     42       H      2       1.000          0.447                         0.553
     43       C      3       4.000          3.442                         0.558
     44       C      3       4.000          3.423                         0.577
     45       C      3       4.000          3.463                         0.537
     46       C      3       4.000          3.460                         0.540
     47       C      3       4.000          4.002                        -0.002
     48       C      3       4.000          3.976                         0.024
     49       C      3       4.000          4.000                        -0.000
     50       C      3       4.000          3.987                         0.013
     51       C      3       4.000          3.915                         0.085
     52       C      3       4.000          4.419                        -0.419
     53       C      3       4.000          3.905                         0.095
     54       C      3       4.000          4.394                        -0.394
     55       C      3       4.000          4.431                        -0.431
     56       C      3       4.000          4.394                        -0.394
     57       C      3       4.000          4.384                        -0.384
     58       C      3       4.000          4.438                        -0.438
     59       C      3       4.000          4.024                        -0.024
     60       C      3       4.000          3.996                         0.004
     61       C      3       4.000          3.998                         0.002
     62       C      3       4.000          3.970                         0.030
     63       C      3       4.000          4.002                        -0.002
     64       C      3       4.000          4.008                        -0.008
     65       C      3       4.000          3.995                         0.005
     66       C      3       4.000          3.976                         0.024
     67       C      3       4.000          3.482                         0.518
     68       C      3       4.000          3.480                         0.520
     69       C      3       4.000          3.476                         0.524
     70       C      3       4.000          3.450                         0.550
     71       C      3       4.000          3.488                         0.512
     72       C      3       4.000          3.449                         0.551
     73       C      3       4.000          3.439                         0.561
     74       C      3       4.000          3.536                         0.464
     75       C      3       4.000          3.858                         0.142
     76       C      3       4.000          4.432                        -0.432
     77       C      3       4.000          4.344                        -0.344
     78       C      3       4.000          4.395                        -0.395
     79       C      3       4.000          4.431                        -0.431
     80       C      3       4.000          4.373                        -0.373
     81       C      3       4.000          4.335                        -0.335
     82       C      3       4.000          4.368                        -0.368
     83       C      3       4.000          3.821                         0.179
     84       C      3       4.000          4.412                        -0.412
     85       C      3       4.000          4.375                        -0.375
     86       C      3       4.000          4.407                        -0.407
     87       C      3       4.000          3.890                         0.110
     88       C      3       4.000          4.466                        -0.466
     89       C      3       4.000          4.381                        -0.381
     90       C      3       4.000          3.863                         0.137
     91       N      4       5.000          5.899                        -0.899
     92       N      4       5.000          5.740                        -0.740
     93       N      4       5.000          5.872                        -0.872
     94       N      4       5.000          5.812                        -0.812
     95       N      4       5.000          5.847                        -0.847
     96       N      4       5.000          5.917                        -0.917
     97       O      5       6.000          6.102                        -0.102
     98       O      5       6.000          6.024                        -0.024
     99       O      5       6.000          6.126                        -0.126
    100       O      5       6.000          6.114                        -0.114
    101       O      5       6.000          6.137                        -0.137
    102       O      5       6.000          6.144                        -0.144
    103       O      5       6.000          6.055                        -0.055
    104       O      5       6.000          6.068                        -0.068
    105       O      5       6.000          5.658                         0.342
    106       O      5       6.000          5.744                         0.256
    107       O      5       6.000          5.770                         0.230
    108       O      5       6.000          5.680                         0.320
    109       O      5       6.000          5.656                         0.344
    110       O      5       6.000          5.736                         0.264
    111       O      5       6.000          5.772                         0.228
    112       O      5       6.000          5.693                         0.307
    113       O      5       6.000          6.137                        -0.137
    114       O      5       6.000          6.149                        -0.149
    115       O      5       6.000          6.218                        -0.218
    116       O      5       6.000          6.141                        -0.141
    117       O      5       6.000          6.060                        -0.060
    118       O      5       6.000          6.063                        -0.063
    119       O      5       6.000          6.145                        -0.145
    120       O      5       6.000          6.179                        -0.179
    121       O      5       6.000          6.026                        -0.026
    122       O      5       6.000          6.080                        -0.080
    123       O      5       6.000          6.205                        -0.205
    124       O      5       6.000          6.133                        -0.133
    125       O      5       6.000          5.902                         0.098
    126       O      5       6.000          6.060                        -0.060
    127       O      5       6.000          6.160                        -0.160
    128       O      5       6.000          6.013                        -0.013
    129       O      5       6.000          5.997                         0.003
    130       O      5       6.000          6.034                        -0.034
    131       O      5       6.000          5.984                         0.016
    132       O      5       6.000          5.815                         0.185
    133       H      2       1.000          0.571                         0.429
    134       H      2       1.000          0.562                         0.438
    135       H      2       1.000          0.553                         0.447
    136       H      2       1.000          0.559                         0.441
    137       C      3       4.000          5.301                        -1.301
    138       C      3       4.000          4.827                        -0.827
    139       H      2       1.000          0.543                         0.457
    140       H      2       1.000          0.556                         0.444
    141       C      3       4.000          4.512                        -0.512
    142       C      3       4.000          4.715                        -0.715
    143       H      2       1.000          0.574                         0.426
    144       H      2       1.000          0.527                         0.473
    145       H      2       1.000          0.552                         0.448
    146       H      2       1.000          0.513                         0.487
    147       C      3       4.000          4.278                        -0.278
    148       N      4       5.000          5.138                        -0.138
    149       C      3       4.000          4.045                        -0.045
    150       C      3       4.000          4.241                        -0.241
    151       H      2       1.000          0.510                         0.490
    152       N      4       5.000          5.153                        -0.153
