
 *******************************************************************************
 **                 BAND EVALUATION OF ENERGIES AND FORCES                    **
 *******************************************************************************
 **                                                                           **
 **                                                                           **
 ** Replica Env Nr. :    2              Replica Band Nr. :   10               **
 ** Band  Step  Nr. :    0                                                    **
 *******************************************************************************

 Number of electrons:                                                        716
 Number of occupied orbitals:                                                403
 Number of molecular orbitals:                                               458

 Number of orbital functions:                                               1948
 Number of independent orbital functions:                                   1948

 Parameters for the always stable predictor-corrector (ASPC) method:

  ASPC order: 0

  B(1) =   1.000000

 *** WARNING in fm/cp_fm_elpa.F:521 :: Setting real_kernel for ELPA failed ***


 Extrapolation method: ASPC


 SCF WAVEFUNCTION OPTIMIZATION

  Step     Update method      Time    Convergence         Total energy    Change
  ------------------------------------------------------------------------------

 *** WARNING in fm/cp_fm_elpa.F:521 :: Setting real_kernel for ELPA failed ***

     1 Broy./Diag. 0.15E+00    8.5     0.00035274     -1693.1053379012 -1.69E+03

 *** WARNING in fm/cp_fm_elpa.F:521 :: Setting real_kernel for ELPA failed ***

     2 Broy./Diag. 0.15E+00   12.9     0.00105569     -1693.1047824389  5.55E-04

 *** WARNING in fm/cp_fm_elpa.F:521 :: Setting real_kernel for ELPA failed ***

     3 Broy./Diag. 0.15E+00   13.0     0.00087677     -1693.1086344212 -3.85E-03

 *** WARNING in fm/cp_fm_elpa.F:521 :: Setting real_kernel for ELPA failed ***

     4 Broy./Diag. 0.15E+00   13.3     0.00022977     -1693.1048476455  3.79E-03

 *** WARNING in fm/cp_fm_elpa.F:521 :: Setting real_kernel for ELPA failed ***

     5 Broy./Diag. 0.15E+00   13.4     0.00007588     -1693.1056480487 -8.00E-04

 *** WARNING in fm/cp_fm_elpa.F:521 :: Setting real_kernel for ELPA failed ***

     6 Broy./Diag. 0.15E+00   13.6     0.00001274     -1693.1053707952  2.77E-04

  *** SCF run converged in     6 steps ***


  Electronic density on regular grids:       -715.9999999222        0.0000000778
  Core density on regular grids:              715.9999999655       -0.0000000345
  Total charge density on r-space grids:        0.0000000432
  Total charge density g-space grids:           0.0000000432

  Overlap energy of the core charge distribution:               4.69512004002795
  Self energy of the core charge distribution:              -4016.67387185402686
  Core Hamiltonian energy:                                   1185.11337935422443
  Hartree energy:                                            1512.96792607172051
  Exchange-correlation energy:                               -378.90701809637960
  Dispersion energy:                                           -0.26696327428029
  Electronic entropic energy:                                  -0.03394252619979
  Fermi energy:                                                 0.01493666159245

  Total energy:                                             -1693.10537079517121

 !-----------------------------------------------------------------------------!
                     Mulliken Population Analysis

 #  Atom  Element  Kind  Atomic population                           Net charge
       1     Ti       1         11.194417                              0.805583
       2     Ti       1         11.052006                              0.947994
       3     Ti       1         11.025619                              0.974381
       4     Ti       1         11.059185                              0.940815
       5     Ti       1         11.076427                              0.923573
       6     Ti       1         11.510997                              0.489003
       7     Ti       1         11.035791                              0.964209
       8     Ti       1         11.036154                              0.963846
       9     H        2          0.935228                              0.064772
      10     H        2          0.947828                              0.052172
      11     H        2          0.947253                              0.052747
      12     H        2          0.948654                              0.051346
      13     H        2          0.952255                              0.047745
      14     H        2          0.903762                              0.096238
      15     H        2          0.935809                              0.064191
      16     H        2          0.939940                              0.060060
      17     H        2          0.925047                              0.074953
      18     H        2          0.927994                              0.072006
      19     H        2          0.933464                              0.066536
      20     H        2          0.945246                              0.054754
      21     H        2          0.818682                              0.181318
      22     H        2          0.877729                              0.122271
      23     H        2          0.950293                              0.049707
      24     H        2          0.830735                              0.169265
      25     H        2          0.935360                              0.064640
      26     H        2          0.944132                              0.055868
      27     H        2          0.941427                              0.058573
      28     H        2          0.933601                              0.066399
      29     H        2          0.938207                              0.061793
      30     H        2          0.931110                              0.068890
      31     H        2          0.889023                              0.110977
      32     H        2          0.890086                              0.109914
      33     H        2          0.885567                              0.114433
      34     H        2          0.786696                              0.213304
      35     H        2          0.887395                              0.112605
      36     H        2          0.930255                              0.069745
      37     H        2          0.895269                              0.104731
      38     H        2          0.898774                              0.101226
      39     H        2          0.880593                              0.119407
      40     H        2          0.884537                              0.115463
      41     H        2          0.884500                              0.115500
      42     H        2          0.889984                              0.110016
      43     C        3          3.775394                              0.224606
      44     C        3          3.779675                              0.220325
      45     C        3          3.775091                              0.224909
      46     C        3          3.778665                              0.221335
      47     C        3          4.104683                             -0.104683
      48     C        3          4.096281                             -0.096281
      49     C        3          4.071163                             -0.071163
      50     C        3          4.050430                             -0.050430
      51     C        3          3.956327                              0.043673
      52     C        3          4.029645                             -0.029645
      53     C        3          3.980401                              0.019599
      54     C        3          4.039972                             -0.039972
      55     C        3          4.048882                             -0.048882
      56     C        3          4.025341                             -0.025341
      57     C        3          4.007631                             -0.007631
      58     C        3          4.035864                             -0.035864
      59     C        3          4.055652                             -0.055652
      60     C        3          4.033660                             -0.033660
      61     C        3          4.130566                             -0.130566
      62     C        3          4.101334                             -0.101334
      63     C        3          4.086840                             -0.086840
      64     C        3          4.096409                             -0.096409
      65     C        3          4.277087                             -0.277087
      66     C        3          3.793444                              0.206556
      67     C        3          3.786333                              0.213667
      68     C        3          3.813412                              0.186588
      69     C        3          3.816099                              0.183901
      70     C        3          3.786585                              0.213415
      71     C        3          3.790797                              0.209203
      72     C        3          3.855044                              0.144956
      73     C        3          3.365513                              0.634487
      74     C        3          3.812347                              0.187653
      75     C        3          3.980635                              0.019365
      76     C        3          4.052054                             -0.052054
      77     C        3          4.017802                             -0.017802
      78     C        3          4.066067                             -0.066067
      79     C        3          4.050788                             -0.050788
      80     C        3          4.027893                             -0.027893
      81     C        3          4.107613                             -0.107613
      82     C        3          4.010598                             -0.010598
      83     C        3          3.944524                              0.055476
      84     C        3          4.002913                             -0.002913
      85     C        3          4.011831                             -0.011831
      86     C        3          4.051409                             -0.051409
      87     C        3          4.072726                             -0.072726
      88     C        3          4.114061                             -0.114061
      89     C        3          4.034256                             -0.034256
      90     C        3          3.903917                              0.096083
      91     N        4          5.031277                             -0.031277
      92     N        4          5.318284                             -0.318284
      93     N        4          5.021221                             -0.021221
      94     N        4          5.020529                             -0.020529
      95     N        4          5.022173                             -0.022173
      96     N        4          5.030955                             -0.030955
      97     O        5          6.327103                             -0.327103
      98     O        5          6.279464                             -0.279464
      99     O        5          6.353790                             -0.353790
     100     O        5          6.286837                             -0.286837
     101     O        5          6.292618                             -0.292618
     102     O        5          6.276458                             -0.276458
     103     O        5          6.292495                             -0.292495
     104     O        5          6.270888                             -0.270888
     105     O        5          6.427598                             -0.427598
     106     O        5          6.492213                             -0.492213
     107     O        5          6.524251                             -0.524251
     108     O        5          6.457052                             -0.457052
     109     O        5          6.364855                             -0.364855
     110     O        5          6.464085                             -0.464085
     111     O        5          6.497602                             -0.497602
     112     O        5          6.465474                             -0.465474
     113     O        5          6.334463                             -0.334463
     114     O        5          6.299534                             -0.299534
     115     O        5          6.347230                             -0.347230
     116     O        5          6.306563                             -0.306563
     117     O        5          6.391944                             -0.391944
     118     O        5          6.291911                             -0.291911
     119     O        5          5.970252                              0.029748
     120     O        5          6.251740                             -0.251740
     121     O        5          6.314054                             -0.314054
     122     O        5          6.294452                             -0.294452
     123     O        5          6.338263                             -0.338263
     124     O        5          6.293585                             -0.293585
     125     O        5          6.280728                             -0.280728
     126     O        5          6.420641                             -0.420641
     127     O        5          6.264742                             -0.264742
     128     O        5          6.225390                             -0.225390
     129     O        5          6.502200                             -0.502200
     130     O        5          6.406775                             -0.406775
     131     O        5          6.420841                             -0.420841
     132     O        5          6.334956                             -0.334956
     133     H        2          0.924309                              0.075691
     134     H        2          0.911063                              0.088937
     135     H        2          0.923157                              0.076843
     136     H        2          0.921550                              0.078450
     137     C        3          4.271706                             -0.271706
     138     C        3          4.179935                             -0.179935
     139     H        2          0.938259                              0.061741
     140     H        2          0.917575                              0.082425
     141     C        3          4.095710                             -0.095710
     142     C        3          4.126446                             -0.126446
     143     H        2          0.929281                              0.070719
     144     H        2          0.935128                              0.064872
     145     H        2          0.931471                              0.068529
     146     H        2          0.933327                              0.066673
     147     C        3          4.028870                             -0.028870
     148     N        4          4.829333                              0.170667
     149     C        3          3.953500                              0.046500
     150     C        3          4.037350                             -0.037350
     151     H        2          0.953065                              0.046935
     152     N        4          4.917913                              0.082087
     153     C        3          4.152184                             -0.152184
     154     H        2          0.899501                              0.100499
     155     H        2          0.920960                              0.079040
     156     H        2          0.952614                              0.047386
     157     H        2          1.041945                             -0.041945
     158     O        5          4.835773                              1.164227
     159     N        4          3.977564                              1.022436
     160     S        6          7.794855                             -1.794855
     161     O        5          6.002540                             -0.002540
     162     F        7          7.262723                             -0.262723
     163     C        3          3.586606                              0.413394
     164     F        7          6.957037                              0.042963
     165     F        7          6.849901                              0.150099
     166     C        3          3.428436                              0.571564
     167     F        7          7.343004                             -0.343004
     168     F        7          6.758597                              0.241403
     169     F        7          6.579199                              0.420801
     170     O        5          6.338255                             -0.338255
     171     S        6          5.935639                              0.064361
     172     O        5          6.373547                             -0.373547
 # Total charge                            716.000000                  0.000000

 !-----------------------------------------------------------------------------!

 !-----------------------------------------------------------------------------!
                           Hirshfeld Charges

  #Atom  Element  Kind  Ref Charge     Population                    Net charge
      1       Ti     1      12.000         13.683                        -1.683
      2       Ti     1      12.000         13.440                        -1.440
      3       Ti     1      12.000         13.503                        -1.503
      4       Ti     1      12.000         13.516                        -1.516
      5       Ti     1      12.000         13.426                        -1.426
      6       Ti     1      12.000         13.697                        -1.697
      7       Ti     1      12.000         13.489                        -1.489
      8       Ti     1      12.000         13.481                        -1.481
      9       H      2       1.000          0.548                         0.452
     10       H      2       1.000          0.545                         0.455
     11       H      2       1.000          0.542                         0.458
     12       H      2       1.000          0.552                         0.448
     13       H      2       1.000          0.534                         0.466
     14       H      2       1.000          0.495                         0.505
     15       H      2       1.000          0.557                         0.443
     16       H      2       1.000          0.542                         0.458
     17       H      2       1.000          0.529                         0.471
     18       H      2       1.000          0.544                         0.456
     19       H      2       1.000          0.545                         0.455
     20       H      2       1.000          0.546                         0.454
     21       H      2       1.000          0.409                         0.591
     22       H      2       1.000          0.434                         0.566
     23       H      2       1.000          0.441                         0.559
     24       H      2       1.000          0.419                         0.581
     25       H      2       1.000          0.551                         0.449
     26       H      2       1.000          0.557                         0.443
     27       H      2       1.000          0.537                         0.463
     28       H      2       1.000          0.536                         0.464
     29       H      2       1.000          0.534                         0.466
     30       H      2       1.000          0.532                         0.468
     31       H      2       1.000          0.481                         0.519
     32       H      2       1.000          0.462                         0.538
     33       H      2       1.000          0.464                         0.536
     34       H      2       1.000          0.627                         0.373
     35       H      2       1.000          0.484                         0.516
     36       H      2       1.000          0.480                         0.520
     37       H      2       1.000          0.481                         0.519
     38       H      2       1.000          0.472                         0.528
     39       H      2       1.000          0.475                         0.525
     40       H      2       1.000          0.459                         0.541
     41       H      2       1.000          0.480                         0.520
     42       H      2       1.000          0.460                         0.540
     43       C      3       4.000          3.468                         0.532
     44       C      3       4.000          3.450                         0.550
     45       C      3       4.000          3.475                         0.525
     46       C      3       4.000          3.468                         0.532
     47       C      3       4.000          4.012                        -0.012
     48       C      3       4.000          3.992                         0.008
     49       C      3       4.000          4.002                        -0.002
     50       C      3       4.000          3.983                         0.017
     51       C      3       4.000          3.921                         0.079
     52       C      3       4.000          4.453                        -0.453
     53       C      3       4.000          3.912                         0.088
     54       C      3       4.000          4.438                        -0.438
     55       C      3       4.000          4.446                        -0.446
     56       C      3       4.000          4.403                        -0.403
     57       C      3       4.000          4.420                        -0.420
     58       C      3       4.000          4.468                        -0.468
     59       C      3       4.000          4.025                        -0.025
     60       C      3       4.000          4.013                        -0.013
     61       C      3       4.000          4.027                        -0.027
     62       C      3       4.000          4.002                        -0.002
     63       C      3       4.000          3.964                         0.036
     64       C      3       4.000          4.037                        -0.037
     65       C      3       4.000          4.110                        -0.110
     66       C      3       4.000          3.910                         0.090
     67       C      3       4.000          3.486                         0.514
     68       C      3       4.000          3.526                         0.474
     69       C      3       4.000          3.501                         0.499
     70       C      3       4.000          3.463                         0.537
     71       C      3       4.000          3.528                         0.472
     72       C      3       4.000          3.445                         0.555
     73       C      3       4.000          3.388                         0.612
     74       C      3       4.000          3.599                         0.401
     75       C      3       4.000          3.863                         0.137
     76       C      3       4.000          4.444                        -0.444
     77       C      3       4.000          4.438                        -0.438
     78       C      3       4.000          4.495                        -0.495
     79       C      3       4.000          4.520                        -0.520
     80       C      3       4.000          4.424                        -0.424
     81       C      3       4.000          4.363                        -0.363
     82       C      3       4.000          4.193                        -0.193
     83       C      3       4.000          3.898                         0.102
     84       C      3       4.000          4.400                        -0.400
     85       C      3       4.000          4.377                        -0.377
     86       C      3       4.000          4.416                        -0.416
     87       C      3       4.000          4.016                        -0.016
     88       C      3       4.000          4.501                        -0.501
     89       C      3       4.000          4.420                        -0.420
     90       C      3       4.000          3.899                         0.101
     91       N      4       5.000          5.902                        -0.902
     92       N      4       5.000          5.787                        -0.787
     93       N      4       5.000          5.944                        -0.944
     94       N      4       5.000          5.798                        -0.798
     95       N      4       5.000          5.847                        -0.847
     96       N      4       5.000          5.863                        -0.863
     97       O      5       6.000          6.167                        -0.167
     98       O      5       6.000          6.103                        -0.103
     99       O      5       6.000          6.205                        -0.205
    100       O      5       6.000          6.142                        -0.142
    101       O      5       6.000          6.129                        -0.129
    102       O      5       6.000          6.121                        -0.121
    103       O      5       6.000          6.105                        -0.105
    104       O      5       6.000          6.097                        -0.097
    105       O      5       6.000          5.661                         0.339
    106       O      5       6.000          5.783                         0.217
    107       O      5       6.000          5.768                         0.232
    108       O      5       6.000          5.719                         0.281
    109       O      5       6.000          5.637                         0.363
    110       O      5       6.000          5.697                         0.303
    111       O      5       6.000          5.852                         0.148
    112       O      5       6.000          5.695                         0.305
    113       O      5       6.000          6.125                        -0.125
    114       O      5       6.000          6.162                        -0.162
    115       O      5       6.000          6.215                        -0.215
    116       O      5       6.000          6.113                        -0.113
    117       O      5       6.000          6.150                        -0.150
    118       O      5       6.000          6.159                        -0.159
    119       O      5       6.000          5.824                         0.176
    120       O      5       6.000          6.091                        -0.091
    121       O      5       6.000          6.075                        -0.075
    122       O      5       6.000          6.097                        -0.097
    123       O      5       6.000          6.193                        -0.193
    124       O      5       6.000          6.213                        -0.213
    125       O      5       6.000          6.043                        -0.043
    126       O      5       6.000          6.187                        -0.187
    127       O      5       6.000          6.129                        -0.129
    128       O      5       6.000          6.098                        -0.098
    129       O      5       6.000          6.023                        -0.023
    130       O      5       6.000          6.035                        -0.035
    131       O      5       6.000          6.035                        -0.035
    132       O      5       6.000          5.840                         0.160
    133       H      2       1.000          0.562                         0.438
    134       H      2       1.000          0.559                         0.441
    135       H      2       1.000          0.561                         0.439
    136       H      2       1.000          0.568                         0.432
    137       C      3       4.000          5.308                        -1.308
    138       C      3       4.000          4.820                        -0.820
    139       H      2       1.000          0.514                         0.486
    140       H      2       1.000          0.557                         0.443
    141       C      3       4.000          4.417                        -0.417
    142       C      3       4.000          4.759                        -0.759
    143       H      2       1.000          0.565                         0.435
    144       H      2       1.000          0.513                         0.487
    145       H      2       1.000          0.523                         0.477
    146       H      2       1.000          0.543                         0.457
    147       C      3       4.000          4.166                        -0.166
    148       N      4       5.000          5.124                        -0.124
    149       C      3       4.000          4.050                        -0.050
    150       C      3       4.000          4.195                        -0.195
    151       H      2       1.000          0.512                         0.488
    152       N      4       5.000          5.191                        -0.191

 *******************************************************************************
 **                 BAND EVALUATION OF ENERGIES AND FORCES                    **
 *******************************************************************************
 **                                                                           **
 **                                                                           **
 ** Replica Env Nr. :    2              Replica Band Nr. :   10               **
 ** Band  Step  Nr. :    0                                                    **
 *******************************************************************************

 Number of electrons:                                                        716
 Number of occupied orbitals:                                                403
 Number of molecular orbitals:                                               458

 Number of orbital functions:                                               1948
 Number of independent orbital functions:                                   1948

 Parameters for the always stable predictor-corrector (ASPC) method:

  ASPC order: 0

  B(1) =   1.000000

 *** WARNING in fm/cp_fm_elpa.F:521 :: Setting real_kernel for ELPA failed ***


 Extrapolation method: ASPC


 SCF WAVEFUNCTION OPTIMIZATION

  Step     Update method      Time    Convergence         Total energy    Change
  ------------------------------------------------------------------------------

 *** WARNING in fm/cp_fm_elpa.F:521 :: Setting real_kernel for ELPA failed ***

     1 Broy./Diag. 0.15E+00    8.3     0.00023046     -1693.1053379067 -1.69E+03

 *** WARNING in fm/cp_fm_elpa.F:521 :: Setting real_kernel for ELPA failed ***

     2 Broy./Diag. 0.15E+00   12.4     0.00045498     -1693.1056584212 -3.21E-04

 *** WARNING in fm/cp_fm_elpa.F:521 :: Setting real_kernel for ELPA failed ***

     3 Broy./Diag. 0.15E+00   13.3     0.00022462     -1693.1034780536  2.18E-03

 *** WARNING in fm/cp_fm_elpa.F:521 :: Setting real_kernel for ELPA failed ***

     4 Broy./Diag. 0.15E+00   13.5     0.00012657     -1693.1053434677 -1.87E-03

 *** WARNING in fm/cp_fm_elpa.F:521 :: Setting real_kernel for ELPA failed ***

     5 Broy./Diag. 0.15E+00   13.5     0.00006533     -1693.1050732936  2.70E-04

 *** WARNING in fm/cp_fm_elpa.F:521 :: Setting real_kernel for ELPA failed ***

     6 Broy./Diag. 0.15E+00   13.6     0.00001673     -1693.1053446805 -2.71E-04

  *** SCF run converged in     6 steps ***


  Electronic density on regular grids:       -715.9999999222        0.0000000778
  Core density on regular grids:              715.9999999655       -0.0000000345
  Total charge density on r-space grids:        0.0000000432
  Total charge density g-space grids:           0.0000000432

  Overlap energy of the core charge distribution:               4.69512004002795
  Self energy of the core charge distribution:              -4016.67387185402686
  Core Hamiltonian energy:                                   1185.11359971989373
  Hartree energy:                                            1512.96774691941187
  Exchange-correlation energy:                               -378.90703550447665
  Dispersion energy:                                           -0.26696327428029
  Electronic entropic energy:                                  -0.03394118702154
  Fermi energy:                                                 0.01493467480168

  Total energy:                                             -1693.10534468052379

 !-----------------------------------------------------------------------------!
                     Mulliken Population Analysis

 #  Atom  Element  Kind  Atomic population                           Net charge
       1     Ti       1         11.194421                              0.805579
       2     Ti       1         11.052015                              0.947985
       3     Ti       1         11.025626                              0.974374
       4     Ti       1         11.059190                              0.940810
       5     Ti       1         11.076430                              0.923570
       6     Ti       1         11.510981                              0.489019
       7     Ti       1         11.035803                              0.964197
       8     Ti       1         11.036168                              0.963832
       9     H        2          0.935228                              0.064772
      10     H        2          0.947831                              0.052169
      11     H        2          0.947252                              0.052748
      12     H        2          0.948651                              0.051349
      13     H        2          0.952261                              0.047739
      14     H        2          0.903759                              0.096241
      15     H        2          0.935803                              0.064197
      16     H        2          0.939937                              0.060063
      17     H        2          0.925039                              0.074961
      18     H        2          0.927998                              0.072002
      19     H        2          0.933461                              0.066539
      20     H        2          0.945251                              0.054749
      21     H        2          0.818694                              0.181306
      22     H        2          0.877738                              0.122262
      23     H        2          0.950297                              0.049703
      24     H        2          0.830750                              0.169250
      25     H        2          0.935360                              0.064640
      26     H        2          0.944122                              0.055878
      27     H        2          0.941421                              0.058579
      28     H        2          0.933598                              0.066402
      29     H        2          0.938208                              0.061792
      30     H        2          0.931106                              0.068894
      31     H        2          0.889017                              0.110983
      32     H        2          0.890082                              0.109918
      33     H        2          0.885564                              0.114436
      34     H        2          0.786699                              0.213301
      35     H        2          0.887388                              0.112612
      36     H        2          0.930248                              0.069752
      37     H        2          0.895269                              0.104731
      38     H        2          0.898776                              0.101224
      39     H        2          0.880591                              0.119409
      40     H        2          0.884538                              0.115462
      41     H        2          0.884495                              0.115505
      42     H        2          0.889981                              0.110019
      43     C        3          3.775396                              0.224604
      44     C        3          3.779673                              0.220327
      45     C        3          3.775084                              0.224916
      46     C        3          3.778652                              0.221348
      47     C        3          4.104678                             -0.104678
      48     C        3          4.096274                             -0.096274
      49     C        3          4.071154                             -0.071154
      50     C        3          4.050417                             -0.050417
      51     C        3          3.956323                              0.043677
      52     C        3          4.029641                             -0.029641
      53     C        3          3.980382                              0.019618
      54     C        3          4.039955                             -0.039955
      55     C        3          4.048870                             -0.048870
      56     C        3          4.025331                             -0.025331
      57     C        3          4.007627                             -0.007627
      58     C        3          4.035860                             -0.035860
      59     C        3          4.055650                             -0.055650
      60     C        3          4.033660                             -0.033660
      61     C        3          4.130570                             -0.130570
      62     C        3          4.101348                             -0.101348
      63     C        3          4.086847                             -0.086847
      64     C        3          4.096411                             -0.096411
      65     C        3          4.277078                             -0.277078
      66     C        3          3.793438                              0.206562
      67     C        3          3.786335                              0.213665
      68     C        3          3.813413                              0.186587
      69     C        3          3.816103                              0.183897
      70     C        3          3.786600                              0.213400
      71     C        3          3.790798                              0.209202
      72     C        3          3.855040                              0.144960
      73     C        3          3.365510                              0.634490
      74     C        3          3.812346                              0.187654
      75     C        3          3.980632                              0.019368
      76     C        3          4.052053                             -0.052053
      77     C        3          4.017807                             -0.017807
      78     C        3          4.066076                             -0.066076
      79     C        3          4.050790                             -0.050790
      80     C        3          4.027890                             -0.027890
      81     C        3          4.107606                             -0.107606
      82     C        3          4.010593                             -0.010593
      83     C        3          3.944529                              0.055471
      84     C        3          4.002920                             -0.002920
      85     C        3          4.011834                             -0.011834
      86     C        3          4.051405                             -0.051405
      87     C        3          4.072724                             -0.072724
      88     C        3          4.114055                             -0.114055
      89     C        3          4.034250                             -0.034250
      90     C        3          3.903919                              0.096081
      91     N        4          5.031266                             -0.031266
      92     N        4          5.318284                             -0.318284
      93     N        4          5.021206                             -0.021206
      94     N        4          5.020532                             -0.020532
      95     N        4          5.022169                             -0.022169
      96     N        4          5.030945                             -0.030945
      97     O        5          6.327105                             -0.327105
      98     O        5          6.279466                             -0.279466
      99     O        5          6.353781                             -0.353781
     100     O        5          6.286828                             -0.286828
     101     O        5          6.292608                             -0.292608
     102     O        5          6.276455                             -0.276455
     103     O        5          6.292494                             -0.292494
     104     O        5          6.270885                             -0.270885
     105     O        5          6.427617                             -0.427617
     106     O        5          6.492214                             -0.492214
     107     O        5          6.524256                             -0.524256
     108     O        5          6.457065                             -0.457065
     109     O        5          6.364868                             -0.364868
     110     O        5          6.464089                             -0.464089
     111     O        5          6.497603                             -0.497603
     112     O        5          6.465482                             -0.465482
     113     O        5          6.334468                             -0.334468
     114     O        5          6.299536                             -0.299536
     115     O        5          6.347235                             -0.347235
     116     O        5          6.306572                             -0.306572
     117     O        5          6.391943                             -0.391943
     118     O        5          6.291909                             -0.291909
     119     O        5          5.970242                              0.029758
     120     O        5          6.251733                             -0.251733
     121     O        5          6.314056                             -0.314056
     122     O        5          6.294458                             -0.294458
     123     O        5          6.338260                             -0.338260
     124     O        5          6.293585                             -0.293585
     125     O        5          6.280725                             -0.280725
     126     O        5          6.420640                             -0.420640
     127     O        5          6.264749                             -0.264749
     128     O        5          6.225390                             -0.225390
     129     O        5          6.502210                             -0.502210
     130     O        5          6.406787                             -0.406787
     131     O        5          6.420855                             -0.420855
     132     O        5          6.334961                             -0.334961
     133     H        2          0.924309                              0.075691
     134     H        2          0.911060                              0.088940
     135     H        2          0.923155                              0.076845
     136     H        2          0.921545                              0.078455
     137     C        3          4.271705                             -0.271705
     138     C        3          4.179930                             -0.179930
     139     H        2          0.938259                              0.061741
     140     H        2          0.917574                              0.082426
     141     C        3          4.095707                             -0.095707
     142     C        3          4.126441                             -0.126441
     143     H        2          0.929278                              0.070722
     144     H        2          0.935126                              0.064874
     145     H        2          0.931468                              0.068532
     146     H        2          0.933326                              0.066674
     147     C        3          4.028869                             -0.028869
     148     N        4          4.829332                              0.170668
     149     C        3          3.953501                              0.046499
     150     C        3          4.037355                             -0.037355
     151     H        2          0.953064                              0.046936
     152     N        4          4.917918                              0.082082
     153     C        3          4.152192                             -0.152192
     154     H        2          0.899508                              0.100492
     155     H        2          0.920964                              0.079036
     156     H        2          0.952618                              0.047382
     157     H        2          1.041948                             -0.041948
     158     O        5          4.835776                              1.164224
     159     N        4          3.977579                              1.022421
     160     S        6          7.794863                             -1.794863
     161     O        5          6.002547                             -0.002547
     162     F        7          7.262730                             -0.262730
     163     C        3          3.586618                              0.413382
     164     F        7          6.957035                              0.042965
     165     F        7          6.849900                              0.150100
     166     C        3          3.428446                              0.571554
     167     F        7          7.343006                             -0.343006
     168     F        7          6.758596                              0.241404
     169     F        7          6.579203                              0.420797
     170     O        5          6.338261                             -0.338261
     171     S        6          5.935630                              0.064370
     172     O        5          6.373541                             -0.373541
 # Total charge                            716.000000                  0.000000

 !-----------------------------------------------------------------------------!

 !-----------------------------------------------------------------------------!
                           Hirshfeld Charges

  #Atom  Element  Kind  Ref Charge     Population                    Net charge
      1       Ti     1      12.000         13.683                        -1.683
      2       Ti     1      12.000         13.440                        -1.440
      3       Ti     1      12.000         13.503                        -1.503
      4       Ti     1      12.000         13.516                        -1.516
      5       Ti     1      12.000         13.426                        -1.426
      6       Ti     1      12.000         13.697                        -1.697
      7       Ti     1      12.000         13.489                        -1.489
      8       Ti     1      12.000         13.481                        -1.481
      9       H      2       1.000          0.548                         0.452
     10       H      2       1.000          0.545                         0.455
     11       H      2       1.000          0.542                         0.458
     12       H      2       1.000          0.552                         0.448
     13       H      2       1.000          0.534                         0.466
     14       H      2       1.000          0.495                         0.505
     15       H      2       1.000          0.557                         0.443
     16       H      2       1.000          0.542                         0.458
     17       H      2       1.000          0.529                         0.471
     18       H      2       1.000          0.544                         0.456
     19       H      2       1.000          0.545                         0.455
     20       H      2       1.000          0.546                         0.454
     21       H      2       1.000          0.409                         0.591
     22       H      2       1.000          0.434                         0.566
     23       H      2       1.000          0.441                         0.559
     24       H      2       1.000          0.420                         0.580
     25       H      2       1.000          0.551                         0.449
     26       H      2       1.000          0.557                         0.443
     27       H      2       1.000          0.537                         0.463
     28       H      2       1.000          0.536                         0.464
     29       H      2       1.000          0.534                         0.466
     30       H      2       1.000          0.532                         0.468
     31       H      2       1.000          0.481                         0.519
     32       H      2       1.000          0.462                         0.538
     33       H      2       1.000          0.464                         0.536
     34       H      2       1.000          0.627                         0.373
     35       H      2       1.000          0.484                         0.516
     36       H      2       1.000          0.480                         0.520
     37       H      2       1.000          0.481                         0.519
     38       H      2       1.000          0.472                         0.528
     39       H      2       1.000          0.475                         0.525
     40       H      2       1.000          0.459                         0.541
     41       H      2       1.000          0.480                         0.520
     42       H      2       1.000          0.460                         0.540
     43       C      3       4.000          3.468                         0.532
     44       C      3       4.000          3.450                         0.550
     45       C      3       4.000          3.475                         0.525
     46       C      3       4.000          3.467                         0.533
     47       C      3       4.000          4.012                        -0.012
     48       C      3       4.000          3.992                         0.008
     49       C      3       4.000          4.002                        -0.002
     50       C      3       4.000          3.983                         0.017
     51       C      3       4.000          3.921                         0.079
     52       C      3       4.000          4.453                        -0.453
     53       C      3       4.000          3.912                         0.088
     54       C      3       4.000          4.438                        -0.438
     55       C      3       4.000          4.446                        -0.446
     56       C      3       4.000          4.403                        -0.403
     57       C      3       4.000          4.420                        -0.420
     58       C      3       4.000          4.468                        -0.468
     59       C      3       4.000          4.025                        -0.025
     60       C      3       4.000          4.013                        -0.013
     61       C      3       4.000          4.027                        -0.027
     62       C      3       4.000          4.002                        -0.002
     63       C      3       4.000          3.964                         0.036
     64       C      3       4.000          4.037                        -0.037
     65       C      3       4.000          4.110                        -0.110
     66       C      3       4.000          3.910                         0.090
     67       C      3       4.000          3.486                         0.514
     68       C      3       4.000          3.526                         0.474
     69       C      3       4.000          3.501                         0.499
     70       C      3       4.000          3.463                         0.537
     71       C      3       4.000          3.528                         0.472
     72       C      3       4.000          3.445                         0.555
     73       C      3       4.000          3.388                         0.612
     74       C      3       4.000          3.599                         0.401
     75       C      3       4.000          3.863                         0.137
     76       C      3       4.000          4.444                        -0.444
     77       C      3       4.000          4.438                        -0.438
     78       C      3       4.000          4.495                        -0.495
     79       C      3       4.000          4.520                        -0.520
     80       C      3       4.000          4.424                        -0.424
     81       C      3       4.000          4.363                        -0.363
     82       C      3       4.000          4.193                        -0.193
     83       C      3       4.000          3.898                         0.102
     84       C      3       4.000          4.400                        -0.400
     85       C      3       4.000          4.377                        -0.377
     86       C      3       4.000          4.416                        -0.416
     87       C      3       4.000          4.016                        -0.016
     88       C      3       4.000          4.501                        -0.501
     89       C      3       4.000          4.420                        -0.420
     90       C      3       4.000          3.899                         0.101
     91       N      4       5.000          5.902                        -0.902
     92       N      4       5.000          5.787                        -0.787
     93       N      4       5.000          5.944                        -0.944
     94       N      4       5.000          5.798                        -0.798
     95       N      4       5.000          5.847                        -0.847
     96       N      4       5.000          5.863                        -0.863
     97       O      5       6.000          6.167                        -0.167
     98       O      5       6.000          6.103                        -0.103
     99       O      5       6.000          6.205                        -0.205
    100       O      5       6.000          6.142                        -0.142
    101       O      5       6.000          6.129                        -0.129
    102       O      5       6.000          6.121                        -0.121
    103       O      5       6.000          6.105                        -0.105
    104       O      5       6.000          6.097                        -0.097
    105       O      5       6.000          5.661                         0.339
    106       O      5       6.000          5.783                         0.217
    107       O      5       6.000          5.768                         0.232
    108       O      5       6.000          5.719                         0.281
    109       O      5       6.000          5.637                         0.363
    110       O      5       6.000          5.697                         0.303
    111       O      5       6.000          5.852                         0.148
    112       O      5       6.000          5.695                         0.305
    113       O      5       6.000          6.125                        -0.125
    114       O      5       6.000          6.162                        -0.162
    115       O      5       6.000          6.215                        -0.215
    116       O      5       6.000          6.113                        -0.113
    117       O      5       6.000          6.150                        -0.150
    118       O      5       6.000          6.159                        -0.159
    119       O      5       6.000          5.824                         0.176
    120       O      5       6.000          6.091                        -0.091
    121       O      5       6.000          6.075                        -0.075
    122       O      5       6.000          6.097                        -0.097
    123       O      5       6.000          6.193                        -0.193
    124       O      5       6.000          6.213                        -0.213
    125       O      5       6.000          6.043                        -0.043
    126       O      5       6.000          6.187                        -0.187
    127       O      5       6.000          6.129                        -0.129
    128       O      5       6.000          6.098                        -0.098
    129       O      5       6.000          6.023                        -0.023
    130       O      5       6.000          6.035                        -0.035
    131       O      5       6.000          6.035                        -0.035
    132       O      5       6.000          5.840                         0.160
    133       H      2       1.000          0.562                         0.438
    134       H      2       1.000          0.559                         0.441
    135       H      2       1.000          0.561                         0.439
    136       H      2       1.000          0.568                         0.432
    137       C      3       4.000          5.308                        -1.308
    138       C      3       4.000          4.820                        -0.820
    139       H      2       1.000          0.514                         0.486
    140       H      2       1.000          0.557                         0.443
    141       C      3       4.000          4.417                        -0.417
    142       C      3       4.000          4.759                        -0.759
    143       H      2       1.000          0.565                         0.435
    144       H      2       1.000          0.513                         0.487
    145       H      2       1.000          0.523                         0.477
    146       H      2       1.000          0.543                         0.457
    147       C      3       4.000          4.166                        -0.166
    148       N      4       5.000          5.124                        -0.124
    149       C      3       4.000          4.050                        -0.050
    150       C      3       4.000          4.195                        -0.195
    151       H      2       1.000          0.512                         0.488
    152       N      4       5.000          5.191                        -0.191
    153       C      3       4.000          4.530                        -0.530
    154       H      2       1.000          0.512                         0.488
    155       H      2       1.000          0.504                         0.496
    156       H      2       1.000          0.496                         0.504
    157       H      2       1.000          0.538                         0.462
    158       O      5       6.000          6.222                        -0.222
    159       N      4       5.000          4.937                         0.063
    160       S      6       6.000          5.799                         0.201
    161       O      5       6.000          6.335                        -0.335
    162       F      7       7.000          7.396                        -0.396
    163       C      3       4.000          3.302                         0.698
    164       F      7       7.000          7.112                        -0.112
    165       F      7       7.000          7.072                        -0.072
    166       C      3       4.000          3.517                         0.483
    167       F      7       7.000          7.376                        -0.376
    168       F      7       7.000          6.901                         0.099
    169       F      7       7.000          6.949                         0.051
    170       O      5       6.000          5.886                         0.114
    171       S      6       6.000          5.714                         0.286
    172       O      5       6.000          6.478                        -0.478

  Total Charge                                                            0.098
 !-----------------------------------------------------------------------------!

 ENERGY| Total FORCE_EVAL ( QS ) energy [hartree]          -1693.105337908696356

 *******************************************************************************
 **                 BAND EVALUATION OF ENERGIES AND FORCES                    **
 *******************************************************************************
 **                                                                           **
 **                                                                           **
 ** Replica Env Nr. :    2              Replica Band Nr. :   10               **
 ** Band  Step  Nr. :    1                                                    **
 *******************************************************************************

 Number of electrons:                                                        716
 Number of occupied orbitals:                                                402
 Number of molecular orbitals:                                               458

 Number of orbital functions:                                               1948
 Number of independent orbital functions:                                   1948

 Parameters for the always stable predictor-corrector (ASPC) method:

  ASPC order: 1

  B(1) =   2.500000
  B(2) =  -2.000000
  B(3) =   0.500000

 *** WARNING in fm/cp_fm_elpa.F:521 :: Setting real_kernel for ELPA failed ***


 Extrapolation method: ASPC


 SCF WAVEFUNCTION OPTIMIZATION

  Step     Update method      Time    Convergence         Total energy    Change
  ------------------------------------------------------------------------------

 *** WARNING in fm/cp_fm_elpa.F:521 :: Setting real_kernel for ELPA failed ***

     1 Broy./Diag. 0.15E+00    9.0     2.17095622     -1707.3744191519 -1.71E+03

 *** WARNING in fm/cp_fm_elpa.F:521 :: Setting real_kernel for ELPA failed ***

     2 Broy./Diag. 0.15E+00   13.5     0.29432121     -1704.7920193439  2.58E+00

 *** WARNING in fm/cp_fm_elpa.F:521 :: Setting real_kernel for ELPA failed ***

     3 Broy./Diag. 0.15E+00   14.3     0.39448957     -1705.2274663180 -4.35E-01

 *** WARNING in fm/cp_fm_elpa.F:521 :: Setting real_kernel for ELPA failed ***

     4 Broy./Diag. 0.15E+00   14.6     0.38140487     -1708.0599417302 -2.83E+00

 *** WARNING in fm/cp_fm_elpa.F:521 :: Setting real_kernel for ELPA failed ***

     5 Broy./Diag. 0.15E+00   15.3     0.13291190     -1708.9040963521 -8.44E-01

 *** WARNING in fm/cp_fm_elpa.F:521 :: Setting real_kernel for ELPA failed ***

     6 Broy./Diag. 0.15E+00   15.7     0.16023805     -1708.4587537746  4.45E-01

 *** WARNING in fm/cp_fm_elpa.F:521 :: Setting real_kernel for ELPA failed ***

     7 Broy./Diag. 0.15E+00   15.4     0.11051797     -1709.4063092702 -9.48E-01

 *** WARNING in fm/cp_fm_elpa.F:521 :: Setting real_kernel for ELPA failed ***

     8 Broy./Diag. 0.15E+00   15.9     0.06406228     -1709.2467378477  1.60E-01

 *** WARNING in fm/cp_fm_elpa.F:521 :: Setting real_kernel for ELPA failed ***

     9 Broy./Diag. 0.15E+00   15.8     0.02334578     -1709.3916991521 -1.45E-01

 *** WARNING in fm/cp_fm_elpa.F:521 :: Setting real_kernel for ELPA failed ***

    10 Broy./Diag. 0.15E+00   15.6     0.01696073     -1709.4209026390 -2.92E-02

 *** WARNING in fm/cp_fm_elpa.F:521 :: Setting real_kernel for ELPA failed ***

    11 Broy./Diag. 0.15E+00   15.9     0.01438291     -1709.3387778169  8.21E-02

 *** WARNING in fm/cp_fm_elpa.F:521 :: Setting real_kernel for ELPA failed ***

    12 Broy./Diag. 0.15E+00   15.2     0.00776108     -1709.3417793601 -3.00E-03

 *** WARNING in fm/cp_fm_elpa.F:521 :: Setting real_kernel for ELPA failed ***

    13 Broy./Diag. 0.15E+00   15.3     0.01300218     -1709.3768214147 -3.50E-02

 *** WARNING in fm/cp_fm_elpa.F:521 :: Setting real_kernel for ELPA failed ***

    14 Broy./Diag. 0.15E+00   15.5     0.00802277     -1709.3074477277  6.94E-02

 *** WARNING in fm/cp_fm_elpa.F:521 :: Setting real_kernel for ELPA failed ***

    15 Broy./Diag. 0.15E+00   14.4     0.00331783     -1709.3130535189 -5.61E-03

 *** WARNING in fm/cp_fm_elpa.F:521 :: Setting real_kernel for ELPA failed ***

    16 Broy./Diag. 0.15E+00   13.9     0.00210000     -1709.3082654251  4.79E-03

 *** WARNING in fm/cp_fm_elpa.F:521 :: Setting real_kernel for ELPA failed ***

    17 Broy./Diag. 0.15E+00   13.9     0.00281381     -1709.2896289361  1.86E-02

 *** WARNING in fm/cp_fm_elpa.F:521 :: Setting real_kernel for ELPA failed ***

    18 Broy./Diag. 0.15E+00   13.8     0.00173274     -1709.2962524381 -6.62E-03

 *** WARNING in fm/cp_fm_elpa.F:521 :: Setting real_kernel for ELPA failed ***

    19 Broy./Diag. 0.15E+00   13.4     0.00508548     -1709.3026854343 -6.43E-03

 *** WARNING in fm/cp_fm_elpa.F:521 :: Setting real_kernel for ELPA failed ***

    20 Broy./Diag. 0.15E+00   14.1     0.00442809     -1709.2792875479  2.34E-02

 *** WARNING in fm/cp_fm_elpa.F:521 :: Setting real_kernel for ELPA failed ***

    21 Broy./Diag. 0.15E+00   13.9     0.00153918     -1709.2945696400 -1.53E-02

 *** WARNING in fm/cp_fm_elpa.F:521 :: Setting real_kernel for ELPA failed ***

    22 Broy./Diag. 0.15E+00   14.5     0.00072772     -1709.3006523429 -6.08E-03

 *** WARNING in fm/cp_fm_elpa.F:521 :: Setting real_kernel for ELPA failed ***

    23 Broy./Diag. 0.15E+00   14.4     0.00101944     -1709.3000304442  6.22E-04

 *** WARNING in fm/cp_fm_elpa.F:521 :: Setting real_kernel for ELPA failed ***

    24 Broy./Diag. 0.15E+00   14.0     0.00080143     -1709.3073215209 -7.29E-03

 *** WARNING in fm/cp_fm_elpa.F:521 :: Setting real_kernel for ELPA failed ***

    25 Broy./Diag. 0.15E+00   14.2     0.00132778     -1709.3114218031 -4.10E-03

 *** WARNING in fm/cp_fm_elpa.F:521 :: Setting real_kernel for ELPA failed ***

    26 Broy./Diag. 0.15E+00   14.3     0.00130370     -1709.3063884037  5.03E-03

 *** WARNING in fm/cp_fm_elpa.F:521 :: Setting real_kernel for ELPA failed ***

    27 Broy./Diag. 0.15E+00   14.0     0.00054228     -1709.3119199005 -5.53E-03

 *** WARNING in fm/cp_fm_elpa.F:521 :: Setting real_kernel for ELPA failed ***

    28 Broy./Diag. 0.15E+00   14.5     0.00030536     -1709.3136443085 -1.72E-03

 *** WARNING in fm/cp_fm_elpa.F:521 :: Setting real_kernel for ELPA failed ***

    29 Broy./Diag. 0.15E+00   13.9     0.00033370     -1709.3125135330  1.13E-03

 *** WARNING in fm/cp_fm_elpa.F:521 :: Setting real_kernel for ELPA failed ***

    30 Broy./Diag. 0.15E+00   14.7     0.00025599     -1709.3141131035 -1.60E-03

 *** WARNING in fm/cp_fm_elpa.F:521 :: Setting real_kernel for ELPA failed ***

    31 Broy./Diag. 0.15E+00   14.8     0.00044307     -1709.3143244404 -2.11E-04

 *** WARNING in fm/cp_fm_elpa.F:521 :: Setting real_kernel for ELPA failed ***

    32 Broy./Diag. 0.15E+00   14.5     0.00069494     -1709.3119663186  2.36E-03

 *** WARNING in fm/cp_fm_elpa.F:521 :: Setting real_kernel for ELPA failed ***

    33 Broy./Diag. 0.15E+00   13.9     0.00036141     -1709.3141569285 -2.19E-03

 *** WARNING in fm/cp_fm_elpa.F:521 :: Setting real_kernel for ELPA failed ***

    34 Broy./Diag. 0.15E+00   14.2     0.00017444     -1709.3138505198  3.06E-04

 *** WARNING in fm/cp_fm_elpa.F:521 :: Setting real_kernel for ELPA failed ***

    35 Broy./Diag. 0.15E+00   14.2     0.00011773     -1709.3128177912  1.03E-03

 *** WARNING in fm/cp_fm_elpa.F:521 :: Setting real_kernel for ELPA failed ***

    36 Broy./Diag. 0.15E+00   14.1     0.00010104     -1709.3132240113 -4.06E-04

 *** WARNING in fm/cp_fm_elpa.F:521 :: Setting real_kernel for ELPA failed ***

    37 Broy./Diag. 0.15E+00   14.0     0.00016069     -1709.3133171920 -9.32E-05

 *** WARNING in fm/cp_fm_elpa.F:521 :: Setting real_kernel for ELPA failed ***

    38 Broy./Diag. 0.15E+00   14.1     0.00030080     -1709.3124517579  8.65E-04

 *** WARNING in fm/cp_fm_elpa.F:521 :: Setting real_kernel for ELPA failed ***

    39 Broy./Diag. 0.15E+00   14.7     0.00017907     -1709.3135751515 -1.12E-03

 *** WARNING in fm/cp_fm_elpa.F:521 :: Setting real_kernel for ELPA failed ***

    40 Broy./Diag. 0.15E+00   13.9     0.00008881     -1709.3134169118  1.58E-04

 *** WARNING in fm/cp_fm_elpa.F:521 :: Setting real_kernel for ELPA failed ***

    41 Broy./Diag. 0.15E+00   14.1     0.00006553     -1709.3130561674  3.61E-04

 *** WARNING in fm/cp_fm_elpa.F:521 :: Setting real_kernel for ELPA failed ***

    42 Broy./Diag. 0.15E+00   14.4     0.00004979     -1709.3133985554 -3.42E-04

  *** SCF run converged in    42 steps ***


  Electronic density on regular grids:       -715.9999999236        0.0000000764
  Core density on regular grids:              715.9999999655       -0.0000000345
  Total charge density on r-space grids:        0.0000000419
  Total charge density g-space grids:           0.0000000419

  Overlap energy of the core charge distribution:               0.07599378519278
  Self energy of the core charge distribution:              -4016.67387185402686
  Core Hamiltonian energy:                                   1177.37192221955570
  Hartree energy:                                            1508.46388724841563
  Exchange-correlation energy:                               -378.25120337386460
  Dispersion energy:                                           -0.26703737162757
  Electronic entropic energy:                                  -0.03308883047825
  Fermi energy:                                                 0.01309937628974

  Total energy:                                             -1709.31339855542319

 !-----------------------------------------------------------------------------!
                     Mulliken Population Analysis

 #  Atom  Element  Kind  Atomic population                           Net charge
       1     Ti       1         11.187974                              0.812026
       2     Ti       1         11.051353                              0.948647
       3     Ti       1         11.023788                              0.976212
       4     Ti       1         11.054711                              0.945289
       5     Ti       1         11.072468                              0.927532
       6     Ti       1         11.501947                              0.498053
       7     Ti       1         11.034849                              0.965151
       8     Ti       1         11.033401                              0.966599
       9     H        2          0.935018                              0.064982
      10     H        2          0.947601                              0.052399
      11     H        2          0.946733                              0.053267
      12     H        2          0.947619                              0.052381
      13     H        2          0.951906                              0.048094
      14     H        2          0.905236                              0.094764
      15     H        2          0.936659                              0.063341
      16     H        2          0.939486                              0.060514
      17     H        2          0.924528                              0.075472
      18     H        2          0.927957                              0.072043
      19     H        2          0.933110                              0.066890
      20     H        2          0.944890                              0.055110
      21     H        2          0.818713                              0.181287
      22     H        2          0.875823                              0.124177
      23     H        2          0.948660                              0.051340
      24     H        2          0.830840                              0.169160
      25     H        2          0.935446                              0.064554
      26     H        2          0.944046                              0.055954
      27     H        2          0.941067                              0.058933
      28     H        2          0.933620                              0.066380
      29     H        2          0.937946                              0.062054
      30     H        2          0.930960                              0.069040
      31     H        2          0.888908                              0.111092
      32     H        2          0.890251                              0.109749
      33     H        2          0.885018                              0.114982
      34     H        2          0.785171                              0.214829
      35     H        2          0.886747                              0.113253
      36     H        2          0.929785                              0.070215
      37     H        2          0.895274                              0.104726
      38     H        2          0.898509                              0.101491
      39     H        2          0.880073                              0.119927
      40     H        2          0.884502                              0.115498
      41     H        2          0.884156                              0.115844
      42     H        2          0.889552                              0.110448
      43     C        3          3.775092                              0.224908
      44     C        3          3.779527                              0.220473
      45     C        3          3.775083                              0.224917
      46     C        3          3.778397                              0.221603
      47     C        3          4.104828                             -0.104828
      48     C        3          4.096093                             -0.096093
      49     C        3          4.070919                             -0.070919
      50     C        3          4.050444                             -0.050444
      51     C        3          3.956118                              0.043882
      52     C        3          4.028890                             -0.028890
      53     C        3          3.980120                              0.019880
      54     C        3          4.040413                             -0.040413
      55     C        3          4.048173                             -0.048173
      56     C        3          4.024917                             -0.024917
      57     C        3          4.007652                             -0.007652
      58     C        3          4.034663                             -0.034663
      59     C        3          4.054995                             -0.054995
      60     C        3          4.032239                             -0.032239
      61     C        3          4.129893                             -0.129893
      62     C        3          4.101059                             -0.101059
      63     C        3          4.086146                             -0.086146
      64     C        3          4.095265                             -0.095265
      65     C        3          4.258698                             -0.258698
      66     C        3          3.797619                              0.202381
      67     C        3          3.785437                              0.214563
      68     C        3          3.810865                              0.189135
      69     C        3          3.813877                              0.186123
      70     C        3          3.786227                              0.213773
      71     C        3          3.790159                              0.209841
      72     C        3          3.854576                              0.145424
      73     C        3          3.435879                              0.564121
      74     C        3          3.809316                              0.190684
      75     C        3          3.979962                              0.020038
      76     C        3          4.050613                             -0.050613
      77     C        3          4.016238                             -0.016238
      78     C        3          4.065386                             -0.065386
      79     C        3          4.048412                             -0.048412
      80     C        3          4.022848                             -0.022848
      81     C        3          4.108981                             -0.108981
      82     C        3          4.014403                             -0.014403
      83     C        3          3.944382                              0.055618
      84     C        3          4.001180                             -0.001180
      85     C        3          4.011035                             -0.011035
      86     C        3          4.049185                             -0.049185
      87     C        3          4.068959                             -0.068959
      88     C        3          4.112337                             -0.112337
      89     C        3          4.030528                             -0.030528
      90     C        3          3.902628                              0.097372
      91     N        4          5.030084                             -0.030084
      92     N        4          5.316835                             -0.316835
      93     N        4          5.016897                             -0.016897
      94     N        4          5.019756                             -0.019756
      95     N        4          5.021142                             -0.021142
      96     N        4          5.030208                             -0.030208
      97     O        5          6.326628                             -0.326628
      98     O        5          6.279598                             -0.279598
      99     O        5          6.351978                             -0.351978
     100     O        5          6.286688                             -0.286688
     101     O        5          6.292394                             -0.292394
     102     O        5          6.276882                             -0.276882
     103     O        5          6.293488                             -0.293488
     104     O        5          6.270665                             -0.270665
     105     O        5          6.427125                             -0.427125
     106     O        5          6.486844                             -0.486844
     107     O        5          6.521049                             -0.521049
     108     O        5          6.457326                             -0.457326
     109     O        5          6.365036                             -0.365036
     110     O        5          6.459382                             -0.459382
     111     O        5          6.494680                             -0.494680
     112     O        5          6.465247                             -0.465247
     113     O        5          6.334113                             -0.334113
     114     O        5          6.298787                             -0.298787
     115     O        5          6.346338                             -0.346338
     116     O        5          6.306510                             -0.306510
     117     O        5          6.392889                             -0.392889
     118     O        5          6.291147                             -0.291147
     119     O        5          5.926248                              0.073752
     120     O        5          6.252319                             -0.252319
     121     O        5          6.313393                             -0.313393
     122     O        5          6.294537                             -0.294537
     123     O        5          6.337873                             -0.337873
     124     O        5          6.292419                             -0.292419
     125     O        5          6.267620                             -0.267620
     126     O        5          6.421002                             -0.421002
     127     O        5          6.264652                             -0.264652
     128     O        5          6.223326                             -0.223326
     129     O        5          6.499794                             -0.499794
     130     O        5          6.407087                             -0.407087
     131     O        5          6.421205                             -0.421205
     132     O        5          6.335210                             -0.335210
     133     H        2          0.925382                              0.074618
     134     H        2          0.912261                              0.087739
     135     H        2          0.923408                              0.076592
     136     H        2          0.920455                              0.079545
     137     C        3          4.273995                             -0.273995
     138     C        3          4.179872                             -0.179872
     139     H        2          0.939136                              0.060864
     140     H        2          0.918440                              0.081560
     141     C        3          4.097766                             -0.097766
     142     C        3          4.129004                             -0.129004
     143     H        2          0.930665                              0.069335
     144     H        2          0.936550                              0.063450
     145     H        2          0.931990                              0.068010
     146     H        2          0.929563                              0.070437
     147     C        3          4.028978                             -0.028978
     148     N        4          4.823864                              0.176136
     149     C        3          3.935102                              0.064898
     150     C        3          4.006444                             -0.006444
     151     H        2          0.954173                              0.045827
     152     N        4          4.877452                              0.122548
     153     C        3          4.154030                             -0.154030
     154     H        2          0.903090                              0.096910
     155     H        2          0.928527                              0.071473
     156     H        2          0.952704                              0.047296
     157     H        2          1.031654                             -0.031654
     158     O        5          4.938398                              1.061602
     159     N        4          4.124892                              0.875108
     160     S        6          7.721299                             -1.721299
     161     O        5          6.005749                             -0.005749
     162     F        7          7.258115                             -0.258115
     163     C        3          3.585059                              0.414941
     164     F        7          6.960505                              0.039495
     165     F        7          6.854059                              0.145941
     166     C        3          3.563316                              0.436684
     167     F        7          7.351784                             -0.351784
     168     F        7          6.714142                              0.285858
     169     F        7          6.544428                              0.455572
     170     O        5          4.746253                              1.253747
     171     S        6          7.398223                             -1.398223
     172     O        5          6.455907                             -0.455907
 # Total charge                            716.000000                  0.000000

 !-----------------------------------------------------------------------------!

 !-----------------------------------------------------------------------------!
                           Hirshfeld Charges

  #Atom  Element  Kind  Ref Charge     Population                    Net charge
      1       Ti     1      12.000         13.677                        -1.677
      2       Ti     1      12.000         13.437                        -1.437
      3       Ti     1      12.000         13.501                        -1.501
      4       Ti     1      12.000         13.512                        -1.512
      5       Ti     1      12.000         13.422                        -1.422
      6       Ti     1      12.000         13.701                        -1.701
      7       Ti     1      12.000         13.487                        -1.487
      8       Ti     1      12.000         13.478                        -1.478
      9       H      2       1.000          0.548                         0.452
     10       H      2       1.000          0.545                         0.455
     11       H      2       1.000          0.542                         0.458
     12       H      2       1.000          0.551                         0.449
     13       H      2       1.000          0.534                         0.466
     14       H      2       1.000          0.494                         0.506
     15       H      2       1.000          0.558                         0.442
     16       H      2       1.000          0.542                         0.458
     17       H      2       1.000          0.529                         0.471
     18       H      2       1.000          0.544                         0.456
     19       H      2       1.000          0.544                         0.456
     20       H      2       1.000          0.546                         0.454
     21       H      2       1.000          0.409                         0.591
     22       H      2       1.000          0.433                         0.567
     23       H      2       1.000          0.440                         0.560
     24       H      2       1.000          0.419                         0.581
     25       H      2       1.000          0.551                         0.449
     26       H      2       1.000          0.556                         0.444
     27       H      2       1.000          0.537                         0.463
     28       H      2       1.000          0.536                         0.464
     29       H      2       1.000          0.534                         0.466
     30       H      2       1.000          0.532                         0.468
     31       H      2       1.000          0.481                         0.519
     32       H      2       1.000          0.462                         0.538
     33       H      2       1.000          0.464                         0.536
     34       H      2       1.000          0.626                         0.374
     35       H      2       1.000          0.484                         0.516
     36       H      2       1.000          0.480                         0.520
     37       H      2       1.000          0.481                         0.519
     38       H      2       1.000          0.472                         0.528
     39       H      2       1.000          0.475                         0.525
     40       H      2       1.000          0.459                         0.541
     41       H      2       1.000          0.480                         0.520
     42       H      2       1.000          0.460                         0.540
     43       C      3       4.000          3.468                         0.532
     44       C      3       4.000          3.450                         0.550
     45       C      3       4.000          3.475                         0.525
     46       C      3       4.000          3.467                         0.533
     47       C      3       4.000          4.012                        -0.012
     48       C      3       4.000          3.992                         0.008
     49       C      3       4.000          4.001                        -0.001
     50       C      3       4.000          3.983                         0.017
     51       C      3       4.000          3.921                         0.079
     52       C      3       4.000          4.452                        -0.452
     53       C      3       4.000          3.912                         0.088
     54       C      3       4.000          4.438                        -0.438
     55       C      3       4.000          4.445                        -0.445
     56       C      3       4.000          4.403                        -0.403
     57       C      3       4.000          4.420                        -0.420
     58       C      3       4.000          4.466                        -0.466
     59       C      3       4.000          4.024                        -0.024
     60       C      3       4.000          4.011                        -0.011
     61       C      3       4.000          4.026                        -0.026
     62       C      3       4.000          4.002                        -0.002
     63       C      3       4.000          3.964                         0.036
     64       C      3       4.000          4.036                        -0.036
     65       C      3       4.000          4.100                        -0.100
     66       C      3       4.000          3.910                         0.090
     67       C      3       4.000          3.484                         0.516
     68       C      3       4.000          3.524                         0.476
     69       C      3       4.000          3.500                         0.500
     70       C      3       4.000          3.462                         0.538
     71       C      3       4.000          3.528                         0.472
     72       C      3       4.000          3.444                         0.556
     73       C      3       4.000          3.375                         0.625
     74       C      3       4.000          3.601                         0.399
     75       C      3       4.000          3.862                         0.138
     76       C      3       4.000          4.443                        -0.443
     77       C      3       4.000          4.436                        -0.436
     78       C      3       4.000          4.494                        -0.494
     79       C      3       4.000          4.517                        -0.517
     80       C      3       4.000          4.419                        -0.419
     81       C      3       4.000          4.363                        -0.363
     82       C      3       4.000          4.195                        -0.195
     83       C      3       4.000          3.898                         0.102
     84       C      3       4.000          4.397                        -0.397
     85       C      3       4.000          4.376                        -0.376
     86       C      3       4.000          4.414                        -0.414
     87       C      3       4.000          4.017                        -0.017
     88       C      3       4.000          4.499                        -0.499
     89       C      3       4.000          4.416                        -0.416
     90       C      3       4.000          3.898                         0.102
     91       N      4       5.000          5.901                        -0.901
     92       N      4       5.000          5.785                        -0.785
     93       N      4       5.000          5.940                        -0.940
     94       N      4       5.000          5.797                        -0.797
     95       N      4       5.000          5.846                        -0.846
     96       N      4       5.000          5.862                        -0.862
     97       O      5       6.000          6.166                        -0.166
     98       O      5       6.000          6.103                        -0.103
     99       O      5       6.000          6.204                        -0.204
    100       O      5       6.000          6.141                        -0.141
    101       O      5       6.000          6.129                        -0.129
    102       O      5       6.000          6.121                        -0.121
    103       O      5       6.000          6.105                        -0.105
    104       O      5       6.000          6.097                        -0.097
    105       O      5       6.000          5.660                         0.340
    106       O      5       6.000          5.778                         0.222
    107       O      5       6.000          5.766                         0.234
    108       O      5       6.000          5.719                         0.281
    109       O      5       6.000          5.636                         0.364
    110       O      5       6.000          5.693                         0.307
    111       O      5       6.000          5.850                         0.150
    112       O      5       6.000          5.695                         0.305
    113       O      5       6.000          6.124                        -0.124
    114       O      5       6.000          6.162                        -0.162
    115       O      5       6.000          6.215                        -0.215
    116       O      5       6.000          6.113                        -0.113
    117       O      5       6.000          6.151                        -0.151
    118       O      5       6.000          6.158                        -0.158
    119       O      5       6.000          5.843                         0.157
    120       O      5       6.000          6.092                        -0.092
    121       O      5       6.000          6.074                        -0.074
    122       O      5       6.000          6.097                        -0.097
    123       O      5       6.000          6.193                        -0.193
    124       O      5       6.000          6.213                        -0.213
    125       O      5       6.000          6.031                        -0.031
    126       O      5       6.000          6.187                        -0.187
    127       O      5       6.000          6.129                        -0.129
    128       O      5       6.000          6.095                        -0.095
    129       O      5       6.000          6.022                        -0.022
    130       O      5       6.000          6.036                        -0.036
    131       O      5       6.000          6.035                        -0.035
    132       O      5       6.000          5.840                         0.160
    133       H      2       1.000          0.562                         0.438
    134       H      2       1.000          0.560                         0.440
    135       H      2       1.000          0.561                         0.439
    136       H      2       1.000          0.567                         0.433
    137       C      3       4.000          5.310                        -1.310
    138       C      3       4.000          4.820                        -0.820
    139       H      2       1.000          0.515                         0.485
    140       H      2       1.000          0.558                         0.442
    141       C      3       4.000          4.416                        -0.416
    142       C      3       4.000          4.763                        -0.763
    143       H      2       1.000          0.567                         0.433
    144       H      2       1.000          0.514                         0.486
    145       H      2       1.000          0.523                         0.477
    146       H      2       1.000          0.542                         0.458
    147       C      3       4.000          4.166                        -0.166
    148       N      4       5.000          5.117                        -0.117
    149       C      3       4.000          4.034                        -0.034
    150       C      3       4.000          4.170                        -0.170
    151       H      2       1.000          0.512                         0.488
    152       N      4       5.000          5.173                        -0.173
    153       C      3       4.000          4.528                        -0.528
    154       H      2       1.000          0.515                         0.485
    155       H      2       1.000          0.507                         0.493
    156       H      2       1.000          0.497                         0.503
    157       H      2       1.000          0.530                         0.470
    158       O      5       6.000          6.225                        -0.225
    159       N      4       5.000          4.944                         0.056
    160       S      6       6.000          5.787                         0.213
    161       O      5       6.000          6.340                        -0.340
    162       F      7       7.000          7.394                        -0.394
    163       C      3       4.000          3.304                         0.696
    164       F      7       7.000          7.113                        -0.113
    165       F      7       7.000          7.066                        -0.066
    166       C      3       4.000          3.507                         0.493
    167       F      7       7.000          7.395                        -0.395
    168       F      7       7.000          6.935                         0.065
    169       F      7       7.000          6.933                         0.067
    170       O      5       6.000          6.237                        -0.237
    171       S      6       6.000          5.489                         0.511
    172       O      5       6.000          6.502                        -0.502

  Total Charge                                                            0.098
 !-----------------------------------------------------------------------------!

 ENERGY| Total FORCE_EVAL ( QS ) energy [hartree]          -1709.312950131554771

 *******************************************************************************
 **                 BAND EVALUATION OF ENERGIES AND FORCES                    **
 *******************************************************************************
 **                                                                           **
 **                                                                           **
 ** Replica Env Nr. :    2              Replica Band Nr. :   10               **
 ** Band  Step  Nr. :    1                                                    **
 *******************************************************************************

 Number of electrons:                                                        716
 Number of occupied orbitals:                                                402
 Number of molecular orbitals:                                               458

 Number of orbital functions:                                               1948
 Number of independent orbital functions:                                   1948

 Parameters for the always stable predictor-corrector (ASPC) method:

  ASPC order: 3

  B(1) =   3.000000
  B(2) =  -3.428571
  B(3) =   1.928571
  B(4) =  -0.571429
  B(5) =   0.071429

 *** WARNING in fm/cp_fm_elpa.F:521 :: Setting real_kernel for ELPA failed ***


 Extrapolation method: ASPC


 SCF WAVEFUNCTION OPTIMIZATION

  Step     Update method      Time    Convergence         Total energy    Change
  ------------------------------------------------------------------------------

 *** WARNING in fm/cp_fm_elpa.F:521 :: Setting real_kernel for ELPA failed ***

     1 Broy./Diag. 0.15E+00    9.4     0.85450734     -1709.0681198342 -1.71E+03

 *** WARNING in fm/cp_fm_elpa.F:521 :: Setting real_kernel for ELPA failed ***

     2 Broy./Diag. 0.15E+00   13.1     0.16866895     -1707.7468757181  1.32E+00

 *** WARNING in fm/cp_fm_elpa.F:521 :: Setting real_kernel for ELPA failed ***

     3 Broy./Diag. 0.15E+00   14.3     0.23105738     -1707.5938671635  1.53E-01

 *** WARNING in fm/cp_fm_elpa.F:521 :: Setting real_kernel for ELPA failed ***

     4 Broy./Diag. 0.15E+00   14.7     0.21451170     -1709.4010037264 -1.81E+00

 *** WARNING in fm/cp_fm_elpa.F:521 :: Setting real_kernel for ELPA failed ***

     5 Broy./Diag. 0.15E+00   15.3     0.09270436     -1709.1699308933  2.31E-01

 *** WARNING in fm/cp_fm_elpa.F:521 :: Setting real_kernel for ELPA failed ***

     6 Broy./Diag. 0.15E+00   15.2     0.07326673     -1709.3206206727 -1.51E-01

 *** WARNING in fm/cp_fm_elpa.F:521 :: Setting real_kernel for ELPA failed ***

     7 Broy./Diag. 0.15E+00   15.4     0.04522319     -1709.0902337195  2.30E-01

 *** WARNING in fm/cp_fm_elpa.F:521 :: Setting real_kernel for ELPA failed ***

     8 Broy./Diag. 0.15E+00   15.8     0.01681243     -1709.4290228569 -3.39E-01

 *** WARNING in fm/cp_fm_elpa.F:521 :: Setting real_kernel for ELPA failed ***

     9 Broy./Diag. 0.15E+00   15.1     0.01121316     -1709.3213223817  1.08E-01

 *** WARNING in fm/cp_fm_elpa.F:521 :: Setting real_kernel for ELPA failed ***

    10 Broy./Diag. 0.15E+00   15.4     0.00707822     -1709.3530357888 -3.17E-02

 *** WARNING in fm/cp_fm_elpa.F:521 :: Setting real_kernel for ELPA failed ***

    11 Broy./Diag. 0.15E+00   14.9     0.00578224     -1709.3251900852  2.78E-02

 *** WARNING in fm/cp_fm_elpa.F:521 :: Setting real_kernel for ELPA failed ***

    12 Broy./Diag. 0.15E+00   14.6     0.00706160     -1709.3211428664  4.05E-03

 *** WARNING in fm/cp_fm_elpa.F:521 :: Setting real_kernel for ELPA failed ***

    13 Broy./Diag. 0.15E+00   14.3     0.00483438     -1709.3046162672  1.65E-02

 *** WARNING in fm/cp_fm_elpa.F:521 :: Setting real_kernel for ELPA failed ***

    14 Broy./Diag. 0.15E+00   13.9     0.00214022     -1709.3265013291 -2.19E-02

 *** WARNING in fm/cp_fm_elpa.F:521 :: Setting real_kernel for ELPA failed ***

    15 Broy./Diag. 0.15E+00   14.0     0.00122088     -1709.3050149157  2.15E-02

 *** WARNING in fm/cp_fm_elpa.F:521 :: Setting real_kernel for ELPA failed ***

    16 Broy./Diag. 0.15E+00   13.7     0.00096399     -1709.3080734023 -3.06E-03

 *** WARNING in fm/cp_fm_elpa.F:521 :: Setting real_kernel for ELPA failed ***

    17 Broy./Diag. 0.15E+00   14.3     0.00067487     -1709.3052713149  2.80E-03

 *** WARNING in fm/cp_fm_elpa.F:521 :: Setting real_kernel for ELPA failed ***

    18 Broy./Diag. 0.15E+00   14.8     0.00117908     -1709.3061088521 -8.38E-04

 *** WARNING in fm/cp_fm_elpa.F:521 :: Setting real_kernel for ELPA failed ***

    19 Broy./Diag. 0.15E+00   14.6     0.00168246     -1709.3049909225  1.12E-03

 *** WARNING in fm/cp_fm_elpa.F:521 :: Setting real_kernel for ELPA failed ***

    20 Broy./Diag. 0.15E+00   13.9     0.00112002     -1709.3124036782 -7.41E-03

 *** WARNING in fm/cp_fm_elpa.F:521 :: Setting real_kernel for ELPA failed ***

    21 Broy./Diag. 0.15E+00   14.3     0.00047187     -1709.3059522004  6.45E-03

 *** WARNING in fm/cp_fm_elpa.F:521 :: Setting real_kernel for ELPA failed ***

    22 Broy./Diag. 0.15E+00   14.1     0.00038207     -1709.3102660896 -4.31E-03

 *** WARNING in fm/cp_fm_elpa.F:521 :: Setting real_kernel for ELPA failed ***

    23 Broy./Diag. 0.15E+00   14.0     0.00022001     -1709.3100698577  1.96E-04

 *** WARNING in fm/cp_fm_elpa.F:521 :: Setting real_kernel for ELPA failed ***

    24 Broy./Diag. 0.15E+00   14.0     0.00034957     -1709.3114685612 -1.40E-03

 *** WARNING in fm/cp_fm_elpa.F:521 :: Setting real_kernel for ELPA failed ***

    25 Broy./Diag. 0.15E+00   14.6     0.00046962     -1709.3114525378  1.60E-05

 *** WARNING in fm/cp_fm_elpa.F:521 :: Setting real_kernel for ELPA failed ***

    26 Broy./Diag. 0.15E+00   14.7     0.00030678     -1709.3133831529 -1.93E-03

 *** WARNING in fm/cp_fm_elpa.F:521 :: Setting real_kernel for ELPA failed ***

    27 Broy./Diag. 0.15E+00   15.0     0.00014241     -1709.3117417909  1.64E-03

 *** WARNING in fm/cp_fm_elpa.F:521 :: Setting real_kernel for ELPA failed ***

    28 Broy./Diag. 0.15E+00   15.3     0.00016432     -1709.3131105454 -1.37E-03

 *** WARNING in fm/cp_fm_elpa.F:521 :: Setting real_kernel for ELPA failed ***

    29 Broy./Diag. 0.15E+00   14.4     0.00009634     -1709.3127218479  3.89E-04

 *** WARNING in fm/cp_fm_elpa.F:521 :: Setting real_kernel for ELPA failed ***

    30 Broy./Diag. 0.15E+00   14.0     0.00012019     -1709.3130583946 -3.37E-04

 *** WARNING in fm/cp_fm_elpa.F:521 :: Setting real_kernel for ELPA failed ***

    31 Broy./Diag. 0.15E+00   14.0     0.00019393     -1709.3128597896  1.99E-04

 *** WARNING in fm/cp_fm_elpa.F:521 :: Setting real_kernel for ELPA failed ***

    32 Broy./Diag. 0.15E+00   13.8     0.00014392     -1709.3134273500 -5.68E-04

 *** WARNING in fm/cp_fm_elpa.F:521 :: Setting real_kernel for ELPA failed ***

    33 Broy./Diag. 0.15E+00   14.3     0.00006202     -1709.3125406091  8.87E-04

 *** WARNING in fm/cp_fm_elpa.F:521 :: Setting real_kernel for ELPA failed ***

    34 Broy./Diag. 0.15E+00   14.6     0.00007892     -1709.3131228325 -5.82E-04

 *** WARNING in fm/cp_fm_elpa.F:521 :: Setting real_kernel for ELPA failed ***

    35 Broy./Diag. 0.15E+00   14.8     0.00004434     -1709.3128642751  2.59E-04

  *** SCF run converged in    35 steps ***


  Electronic density on regular grids:       -715.9999999236        0.0000000764
  Core density on regular grids:              715.9999999655       -0.0000000345
  Total charge density on r-space grids:        0.0000000419
  Total charge density g-space grids:           0.0000000419

  Overlap energy of the core charge distribution:               0.07599378519278
  Self energy of the core charge distribution:              -4016.67387185402686
  Core Hamiltonian energy:                                   1177.37259968970716
  Hartree energy:                                            1508.46353548701313
  Exchange-correlation energy:                               -378.25099428921385
  Dispersion energy:                                           -0.26703737162757
  Electronic entropic energy:                                  -0.03308962490342
  Fermi energy:                                                 0.01308832035863

  Total energy:                                             -1709.31286427511805

 !-----------------------------------------------------------------------------!
                     Mulliken Population Analysis

 #  Atom  Element  Kind  Atomic population                           Net charge
       1     Ti       1         11.187966                              0.812034
       2     Ti       1         11.051361                              0.948639
       3     Ti       1         11.023789                              0.976211
       4     Ti       1         11.054715                              0.945285
       5     Ti       1         11.072460                              0.927540
       6     Ti       1         11.501978                              0.498022
       7     Ti       1         11.034845                              0.965155
       8     Ti       1         11.033403                              0.966597
       9     H        2          0.935018                              0.064982
      10     H        2          0.947604                              0.052396
      11     H        2          0.946737                              0.053263
      12     H        2          0.947621                              0.052379
      13     H        2          0.951904                              0.048096
      14     H        2          0.905241                              0.094759
      15     H        2          0.936664                              0.063336
      16     H        2          0.939491                              0.060509
      17     H        2          0.924532                              0.075468
      18     H        2          0.927961                              0.072039
      19     H        2          0.933113                              0.066887
      20     H        2          0.944891                              0.055109
      21     H        2          0.818710                              0.181290
      22     H        2          0.875822                              0.124178
      23     H        2          0.948658                              0.051342
      24     H        2          0.830837                              0.169163
      25     H        2          0.935439                              0.064561
      26     H        2          0.944055                              0.055945
      27     H        2          0.941069                              0.058931
      28     H        2          0.933620                              0.066380
      29     H        2          0.937941                              0.062059
      30     H        2          0.930957                              0.069043
      31     H        2          0.888912                              0.111088
      32     H        2          0.890255                              0.109745
      33     H        2          0.885021                              0.114979
      34     H        2          0.785165                              0.214835
      35     H        2          0.886750                              0.113250
      36     H        2          0.929788                              0.070212
      37     H        2          0.895278                              0.104722
      38     H        2          0.898514                              0.101486
      39     H        2          0.880070                              0.119930
      40     H        2          0.884508                              0.115492
      41     H        2          0.884157                              0.115843
      42     H        2          0.889554                              0.110446
      43     C        3          3.775101                              0.224899
      44     C        3          3.779533                              0.220467
      45     C        3          3.775090                              0.224910
      46     C        3          3.778404                              0.221596
      47     C        3          4.104837                             -0.104837
      48     C        3          4.096100                             -0.096100
      49     C        3          4.070926                             -0.070926
      50     C        3          4.050452                             -0.050452
      51     C        3          3.956127                              0.043873
      52     C        3          4.028887                             -0.028887
      53     C        3          3.980132                              0.019868
      54     C        3          4.040407                             -0.040407
      55     C        3          4.048197                             -0.048197
      56     C        3          4.024913                             -0.024913
      57     C        3          4.007651                             -0.007651
      58     C        3          4.034671                             -0.034671
      59     C        3          4.054993                             -0.054993
      60     C        3          4.032228                             -0.032228
      61     C        3          4.129899                             -0.129899
      62     C        3          4.101053                             -0.101053
      63     C        3          4.086133                             -0.086133
      64     C        3          4.095250                             -0.095250
      65     C        3          4.258713                             -0.258713
      66     C        3          3.797623                              0.202377
      67     C        3          3.785439                              0.214561
      68     C        3          3.810856                              0.189144
      69     C        3          3.813883                              0.186117
      70     C        3          3.786223                              0.213777
      71     C        3          3.790152                              0.209848
      72     C        3          3.854575                              0.145425
      73     C        3          3.435890                              0.564110
      74     C        3          3.809323                              0.190677
      75     C        3          3.979959                              0.020041
      76     C        3          4.050595                             -0.050595
      77     C        3          4.016249                             -0.016249
      78     C        3          4.065364                             -0.065364
      79     C        3          4.048374                             -0.048374
      80     C        3          4.022831                             -0.022831
      81     C        3          4.108995                             -0.108995
      82     C        3          4.014402                             -0.014402
      83     C        3          3.944385                              0.055615
      84     C        3          4.001159                             -0.001159
      85     C        3          4.011027                             -0.011027
      86     C        3          4.049174                             -0.049174
      87     C        3          4.068979                             -0.068979
      88     C        3          4.112328                             -0.112328
      89     C        3          4.030525                             -0.030525
      90     C        3          3.902606                              0.097394
      91     N        4          5.030098                             -0.030098
      92     N        4          5.316804                             -0.316804
      93     N        4          5.016901                             -0.016901
      94     N        4          5.019765                             -0.019765
      95     N        4          5.021145                             -0.021145
      96     N        4          5.030219                             -0.030219
      97     O        5          6.326636                             -0.326636
      98     O        5          6.279598                             -0.279598
      99     O        5          6.351986                             -0.351986
     100     O        5          6.286691                             -0.286691
     101     O        5          6.292406                             -0.292406
     102     O        5          6.276882                             -0.276882
     103     O        5          6.293494                             -0.293494
     104     O        5          6.270670                             -0.270670
     105     O        5          6.427119                             -0.427119
     106     O        5          6.486837                             -0.486837
     107     O        5          6.521057                             -0.521057
     108     O        5          6.457324                             -0.457324
     109     O        5          6.365040                             -0.365040
     110     O        5          6.459375                             -0.459375
     111     O        5          6.494680                             -0.494680
     112     O        5          6.465239                             -0.465239
     113     O        5          6.334122                             -0.334122
     114     O        5          6.298781                             -0.298781
     115     O        5          6.346344                             -0.346344
     116     O        5          6.306511                             -0.306511
     117     O        5          6.392896                             -0.392896
     118     O        5          6.291147                             -0.291147
     119     O        5          5.926259                              0.073741
     120     O        5          6.252324                             -0.252324
     121     O        5          6.313399                             -0.313399
     122     O        5          6.294538                             -0.294538
     123     O        5          6.337883                             -0.337883
     124     O        5          6.292415                             -0.292415
     125     O        5          6.267629                             -0.267629
     126     O        5          6.421010                             -0.421010
     127     O        5          6.264654                             -0.264654
     128     O        5          6.223310                             -0.223310
     129     O        5          6.499796                             -0.499796
     130     O        5          6.407087                             -0.407087
     131     O        5          6.421207                             -0.421207
     132     O        5          6.335211                             -0.335211
     133     H        2          0.925387                              0.074613
     134     H        2          0.912262                              0.087738
     135     H        2          0.923407                              0.076593
     136     H        2          0.920450                              0.079550
     137     C        3          4.273982                             -0.273982
     138     C        3          4.179873                             -0.179873
     139     H        2          0.939137                              0.060863
     140     H        2          0.918436                              0.081564
     141     C        3          4.097766                             -0.097766
     142     C        3          4.129009                             -0.129009
     143     H        2          0.930666                              0.069334
     144     H        2          0.936549                              0.063451
     145     H        2          0.931991                              0.068009
     146     H        2          0.929562                              0.070438
     147     C        3          4.028968                             -0.028968
     148     N        4          4.823864                              0.176136
     149     C        3          3.935105                              0.064895
     150     C        3          4.006428                             -0.006428
     151     H        2          0.954175                              0.045825
     152     N        4          4.877453                              0.122547
     153     C        3          4.154027                             -0.154027
     154     H        2          0.903088                              0.096912
     155     H        2          0.928529                              0.071471
     156     H        2          0.952698                              0.047302
     157     H        2          1.031648                             -0.031648
     158     O        5          4.938397                              1.061603
     159     N        4          4.124888                              0.875112
     160     S        6          7.721310                             -1.721310
     161     O        5          6.005748                             -0.005748
     162     F        7          7.258107                             -0.258107
     163     C        3          3.585062                              0.414938
     164     F        7          6.960512                              0.039488
     165     F        7          6.854053                              0.145947
     166     C        3          3.563297                              0.436703
     167     F        7          7.351771                             -0.351771
     168     F        7          6.714124                              0.285876
     169     F        7          6.544422                              0.455578
     170     O        5          4.746270                              1.253730
     171     S        6          7.398208                             -1.398208
     172     O        5          6.455897                             -0.455897
 # Total charge                            716.000000                  0.000000

 !-----------------------------------------------------------------------------!

 !-----------------------------------------------------------------------------!
                           Hirshfeld Charges

  #Atom  Element  Kind  Ref Charge     Population                    Net charge
      1       Ti     1      12.000         13.677                        -1.677
      2       Ti     1      12.000         13.437                        -1.437
      3       Ti     1      12.000         13.501                        -1.501
      4       Ti     1      12.000         13.512                        -1.512
      5       Ti     1      12.000         13.422                        -1.422
      6       Ti     1      12.000         13.701                        -1.701
      7       Ti     1      12.000         13.487                        -1.487
      8       Ti     1      12.000         13.478                        -1.478
      9       H      2       1.000          0.548                         0.452
     10       H      2       1.000          0.545                         0.455
     11       H      2       1.000          0.542                         0.458
     12       H      2       1.000          0.551                         0.449
     13       H      2       1.000          0.534                         0.466
     14       H      2       1.000          0.494                         0.506
     15       H      2       1.000          0.558                         0.442
     16       H      2       1.000          0.542                         0.458
     17       H      2       1.000          0.529                         0.471
     18       H      2       1.000          0.544                         0.456
     19       H      2       1.000          0.544                         0.456
     20       H      2       1.000          0.546                         0.454
     21       H      2       1.000          0.409                         0.591
     22       H      2       1.000          0.433                         0.567
     23       H      2       1.000          0.440                         0.560
     24       H      2       1.000          0.419                         0.581
     25       H      2       1.000          0.551                         0.449
     26       H      2       1.000          0.556                         0.444
     27       H      2       1.000          0.537                         0.463
     28       H      2       1.000          0.536                         0.464
     29       H      2       1.000          0.534                         0.466
     30       H      2       1.000          0.532                         0.468
     31       H      2       1.000          0.481                         0.519
     32       H      2       1.000          0.462                         0.538
     33       H      2       1.000          0.464                         0.536
     34       H      2       1.000          0.626                         0.374
     35       H      2       1.000          0.484                         0.516
     36       H      2       1.000          0.480                         0.520
     37       H      2       1.000          0.481                         0.519
     38       H      2       1.000          0.472                         0.528
     39       H      2       1.000          0.475                         0.525
     40       H      2       1.000          0.459                         0.541
     41       H      2       1.000          0.480                         0.520
     42       H      2       1.000          0.460                         0.540
     43       C      3       4.000          3.468                         0.532
     44       C      3       4.000          3.450                         0.550
     45       C      3       4.000          3.475                         0.525
     46       C      3       4.000          3.467                         0.533
     47       C      3       4.000          4.012                        -0.012
     48       C      3       4.000          3.992                         0.008
     49       C      3       4.000          4.001                        -0.001
     50       C      3       4.000          3.983                         0.017
     51       C      3       4.000          3.921                         0.079
     52       C      3       4.000          4.452                        -0.452
     53       C      3       4.000          3.912                         0.088
     54       C      3       4.000          4.438                        -0.438
     55       C      3       4.000          4.445                        -0.445
     56       C      3       4.000          4.403                        -0.403
     57       C      3       4.000          4.420                        -0.420
     58       C      3       4.000          4.466                        -0.466
     59       C      3       4.000          4.024                        -0.024
     60       C      3       4.000          4.011                        -0.011
     61       C      3       4.000          4.026                        -0.026
     62       C      3       4.000          4.002                        -0.002
     63       C      3       4.000          3.964                         0.036
     64       C      3       4.000          4.036                        -0.036
     65       C      3       4.000          4.101                        -0.101
     66       C      3       4.000          3.910                         0.090
     67       C      3       4.000          3.484                         0.516
     68       C      3       4.000          3.524                         0.476
     69       C      3       4.000          3.500                         0.500
     70       C      3       4.000          3.462                         0.538
     71       C      3       4.000          3.528                         0.472
     72       C      3       4.000          3.444                         0.556
     73       C      3       4.000          3.375                         0.625
     74       C      3       4.000          3.601                         0.399
     75       C      3       4.000          3.862                         0.138
     76       C      3       4.000          4.443                        -0.443
     77       C      3       4.000          4.436                        -0.436
     78       C      3       4.000          4.494                        -0.494
     79       C      3       4.000          4.517                        -0.517
     80       C      3       4.000          4.419                        -0.419
     81       C      3       4.000          4.363                        -0.363
     82       C      3       4.000          4.195                        -0.195
     83       C      3       4.000          3.898                         0.102
     84       C      3       4.000          4.397                        -0.397
     85       C      3       4.000          4.376                        -0.376
     86       C      3       4.000          4.414                        -0.414
     87       C      3       4.000          4.017                        -0.017
     88       C      3       4.000          4.499                        -0.499
     89       C      3       4.000          4.416                        -0.416
     90       C      3       4.000          3.898                         0.102
     91       N      4       5.000          5.901                        -0.901
     92       N      4       5.000          5.785                        -0.785
     93       N      4       5.000          5.940                        -0.940
     94       N      4       5.000          5.797                        -0.797
     95       N      4       5.000          5.846                        -0.846
     96       N      4       5.000          5.862                        -0.862
     97       O      5       6.000          6.166                        -0.166
     98       O      5       6.000          6.103                        -0.103
     99       O      5       6.000          6.204                        -0.204
    100       O      5       6.000          6.141                        -0.141
    101       O      5       6.000          6.129                        -0.129
    102       O      5       6.000          6.121                        -0.121
    103       O      5       6.000          6.105                        -0.105
    104       O      5       6.000          6.097                        -0.097
    105       O      5       6.000          5.660                         0.340
    106       O      5       6.000          5.778                         0.222
    107       O      5       6.000          5.766                         0.234
    108       O      5       6.000          5.719                         0.281
    109       O      5       6.000          5.636                         0.364
    110       O      5       6.000          5.693                         0.307
    111       O      5       6.000          5.850                         0.150
    112       O      5       6.000          5.695                         0.305
    113       O      5       6.000          6.124                        -0.124
    114       O      5       6.000          6.162                        -0.162
    115       O      5       6.000          6.215                        -0.215
    116       O      5       6.000          6.113                        -0.113
    117       O      5       6.000          6.151                        -0.151
    118       O      5       6.000          6.158                        -0.158
    119       O      5       6.000          5.843                         0.157
    120       O      5       6.000          6.092                        -0.092
    121       O      5       6.000          6.074                        -0.074
    122       O      5       6.000          6.097                        -0.097
    123       O      5       6.000          6.193                        -0.193
    124       O      5       6.000          6.213                        -0.213
    125       O      5       6.000          6.031                        -0.031
    126       O      5       6.000          6.187                        -0.187
    127       O      5       6.000          6.129                        -0.129
    128       O      5       6.000          6.095                        -0.095
    129       O      5       6.000          6.022                        -0.022
    130       O      5       6.000          6.036                        -0.036
    131       O      5       6.000          6.035                        -0.035
    132       O      5       6.000          5.840                         0.160
    133       H      2       1.000          0.562                         0.438
    134       H      2       1.000          0.560                         0.440
    135       H      2       1.000          0.561                         0.439
    136       H      2       1.000          0.567                         0.433
    137       C      3       4.000          5.310                        -1.310
    138       C      3       4.000          4.820                        -0.820
    139       H      2       1.000          0.515                         0.485
    140       H      2       1.000          0.558                         0.442
    141       C      3       4.000          4.416                        -0.416
    142       C      3       4.000          4.763                        -0.763
    143       H      2       1.000          0.567                         0.433
    144       H      2       1.000          0.514                         0.486
    145       H      2       1.000          0.523                         0.477
    146       H      2       1.000          0.542                         0.458
    147       C      3       4.000          4.166                        -0.166
    148       N      4       5.000          5.117                        -0.117
    149       C      3       4.000          4.034                        -0.034
    150       C      3       4.000          4.170                        -0.170
    151       H      2       1.000          0.512                         0.488
    152       N      4       5.000          5.173                        -0.173
    153       C      3       4.000          4.528                        -0.528
    154       H      2       1.000          0.515                         0.485
    155       H      2       1.000          0.507                         0.493
    156       H      2       1.000          0.497                         0.503
    157       H      2       1.000          0.530                         0.470
    158       O      5       6.000          6.225                        -0.225
    159       N      4       5.000          4.944                         0.056
    160       S      6       6.000          5.787                         0.213
    161       O      5       6.000          6.340                        -0.340
    162       F      7       7.000          7.394                        -0.394
    163       C      3       4.000          3.304                         0.696
    164       F      7       7.000          7.113                        -0.113
    165       F      7       7.000          7.066                        -0.066
    166       C      3       4.000          3.507                         0.493
    167       F      7       7.000          7.395                        -0.395
    168       F      7       7.000          6.935                         0.065
    169       F      7       7.000          6.933                         0.067
    170       O      5       6.000          6.237                        -0.237
    171       S      6       6.000          5.489                         0.511
    172       O      5       6.000          6.502                        -0.502

  Total Charge                                                            0.098
 !-----------------------------------------------------------------------------!

 ENERGY| Total FORCE_EVAL ( QS ) energy [hartree]          -1709.312950139033774
 *******************************************************************************
 RMS DISPLACEMENT =   0.03113     [ 0.00010]                               ( NO)
 MAX DISPLACEMENT =   0.91774     [ 0.00020]                               ( NO)
 RMS FORCE        =   0.79276     [ 0.00030]                               ( NO)
 MAX FORCE        =   9.07873     [ 0.00045]                               ( NO)
 *******************************************************************************

 *******************************************************************************
 **                 BAND EVALUATION OF ENERGIES AND FORCES                    **
 *******************************************************************************
 **                                                                           **
 **                                                                           **
 ** Replica Env Nr. :    2              Replica Band Nr. :   10               **
 ** Band  Step  Nr. :    2                                                    **
 *******************************************************************************

 Number of electrons:                                                        716
 Number of occupied orbitals:                                                402
 Number of molecular orbitals:                                               458

 Number of orbital functions:                                               1948
 Number of independent orbital functions:                                   1948

 Parameters for the always stable predictor-corrector (ASPC) method:

  ASPC order: 3

  B(1) =   3.000000
  B(2) =  -3.428571
  B(3) =   1.928571
  B(4) =  -0.571429
  B(5) =   0.071429

 *** WARNING in fm/cp_fm_elpa.F:521 :: Setting real_kernel for ELPA failed ***


 Extrapolation method: ASPC


 SCF WAVEFUNCTION OPTIMIZATION

  Step     Update method      Time    Convergence         Total energy    Change
  ------------------------------------------------------------------------------

 *** WARNING in fm/cp_fm_elpa.F:521 :: Setting real_kernel for ELPA failed ***

     1 Broy./Diag. 0.15E+00    8.5     1.64955901     -1712.6447129400 -1.71E+03

 *** WARNING in fm/cp_fm_elpa.F:521 :: Setting real_kernel for ELPA failed ***

     2 Broy./Diag. 0.15E+00   12.5     0.68370721     -1703.0212752792  9.62E+00

 *** WARNING in fm/cp_fm_elpa.F:521 :: Setting real_kernel for ELPA failed ***

     3 Broy./Diag. 0.15E+00   13.2     0.45390668     -1710.4441576743 -7.42E+00

 *** WARNING in fm/cp_fm_elpa.F:521 :: Setting real_kernel for ELPA failed ***

     4 Broy./Diag. 0.15E+00   13.5     0.22112636     -1709.4349474788  1.01E+00

 *** WARNING in fm/cp_fm_elpa.F:521 :: Setting real_kernel for ELPA failed ***

     5 Broy./Diag. 0.15E+00   13.7     0.25899167     -1711.4717786815 -2.04E+00

 *** WARNING in fm/cp_fm_elpa.F:521 :: Setting real_kernel for ELPA failed ***

     6 Broy./Diag. 0.15E+00   13.9     0.37554320     -1712.7770639600 -1.31E+00

 *** WARNING in fm/cp_fm_elpa.F:521 :: Setting real_kernel for ELPA failed ***

     7 Broy./Diag. 0.15E+00   14.5     0.33898728     -1712.6328261939  1.44E-01

 *** WARNING in fm/cp_fm_elpa.F:521 :: Setting real_kernel for ELPA failed ***

     8 Broy./Diag. 0.15E+00   13.9     0.08774172     -1714.3548842053 -1.72E+00

 *** WARNING in fm/cp_fm_elpa.F:521 :: Setting real_kernel for ELPA failed ***

     9 Broy./Diag. 0.15E+00   13.4     0.09282286     -1714.3540762835  8.08E-04

 *** WARNING in fm/cp_fm_elpa.F:521 :: Setting real_kernel for ELPA failed ***

    10 Broy./Diag. 0.15E+00   13.3     0.05930494     -1714.8078853533 -4.54E-01

 *** WARNING in fm/cp_fm_elpa.F:521 :: Setting real_kernel for ELPA failed ***

    11 Broy./Diag. 0.15E+00   14.5     0.03723216     -1714.6361057679  1.72E-01

 *** WARNING in fm/cp_fm_elpa.F:521 :: Setting real_kernel for ELPA failed ***

    12 Broy./Diag. 0.15E+00   13.8     0.02367958     -1714.7173547420 -8.12E-02

 *** WARNING in fm/cp_fm_elpa.F:521 :: Setting real_kernel for ELPA failed ***

    13 Broy./Diag. 0.15E+00   13.8     0.01413509     -1714.6238458182  9.35E-02

 *** WARNING in fm/cp_fm_elpa.F:521 :: Setting real_kernel for ELPA failed ***

    14 Broy./Diag. 0.15E+00   14.2     0.00957688     -1714.5397078645  8.41E-02

 *** WARNING in fm/cp_fm_elpa.F:521 :: Setting real_kernel for ELPA failed ***

    15 Broy./Diag. 0.15E+00   13.7     0.00808846     -1714.4685086832  7.12E-02

 *** WARNING in fm/cp_fm_elpa.F:521 :: Setting real_kernel for ELPA failed ***

    16 Broy./Diag. 0.15E+00   13.6     0.00817326     -1714.4653743376  3.13E-03

 *** WARNING in fm/cp_fm_elpa.F:521 :: Setting real_kernel for ELPA failed ***

    17 Broy./Diag. 0.15E+00   13.5     0.00520693     -1714.4007214470  6.47E-02

 *** WARNING in fm/cp_fm_elpa.F:521 :: Setting real_kernel for ELPA failed ***

    18 Broy./Diag. 0.15E+00   13.5     0.00331127     -1714.3972570548  3.46E-03

 *** WARNING in fm/cp_fm_elpa.F:521 :: Setting real_kernel for ELPA failed ***

    19 Broy./Diag. 0.15E+00   13.7     0.00278751     -1714.3733160373  2.39E-02

 *** WARNING in fm/cp_fm_elpa.F:521 :: Setting real_kernel for ELPA failed ***

    20 Broy./Diag. 0.15E+00   13.9     0.00136197     -1714.3670615127  6.25E-03

 *** WARNING in fm/cp_fm_elpa.F:521 :: Setting real_kernel for ELPA failed ***

    21 Broy./Diag. 0.15E+00   13.8     0.00168169     -1714.3677073547 -6.46E-04

 *** WARNING in fm/cp_fm_elpa.F:521 :: Setting real_kernel for ELPA failed ***

    22 Broy./Diag. 0.15E+00   13.8     0.00237628     -1714.3744908850 -6.78E-03

 *** WARNING in fm/cp_fm_elpa.F:521 :: Setting real_kernel for ELPA failed ***

    23 Broy./Diag. 0.15E+00   13.7     0.00195803     -1714.3672170691  7.27E-03

 *** WARNING in fm/cp_fm_elpa.F:521 :: Setting real_kernel for ELPA failed ***

    24 Broy./Diag. 0.15E+00   13.5     0.00110119     -1714.3796233823 -1.24E-02

 *** WARNING in fm/cp_fm_elpa.F:521 :: Setting real_kernel for ELPA failed ***

    25 Broy./Diag. 0.15E+00   13.5     0.00073291     -1714.3798086166 -1.85E-04

 *** WARNING in fm/cp_fm_elpa.F:521 :: Setting real_kernel for ELPA failed ***

    26 Broy./Diag. 0.15E+00   13.3     0.00044677     -1714.3827698176 -2.96E-03

 *** WARNING in fm/cp_fm_elpa.F:521 :: Setting real_kernel for ELPA failed ***

    27 Broy./Diag. 0.15E+00   13.2     0.00037980     -1714.3867836136 -4.01E-03

 *** WARNING in fm/cp_fm_elpa.F:521 :: Setting real_kernel for ELPA failed ***

    28 Broy./Diag. 0.15E+00   13.3     0.00093513     -1714.3881597803 -1.38E-03

 *** WARNING in fm/cp_fm_elpa.F:521 :: Setting real_kernel for ELPA failed ***

    29 Broy./Diag. 0.15E+00   13.2     0.00074359     -1714.3852017424  2.96E-03

 *** WARNING in fm/cp_fm_elpa.F:521 :: Setting real_kernel for ELPA failed ***

    30 Broy./Diag. 0.15E+00   13.3     0.00048191     -1714.3896297425 -4.43E-03

 *** WARNING in fm/cp_fm_elpa.F:521 :: Setting real_kernel for ELPA failed ***

    31 Broy./Diag. 0.15E+00   13.0     0.00031988     -1714.3880026559  1.63E-03

 *** WARNING in fm/cp_fm_elpa.F:521 :: Setting real_kernel for ELPA failed ***

    32 Broy./Diag. 0.15E+00   13.0     0.00015023     -1714.3879436720  5.90E-05

 *** WARNING in fm/cp_fm_elpa.F:521 :: Setting real_kernel for ELPA failed ***

    33 Broy./Diag. 0.15E+00   13.0     0.00011654     -1714.3880918545 -1.48E-04

 *** WARNING in fm/cp_fm_elpa.F:521 :: Setting real_kernel for ELPA failed ***

    34 Broy./Diag. 0.15E+00   13.0     0.00027315     -1714.3875063314  5.86E-04

 *** WARNING in fm/cp_fm_elpa.F:521 :: Setting real_kernel for ELPA failed ***

    35 Broy./Diag. 0.15E+00   13.1     0.00027902     -1714.3861173100  1.39E-03

 *** WARNING in fm/cp_fm_elpa.F:521 :: Setting real_kernel for ELPA failed ***

    36 Broy./Diag. 0.15E+00   13.1     0.00021589     -1714.3873175467 -1.20E-03

 *** WARNING in fm/cp_fm_elpa.F:521 :: Setting real_kernel for ELPA failed ***

    37 Broy./Diag. 0.15E+00   13.2     0.00015013     -1714.3861141546  1.20E-03

 *** WARNING in fm/cp_fm_elpa.F:521 :: Setting real_kernel for ELPA failed ***

    38 Broy./Diag. 0.15E+00   13.3     0.00007043     -1714.3859479471  1.66E-04

 *** WARNING in fm/cp_fm_elpa.F:521 :: Setting real_kernel for ELPA failed ***

    39 Broy./Diag. 0.15E+00   13.1     0.00004731     -1714.3859525961 -4.65E-06

  *** SCF run converged in    39 steps ***


  Electronic density on regular grids:       -715.9999999245        0.0000000755
  Core density on regular grids:              715.9999999655       -0.0000000345
  Total charge density on r-space grids:        0.0000000410
  Total charge density g-space grids:           0.0000000410

  Overlap energy of the core charge distribution:               0.00401659821138
  Self energy of the core charge distribution:              -4016.67387185402686
  Core Hamiltonian energy:                                   1167.72288191126518
  Hartree energy:                                            1511.81217174321432
  Exchange-correlation energy:                               -376.95068038768409
  Dispersion energy:                                           -0.26727498641635
  Electronic entropic energy:                                  -0.03319498500427
  Fermi energy:                                                 0.00957935705494

  Total energy:                                             -1714.38595259613226

 !-----------------------------------------------------------------------------!
                     Mulliken Population Analysis

 #  Atom  Element  Kind  Atomic population                           Net charge
       1     Ti       1         11.180599                              0.819401
       2     Ti       1         11.052622                              0.947378
       3     Ti       1         11.021618                              0.978382
       4     Ti       1         11.049135                              0.950865
       5     Ti       1         11.067248                              0.932752
       6     Ti       1         11.448606                              0.551394
       7     Ti       1         11.033971                              0.966029
       8     Ti       1         11.029797                              0.970203
       9     H        2          0.934609                              0.065391
      10     H        2          0.946589                              0.053411
      11     H        2          0.945164                              0.054836
      12     H        2          0.946025                              0.053975
      13     H        2          0.950995                              0.049005
      14     H        2          0.917427                              0.082573
      15     H        2          0.940859                              0.059141
      16     H        2          0.938762                              0.061238
      17     H        2          0.922678                              0.077322
      18     H        2          0.927963                              0.072037
      19     H        2          0.932638                              0.067362
      20     H        2          0.943893                              0.056107
      21     H        2          0.819299                              0.180701
      22     H        2          0.873533                              0.126467
      23     H        2          0.946899                              0.053101
      24     H        2          0.830430                              0.169570
      25     H        2          0.935886                              0.064114
      26     H        2          0.944389                              0.055611
      27     H        2          0.940514                              0.059486
      28     H        2          0.933112                              0.066888
      29     H        2          0.936818                              0.063182
      30     H        2          0.929903                              0.070097
      31     H        2          0.888589                              0.111411
      32     H        2          0.890359                              0.109641
      33     H        2          0.883710                              0.116290
      34     H        2          0.782250                              0.217750
      35     H        2          0.886876                              0.113124
      36     H        2          0.927075                              0.072925
      37     H        2          0.894849                              0.105151
      38     H        2          0.897025                              0.102975
      39     H        2          0.879398                              0.120602
      40     H        2          0.884082                              0.115918
      41     H        2          0.883334                              0.116666
      42     H        2          0.887152                              0.112848
      43     C        3          3.773992                              0.226008
      44     C        3          3.779149                              0.220851
      45     C        3          3.776006                              0.223994
      46     C        3          3.777993                              0.222007
      47     C        3          4.104839                             -0.104839
      48     C        3          4.095536                             -0.095536
      49     C        3          4.070196                             -0.070196
      50     C        3          4.050563                             -0.050563
      51     C        3          3.955676                              0.044324
      52     C        3          4.026681                             -0.026681
      53     C        3          3.979688                              0.020312
      54     C        3          4.041796                             -0.041796
      55     C        3          4.047166                             -0.047166
      56     C        3          4.024033                             -0.024033
      57     C        3          4.006929                             -0.006929
      58     C        3          4.033155                             -0.033155
      59     C        3          4.054013                             -0.054013
      60     C        3          4.030473                             -0.030473
      61     C        3          4.125327                             -0.125327
      62     C        3          4.099692                             -0.099692
      63     C        3          4.084434                             -0.084434
      64     C        3          4.093862                             -0.093862
      65     C        3          4.166172                             -0.166172
      66     C        3          3.820053                              0.179947
      67     C        3          3.784087                              0.215913
      68     C        3          3.807888                              0.192112
      69     C        3          3.808476                              0.191524
      70     C        3          3.785372                              0.214628
      71     C        3          3.788484                              0.211516
      72     C        3          3.852300                              0.147700
      73     C        3          3.653629                              0.346371
      74     C        3          3.796993                              0.203007
      75     C        3          3.978909                              0.021091
      76     C        3          4.049008                             -0.049008
      77     C        3          4.012353                             -0.012353
      78     C        3          4.062038                             -0.062038
      79     C        3          4.043665                             -0.043665
      80     C        3          4.015396                             -0.015396
      81     C        3          4.108762                             -0.108762
      82     C        3          4.026731                             -0.026731
      83     C        3          3.941215                              0.058785
      84     C        3          3.996130                              0.003870
      85     C        3          4.010175                             -0.010175
      86     C        3          4.046118                             -0.046118
      87     C        3          4.057042                             -0.057042
      88     C        3          4.107243                             -0.107243
      89     C        3          4.021972                             -0.021972
      90     C        3          3.899749                              0.100251
      91     N        4          5.027636                             -0.027636
      92     N        4          5.313934                             -0.313934
      93     N        4          5.009450                             -0.009450
      94     N        4          5.014660                             -0.014660
      95     N        4          5.020450                             -0.020450
      96     N        4          5.028160                             -0.028160
      97     O        5          6.325459                             -0.325459
      98     O        5          6.279513                             -0.279513
      99     O        5          6.344056                             -0.344056
     100     O        5          6.286270                             -0.286270
     101     O        5          6.292026                             -0.292026
     102     O        5          6.279169                             -0.279169
     103     O        5          6.296011                             -0.296011
     104     O        5          6.269679                             -0.269679
     105     O        5          6.426144                             -0.426144
     106     O        5          6.481643                             -0.481643
     107     O        5          6.517964                             -0.517964
     108     O        5          6.456810                             -0.456810
     109     O        5          6.367056                             -0.367056
     110     O        5          6.455833                             -0.455833
     111     O        5          6.489978                             -0.489978
     112     O        5          6.464519                             -0.464519
     113     O        5          6.333681                             -0.333681
     114     O        5          6.297754                             -0.297754
     115     O        5          6.343518                             -0.343518
     116     O        5          6.306065                             -0.306065
     117     O        5          6.396267                             -0.396267
     118     O        5          6.288917                             -0.288917
     119     O        5          5.873683                              0.126317
     120     O        5          6.252568                             -0.252568
     121     O        5          6.312381                             -0.312381
     122     O        5          6.294555                             -0.294555
     123     O        5          6.337217                             -0.337217
     124     O        5          6.290725                             -0.290725
     125     O        5          6.224609                             -0.224609
     126     O        5          6.425631                             -0.425631
     127     O        5          6.263437                             -0.263437
     128     O        5          6.224705                             -0.224705
     129     O        5          6.497904                             -0.497904
     130     O        5          6.407135                             -0.407135
     131     O        5          6.422151                             -0.422151
     132     O        5          6.335892                             -0.335892
     133     H        2          0.925542                              0.074458
     134     H        2          0.913037                              0.086963
     135     H        2          0.921750                              0.078250
     136     H        2          0.918230                              0.081770
     137     C        3          4.273466                             -0.273466
     138     C        3          4.178119                             -0.178119
     139     H        2          0.940320                              0.059680
     140     H        2          0.918347                              0.081653
     141     C        3          4.099200                             -0.099200
     142     C        3          4.128073                             -0.128073
     143     H        2          0.930477                              0.069523
     144     H        2          0.937863                              0.062137
     145     H        2          0.931557                              0.068443
     146     H        2          0.930291                              0.069709
     147     C        3          4.029138                             -0.029138
     148     N        4          4.821642                              0.178358
     149     C        3          3.928150                              0.071850
     150     C        3          3.994889                              0.005111
     151     H        2          0.954882                              0.045118
     152     N        4          4.853310                              0.146690
     153     C        3          4.160066                             -0.160066
     154     H        2          0.904113                              0.095887
     155     H        2          0.939726                              0.060274
     156     H        2          0.952873                              0.047127
     157     H        2          1.021476                             -0.021476
     158     O        5          5.355232                              0.644768
     159     N        4          4.419968                              0.580032
     160     S        6          7.189794                             -1.189794
     161     O        5          5.959661                              0.040339
     162     F        7          7.218176                             -0.218176
     163     C        3          3.606127                              0.393873
     164     F        7          6.963514                              0.036486
     165     F        7          6.871352                              0.128648
     166     C        3          3.787636                              0.212364
     167     F        7          7.325420                             -0.325420
     168     F        7          6.717817                              0.282183
     169     F        7          6.532905                              0.467095
     170     O        5          5.587149                              0.412851
     171     S        6          6.467754                             -0.467754
     172     O        5          6.437906                             -0.437906
 # Total charge                            716.000000                  0.000000

 !-----------------------------------------------------------------------------!

 !-----------------------------------------------------------------------------!
                           Hirshfeld Charges

  #Atom  Element  Kind  Ref Charge     Population                    Net charge
      1       Ti     1      12.000         13.670                        -1.670
      2       Ti     1      12.000         13.431                        -1.431
      3       Ti     1      12.000         13.497                        -1.497
      4       Ti     1      12.000         13.506                        -1.506
      5       Ti     1      12.000         13.418                        -1.418
      6       Ti     1      12.000         13.705                        -1.705
      7       Ti     1      12.000         13.486                        -1.486
      8       Ti     1      12.000         13.474                        -1.474
      9       H      2       1.000          0.547                         0.453
     10       H      2       1.000          0.544                         0.456
     11       H      2       1.000          0.541                         0.459
     12       H      2       1.000          0.551                         0.449
     13       H      2       1.000          0.534                         0.466
     14       H      2       1.000          0.494                         0.506
     15       H      2       1.000          0.560                         0.440
     16       H      2       1.000          0.541                         0.459
     17       H      2       1.000          0.528                         0.472
     18       H      2       1.000          0.544                         0.456
     19       H      2       1.000          0.544                         0.456
     20       H      2       1.000          0.545                         0.455
     21       H      2       1.000          0.410                         0.590
     22       H      2       1.000          0.432                         0.568
     23       H      2       1.000          0.439                         0.561
     24       H      2       1.000          0.419                         0.581
     25       H      2       1.000          0.552                         0.448
     26       H      2       1.000          0.556                         0.444
     27       H      2       1.000          0.537                         0.463
     28       H      2       1.000          0.536                         0.464
     29       H      2       1.000          0.533                         0.467
     30       H      2       1.000          0.532                         0.468
     31       H      2       1.000          0.481                         0.519
     32       H      2       1.000          0.462                         0.538
     33       H      2       1.000          0.463                         0.537
     34       H      2       1.000          0.624                         0.376
     35       H      2       1.000          0.484                         0.516
     36       H      2       1.000          0.478                         0.522
     37       H      2       1.000          0.480                         0.520
     38       H      2       1.000          0.471                         0.529
     39       H      2       1.000          0.474                         0.526
     40       H      2       1.000          0.459                         0.541
     41       H      2       1.000          0.479                         0.521
     42       H      2       1.000          0.458                         0.542
     43       C      3       4.000          3.466                         0.534
     44       C      3       4.000          3.449                         0.551
     45       C      3       4.000          3.476                         0.524
     46       C      3       4.000          3.467                         0.533
     47       C      3       4.000          4.012                        -0.012
     48       C      3       4.000          3.992                         0.008
     49       C      3       4.000          4.000                        -0.000
     50       C      3       4.000          3.983                         0.017
     51       C      3       4.000          3.921                         0.079
     52       C      3       4.000          4.449                        -0.449
     53       C      3       4.000          3.911                         0.089
     54       C      3       4.000          4.439                        -0.439
     55       C      3       4.000          4.445                        -0.445
     56       C      3       4.000          4.402                        -0.402
     57       C      3       4.000          4.419                        -0.419
     58       C      3       4.000          4.464                        -0.464
     59       C      3       4.000          4.023                        -0.023
     60       C      3       4.000          4.009                        -0.009
     61       C      3       4.000          4.022                        -0.022
     62       C      3       4.000          4.001                        -0.001
     63       C      3       4.000          3.964                         0.036
     64       C      3       4.000          4.034                        -0.034
     65       C      3       4.000          4.055                        -0.055
     66       C      3       4.000          3.909                         0.091
     67       C      3       4.000          3.483                         0.517
     68       C      3       4.000          3.521                         0.479
     69       C      3       4.000          3.495                         0.505
     70       C      3       4.000          3.461                         0.539
     71       C      3       4.000          3.526                         0.474
     72       C      3       4.000          3.443                         0.557
     73       C      3       4.000          3.351                         0.649
     74       C      3       4.000          3.607                         0.393
     75       C      3       4.000          3.861                         0.139
     76       C      3       4.000          4.441                        -0.441
     77       C      3       4.000          4.431                        -0.431
     78       C      3       4.000          4.490                        -0.490
     79       C      3       4.000          4.511                        -0.511
     80       C      3       4.000          4.410                        -0.410
     81       C      3       4.000          4.366                        -0.366
     82       C      3       4.000          4.209                        -0.209
     83       C      3       4.000          3.893                         0.107
     84       C      3       4.000          4.391                        -0.391
     85       C      3       4.000          4.375                        -0.375
     86       C      3       4.000          4.411                        -0.411
     87       C      3       4.000          4.026                        -0.026
     88       C      3       4.000          4.487                        -0.487
     89       C      3       4.000          4.407                        -0.407
     90       C      3       4.000          3.896                         0.104
     91       N      4       5.000          5.899                        -0.899
     92       N      4       5.000          5.781                        -0.781
     93       N      4       5.000          5.928                        -0.928
     94       N      4       5.000          5.792                        -0.792
     95       N      4       5.000          5.844                        -0.844
     96       N      4       5.000          5.859                        -0.859
     97       O      5       6.000          6.165                        -0.165
     98       O      5       6.000          6.103                        -0.103
     99       O      5       6.000          6.201                        -0.201
    100       O      5       6.000          6.141                        -0.141
    101       O      5       6.000          6.128                        -0.128
    102       O      5       6.000          6.123                        -0.123
    103       O      5       6.000          6.106                        -0.106
    104       O      5       6.000          6.095                        -0.095
    105       O      5       6.000          5.659                         0.341
    106       O      5       6.000          5.775                         0.225
    107       O      5       6.000          5.763                         0.237
    108       O      5       6.000          5.718                         0.282
    109       O      5       6.000          5.637                         0.363
    110       O      5       6.000          5.690                         0.310
    111       O      5       6.000          5.847                         0.153
    112       O      5       6.000          5.694                         0.306
    113       O      5       6.000          6.124                        -0.124
    114       O      5       6.000          6.162                        -0.162
    115       O      5       6.000          6.213                        -0.213
    116       O      5       6.000          6.112                        -0.112
    117       O      5       6.000          6.150                        -0.150
    118       O      5       6.000          6.156                        -0.156
    119       O      5       6.000          5.935                         0.065
    120       O      5       6.000          6.093                        -0.093
    121       O      5       6.000          6.073                        -0.073
    122       O      5       6.000          6.096                        -0.096
    123       O      5       6.000          6.192                        -0.192
    124       O      5       6.000          6.212                        -0.212
    125       O      5       6.000          5.993                         0.007
    126       O      5       6.000          6.190                        -0.190
    127       O      5       6.000          6.128                        -0.128
    128       O      5       6.000          6.093                        -0.093
    129       O      5       6.000          6.021                        -0.021
    130       O      5       6.000          6.036                        -0.036
    131       O      5       6.000          6.034                        -0.034
    132       O      5       6.000          5.841                         0.159
    133       H      2       1.000          0.562                         0.438
    134       H      2       1.000          0.561                         0.439
    135       H      2       1.000          0.561                         0.439
    136       H      2       1.000          0.566                         0.434
    137       C      3       4.000          5.309                        -1.309
    138       C      3       4.000          4.818                        -0.818
    139       H      2       1.000          0.515                         0.485
    140       H      2       1.000          0.558                         0.442
    141       C      3       4.000          4.416                        -0.416
    142       C      3       4.000          4.760                        -0.760
    143       H      2       1.000          0.567                         0.433
    144       H      2       1.000          0.515                         0.485
    145       H      2       1.000          0.523                         0.477
    146       H      2       1.000          0.543                         0.457
    147       C      3       4.000          4.167                        -0.167
    148       N      4       5.000          5.119                        -0.119
    149       C      3       4.000          4.032                        -0.032
    150       C      3       4.000          4.154                        -0.154
    151       H      2       1.000          0.513                         0.487
    152       N      4       5.000          5.162                        -0.162
    153       C      3       4.000          4.515                        -0.515
    154       H      2       1.000          0.515                         0.485
    155       H      2       1.000          0.507                         0.493
    156       H      2       1.000          0.497                         0.503
    157       H      2       1.000          0.520                         0.480
    158       O      5       6.000          6.254                        -0.254
    159       N      4       5.000          4.919                         0.081
    160       S      6       6.000          5.796                         0.204
    161       O      5       6.000          6.362                        -0.362
    162       F      7       7.000          7.384                        -0.384
    163       C      3       4.000          3.309                         0.691
    164       F      7       7.000          7.114                        -0.114
    165       F      7       7.000          7.088                        -0.088
    166       C      3       4.000          3.517                         0.483
    167       F      7       7.000          7.394                        -0.394
    168       F      7       7.000          7.047                        -0.047
    169       F      7       7.000          6.958                         0.042
    170       O      5       6.000          6.376                        -0.376
    171       S      6       6.000          5.431                         0.569
    172       O      5       6.000          6.449                        -0.449

  Total Charge                                                            0.097
 !-----------------------------------------------------------------------------!

 ENERGY| Total FORCE_EVAL ( QS ) energy [hartree]          -1714.385523260451009

 *******************************************************************************
 **                 BAND EVALUATION OF ENERGIES AND FORCES                    **
 *******************************************************************************
 **                                                                           **
 **                                                                           **
 ** Replica Env Nr. :    2              Replica Band Nr. :   10               **
 ** Band  Step  Nr. :    2                                                    **
 *******************************************************************************

 Number of electrons:                                                        716
 Number of occupied orbitals:                                                402
 Number of molecular orbitals:                                               458

 Number of orbital functions:                                               1948
 Number of independent orbital functions:                                   1948

 Parameters for the always stable predictor-corrector (ASPC) method:

  ASPC order: 3

  B(1) =   3.000000
  B(2) =  -3.428571
  B(3) =   1.928571
  B(4) =  -0.571429
  B(5) =   0.071429

 *** WARNING in fm/cp_fm_elpa.F:521 :: Setting real_kernel for ELPA failed ***


 Extrapolation method: ASPC


 SCF WAVEFUNCTION OPTIMIZATION

  Step     Update method      Time    Convergence         Total energy    Change
  ------------------------------------------------------------------------------

 *** WARNING in fm/cp_fm_elpa.F:521 :: Setting real_kernel for ELPA failed ***

     1 Broy./Diag. 0.15E+00    8.4     0.61619657     -1714.2716357570 -1.71E+03

 *** WARNING in fm/cp_fm_elpa.F:521 :: Setting real_kernel for ELPA failed ***

     2 Broy./Diag. 0.15E+00   12.7     0.67138452     -1710.5392380822  3.73E+00

 *** WARNING in fm/cp_fm_elpa.F:521 :: Setting real_kernel for ELPA failed ***

     3 Broy./Diag. 0.15E+00   12.9     0.26661266     -1715.4988590442 -4.96E+00

 *** WARNING in fm/cp_fm_elpa.F:521 :: Setting real_kernel for ELPA failed ***

     4 Broy./Diag. 0.15E+00   12.9     0.12286751     -1713.6858374418  1.81E+00

 *** WARNING in fm/cp_fm_elpa.F:521 :: Setting real_kernel for ELPA failed ***

     5 Broy./Diag. 0.15E+00   13.6     0.12408864     -1713.7161595894 -3.03E-02

 *** WARNING in fm/cp_fm_elpa.F:521 :: Setting real_kernel for ELPA failed ***

     6 Broy./Diag. 0.15E+00   13.4     0.11922858     -1713.4945642726  2.22E-01

 *** WARNING in fm/cp_fm_elpa.F:521 :: Setting real_kernel for ELPA failed ***

     7 Broy./Diag. 0.15E+00   13.8     0.06349170     -1714.0847492891 -5.90E-01

 *** WARNING in fm/cp_fm_elpa.F:521 :: Setting real_kernel for ELPA failed ***

     8 Broy./Diag. 0.15E+00   14.0     0.04601010     -1714.4628716339 -3.78E-01

 *** WARNING in fm/cp_fm_elpa.F:521 :: Setting real_kernel for ELPA failed ***

     9 Broy./Diag. 0.15E+00   13.5     0.00942706     -1714.3157595811  1.47E-01

 *** WARNING in fm/cp_fm_elpa.F:521 :: Setting real_kernel for ELPA failed ***

    10 Broy./Diag. 0.15E+00   13.6     0.01186585     -1714.4309931466 -1.15E-01

 *** WARNING in fm/cp_fm_elpa.F:521 :: Setting real_kernel for ELPA failed ***

    11 Broy./Diag. 0.15E+00   13.8     0.01212016     -1714.4712041183 -4.02E-02

 *** WARNING in fm/cp_fm_elpa.F:521 :: Setting real_kernel for ELPA failed ***

    12 Broy./Diag. 0.15E+00   13.7     0.00704510     -1714.4510828240  2.01E-02

 *** WARNING in fm/cp_fm_elpa.F:521 :: Setting real_kernel for ELPA failed ***

    13 Broy./Diag. 0.15E+00   14.3     0.00344201     -1714.4518046778 -7.22E-04

 *** WARNING in fm/cp_fm_elpa.F:521 :: Setting real_kernel for ELPA failed ***

    14 Broy./Diag. 0.15E+00   13.6     0.00554037     -1714.4328693352  1.89E-02

 *** WARNING in fm/cp_fm_elpa.F:521 :: Setting real_kernel for ELPA failed ***

    15 Broy./Diag. 0.15E+00   13.5     0.00318879     -1714.4025936108  3.03E-02

 *** WARNING in fm/cp_fm_elpa.F:521 :: Setting real_kernel for ELPA failed ***

    16 Broy./Diag. 0.15E+00   14.0     0.00095520     -1714.4047241280 -2.13E-03

 *** WARNING in fm/cp_fm_elpa.F:521 :: Setting real_kernel for ELPA failed ***

    17 Broy./Diag. 0.15E+00   13.9     0.00107583     -1714.3950687124  9.66E-03

 *** WARNING in fm/cp_fm_elpa.F:521 :: Setting real_kernel for ELPA failed ***

    18 Broy./Diag. 0.15E+00   13.5     0.00112978     -1714.3871958489  7.87E-03

 *** WARNING in fm/cp_fm_elpa.F:521 :: Setting real_kernel for ELPA failed ***

    19 Broy./Diag. 0.15E+00   13.3     0.00083863     -1714.3874242543 -2.28E-04

 *** WARNING in fm/cp_fm_elpa.F:521 :: Setting real_kernel for ELPA failed ***

    20 Broy./Diag. 0.15E+00   13.2     0.00086316     -1714.3832754777  4.15E-03

 *** WARNING in fm/cp_fm_elpa.F:521 :: Setting real_kernel for ELPA failed ***

    21 Broy./Diag. 0.15E+00   13.5     0.00069009     -1714.3809119907  2.36E-03

 *** WARNING in fm/cp_fm_elpa.F:521 :: Setting real_kernel for ELPA failed ***

    22 Broy./Diag. 0.15E+00   13.5     0.00022928     -1714.3838295878 -2.92E-03

 *** WARNING in fm/cp_fm_elpa.F:521 :: Setting real_kernel for ELPA failed ***

    23 Broy./Diag. 0.15E+00   13.9     0.00030145     -1714.3832580436  5.72E-04

 *** WARNING in fm/cp_fm_elpa.F:521 :: Setting real_kernel for ELPA failed ***

    24 Broy./Diag. 0.15E+00   13.5     0.00034754     -1714.3834215600 -1.64E-04

 *** WARNING in fm/cp_fm_elpa.F:521 :: Setting real_kernel for ELPA failed ***

    25 Broy./Diag. 0.15E+00   13.7     0.00023455     -1714.3850412285 -1.62E-03

 *** WARNING in fm/cp_fm_elpa.F:521 :: Setting real_kernel for ELPA failed ***

    26 Broy./Diag. 0.15E+00   13.6     0.00028746     -1714.3847506707  2.91E-04

 *** WARNING in fm/cp_fm_elpa.F:521 :: Setting real_kernel for ELPA failed ***

    27 Broy./Diag. 0.15E+00   13.5     0.00026884     -1714.3846899995  6.07E-05

 *** WARNING in fm/cp_fm_elpa.F:521 :: Setting real_kernel for ELPA failed ***

    28 Broy./Diag. 0.15E+00   13.8     0.00006897     -1714.3861410150 -1.45E-03

 *** WARNING in fm/cp_fm_elpa.F:521 :: Setting real_kernel for ELPA failed ***

    29 Broy./Diag. 0.15E+00   13.5     0.00012778     -1714.3857870019  3.54E-04

 *** WARNING in fm/cp_fm_elpa.F:521 :: Setting real_kernel for ELPA failed ***

    30 Broy./Diag. 0.15E+00   13.7     0.00011154     -1714.3858683061 -8.13E-05

 *** WARNING in fm/cp_fm_elpa.F:521 :: Setting real_kernel for ELPA failed ***

    31 Broy./Diag. 0.15E+00   13.4     0.00010161     -1714.3861824399 -3.14E-04

 *** WARNING in fm/cp_fm_elpa.F:521 :: Setting real_kernel for ELPA failed ***

    32 Broy./Diag. 0.15E+00   13.4     0.00008618     -1714.3858442709  3.38E-04

 *** WARNING in fm/cp_fm_elpa.F:521 :: Setting real_kernel for ELPA failed ***

    33 Broy./Diag. 0.15E+00   13.5     0.00008158     -1714.3857477822  9.65E-05

 *** WARNING in fm/cp_fm_elpa.F:521 :: Setting real_kernel for ELPA failed ***

    34 Broy./Diag. 0.15E+00   13.4     0.00002904     -1714.3860404736 -2.93E-04

  *** SCF run converged in    34 steps ***


  Electronic density on regular grids:       -715.9999999245        0.0000000755
  Core density on regular grids:              715.9999999655       -0.0000000345
  Total charge density on r-space grids:        0.0000000410
  Total charge density g-space grids:           0.0000000410

  Overlap energy of the core charge distribution:               0.00401659821138
  Self energy of the core charge distribution:              -4016.67387185402686
  Core Hamiltonian energy:                                   1167.72279311085776
  Hartree energy:                                            1511.81215441719178
  Exchange-correlation energy:                               -376.95066280260255
  Dispersion energy:                                           -0.26727498641635
  Electronic entropic energy:                                  -0.03319516186653
  Fermi energy:                                                 0.00957998609651

  Total energy:                                             -1714.38604047357421

 !-----------------------------------------------------------------------------!
                     Mulliken Population Analysis

 #  Atom  Element  Kind  Atomic population                           Net charge
       1     Ti       1         11.180597                              0.819403
       2     Ti       1         11.052621                              0.947379
       3     Ti       1         11.021612                              0.978388
       4     Ti       1         11.049125                              0.950875
       5     Ti       1         11.067242                              0.932758
       6     Ti       1         11.448615                              0.551385
       7     Ti       1         11.033963                              0.966037
       8     Ti       1         11.029786                              0.970214
       9     H        2          0.934612                              0.065388
      10     H        2          0.946591                              0.053409
      11     H        2          0.945166                              0.054834
      12     H        2          0.946022                              0.053978
      13     H        2          0.950995                              0.049005
      14     H        2          0.917433                              0.082567
      15     H        2          0.940860                              0.059140
      16     H        2          0.938763                              0.061237
      17     H        2          0.922676                              0.077324
      18     H        2          0.927964                              0.072036
      19     H        2          0.932634                              0.067366
      20     H        2          0.943900                              0.056100
      21     H        2          0.819293                              0.180707
      22     H        2          0.873533                              0.126467
      23     H        2          0.946899                              0.053101
      24     H        2          0.830421                              0.169579
      25     H        2          0.935883                              0.064117
      26     H        2          0.944388                              0.055612
      27     H        2          0.940525                              0.059475
      28     H        2          0.933118                              0.066882
      29     H        2          0.936820                              0.063180
      30     H        2          0.929906                              0.070094
      31     H        2          0.888583                              0.111417
      32     H        2          0.890358                              0.109642
      33     H        2          0.883711                              0.116289
      34     H        2          0.782248                              0.217752
      35     H        2          0.886889                              0.113111
      36     H        2          0.927080                              0.072920
      37     H        2          0.894848                              0.105152
      38     H        2          0.897027                              0.102973
      39     H        2          0.879405                              0.120595
      40     H        2          0.884081                              0.115919
      41     H        2          0.883338                              0.116662
      42     H        2          0.887156                              0.112844
      43     C        3          3.773990                              0.226010
      44     C        3          3.779150                              0.220850
      45     C        3          3.776008                              0.223992
      46     C        3          3.777989                              0.222011
      47     C        3          4.104840                             -0.104840
      48     C        3          4.095541                             -0.095541
      49     C        3          4.070202                             -0.070202
      50     C        3          4.050560                             -0.050560
      51     C        3          3.955677                              0.044323
      52     C        3          4.026690                             -0.026690
      53     C        3          3.979694                              0.020306
      54     C        3          4.041793                             -0.041793
      55     C        3          4.047163                             -0.047163
      56     C        3          4.024035                             -0.024035
      57     C        3          4.006929                             -0.006929
      58     C        3          4.033177                             -0.033177
      59     C        3          4.054005                             -0.054005
      60     C        3          4.030469                             -0.030469
      61     C        3          4.125324                             -0.125324
      62     C        3          4.099683                             -0.099683
      63     C        3          4.084423                             -0.084423
      64     C        3          4.093864                             -0.093864
      65     C        3          4.166183                             -0.166183
      66     C        3          3.820057                              0.179943
      67     C        3          3.784077                              0.215923
      68     C        3          3.807883                              0.192117
      69     C        3          3.808471                              0.191529
      70     C        3          3.785362                              0.214638
      71     C        3          3.788468                              0.211532
      72     C        3          3.852306                              0.147694
      73     C        3          3.653626                              0.346374
      74     C        3          3.797000                              0.203000
      75     C        3          3.978899                              0.021101
      76     C        3          4.049009                             -0.049009
      77     C        3          4.012362                             -0.012362
      78     C        3          4.062039                             -0.062039
      79     C        3          4.043611                             -0.043611
      80     C        3          4.015369                             -0.015369
      81     C        3          4.108772                             -0.108772
      82     C        3          4.026733                             -0.026733
      83     C        3          3.941217                              0.058783
      84     C        3          3.996137                              0.003863
      85     C        3          4.010172                             -0.010172
      86     C        3          4.046102                             -0.046102
      87     C        3          4.057064                             -0.057064
      88     C        3          4.107238                             -0.107238
      89     C        3          4.021953                             -0.021953
      90     C        3          3.899740                              0.100260
      91     N        4          5.027621                             -0.027621
      92     N        4          5.313925                             -0.313925
      93     N        4          5.009476                             -0.009476
      94     N        4          5.014654                             -0.014654
      95     N        4          5.020459                             -0.020459
      96     N        4          5.028175                             -0.028175
      97     O        5          6.325460                             -0.325460
      98     O        5          6.279514                             -0.279514
      99     O        5          6.344058                             -0.344058
     100     O        5          6.286273                             -0.286273
     101     O        5          6.292023                             -0.292023
     102     O        5          6.279167                             -0.279167
     103     O        5          6.296016                             -0.296016
     104     O        5          6.269683                             -0.269683
     105     O        5          6.426119                             -0.426119
     106     O        5          6.481633                             -0.481633
     107     O        5          6.517964                             -0.517964
     108     O        5          6.456795                             -0.456795
     109     O        5          6.367043                             -0.367043
     110     O        5          6.455827                             -0.455827
     111     O        5          6.489983                             -0.489983
     112     O        5          6.464494                             -0.464494
     113     O        5          6.333680                             -0.333680
     114     O        5          6.297749                             -0.297749
     115     O        5          6.343518                             -0.343518
     116     O        5          6.306062                             -0.306062
     117     O        5          6.396275                             -0.396275
     118     O        5          6.288916                             -0.288916
     119     O        5          5.873690                              0.126310
     120     O        5          6.252568                             -0.252568
     121     O        5          6.312379                             -0.312379
     122     O        5          6.294553                             -0.294553
     123     O        5          6.337211                             -0.337211
     124     O        5          6.290725                             -0.290725
     125     O        5          6.224615                             -0.224615
     126     O        5          6.425636                             -0.425636
     127     O        5          6.263435                             -0.263435
     128     O        5          6.224693                             -0.224693
     129     O        5          6.497899                             -0.497899
     130     O        5          6.407129                             -0.407129
     131     O        5          6.422137                             -0.422137
     132     O        5          6.335888                             -0.335888
     133     H        2          0.925549                              0.074451
     134     H        2          0.913043                              0.086957
     135     H        2          0.921759                              0.078241
     136     H        2          0.918231                              0.081769
     137     C        3          4.273467                             -0.273467
     138     C        3          4.178122                             -0.178122
     139     H        2          0.940320                              0.059680
     140     H        2          0.918363                              0.081637
     141     C        3          4.099204                             -0.099204
     142     C        3          4.128081                             -0.128081
     143     H        2          0.930483                              0.069517
     144     H        2          0.937862                              0.062138
     145     H        2          0.931559                              0.068441
     146     H        2          0.930291                              0.069709
     147     C        3          4.029134                             -0.029134
     148     N        4          4.821645                              0.178355
     149     C        3          3.928155                              0.071845
     150     C        3          3.994883                              0.005117
     151     H        2          0.954883                              0.045117
     152     N        4          4.853306                              0.146694
     153     C        3          4.160064                             -0.160064
     154     H        2          0.904111                              0.095889
     155     H        2          0.939725                              0.060275
     156     H        2          0.952870                              0.047130
     157     H        2          1.021475                             -0.021475
     158     O        5          5.355239                              0.644761
     159     N        4          4.419982                              0.580018
     160     S        6          7.189781                             -1.189781
     161     O        5          5.959665                              0.040335
     162     F        7          7.218189                             -0.218189
     163     C        3          3.606140                              0.393860
     164     F        7          6.963513                              0.036487
     165     F        7          6.871371                              0.128629
     166     C        3          3.787630                              0.212370
     167     F        7          7.325436                             -0.325436
     168     F        7          6.717847                              0.282153
     169     F        7          6.532906                              0.467094
     170     O        5          5.587161                              0.412839
     171     S        6          6.467751                             -0.467751
     172     O        5          6.437938                             -0.437938
 # Total charge                            716.000000                  0.000000

 !-----------------------------------------------------------------------------!

 !-----------------------------------------------------------------------------!
                           Hirshfeld Charges

  #Atom  Element  Kind  Ref Charge     Population                    Net charge
      1       Ti     1      12.000         13.670                        -1.670
      2       Ti     1      12.000         13.431                        -1.431
      3       Ti     1      12.000         13.497                        -1.497
      4       Ti     1      12.000         13.506                        -1.506
      5       Ti     1      12.000         13.418                        -1.418
      6       Ti     1      12.000         13.705                        -1.705
      7       Ti     1      12.000         13.486                        -1.486
      8       Ti     1      12.000         13.474                        -1.474
      9       H      2       1.000          0.547                         0.453
     10       H      2       1.000          0.544                         0.456
     11       H      2       1.000          0.541                         0.459
     12       H      2       1.000          0.551                         0.449
     13       H      2       1.000          0.534                         0.466
     14       H      2       1.000          0.494                         0.506
     15       H      2       1.000          0.560                         0.440
     16       H      2       1.000          0.541                         0.459
     17       H      2       1.000          0.528                         0.472
     18       H      2       1.000          0.544                         0.456
     19       H      2       1.000          0.544                         0.456
     20       H      2       1.000          0.545                         0.455
     21       H      2       1.000          0.410                         0.590
     22       H      2       1.000          0.432                         0.568
     23       H      2       1.000          0.439                         0.561
     24       H      2       1.000          0.419                         0.581
     25       H      2       1.000          0.552                         0.448
     26       H      2       1.000          0.556                         0.444
     27       H      2       1.000          0.537                         0.463
     28       H      2       1.000          0.536                         0.464
     29       H      2       1.000          0.533                         0.467
     30       H      2       1.000          0.532                         0.468
     31       H      2       1.000          0.481                         0.519
     32       H      2       1.000          0.462                         0.538
     33       H      2       1.000          0.463                         0.537
     34       H      2       1.000          0.624                         0.376
     35       H      2       1.000          0.484                         0.516
     36       H      2       1.000          0.478                         0.522
     37       H      2       1.000          0.480                         0.520
     38       H      2       1.000          0.471                         0.529
     39       H      2       1.000          0.474                         0.526
     40       H      2       1.000          0.459                         0.541
     41       H      2       1.000          0.479                         0.521
     42       H      2       1.000          0.458                         0.542
     43       C      3       4.000          3.466                         0.534
     44       C      3       4.000          3.449                         0.551
     45       C      3       4.000          3.476                         0.524
     46       C      3       4.000          3.467                         0.533
     47       C      3       4.000          4.012                        -0.012
     48       C      3       4.000          3.992                         0.008
     49       C      3       4.000          4.000                        -0.000
     50       C      3       4.000          3.983                         0.017
     51       C      3       4.000          3.921                         0.079
     52       C      3       4.000          4.449                        -0.449
     53       C      3       4.000          3.911                         0.089
     54       C      3       4.000          4.439                        -0.439
     55       C      3       4.000          4.445                        -0.445
     56       C      3       4.000          4.402                        -0.402
     57       C      3       4.000          4.419                        -0.419
     58       C      3       4.000          4.464                        -0.464
     59       C      3       4.000          4.023                        -0.023
     60       C      3       4.000          4.009                        -0.009
     61       C      3       4.000          4.022                        -0.022
     62       C      3       4.000          4.001                        -0.001
     63       C      3       4.000          3.964                         0.036
     64       C      3       4.000          4.034                        -0.034
     65       C      3       4.000          4.055                        -0.055
     66       C      3       4.000          3.909                         0.091
     67       C      3       4.000          3.483                         0.517
     68       C      3       4.000          3.521                         0.479
     69       C      3       4.000          3.495                         0.505
     70       C      3       4.000          3.461                         0.539
     71       C      3       4.000          3.526                         0.474
     72       C      3       4.000          3.443                         0.557
     73       C      3       4.000          3.351                         0.649
     74       C      3       4.000          3.607                         0.393
     75       C      3       4.000          3.861                         0.139
     76       C      3       4.000          4.441                        -0.441
     77       C      3       4.000          4.431                        -0.431
     78       C      3       4.000          4.490                        -0.490
     79       C      3       4.000          4.511                        -0.511
     80       C      3       4.000          4.410                        -0.410
     81       C      3       4.000          4.366                        -0.366
     82       C      3       4.000          4.209                        -0.209
     83       C      3       4.000          3.893                         0.107
     84       C      3       4.000          4.391                        -0.391
     85       C      3       4.000          4.375                        -0.375
     86       C      3       4.000          4.411                        -0.411
     87       C      3       4.000          4.026                        -0.026
     88       C      3       4.000          4.487                        -0.487
     89       C      3       4.000          4.407                        -0.407
     90       C      3       4.000          3.896                         0.104
     91       N      4       5.000          5.899                        -0.899
     92       N      4       5.000          5.781                        -0.781
     93       N      4       5.000          5.928                        -0.928
     94       N      4       5.000          5.792                        -0.792
     95       N      4       5.000          5.844                        -0.844
     96       N      4       5.000          5.859                        -0.859
     97       O      5       6.000          6.165                        -0.165
     98       O      5       6.000          6.103                        -0.103
     99       O      5       6.000          6.201                        -0.201
    100       O      5       6.000          6.141                        -0.141
    101       O      5       6.000          6.128                        -0.128
    102       O      5       6.000          6.123                        -0.123
    103       O      5       6.000          6.106                        -0.106
    104       O      5       6.000          6.095                        -0.095
    105       O      5       6.000          5.659                         0.341
    106       O      5       6.000          5.775                         0.225
    107       O      5       6.000          5.763                         0.237
    108       O      5       6.000          5.718                         0.282
    109       O      5       6.000          5.637                         0.363
    110       O      5       6.000          5.690                         0.310
    111       O      5       6.000          5.847                         0.153
    112       O      5       6.000          5.694                         0.306
    113       O      5       6.000          6.124                        -0.124
    114       O      5       6.000          6.162                        -0.162
    115       O      5       6.000          6.213                        -0.213
    116       O      5       6.000          6.112                        -0.112
    117       O      5       6.000          6.150                        -0.150
    118       O      5       6.000          6.156                        -0.156
    119       O      5       6.000          5.935                         0.065
    120       O      5       6.000          6.093                        -0.093
    121       O      5       6.000          6.073                        -0.073
    122       O      5       6.000          6.096                        -0.096
    123       O      5       6.000          6.192                        -0.192
    124       O      5       6.000          6.212                        -0.212
    125       O      5       6.000          5.993                         0.007
    126       O      5       6.000          6.190                        -0.190
    127       O      5       6.000          6.128                        -0.128
    128       O      5       6.000          6.093                        -0.093
    129       O      5       6.000          6.021                        -0.021
    130       O      5       6.000          6.036                        -0.036
    131       O      5       6.000          6.034                        -0.034
    132       O      5       6.000          5.841                         0.159
    133       H      2       1.000          0.562                         0.438
    134       H      2       1.000          0.561                         0.439
    135       H      2       1.000          0.561                         0.439
    136       H      2       1.000          0.566                         0.434
    137       C      3       4.000          5.309                        -1.309
    138       C      3       4.000          4.818                        -0.818
    139       H      2       1.000          0.515                         0.485
    140       H      2       1.000          0.558                         0.442
    141       C      3       4.000          4.416                        -0.416
    142       C      3       4.000          4.760                        -0.760
    143       H      2       1.000          0.567                         0.433
    144       H      2       1.000          0.515                         0.485
    145       H      2       1.000          0.523                         0.477
    146       H      2       1.000          0.543                         0.457
    147       C      3       4.000          4.167                        -0.167
    148       N      4       5.000          5.119                        -0.119
    149       C      3       4.000          4.032                        -0.032
    150       C      3       4.000          4.154                        -0.154
    151       H      2       1.000          0.513                         0.487
    152       N      4       5.000          5.162                        -0.162
    153       C      3       4.000          4.515                        -0.515
    154       H      2       1.000          0.515                         0.485
    155       H      2       1.000          0.507                         0.493
    156       H      2       1.000          0.497                         0.503
    157       H      2       1.000          0.520                         0.480
    158       O      5       6.000          6.254                        -0.254
    159       N      4       5.000          4.919                         0.081
    160       S      6       6.000          5.796                         0.204
    161       O      5       6.000          6.362                        -0.362
    162       F      7       7.000          7.384                        -0.384
    163       C      3       4.000          3.309                         0.691
    164       F      7       7.000          7.114                        -0.114
    165       F      7       7.000          7.088                        -0.088
    166       C      3       4.000          3.517                         0.483
    167       F      7       7.000          7.395                        -0.395
    168       F      7       7.000          7.047                        -0.047
    169       F      7       7.000          6.958                         0.042
    170       O      5       6.000          6.376                        -0.376
    171       S      6       6.000          5.431                         0.569
    172       O      5       6.000          6.449                        -0.449

  Total Charge                                                            0.097
 !-----------------------------------------------------------------------------!

 ENERGY| Total FORCE_EVAL ( QS ) energy [hartree]          -1714.385523277405127
 *******************************************************************************
 RMS DISPLACEMENT =   0.03113     [ 0.00010]                               ( NO)
 MAX DISPLACEMENT =   0.35649     [ 0.00020]                               ( NO)
 RMS FORCE        =   0.28485     [ 0.00030]                               ( NO)
 MAX FORCE        =   2.65244     [ 0.00045]                               ( NO)
 *******************************************************************************

 *******************************************************************************
 **                 BAND EVALUATION OF ENERGIES AND FORCES                    **
 *******************************************************************************
 **                                                                           **
 **                                                                           **
 ** Replica Env Nr. :    2              Replica Band Nr. :   10               **
 ** Band  Step  Nr. :    3                                                    **
 *******************************************************************************

 Number of electrons:                                                        716
 Number of occupied orbitals:                                                401
 Number of molecular orbitals:                                               458

 Number of orbital functions:                                               1948
 Number of independent orbital functions:                                   1948

 Parameters for the always stable predictor-corrector (ASPC) method:

  ASPC order: 3

  B(1) =   3.000000
  B(2) =  -3.428571
  B(3) =   1.928571
  B(4) =  -0.571429
  B(5) =   0.071429

 *** WARNING in fm/cp_fm_elpa.F:521 :: Setting real_kernel for ELPA failed ***


 Extrapolation method: ASPC


 SCF WAVEFUNCTION OPTIMIZATION

  Step     Update method      Time    Convergence         Total energy    Change
  ------------------------------------------------------------------------------

 *** WARNING in fm/cp_fm_elpa.F:521 :: Setting real_kernel for ELPA failed ***

     1 Broy./Diag. 0.15E+00    8.2     1.32327522     -1715.6010141775 -1.72E+03

 *** WARNING in fm/cp_fm_elpa.F:521 :: Setting real_kernel for ELPA failed ***

     2 Broy./Diag. 0.15E+00   12.9     0.82242976     -1707.1047968994  8.50E+00

 *** WARNING in fm/cp_fm_elpa.F:521 :: Setting real_kernel for ELPA failed ***

     3 Broy./Diag. 0.15E+00   13.4     0.50483019     -1715.7373690479 -8.63E+00

 *** WARNING in fm/cp_fm_elpa.F:521 :: Setting real_kernel for ELPA failed ***

     4 Broy./Diag. 0.15E+00   13.6     0.29261415     -1712.6061301368  3.13E+00

 *** WARNING in fm/cp_fm_elpa.F:521 :: Setting real_kernel for ELPA failed ***

     5 Broy./Diag. 0.15E+00   14.1     0.56935502     -1715.0514246286 -2.45E+00

 *** WARNING in fm/cp_fm_elpa.F:521 :: Setting real_kernel for ELPA failed ***

     6 Broy./Diag. 0.15E+00   14.0     0.41324619     -1714.0876628308  9.64E-01

 *** WARNING in fm/cp_fm_elpa.F:521 :: Setting real_kernel for ELPA failed ***

     7 Broy./Diag. 0.15E+00   14.0     0.06826472     -1715.9648619771 -1.88E+00

 *** WARNING in fm/cp_fm_elpa.F:521 :: Setting real_kernel for ELPA failed ***

     8 Broy./Diag. 0.15E+00   14.1     0.07525356     -1716.1835958002 -2.19E-01

 *** WARNING in fm/cp_fm_elpa.F:521 :: Setting real_kernel for ELPA failed ***

     9 Broy./Diag. 0.15E+00   13.8     0.06302631     -1716.6445568059 -4.61E-01

 *** WARNING in fm/cp_fm_elpa.F:521 :: Setting real_kernel for ELPA failed ***

    10 Broy./Diag. 0.15E+00   14.9     0.02868932     -1716.7379269573 -9.34E-02

 *** WARNING in fm/cp_fm_elpa.F:521 :: Setting real_kernel for ELPA failed ***

    11 Broy./Diag. 0.15E+00   13.9     0.03089806     -1716.9103419879 -1.72E-01

 *** WARNING in fm/cp_fm_elpa.F:521 :: Setting real_kernel for ELPA failed ***

    12 Broy./Diag. 0.15E+00   13.9     0.03611369     -1716.7147673331  1.96E-01

 *** WARNING in fm/cp_fm_elpa.F:521 :: Setting real_kernel for ELPA failed ***

    13 Broy./Diag. 0.15E+00   14.0     0.01477464     -1716.8668529606 -1.52E-01

 *** WARNING in fm/cp_fm_elpa.F:521 :: Setting real_kernel for ELPA failed ***

    14 Broy./Diag. 0.15E+00   14.1     0.00858176     -1716.7673160122  9.95E-02

 *** WARNING in fm/cp_fm_elpa.F:521 :: Setting real_kernel for ELPA failed ***

    15 Broy./Diag. 0.15E+00   14.5     0.00622215     -1716.7195821523  4.77E-02

 *** WARNING in fm/cp_fm_elpa.F:521 :: Setting real_kernel for ELPA failed ***

    16 Broy./Diag. 0.15E+00   14.5     0.00379970     -1716.6718997105  4.77E-02

 *** WARNING in fm/cp_fm_elpa.F:521 :: Setting real_kernel for ELPA failed ***

    17 Broy./Diag. 0.15E+00   14.6     0.00277715     -1716.6459535878  2.59E-02

 *** WARNING in fm/cp_fm_elpa.F:521 :: Setting real_kernel for ELPA failed ***

    18 Broy./Diag. 0.15E+00   14.2     0.00739498     -1716.6016104964  4.43E-02

 *** WARNING in fm/cp_fm_elpa.F:521 :: Setting real_kernel for ELPA failed ***

    19 Broy./Diag. 0.15E+00   13.7     0.00512004     -1716.6328205108 -3.12E-02

 *** WARNING in fm/cp_fm_elpa.F:521 :: Setting real_kernel for ELPA failed ***

    20 Broy./Diag. 0.15E+00   14.6     0.00143391     -1716.5958351570  3.70E-02

 *** WARNING in fm/cp_fm_elpa.F:521 :: Setting real_kernel for ELPA failed ***

    21 Broy./Diag. 0.15E+00   14.9     0.00156914     -1716.5916352843  4.20E-03

 *** WARNING in fm/cp_fm_elpa.F:521 :: Setting real_kernel for ELPA failed ***

    22 Broy./Diag. 0.15E+00   14.5     0.00105221     -1716.5892072931  2.43E-03

 *** WARNING in fm/cp_fm_elpa.F:521 :: Setting real_kernel for ELPA failed ***

    23 Broy./Diag. 0.15E+00   14.3     0.00066597     -1716.5940143011 -4.81E-03

 *** WARNING in fm/cp_fm_elpa.F:521 :: Setting real_kernel for ELPA failed ***

    24 Broy./Diag. 0.15E+00   13.7     0.00125259     -1716.5937554856  2.59E-04

 *** WARNING in fm/cp_fm_elpa.F:521 :: Setting real_kernel for ELPA failed ***

    25 Broy./Diag. 0.15E+00   13.5     0.00149684     -1716.6040146220 -1.03E-02

 *** WARNING in fm/cp_fm_elpa.F:521 :: Setting real_kernel for ELPA failed ***

    26 Broy./Diag. 0.15E+00   14.1     0.00079676     -1716.5991282164  4.89E-03

 *** WARNING in fm/cp_fm_elpa.F:521 :: Setting real_kernel for ELPA failed ***

    27 Broy./Diag. 0.15E+00   13.8     0.00074928     -1716.6052964188 -6.17E-03

 *** WARNING in fm/cp_fm_elpa.F:521 :: Setting real_kernel for ELPA failed ***

    28 Broy./Diag. 0.15E+00   14.1     0.00039295     -1716.6075686526 -2.27E-03

 *** WARNING in fm/cp_fm_elpa.F:521 :: Setting real_kernel for ELPA failed ***

    29 Broy./Diag. 0.15E+00   13.8     0.00029229     -1716.6107257665 -3.16E-03

 *** WARNING in fm/cp_fm_elpa.F:521 :: Setting real_kernel for ELPA failed ***

    30 Broy./Diag. 0.15E+00   13.5     0.00034002     -1716.6105761981  1.50E-04

 *** WARNING in fm/cp_fm_elpa.F:521 :: Setting real_kernel for ELPA failed ***

    31 Broy./Diag. 0.15E+00   13.5     0.00058207     -1716.6132512763 -2.68E-03

 *** WARNING in fm/cp_fm_elpa.F:521 :: Setting real_kernel for ELPA failed ***

    32 Broy./Diag. 0.15E+00   13.3     0.00051626     -1716.6106482831  2.60E-03

 *** WARNING in fm/cp_fm_elpa.F:521 :: Setting real_kernel for ELPA failed ***

    33 Broy./Diag. 0.15E+00   13.4     0.00026163     -1716.6123685391 -1.72E-03

 *** WARNING in fm/cp_fm_elpa.F:521 :: Setting real_kernel for ELPA failed ***

    34 Broy./Diag. 0.15E+00   13.4     0.00015312     -1716.6123171031  5.14E-05

 *** WARNING in fm/cp_fm_elpa.F:521 :: Setting real_kernel for ELPA failed ***

    35 Broy./Diag. 0.15E+00   13.2     0.00017462     -1716.6125517214 -2.35E-04

 *** WARNING in fm/cp_fm_elpa.F:521 :: Setting real_kernel for ELPA failed ***

    36 Broy./Diag. 0.15E+00   13.1     0.00013092     -1716.6118410071  7.11E-04

 *** WARNING in fm/cp_fm_elpa.F:521 :: Setting real_kernel for ELPA failed ***

    37 Broy./Diag. 0.15E+00   13.1     0.00013523     -1716.6122958652 -4.55E-04

 *** WARNING in fm/cp_fm_elpa.F:521 :: Setting real_kernel for ELPA failed ***

    38 Broy./Diag. 0.15E+00   13.0     0.00025515     -1716.6114614922  8.34E-04

 *** WARNING in fm/cp_fm_elpa.F:521 :: Setting real_kernel for ELPA failed ***

    39 Broy./Diag. 0.15E+00   13.4     0.00011379     -1716.6121048429 -6.43E-04

 *** WARNING in fm/cp_fm_elpa.F:521 :: Setting real_kernel for ELPA failed ***

    40 Broy./Diag. 0.15E+00   14.0     0.00009919     -1716.6118312531  2.74E-04

 *** WARNING in fm/cp_fm_elpa.F:521 :: Setting real_kernel for ELPA failed ***

    41 Broy./Diag. 0.15E+00   13.5     0.00007886     -1716.6117449207  8.63E-05

 *** WARNING in fm/cp_fm_elpa.F:521 :: Setting real_kernel for ELPA failed ***

    42 Broy./Diag. 0.15E+00   13.4     0.00004401     -1716.6114930991  2.52E-04

  *** SCF run converged in    42 steps ***


  Electronic density on regular grids:       -715.9999999251        0.0000000749
  Core density on regular grids:              715.9999999656       -0.0000000344
  Total charge density on r-space grids:        0.0000000405
  Total charge density g-space grids:           0.0000000405

  Overlap energy of the core charge distribution:               0.00030086684244
  Self energy of the core charge distribution:              -4016.67387185402686
  Core Hamiltonian energy:                                   1160.99912224428454
  Hartree energy:                                            1515.19888855365502
  Exchange-correlation energy:                               -375.83302869764270
  Dispersion energy:                                           -0.26769556565639
  Electronic entropic energy:                                  -0.03520841047058
  Fermi energy:                                                 0.00444589819306

  Total energy:                                             -1716.61149309914686

 !-----------------------------------------------------------------------------!
                     Mulliken Population Analysis

 #  Atom  Element  Kind  Atomic population                           Net charge
       1     Ti       1         11.168353                              0.831647
       2     Ti       1         11.064911                              0.935089
       3     Ti       1         11.019687                              0.980313
       4     Ti       1         11.043175                              0.956825
       5     Ti       1         11.062227                              0.937773
       6     Ti       1         11.381864                              0.618136
       7     Ti       1         11.033168                              0.966832
       8     Ti       1         11.026187                              0.973813
       9     H        2          0.934095                              0.065905
      10     H        2          0.944718                              0.055282
      11     H        2          0.942166                              0.057834
      12     H        2          0.944056                              0.055944
      13     H        2          0.949225                              0.050775
      14     H        2          0.948181                              0.051819
      15     H        2          0.946209                              0.053791
      16     H        2          0.939035                              0.060965
      17     H        2          0.920450                              0.079550
      18     H        2          0.927933                              0.072067
      19     H        2          0.932205                              0.067795
      20     H        2          0.942399                              0.057601
      21     H        2          0.821042                              0.178958
      22     H        2          0.871527                              0.128473
      23     H        2          0.945158                              0.054842
      24     H        2          0.829576                              0.170424
      25     H        2          0.937010                              0.062990
      26     H        2          0.945600                              0.054400
      27     H        2          0.939918                              0.060082
      28     H        2          0.931492                              0.068508
      29     H        2          0.934699                              0.065301
      30     H        2          0.926666                              0.073334
      31     H        2          0.888079                              0.111921
      32     H        2          0.890375                              0.109625
      33     H        2          0.881157                              0.118843
      34     H        2          0.778837                              0.221163
      35     H        2          0.887408                              0.112592
      36     H        2          0.923636                              0.076364
      37     H        2          0.893464                              0.106536
      38     H        2          0.894313                              0.105687
      39     H        2          0.878453                              0.121547
      40     H        2          0.882924                              0.117076
      41     H        2          0.882155                              0.117845
      42     H        2          0.884229                              0.115771
      43     C        3          3.772801                              0.227199
      44     C        3          3.778384                              0.221616
      45     C        3          3.776927                              0.223073
      46     C        3          3.777713                              0.222287
      47     C        3          4.104333                             -0.104333
      48     C        3          4.095048                             -0.095048
      49     C        3          4.069406                             -0.069406
      50     C        3          4.050127                             -0.050127
      51     C        3          3.954946                              0.045054
      52     C        3          4.024361                             -0.024361
      53     C        3          3.979516                              0.020484
      54     C        3          4.043677                             -0.043677
      55     C        3          4.045592                             -0.045592
      56     C        3          4.022488                             -0.022488
      57     C        3          4.005350                             -0.005350
      58     C        3          4.032206                             -0.032206
      59     C        3          4.052889                             -0.052889
      60     C        3          4.028633                             -0.028633
      61     C        3          4.118276                             -0.118276
      62     C        3          4.097236                             -0.097236
      63     C        3          4.082112                             -0.082112
      64     C        3          4.092777                             -0.092777
      65     C        3          4.091618                             -0.091618
      66     C        3          3.850935                              0.149065
      67     C        3          3.782528                              0.217472
      68     C        3          3.805293                              0.194707
      69     C        3          3.801894                              0.198106
      70     C        3          3.784186                              0.215814
      71     C        3          3.786430                              0.213570
      72     C        3          3.847328                              0.152672
      73     C        3          3.742497                              0.257503
      74     C        3          3.780575                              0.219425
      75     C        3          3.977718                              0.022282
      76     C        3          4.047265                             -0.047265
      77     C        3          4.008446                             -0.008446
      78     C        3          4.056720                             -0.056720
      79     C        3          4.037333                             -0.037333
      80     C        3          4.007317                             -0.007317
      81     C        3          4.098859                             -0.098859
      82     C        3          4.034390                             -0.034390
      83     C        3          3.935980                              0.064020
      84     C        3          3.988216                              0.011784
      85     C        3          4.009024                             -0.009024
      86     C        3          4.043081                             -0.043081
      87     C        3          4.025165                             -0.025165
      88     C        3          4.100811                             -0.100811
      89     C        3          4.012793                             -0.012793
      90     C        3          3.894370                              0.105630
      91     N        4          5.025058                             -0.025058
      92     N        4          5.309917                             -0.309917
      93     N        4          4.996095                              0.003905
      94     N        4          5.005819                             -0.005819
      95     N        4          5.020345                             -0.020345
      96     N        4          5.027222                             -0.027222
      97     O        5          6.324814                             -0.324814
      98     O        5          6.278751                             -0.278751
      99     O        5          6.336493                             -0.336493
     100     O        5          6.286694                             -0.286694
     101     O        5          6.291563                             -0.291563
     102     O        5          6.280589                             -0.280589
     103     O        5          6.295956                             -0.295956
     104     O        5          6.267855                             -0.267855
     105     O        5          6.425608                             -0.425608
     106     O        5          6.477026                             -0.477026
     107     O        5          6.514106                             -0.514106
     108     O        5          6.456036                             -0.456036
     109     O        5          6.368165                             -0.368165
     110     O        5          6.453332                             -0.453332
     111     O        5          6.481837                             -0.481837
     112     O        5          6.464185                             -0.464185
     113     O        5          6.333003                             -0.333003
     114     O        5          6.296655                             -0.296655
     115     O        5          6.338999                             -0.338999
     116     O        5          6.305081                             -0.305081
     117     O        5          6.395351                             -0.395351
     118     O        5          6.285232                             -0.285232
     119     O        5          5.960999                              0.039001
     120     O        5          6.244950                             -0.244950
     121     O        5          6.311085                             -0.311085
     122     O        5          6.294445                             -0.294445
     123     O        5          6.336663                             -0.336663
     124     O        5          6.289429                             -0.289429
     125     O        5          6.183545                             -0.183545
     126     O        5          6.428497                             -0.428497
     127     O        5          6.261090                             -0.261090
     128     O        5          6.232043                             -0.232043
     129     O        5          6.496887                             -0.496887
     130     O        5          6.407959                             -0.407959
     131     O        5          6.423861                             -0.423861
     132     O        5          6.339757                             -0.339757
     133     H        2          0.926156                              0.073844
     134     H        2          0.913750                              0.086250
     135     H        2          0.920098                              0.079902
     136     H        2          0.916757                              0.083243
     137     C        3          4.273202                             -0.273202
     138     C        3          4.177434                             -0.177434
     139     H        2          0.941649                              0.058351
     140     H        2          0.918018                              0.081982
     141     C        3          4.099454                             -0.099454
     142     C        3          4.127524                             -0.127524
     143     H        2          0.930632                              0.069368
     144     H        2          0.939158                              0.060842
     145     H        2          0.930542                              0.069458
     146     H        2          0.931019                              0.068981
     147     C        3          4.029896                             -0.029896
     148     N        4          4.822856                              0.177144
     149     C        3          3.927103                              0.072897
     150     C        3          3.988301                              0.011699
     151     H        2          0.954197                              0.045803
     152     N        4          4.851524                              0.148476
     153     C        3          4.160807                             -0.160807
     154     H        2          0.906142                              0.093858
     155     H        2          0.952692                              0.047308
     156     H        2          0.953941                              0.046059
     157     H        2          1.009524                             -0.009524
     158     O        5          5.824372                              0.175628
     159     N        4          4.921160                              0.078840
     160     S        6          6.293262                             -0.293262
     161     O        5          5.957747                              0.042253
     162     F        7          7.146234                             -0.146234
     163     C        3          3.646384                              0.353616
     164     F        7          6.971999                              0.028001
     165     F        7          6.894491                              0.105509
     166     C        3          3.932884                              0.067116
     167     F        7          7.311321                             -0.311321
     168     F        7          6.809023                              0.190977
     169     F        7          6.585230                              0.414770
     170     O        5          5.917140                              0.082860
     171     S        6          6.095465                             -0.095465
     172     O        5          6.364381                             -0.364381
 # Total charge                            716.000000                  0.000000

 !-----------------------------------------------------------------------------!

 !-----------------------------------------------------------------------------!
                           Hirshfeld Charges

  #Atom  Element  Kind  Ref Charge     Population                    Net charge
      1       Ti     1      12.000         13.661                        -1.661
      2       Ti     1      12.000         13.428                        -1.428
      3       Ti     1      12.000         13.496                        -1.496
      4       Ti     1      12.000         13.501                        -1.501
      5       Ti     1      12.000         13.416                        -1.416
      6       Ti     1      12.000         13.693                        -1.693
      7       Ti     1      12.000         13.486                        -1.486
      8       Ti     1      12.000         13.468                        -1.468
      9       H      2       1.000          0.547                         0.453
     10       H      2       1.000          0.544                         0.456
     11       H      2       1.000          0.540                         0.460
     12       H      2       1.000          0.550                         0.450
     13       H      2       1.000          0.534                         0.466
     14       H      2       1.000          0.505                         0.495
     15       H      2       1.000          0.564                         0.436
     16       H      2       1.000          0.541                         0.459
     17       H      2       1.000          0.528                         0.472
     18       H      2       1.000          0.544                         0.456
     19       H      2       1.000          0.544                         0.456
     20       H      2       1.000          0.545                         0.455
     21       H      2       1.000          0.411                         0.589
     22       H      2       1.000          0.431                         0.569
     23       H      2       1.000          0.438                         0.562
     24       H      2       1.000          0.419                         0.581
     25       H      2       1.000          0.552                         0.448
     26       H      2       1.000          0.556                         0.444
     27       H      2       1.000          0.537                         0.463
     28       H      2       1.000          0.536                         0.464
     29       H      2       1.000          0.533                         0.467
     30       H      2       1.000          0.531                         0.469
     31       H      2       1.000          0.481                         0.519
     32       H      2       1.000          0.462                         0.538
     33       H      2       1.000          0.461                         0.539
     34       H      2       1.000          0.622                         0.378
     35       H      2       1.000          0.484                         0.516
     36       H      2       1.000          0.475                         0.525
     37       H      2       1.000          0.480                         0.520
     38       H      2       1.000          0.470                         0.530
     39       H      2       1.000          0.474                         0.526
     40       H      2       1.000          0.459                         0.541
     41       H      2       1.000          0.479                         0.521
     42       H      2       1.000          0.457                         0.543
     43       C      3       4.000          3.465                         0.535
     44       C      3       4.000          3.448                         0.552
     45       C      3       4.000          3.476                         0.524
     46       C      3       4.000          3.466                         0.534
     47       C      3       4.000          4.012                        -0.012
     48       C      3       4.000          3.992                         0.008
     49       C      3       4.000          4.000                         0.000
     50       C      3       4.000          3.984                         0.016
     51       C      3       4.000          3.920                         0.080
     52       C      3       4.000          4.445                        -0.445
     53       C      3       4.000          3.909                         0.091
     54       C      3       4.000          4.437                        -0.437
     55       C      3       4.000          4.445                        -0.445
     56       C      3       4.000          4.402                        -0.402
     57       C      3       4.000          4.416                        -0.416
     58       C      3       4.000          4.463                        -0.463
     59       C      3       4.000          4.022                        -0.022
     60       C      3       4.000          4.007                        -0.007
     61       C      3       4.000          4.016                        -0.016
     62       C      3       4.000          4.000                         0.000
     63       C      3       4.000          3.965                         0.035
     64       C      3       4.000          4.032                        -0.032
     65       C      3       4.000          4.007                        -0.007
     66       C      3       4.000          3.915                         0.085
     67       C      3       4.000          3.481                         0.519
     68       C      3       4.000          3.519                         0.481
     69       C      3       4.000          3.489                         0.511
     70       C      3       4.000          3.460                         0.540
     71       C      3       4.000          3.521                         0.479
     72       C      3       4.000          3.442                         0.558
     73       C      3       4.000          3.353                         0.647
     74       C      3       4.000          3.606                         0.394
     75       C      3       4.000          3.859                         0.141
     76       C      3       4.000          4.440                        -0.440
     77       C      3       4.000          4.425                        -0.425
     78       C      3       4.000          4.483                        -0.483
     79       C      3       4.000          4.502                        -0.502
     80       C      3       4.000          4.400                        -0.400
     81       C      3       4.000          4.371                        -0.371
     82       C      3       4.000          4.235                        -0.235
     83       C      3       4.000          3.885                         0.115
     84       C      3       4.000          4.382                        -0.382
     85       C      3       4.000          4.374                        -0.374
     86       C      3       4.000          4.408                        -0.408
     87       C      3       4.000          4.010                        -0.010
     88       C      3       4.000          4.468                        -0.468
     89       C      3       4.000          4.397                        -0.397
     90       C      3       4.000          3.892                         0.108
     91       N      4       5.000          5.897                        -0.897
     92       N      4       5.000          5.774                        -0.774
     93       N      4       5.000          5.912                        -0.912
     94       N      4       5.000          5.782                        -0.782
     95       N      4       5.000          5.842                        -0.842
     96       N      4       5.000          5.857                        -0.857
     97       O      5       6.000          6.165                        -0.165
     98       O      5       6.000          6.102                        -0.102
     99       O      5       6.000          6.197                        -0.197
    100       O      5       6.000          6.140                        -0.140
    101       O      5       6.000          6.126                        -0.126
    102       O      5       6.000          6.124                        -0.124
    103       O      5       6.000          6.107                        -0.107
    104       O      5       6.000          6.091                        -0.091
    105       O      5       6.000          5.658                         0.342
    106       O      5       6.000          5.773                         0.227
    107       O      5       6.000          5.760                         0.240
    108       O      5       6.000          5.717                         0.283
    109       O      5       6.000          5.635                         0.365
    110       O      5       6.000          5.689                         0.311
    111       O      5       6.000          5.842                         0.158
    112       O      5       6.000          5.694                         0.306
    113       O      5       6.000          6.123                        -0.123
    114       O      5       6.000          6.162                        -0.162
    115       O      5       6.000          6.209                        -0.209
    116       O      5       6.000          6.110                        -0.110
    117       O      5       6.000          6.146                        -0.146
    118       O      5       6.000          6.152                        -0.152
    119       O      5       6.000          6.033                        -0.033
    120       O      5       6.000          6.091                        -0.091
    121       O      5       6.000          6.071                        -0.071
    122       O      5       6.000          6.095                        -0.095
    123       O      5       6.000          6.190                        -0.190
    124       O      5       6.000          6.213                        -0.213
    125       O      5       6.000          5.958                         0.042
    126       O      5       6.000          6.191                        -0.191
    127       O      5       6.000          6.125                        -0.125
    128       O      5       6.000          6.090                        -0.090
    129       O      5       6.000          6.020                        -0.020
    130       O      5       6.000          6.036                        -0.036
    131       O      5       6.000          6.034                        -0.034
    132       O      5       6.000          5.847                         0.153
    133       H      2       1.000          0.563                         0.437
    134       H      2       1.000          0.561                         0.439
    135       H      2       1.000          0.560                         0.440
    136       H      2       1.000          0.565                         0.435
    137       C      3       4.000          5.308                        -1.308
    138       C      3       4.000          4.817                        -0.817
    139       H      2       1.000          0.515                         0.485
    140       H      2       1.000          0.558                         0.442
    141       C      3       4.000          4.416                        -0.416
    142       C      3       4.000          4.758                        -0.758
    143       H      2       1.000          0.568                         0.432
    144       H      2       1.000          0.516                         0.484
    145       H      2       1.000          0.522                         0.478
    146       H      2       1.000          0.543                         0.457
    147       C      3       4.000          4.166                        -0.166
    148       N      4       5.000          5.120                        -0.120
    149       C      3       4.000          4.027                        -0.027
    150       C      3       4.000          4.145                        -0.145
    151       H      2       1.000          0.510                         0.490
    152       N      4       5.000          5.158                        -0.158
    153       C      3       4.000          4.492                        -0.492
    154       H      2       1.000          0.514                         0.486
    155       H      2       1.000          0.502                         0.498
    156       H      2       1.000          0.498                         0.502
    157       H      2       1.000          0.510                         0.490
    158       O      5       6.000          6.301                        -0.301
    159       N      4       5.000          4.895                         0.105
    160       S      6       6.000          5.831                         0.169
    161       O      5       6.000          6.390                        -0.390
    162       F      7       7.000          7.354                        -0.354
    163       C      3       4.000          3.319                         0.681
    164       F      7       7.000          7.125                        -0.125
    165       F      7       7.000          7.128                        -0.128
    166       C      3       4.000          3.526                         0.474
    167       F      7       7.000          7.402                        -0.402
    168       F      7       7.000          7.142                        -0.142
    169       F      7       7.000          7.045                        -0.045
    170       O      5       6.000          6.433                        -0.433
    171       S      6       6.000          5.400                         0.600
    172       O      5       6.000          6.396                        -0.396

  Total Charge                                                            0.096
 !-----------------------------------------------------------------------------!

 ENERGY| Total FORCE_EVAL ( QS ) energy [hartree]          -1716.611508829742661

 *******************************************************************************
 **                 BAND EVALUATION OF ENERGIES AND FORCES                    **
 *******************************************************************************
 **                                                                           **
 **                                                                           **
 ** Replica Env Nr. :    2              Replica Band Nr. :   10               **
 ** Band  Step  Nr. :    3                                                    **
 *******************************************************************************

 Number of electrons:                                                        716
 Number of occupied orbitals:                                                401
 Number of molecular orbitals:                                               458

 Number of orbital functions:                                               1948
 Number of independent orbital functions:                                   1948

 Parameters for the always stable predictor-corrector (ASPC) method:

  ASPC order: 3

  B(1) =   3.000000
  B(2) =  -3.428571
  B(3) =   1.928571
  B(4) =  -0.571429
  B(5) =   0.071429

 *** WARNING in fm/cp_fm_elpa.F:521 :: Setting real_kernel for ELPA failed ***


 Extrapolation method: ASPC


 SCF WAVEFUNCTION OPTIMIZATION

  Step     Update method      Time    Convergence         Total energy    Change
  ------------------------------------------------------------------------------

 *** WARNING in fm/cp_fm_elpa.F:521 :: Setting real_kernel for ELPA failed ***

     1 Broy./Diag. 0.15E+00    8.3     0.60650030     -1716.5455974663 -1.72E+03

 *** WARNING in fm/cp_fm_elpa.F:521 :: Setting real_kernel for ELPA failed ***

     2 Broy./Diag. 0.15E+00   12.3     0.89900759     -1713.4453915099  3.10E+00

 *** WARNING in fm/cp_fm_elpa.F:521 :: Setting real_kernel for ELPA failed ***

     3 Broy./Diag. 0.15E+00   12.7     0.28707832     -1718.7078079674 -5.26E+00

 *** WARNING in fm/cp_fm_elpa.F:521 :: Setting real_kernel for ELPA failed ***

     4 Broy./Diag. 0.15E+00   13.0     0.24588227     -1716.1967057504  2.51E+00

 *** WARNING in fm/cp_fm_elpa.F:521 :: Setting real_kernel for ELPA failed ***

     5 Broy./Diag. 0.15E+00   13.2     0.07796413     -1715.8592374075  3.37E-01

 *** WARNING in fm/cp_fm_elpa.F:521 :: Setting real_kernel for ELPA failed ***

     6 Broy./Diag. 0.15E+00   13.8     0.06223002     -1715.9962307724 -1.37E-01

 *** WARNING in fm/cp_fm_elpa.F:521 :: Setting real_kernel for ELPA failed ***

     7 Broy./Diag. 0.15E+00   13.6     0.03475143     -1716.2542892869 -2.58E-01

 *** WARNING in fm/cp_fm_elpa.F:521 :: Setting real_kernel for ELPA failed ***

     8 Broy./Diag. 0.15E+00   13.5     0.01767540     -1716.4580538486 -2.04E-01

 *** WARNING in fm/cp_fm_elpa.F:521 :: Setting real_kernel for ELPA failed ***

     9 Broy./Diag. 0.15E+00   13.6     0.01665843     -1716.4881020855 -3.00E-02

 *** WARNING in fm/cp_fm_elpa.F:521 :: Setting real_kernel for ELPA failed ***

    10 Broy./Diag. 0.15E+00   13.8     0.02165663     -1716.6750433578 -1.87E-01

 *** WARNING in fm/cp_fm_elpa.F:521 :: Setting real_kernel for ELPA failed ***

    11 Broy./Diag. 0.15E+00   13.6     0.01219140     -1716.6169140023  5.81E-02

 *** WARNING in fm/cp_fm_elpa.F:521 :: Setting real_kernel for ELPA failed ***

    12 Broy./Diag. 0.15E+00   13.7     0.00861433     -1716.6576789016 -4.08E-02

 *** WARNING in fm/cp_fm_elpa.F:521 :: Setting real_kernel for ELPA failed ***

    13 Broy./Diag. 0.15E+00   13.5     0.00325788     -1716.6714914833 -1.38E-02

 *** WARNING in fm/cp_fm_elpa.F:521 :: Setting real_kernel for ELPA failed ***

    14 Broy./Diag. 0.15E+00   13.8     0.00344957     -1716.6593815312  1.21E-02

 *** WARNING in fm/cp_fm_elpa.F:521 :: Setting real_kernel for ELPA failed ***

    15 Broy./Diag. 0.15E+00   13.9     0.00234377     -1716.6417520994  1.76E-02

 *** WARNING in fm/cp_fm_elpa.F:521 :: Setting real_kernel for ELPA failed ***

    16 Broy./Diag. 0.15E+00   13.5     0.00202486     -1716.6446157206 -2.86E-03

 *** WARNING in fm/cp_fm_elpa.F:521 :: Setting real_kernel for ELPA failed ***

    17 Broy./Diag. 0.15E+00   13.4     0.00181783     -1716.6232985443  2.13E-02

 *** WARNING in fm/cp_fm_elpa.F:521 :: Setting real_kernel for ELPA failed ***

    18 Broy./Diag. 0.15E+00   13.5     0.00147524     -1716.6211342359  2.16E-03

 *** WARNING in fm/cp_fm_elpa.F:521 :: Setting real_kernel for ELPA failed ***

    19 Broy./Diag. 0.15E+00   13.4     0.00081189     -1716.6169996264  4.13E-03

 *** WARNING in fm/cp_fm_elpa.F:521 :: Setting real_kernel for ELPA failed ***

    20 Broy./Diag. 0.15E+00   13.3     0.00089758     -1716.6109001839  6.10E-03

 *** WARNING in fm/cp_fm_elpa.F:521 :: Setting real_kernel for ELPA failed ***

    21 Broy./Diag. 0.15E+00   13.1     0.00056138     -1716.6072509127  3.65E-03

 *** WARNING in fm/cp_fm_elpa.F:521 :: Setting real_kernel for ELPA failed ***

    22 Broy./Diag. 0.15E+00   12.9     0.00047199     -1716.6087514617 -1.50E-03

 *** WARNING in fm/cp_fm_elpa.F:521 :: Setting real_kernel for ELPA failed ***

    23 Broy./Diag. 0.15E+00   13.3     0.00056810     -1716.6054170775  3.33E-03

 *** WARNING in fm/cp_fm_elpa.F:521 :: Setting real_kernel for ELPA failed ***

    24 Broy./Diag. 0.15E+00   13.5     0.00032192     -1716.6074960227 -2.08E-03

 *** WARNING in fm/cp_fm_elpa.F:521 :: Setting real_kernel for ELPA failed ***

    25 Broy./Diag. 0.15E+00   13.8     0.00029448     -1716.6081667126 -6.71E-04

 *** WARNING in fm/cp_fm_elpa.F:521 :: Setting real_kernel for ELPA failed ***

    26 Broy./Diag. 0.15E+00   13.8     0.00031470     -1716.6082117768 -4.51E-05

 *** WARNING in fm/cp_fm_elpa.F:521 :: Setting real_kernel for ELPA failed ***

    27 Broy./Diag. 0.15E+00   13.8     0.00018690     -1716.6090475793 -8.36E-04

 *** WARNING in fm/cp_fm_elpa.F:521 :: Setting real_kernel for ELPA failed ***

    28 Broy./Diag. 0.15E+00   13.9     0.00024064     -1716.6104294235 -1.38E-03

 *** WARNING in fm/cp_fm_elpa.F:521 :: Setting real_kernel for ELPA failed ***

    29 Broy./Diag. 0.15E+00   13.6     0.00020381     -1716.6095325987  8.97E-04

 *** WARNING in fm/cp_fm_elpa.F:521 :: Setting real_kernel for ELPA failed ***

    30 Broy./Diag. 0.15E+00   13.7     0.00009503     -1716.6108840617 -1.35E-03

 *** WARNING in fm/cp_fm_elpa.F:521 :: Setting real_kernel for ELPA failed ***

    31 Broy./Diag. 0.15E+00   13.6     0.00013638     -1716.6112185414 -3.34E-04

 *** WARNING in fm/cp_fm_elpa.F:521 :: Setting real_kernel for ELPA failed ***

    32 Broy./Diag. 0.15E+00   13.3     0.00012160     -1716.6112620064 -4.35E-05

 *** WARNING in fm/cp_fm_elpa.F:521 :: Setting real_kernel for ELPA failed ***

    33 Broy./Diag. 0.15E+00   13.4     0.00008062     -1716.6114906883 -2.29E-04

 *** WARNING in fm/cp_fm_elpa.F:521 :: Setting real_kernel for ELPA failed ***

    34 Broy./Diag. 0.15E+00   13.1     0.00009432     -1716.6118920527 -4.01E-04

 *** WARNING in fm/cp_fm_elpa.F:521 :: Setting real_kernel for ELPA failed ***

    35 Broy./Diag. 0.15E+00   13.4     0.00010588     -1716.6113577085  5.34E-04

 *** WARNING in fm/cp_fm_elpa.F:521 :: Setting real_kernel for ELPA failed ***

    36 Broy./Diag. 0.15E+00   13.2     0.00004681     -1716.6117944830 -4.37E-04

  *** SCF run converged in    36 steps ***


  Electronic density on regular grids:       -715.9999999251        0.0000000749
  Core density on regular grids:              715.9999999656       -0.0000000344
  Total charge density on r-space grids:        0.0000000405
  Total charge density g-space grids:           0.0000000405

  Overlap energy of the core charge distribution:               0.00030086684244
  Self energy of the core charge distribution:              -4016.67387185402686
  Core Hamiltonian energy:                                   1160.99902967277353
  Hartree energy:                                            1515.19859086988799
  Exchange-correlation energy:                               -375.83294121495146
  Dispersion energy:                                           -0.26769556565639
  Electronic entropic energy:                                  -0.03520772377358
  Fermi energy:                                                 0.00443955613887

  Total energy:                                             -1716.61179448303324

 !-----------------------------------------------------------------------------!
                     Mulliken Population Analysis

 #  Atom  Element  Kind  Atomic population                           Net charge
       1     Ti       1         11.168366                              0.831634
       2     Ti       1         11.064916                              0.935084
       3     Ti       1         11.019681                              0.980319
       4     Ti       1         11.043172                              0.956828
       5     Ti       1         11.062228                              0.937772
       6     Ti       1         11.381873                              0.618127
       7     Ti       1         11.033165                              0.966835
       8     Ti       1         11.026185                              0.973815
       9     H        2          0.934096                              0.065904
      10     H        2          0.944714                              0.055286
      11     H        2          0.942167                              0.057833
      12     H        2          0.944056                              0.055944
      13     H        2          0.949223                              0.050777
      14     H        2          0.948187                              0.051813
      15     H        2          0.946209                              0.053791
      16     H        2          0.939032                              0.060968
      17     H        2          0.920447                              0.079553
      18     H        2          0.927935                              0.072065
      19     H        2          0.932203                              0.067797
      20     H        2          0.942405                              0.057595
      21     H        2          0.821042                              0.178958
      22     H        2          0.871531                              0.128469
      23     H        2          0.945161                              0.054839
      24     H        2          0.829574                              0.170426
      25     H        2          0.937004                              0.062996
      26     H        2          0.945599                              0.054401
      27     H        2          0.939925                              0.060075
      28     H        2          0.931497                              0.068503
      29     H        2          0.934695                              0.065305
      30     H        2          0.926665                              0.073335
      31     H        2          0.888071                              0.111929
      32     H        2          0.890375                              0.109625
      33     H        2          0.881159                              0.118841
      34     H        2          0.778830                              0.221170
      35     H        2          0.887415                              0.112585
      36     H        2          0.923640                              0.076360
      37     H        2          0.893460                              0.106540
      38     H        2          0.894316                              0.105684
      39     H        2          0.878455                              0.121545
      40     H        2          0.882925                              0.117075
      41     H        2          0.882158                              0.117842
      42     H        2          0.884233                              0.115767
      43     C        3          3.772800                              0.227200
      44     C        3          3.778387                              0.221613
      45     C        3          3.776925                              0.223075
      46     C        3          3.777706                              0.222294
      47     C        3          4.104333                             -0.104333
      48     C        3          4.095051                             -0.095051
      49     C        3          4.069406                             -0.069406
      50     C        3          4.050119                             -0.050119
      51     C        3          3.954945                              0.045055
      52     C        3          4.024356                             -0.024356
      53     C        3          3.979518                              0.020482
      54     C        3          4.043659                             -0.043659
      55     C        3          4.045582                             -0.045582
      56     C        3          4.022481                             -0.022481
      57     C        3          4.005341                             -0.005341
      58     C        3          4.032218                             -0.032218
      59     C        3          4.052882                             -0.052882
      60     C        3          4.028626                             -0.028626
      61     C        3          4.118275                             -0.118275
      62     C        3          4.097225                             -0.097225
      63     C        3          4.082103                             -0.082103
      64     C        3          4.092780                             -0.092780
      65     C        3          4.091637                             -0.091637
      66     C        3          3.850950                              0.149050
      67     C        3          3.782520                              0.217480
      68     C        3          3.805286                              0.194714
      69     C        3          3.801889                              0.198111
      70     C        3          3.784176                              0.215824
      71     C        3          3.786420                              0.213580
      72     C        3          3.847331                              0.152669
      73     C        3          3.742500                              0.257500
      74     C        3          3.780590                              0.219410
      75     C        3          3.977710                              0.022290
      76     C        3          4.047259                             -0.047259
      77     C        3          4.008450                             -0.008450
      78     C        3          4.056705                             -0.056705
      79     C        3          4.037279                             -0.037279
      80     C        3          4.007307                             -0.007307
      81     C        3          4.098868                             -0.098868
      82     C        3          4.034408                             -0.034408
      83     C        3          3.935982                              0.064018
      84     C        3          3.988214                              0.011786
      85     C        3          4.009020                             -0.009020
      86     C        3          4.043070                             -0.043070
      87     C        3          4.025197                             -0.025197
      88     C        3          4.100806                             -0.100806
      89     C        3          4.012778                             -0.012778
      90     C        3          3.894365                              0.105635
      91     N        4          5.025040                             -0.025040
      92     N        4          5.309902                             -0.309902
      93     N        4          4.996113                              0.003887
      94     N        4          5.005809                             -0.005809
      95     N        4          5.020342                             -0.020342
      96     N        4          5.027237                             -0.027237
      97     O        5          6.324817                             -0.324817
      98     O        5          6.278750                             -0.278750
      99     O        5          6.336496                             -0.336496
     100     O        5          6.286694                             -0.286694
     101     O        5          6.291560                             -0.291560
     102     O        5          6.280582                             -0.280582
     103     O        5          6.295962                             -0.295962
     104     O        5          6.267860                             -0.267860
     105     O        5          6.425599                             -0.425599
     106     O        5          6.477032                             -0.477032
     107     O        5          6.514108                             -0.514108
     108     O        5          6.456039                             -0.456039
     109     O        5          6.368161                             -0.368161
     110     O        5          6.453337                             -0.453337
     111     O        5          6.481844                             -0.481844
     112     O        5          6.464172                             -0.464172
     113     O        5          6.333004                             -0.333004
     114     O        5          6.296651                             -0.296651
     115     O        5          6.339002                             -0.339002
     116     O        5          6.305085                             -0.305085
     117     O        5          6.395358                             -0.395358
     118     O        5          6.285234                             -0.285234
     119     O        5          5.961009                              0.038991
     120     O        5          6.244956                             -0.244956
     121     O        5          6.311086                             -0.311086
     122     O        5          6.294443                             -0.294443
     123     O        5          6.336659                             -0.336659
     124     O        5          6.289427                             -0.289427
     125     O        5          6.183553                             -0.183553
     126     O        5          6.428514                             -0.428514
     127     O        5          6.261092                             -0.261092
     128     O        5          6.232049                             -0.232049
     129     O        5          6.496889                             -0.496889
     130     O        5          6.407962                             -0.407962
     131     O        5          6.423859                             -0.423859
     132     O        5          6.339759                             -0.339759
     133     H        2          0.926160                              0.073840
     134     H        2          0.913752                              0.086248
     135     H        2          0.920097                              0.079903
     136     H        2          0.916759                              0.083241
     137     C        3          4.273197                             -0.273197
     138     C        3          4.177434                             -0.177434
     139     H        2          0.941649                              0.058351
     140     H        2          0.918023                              0.081977
     141     C        3          4.099456                             -0.099456
     142     C        3          4.127529                             -0.127529
     143     H        2          0.930636                              0.069364
     144     H        2          0.939158                              0.060842
     145     H        2          0.930542                              0.069458
     146     H        2          0.931020                              0.068980
     147     C        3          4.029901                             -0.029901
     148     N        4          4.822859                              0.177141
     149     C        3          3.927106                              0.072894
     150     C        3          3.988309                              0.011691
     151     H        2          0.954198                              0.045802
     152     N        4          4.851527                              0.148473
     153     C        3          4.160805                             -0.160805
     154     H        2          0.906145                              0.093855
     155     H        2          0.952698                              0.047302
     156     H        2          0.953943                              0.046057
     157     H        2          1.009530                             -0.009530
     158     O        5          5.824375                              0.175625
     159     N        4          4.921148                              0.078852
     160     S        6          6.293244                             -0.293244
     161     O        5          5.957748                              0.042252
     162     F        7          7.146219                             -0.146219
     163     C        3          3.646374                              0.353626
     164     F        7          6.971988                              0.028012
     165     F        7          6.894490                              0.105510
     166     C        3          3.932889                              0.067111
     167     F        7          7.311317                             -0.311317
     168     F        7          6.809033                              0.190967
     169     F        7          6.585241                              0.414759
     170     O        5          5.917151                              0.082849
     171     S        6          6.095488                             -0.095488
     172     O        5          6.364390                             -0.364390
 # Total charge                            716.000000                  0.000000

 !-----------------------------------------------------------------------------!

 !-----------------------------------------------------------------------------!
                           Hirshfeld Charges

  #Atom  Element  Kind  Ref Charge     Population                    Net charge
      1       Ti     1      12.000         13.661                        -1.661
      2       Ti     1      12.000         13.428                        -1.428
      3       Ti     1      12.000         13.496                        -1.496
      4       Ti     1      12.000         13.501                        -1.501
      5       Ti     1      12.000         13.416                        -1.416
      6       Ti     1      12.000         13.693                        -1.693
      7       Ti     1      12.000         13.486                        -1.486
      8       Ti     1      12.000         13.468                        -1.468
      9       H      2       1.000          0.547                         0.453
     10       H      2       1.000          0.544                         0.456
     11       H      2       1.000          0.540                         0.460
     12       H      2       1.000          0.550                         0.450
     13       H      2       1.000          0.534                         0.466
     14       H      2       1.000          0.505                         0.495
     15       H      2       1.000          0.564                         0.436
     16       H      2       1.000          0.541                         0.459
     17       H      2       1.000          0.528                         0.472
     18       H      2       1.000          0.544                         0.456
     19       H      2       1.000          0.544                         0.456
     20       H      2       1.000          0.545                         0.455
     21       H      2       1.000          0.411                         0.589
     22       H      2       1.000          0.431                         0.569
     23       H      2       1.000          0.438                         0.562
     24       H      2       1.000          0.419                         0.581
     25       H      2       1.000          0.552                         0.448
     26       H      2       1.000          0.556                         0.444
     27       H      2       1.000          0.537                         0.463
     28       H      2       1.000          0.536                         0.464
     29       H      2       1.000          0.533                         0.467
     30       H      2       1.000          0.531                         0.469
     31       H      2       1.000          0.481                         0.519
     32       H      2       1.000          0.462                         0.538
     33       H      2       1.000          0.461                         0.539
     34       H      2       1.000          0.622                         0.378
     35       H      2       1.000          0.484                         0.516
     36       H      2       1.000          0.475                         0.525
     37       H      2       1.000          0.480                         0.520
     38       H      2       1.000          0.470                         0.530
     39       H      2       1.000          0.474                         0.526
     40       H      2       1.000          0.459                         0.541
     41       H      2       1.000          0.479                         0.521
     42       H      2       1.000          0.457                         0.543
     43       C      3       4.000          3.465                         0.535
     44       C      3       4.000          3.448                         0.552
     45       C      3       4.000          3.476                         0.524
     46       C      3       4.000          3.466                         0.534
     47       C      3       4.000          4.012                        -0.012
     48       C      3       4.000          3.992                         0.008
     49       C      3       4.000          4.000                         0.000
     50       C      3       4.000          3.984                         0.016
     51       C      3       4.000          3.920                         0.080
     52       C      3       4.000          4.445                        -0.445
     53       C      3       4.000          3.909                         0.091
     54       C      3       4.000          4.437                        -0.437
     55       C      3       4.000          4.444                        -0.444
     56       C      3       4.000          4.402                        -0.402
     57       C      3       4.000          4.416                        -0.416
     58       C      3       4.000          4.463                        -0.463
     59       C      3       4.000          4.022                        -0.022
     60       C      3       4.000          4.007                        -0.007
     61       C      3       4.000          4.016                        -0.016
     62       C      3       4.000          4.000                         0.000
     63       C      3       4.000          3.965                         0.035
     64       C      3       4.000          4.032                        -0.032
     65       C      3       4.000          4.007                        -0.007
     66       C      3       4.000          3.915                         0.085
     67       C      3       4.000          3.481                         0.519
     68       C      3       4.000          3.519                         0.481
     69       C      3       4.000          3.489                         0.511
     70       C      3       4.000          3.460                         0.540
     71       C      3       4.000          3.521                         0.479
     72       C      3       4.000          3.442                         0.558
     73       C      3       4.000          3.353                         0.647
     74       C      3       4.000          3.606                         0.394
     75       C      3       4.000          3.859                         0.141
     76       C      3       4.000          4.440                        -0.440
     77       C      3       4.000          4.425                        -0.425
     78       C      3       4.000          4.483                        -0.483
     79       C      3       4.000          4.502                        -0.502
     80       C      3       4.000          4.400                        -0.400
     81       C      3       4.000          4.371                        -0.371
     82       C      3       4.000          4.235                        -0.235
     83       C      3       4.000          3.885                         0.115
     84       C      3       4.000          4.382                        -0.382
     85       C      3       4.000          4.374                        -0.374
     86       C      3       4.000          4.407                        -0.407
     87       C      3       4.000          4.010                        -0.010
     88       C      3       4.000          4.468                        -0.468
     89       C      3       4.000          4.397                        -0.397
     90       C      3       4.000          3.892                         0.108
     91       N      4       5.000          5.897                        -0.897
     92       N      4       5.000          5.774                        -0.774
     93       N      4       5.000          5.912                        -0.912
     94       N      4       5.000          5.782                        -0.782
     95       N      4       5.000          5.842                        -0.842
     96       N      4       5.000          5.857                        -0.857
     97       O      5       6.000          6.165                        -0.165
     98       O      5       6.000          6.102                        -0.102
     99       O      5       6.000          6.197                        -0.197
    100       O      5       6.000          6.140                        -0.140
    101       O      5       6.000          6.126                        -0.126
    102       O      5       6.000          6.124                        -0.124
    103       O      5       6.000          6.107                        -0.107
    104       O      5       6.000          6.091                        -0.091
    105       O      5       6.000          5.658                         0.342
    106       O      5       6.000          5.773                         0.227
    107       O      5       6.000          5.760                         0.240
    108       O      5       6.000          5.717                         0.283
    109       O      5       6.000          5.635                         0.365
    110       O      5       6.000          5.689                         0.311
    111       O      5       6.000          5.842                         0.158
    112       O      5       6.000          5.694                         0.306
    113       O      5       6.000          6.123                        -0.123
    114       O      5       6.000          6.162                        -0.162
    115       O      5       6.000          6.209                        -0.209
    116       O      5       6.000          6.110                        -0.110
    117       O      5       6.000          6.146                        -0.146
    118       O      5       6.000          6.152                        -0.152
    119       O      5       6.000          6.033                        -0.033
    120       O      5       6.000          6.091                        -0.091
    121       O      5       6.000          6.071                        -0.071
    122       O      5       6.000          6.095                        -0.095
    123       O      5       6.000          6.190                        -0.190
    124       O      5       6.000          6.213                        -0.213
    125       O      5       6.000          5.958                         0.042
    126       O      5       6.000          6.191                        -0.191
    127       O      5       6.000          6.125                        -0.125
    128       O      5       6.000          6.090                        -0.090
    129       O      5       6.000          6.020                        -0.020
    130       O      5       6.000          6.036                        -0.036
    131       O      5       6.000          6.034                        -0.034
    132       O      5       6.000          5.847                         0.153
    133       H      2       1.000          0.563                         0.437
    134       H      2       1.000          0.561                         0.439
    135       H      2       1.000          0.560                         0.440
    136       H      2       1.000          0.565                         0.435
    137       C      3       4.000          5.308                        -1.308
    138       C      3       4.000          4.817                        -0.817
    139       H      2       1.000          0.515                         0.485
    140       H      2       1.000          0.558                         0.442
    141       C      3       4.000          4.416                        -0.416
    142       C      3       4.000          4.758                        -0.758
    143       H      2       1.000          0.568                         0.432
    144       H      2       1.000          0.516                         0.484
    145       H      2       1.000          0.522                         0.478
    146       H      2       1.000          0.543                         0.457
    147       C      3       4.000          4.166                        -0.166
    148       N      4       5.000          5.120                        -0.120
    149       C      3       4.000          4.027                        -0.027
    150       C      3       4.000          4.145                        -0.145
    151       H      2       1.000          0.510                         0.490
    152       N      4       5.000          5.158                        -0.158
    153       C      3       4.000          4.492                        -0.492
    154       H      2       1.000          0.514                         0.486
    155       H      2       1.000          0.502                         0.498
    156       H      2       1.000          0.498                         0.502
    157       H      2       1.000          0.510                         0.490
    158       O      5       6.000          6.301                        -0.301
    159       N      4       5.000          4.895                         0.105
    160       S      6       6.000          5.831                         0.169
    161       O      5       6.000          6.390                        -0.390
    162       F      7       7.000          7.354                        -0.354
    163       C      3       4.000          3.319                         0.681
    164       F      7       7.000          7.125                        -0.125
    165       F      7       7.000          7.128                        -0.128
    166       C      3       4.000          3.526                         0.474
    167       F      7       7.000          7.402                        -0.402
    168       F      7       7.000          7.142                        -0.142
    169       F      7       7.000          7.045                        -0.045
    170       O      5       6.000          6.434                        -0.434
    171       S      6       6.000          5.400                         0.600
    172       O      5       6.000          6.396                        -0.396

  Total Charge                                                            0.096
 !-----------------------------------------------------------------------------!

 ENERGY| Total FORCE_EVAL ( QS ) energy [hartree]          -1716.611508835852874
 *******************************************************************************
 RMS DISPLACEMENT =   0.03113     [ 0.00010]                               ( NO)
 MAX DISPLACEMENT =   0.28986     [ 0.00020]                               ( NO)
 RMS FORCE        =   0.15507     [ 0.00030]                               ( NO)
 MAX FORCE        =   1.68796     [ 0.00045]                               ( NO)
 *******************************************************************************

 *******************************************************************************
 **                 BAND EVALUATION OF ENERGIES AND FORCES                    **
 *******************************************************************************
 **                                                                           **
 **                                                                           **
 ** Replica Env Nr. :    2              Replica Band Nr. :   10               **
 ** Band  Step  Nr. :    4                                                    **
 *******************************************************************************

 Number of electrons:                                                        716
 Number of occupied orbitals:                                                401
 Number of molecular orbitals:                                               458

 Number of orbital functions:                                               1948
 Number of independent orbital functions:                                   1948

 Parameters for the always stable predictor-corrector (ASPC) method:

  ASPC order: 3

  B(1) =   3.000000
  B(2) =  -3.428571
  B(3) =   1.928571
  B(4) =  -0.571429
  B(5) =   0.071429

 *** WARNING in fm/cp_fm_elpa.F:521 :: Setting real_kernel for ELPA failed ***


 Extrapolation method: ASPC


 SCF WAVEFUNCTION OPTIMIZATION

  Step     Update method      Time    Convergence         Total energy    Change
  ------------------------------------------------------------------------------

 *** WARNING in fm/cp_fm_elpa.F:521 :: Setting real_kernel for ELPA failed ***

     1 Broy./Diag. 0.15E+00    8.3     1.08920442     -1717.1520084045 -1.72E+03

 *** WARNING in fm/cp_fm_elpa.F:521 :: Setting real_kernel for ELPA failed ***

     2 Broy./Diag. 0.15E+00   12.7     0.87190563     -1711.3157742109  5.84E+00

 *** WARNING in fm/cp_fm_elpa.F:521 :: Setting real_kernel for ELPA failed ***

     3 Broy./Diag. 0.15E+00   13.4     0.57168133     -1718.7451234404 -7.43E+00

 *** WARNING in fm/cp_fm_elpa.F:521 :: Setting real_kernel for ELPA failed ***

     4 Broy./Diag. 0.15E+00   13.7     0.60452742     -1715.4238119144  3.32E+00

 *** WARNING in fm/cp_fm_elpa.F:521 :: Setting real_kernel for ELPA failed ***

     5 Broy./Diag. 0.15E+00   13.7     0.20318706     -1716.0226583589 -5.99E-01

 *** WARNING in fm/cp_fm_elpa.F:521 :: Setting real_kernel for ELPA failed ***

     6 Broy./Diag. 0.15E+00   13.9     0.18717160     -1716.7685344757 -7.46E-01

 *** WARNING in fm/cp_fm_elpa.F:521 :: Setting real_kernel for ELPA failed ***

     7 Broy./Diag. 0.15E+00   13.8     0.08897431     -1716.5082644769  2.60E-01

 *** WARNING in fm/cp_fm_elpa.F:521 :: Setting real_kernel for ELPA failed ***

     8 Broy./Diag. 0.15E+00   14.0     0.04688595     -1717.2202427814 -7.12E-01

 *** WARNING in fm/cp_fm_elpa.F:521 :: Setting real_kernel for ELPA failed ***

     9 Broy./Diag. 0.15E+00   13.6     0.03037757     -1717.4395111612 -2.19E-01

 *** WARNING in fm/cp_fm_elpa.F:521 :: Setting real_kernel for ELPA failed ***

    10 Broy./Diag. 0.15E+00   14.0     0.01686120     -1717.4977355138 -5.82E-02

 *** WARNING in fm/cp_fm_elpa.F:521 :: Setting real_kernel for ELPA failed ***

    11 Broy./Diag. 0.15E+00   14.4     0.01411432     -1717.5975894509 -9.99E-02

 *** WARNING in fm/cp_fm_elpa.F:521 :: Setting real_kernel for ELPA failed ***

    12 Broy./Diag. 0.15E+00   15.0     0.00999329     -1717.6461325322 -4.85E-02

 *** WARNING in fm/cp_fm_elpa.F:521 :: Setting real_kernel for ELPA failed ***

    13 Broy./Diag. 0.15E+00   14.6     0.01232405     -1717.5840116489  6.21E-02

 *** WARNING in fm/cp_fm_elpa.F:521 :: Setting real_kernel for ELPA failed ***

    14 Broy./Diag. 0.15E+00   14.7     0.00828880     -1717.6465425154 -6.25E-02

 *** WARNING in fm/cp_fm_elpa.F:521 :: Setting real_kernel for ELPA failed ***

    15 Broy./Diag. 0.15E+00   14.0     0.00296291     -1717.6029439785  4.36E-02

 *** WARNING in fm/cp_fm_elpa.F:521 :: Setting real_kernel for ELPA failed ***

    16 Broy./Diag. 0.15E+00   13.8     0.00246425     -1717.5694219211  3.35E-02

 *** WARNING in fm/cp_fm_elpa.F:521 :: Setting real_kernel for ELPA failed ***

    17 Broy./Diag. 0.15E+00   13.7     0.00234453     -1717.5585418113  1.09E-02

 *** WARNING in fm/cp_fm_elpa.F:521 :: Setting real_kernel for ELPA failed ***

    18 Broy./Diag. 0.15E+00   13.7     0.00140115     -1717.5481598537  1.04E-02

 *** WARNING in fm/cp_fm_elpa.F:521 :: Setting real_kernel for ELPA failed ***

    19 Broy./Diag. 0.15E+00   13.7     0.00297618     -1717.5266687146  2.15E-02

 *** WARNING in fm/cp_fm_elpa.F:521 :: Setting real_kernel for ELPA failed ***

    20 Broy./Diag. 0.15E+00   13.6     0.00268531     -1717.5384909312 -1.18E-02

 *** WARNING in fm/cp_fm_elpa.F:521 :: Setting real_kernel for ELPA failed ***

    21 Broy./Diag. 0.15E+00   13.2     0.00086833     -1717.5238736444  1.46E-02

 *** WARNING in fm/cp_fm_elpa.F:521 :: Setting real_kernel for ELPA failed ***

    22 Broy./Diag. 0.15E+00   13.5     0.00069383     -1717.5194327248  4.44E-03

 *** WARNING in fm/cp_fm_elpa.F:521 :: Setting real_kernel for ELPA failed ***

    23 Broy./Diag. 0.15E+00   13.4     0.00079674     -1717.5216730090 -2.24E-03

 *** WARNING in fm/cp_fm_elpa.F:521 :: Setting real_kernel for ELPA failed ***

    24 Broy./Diag. 0.15E+00   13.5     0.00056429     -1717.5236791118 -2.01E-03

 *** WARNING in fm/cp_fm_elpa.F:521 :: Setting real_kernel for ELPA failed ***

    25 Broy./Diag. 0.15E+00   13.3     0.00057895     -1717.5227145125  9.65E-04

 *** WARNING in fm/cp_fm_elpa.F:521 :: Setting real_kernel for ELPA failed ***

    26 Broy./Diag. 0.15E+00   13.5     0.00086795     -1717.5290443899 -6.33E-03

 *** WARNING in fm/cp_fm_elpa.F:521 :: Setting real_kernel for ELPA failed ***

    27 Broy./Diag. 0.15E+00   13.3     0.00061548     -1717.5270395279  2.00E-03

 *** WARNING in fm/cp_fm_elpa.F:521 :: Setting real_kernel for ELPA failed ***

    28 Broy./Diag. 0.15E+00   13.3     0.00035269     -1717.5289018356 -1.86E-03

 *** WARNING in fm/cp_fm_elpa.F:521 :: Setting real_kernel for ELPA failed ***

    29 Broy./Diag. 0.15E+00   13.3     0.00020954     -1717.5321446683 -3.24E-03

 *** WARNING in fm/cp_fm_elpa.F:521 :: Setting real_kernel for ELPA failed ***

    30 Broy./Diag. 0.15E+00   13.4     0.00019317     -1717.5331817715 -1.04E-03

 *** WARNING in fm/cp_fm_elpa.F:521 :: Setting real_kernel for ELPA failed ***

    31 Broy./Diag. 0.15E+00   13.5     0.00021080     -1717.5330595502  1.22E-04

 *** WARNING in fm/cp_fm_elpa.F:521 :: Setting real_kernel for ELPA failed ***

    32 Broy./Diag. 0.15E+00   13.5     0.00030153     -1717.5351060222 -2.05E-03

 *** WARNING in fm/cp_fm_elpa.F:521 :: Setting real_kernel for ELPA failed ***

    33 Broy./Diag. 0.15E+00   13.5     0.00023448     -1717.5339184369  1.19E-03

 *** WARNING in fm/cp_fm_elpa.F:521 :: Setting real_kernel for ELPA failed ***

    34 Broy./Diag. 0.15E+00   13.2     0.00014327     -1717.5341922880 -2.74E-04

 *** WARNING in fm/cp_fm_elpa.F:521 :: Setting real_kernel for ELPA failed ***

    35 Broy./Diag. 0.15E+00   13.0     0.00007784     -1717.5346775156 -4.85E-04

 *** WARNING in fm/cp_fm_elpa.F:521 :: Setting real_kernel for ELPA failed ***

    36 Broy./Diag. 0.15E+00   13.1     0.00010927     -1717.5344388140  2.39E-04

 *** WARNING in fm/cp_fm_elpa.F:521 :: Setting real_kernel for ELPA failed ***

    37 Broy./Diag. 0.15E+00   13.2     0.00010326     -1717.5338530728  5.86E-04

 *** WARNING in fm/cp_fm_elpa.F:521 :: Setting real_kernel for ELPA failed ***

    38 Broy./Diag. 0.15E+00   13.0     0.00007786     -1717.5343504460 -4.97E-04

 *** WARNING in fm/cp_fm_elpa.F:521 :: Setting real_kernel for ELPA failed ***

    39 Broy./Diag. 0.15E+00   13.0     0.00008363     -1717.5338209973  5.29E-04

 *** WARNING in fm/cp_fm_elpa.F:521 :: Setting real_kernel for ELPA failed ***

    40 Broy./Diag. 0.15E+00   13.0     0.00006421     -1717.5338518943 -3.09E-05

 *** WARNING in fm/cp_fm_elpa.F:521 :: Setting real_kernel for ELPA failed ***

    41 Broy./Diag. 0.15E+00   12.8     0.00003887     -1717.5339708744 -1.19E-04

  *** SCF run converged in    41 steps ***


  Electronic density on regular grids:       -715.9999999254        0.0000000746
  Core density on regular grids:              715.9999999656       -0.0000000344
  Total charge density on r-space grids:        0.0000000402
  Total charge density g-space grids:           0.0000000402

  Overlap energy of the core charge distribution:               0.00009251248999
  Self energy of the core charge distribution:              -4016.67387185402686
  Core Hamiltonian energy:                                   1156.85142954832986
  Hartree energy:                                            1517.65334679826401
  Exchange-correlation energy:                               -375.06319149201539
  Dispersion energy:                                           -0.26840019457127
  Electronic entropic energy:                                  -0.03337621463616
  Fermi energy:                                                 0.00030531074818

  Total energy:                                             -1717.53397087439453

 !-----------------------------------------------------------------------------!
                     Mulliken Population Analysis

 #  Atom  Element  Kind  Atomic population                           Net charge
       1     Ti       1         11.153546                              0.846454
       2     Ti       1         11.064980                              0.935020
       3     Ti       1         11.018658                              0.981342
       4     Ti       1         11.038442                              0.961558
       5     Ti       1         11.058161                              0.941839
       6     Ti       1         11.343759                              0.656241
       7     Ti       1         11.032928                              0.967072
       8     Ti       1         11.024079                              0.975921
       9     H        2          0.933591                              0.066409
      10     H        2          0.942564                              0.057436
      11     H        2          0.938566                              0.061434
      12     H        2          0.942359                              0.057641
      13     H        2          0.947448                              0.052552
      14     H        2          0.966357                              0.033643
      15     H        2          0.949315                              0.050685
      16     H        2          0.940309                              0.059691
      17     H        2          0.919720                              0.080280
      18     H        2          0.927979                              0.072021
      19     H        2          0.932018                              0.067982
      20     H        2          0.941393                              0.058607
      21     H        2          0.823749                              0.176251
      22     H        2          0.869324                              0.130676
      23     H        2          0.942598                              0.057402
      24     H        2          0.828556                              0.171444
      25     H        2          0.938787                              0.061213
      26     H        2          0.947684                              0.052316
      27     H        2          0.939431                              0.060569
      28     H        2          0.929189                              0.070811
      29     H        2          0.932179                              0.067821
      30     H        2          0.921297                              0.078703
      31     H        2          0.887582                              0.112418
      32     H        2          0.890341                              0.109659
      33     H        2          0.877806                              0.122194
      34     H        2          0.778432                              0.221568
      35     H        2          0.887733                              0.112267
      36     H        2          0.920101                              0.079899
      37     H        2          0.891122                              0.108878
      38     H        2          0.891946                              0.108054
      39     H        2          0.877236                              0.122764
      40     H        2          0.881023                              0.118977
      41     H        2          0.881286                              0.118714
      42     H        2          0.881651                              0.118349
      43     C        3          3.771593                              0.228407
      44     C        3          3.777533                              0.222467
      45     C        3          3.777782                              0.222218
      46     C        3          3.777515                              0.222485
      47     C        3          4.103621                             -0.103621
      48     C        3          4.095128                             -0.095128
      49     C        3          4.068430                             -0.068430
      50     C        3          4.048902                             -0.048902
      51     C        3          3.953959                              0.046041
      52     C        3          4.023748                             -0.023748
      53     C        3          3.979601                              0.020399
      54     C        3          4.046145                             -0.046145
      55     C        3          4.043277                             -0.043277
      56     C        3          4.020235                             -0.020235
      57     C        3          4.004307                             -0.004307
      58     C        3          4.032390                             -0.032390
      59     C        3          4.052066                             -0.052066
      60     C        3          4.027094                             -0.027094
      61     C        3          4.114259                             -0.114259
      62     C        3          4.095929                             -0.095929
      63     C        3          4.080594                             -0.080594
      64     C        3          4.093483                             -0.093483
      65     C        3          4.070377                             -0.070377
      66     C        3          3.856399                              0.143601
      67     C        3          3.781448                              0.218552
      68     C        3          3.803446                              0.196554
      69     C        3          3.798315                              0.201685
      70     C        3          3.783228                              0.216772
      71     C        3          3.785488                              0.214512
      72     C        3          3.839920                              0.160080
      73     C        3          3.767150                              0.232850
      74     C        3          3.778041                              0.221959
      75     C        3          3.976880                              0.023120
      76     C        3          4.045725                             -0.045725
      77     C        3          4.009021                             -0.009021
      78     C        3          4.053539                             -0.053539
      79     C        3          4.033673                             -0.033673
      80     C        3          4.001537                             -0.001537
      81     C        3          4.081000                             -0.081000
      82     C        3          4.034214                             -0.034214
      83     C        3          3.932500                              0.067500
      84     C        3          3.981554                              0.018446
      85     C        3          4.008137                             -0.008137
      86     C        3          4.041081                             -0.041081
      87     C        3          4.008840                             -0.008840
      88     C        3          4.094871                             -0.094871
      89     C        3          4.008162                             -0.008162
      90     C        3          3.887101                              0.112899
      91     N        4          5.023799                             -0.023799
      92     N        4          5.307614                             -0.307614
      93     N        4          4.977145                              0.022855
      94     N        4          4.998644                              0.001356
      95     N        4          5.020924                             -0.020924
      96     N        4          5.029997                             -0.029997
      97     O        5          6.324476                             -0.324476
      98     O        5          6.277254                             -0.277254
      99     O        5          6.330479                             -0.330479
     100     O        5          6.287913                             -0.287913
     101     O        5          6.291035                             -0.291035
     102     O        5          6.281210                             -0.281210
     103     O        5          6.293631                             -0.293631
     104     O        5          6.265130                             -0.265130
     105     O        5          6.425945                             -0.425945
     106     O        5          6.471222                             -0.471222
     107     O        5          6.509301                             -0.509301
     108     O        5          6.455743                             -0.455743
     109     O        5          6.366857                             -0.366857
     110     O        5          6.452297                             -0.452297
     111     O        5          6.472752                             -0.472752
     112     O        5          6.464353                             -0.464353
     113     O        5          6.332575                             -0.332575
     114     O        5          6.296073                             -0.296073
     115     O        5          6.336229                             -0.336229
     116     O        5          6.303845                             -0.303845
     117     O        5          6.390608                             -0.390608
     118     O        5          6.281119                             -0.281119
     119     O        5          6.027008                             -0.027008
     120     O        5          6.234207                             -0.234207
     121     O        5          6.309910                             -0.309910
     122     O        5          6.294092                             -0.294092
     123     O        5          6.336558                             -0.336558
     124     O        5          6.288926                             -0.288926
     125     O        5          6.183143                             -0.183143
     126     O        5          6.428023                             -0.428023
     127     O        5          6.257598                             -0.257598
     128     O        5          6.244047                             -0.244047
     129     O        5          6.496508                             -0.496508
     130     O        5          6.409929                             -0.409929
     131     O        5          6.426347                             -0.426347
     132     O        5          6.347523                             -0.347523
     133     H        2          0.927284                              0.072716
     134     H        2          0.914809                              0.085191
     135     H        2          0.919329                              0.080671
     136     H        2          0.916224                              0.083776
     137     C        3          4.274564                             -0.274564
     138     C        3          4.178482                             -0.178482
     139     H        2          0.943379                              0.056621
     140     H        2          0.917965                              0.082035
     141     C        3          4.099643                             -0.099643
     142     C        3          4.127507                             -0.127507
     143     H        2          0.931585                              0.068415
     144     H        2          0.940878                              0.059122
     145     H        2          0.930186                              0.069814
     146     H        2          0.930211                              0.069789
     147     C        3          4.032428                             -0.032428
     148     N        4          4.825272                              0.174728
     149     C        3          3.926394                              0.073606
     150     C        3          3.986374                              0.013626
     151     H        2          0.956060                              0.043940
     152     N        4          4.852108                              0.147892
     153     C        3          4.153755                             -0.153755
     154     H        2          0.908802                              0.091198
     155     H        2          0.960656                              0.039344
     156     H        2          0.955956                              0.044044
     157     H        2          0.999961                              0.000039
     158     O        5          5.986695                              0.013305
     159     N        4          5.099261                             -0.099261
     160     S        6          5.827242                              0.172758
     161     O        5          6.116633                             -0.116633
     162     F        7          7.087052                             -0.087052
     163     C        3          3.690073                              0.309927
     164     F        7          6.996043                              0.003957
     165     F        7          6.923765                              0.076235
     166     C        3          3.953031                              0.046969
     167     F        7          7.312899                             -0.312899
     168     F        7          6.891875                              0.108125
     169     F        7          6.699757                              0.300243
     170     O        5          6.090589                             -0.090589
     171     S        6          5.870638                              0.129362
     172     O        5          6.308179                             -0.308179
 # Total charge                            716.000000                  0.000000

 !-----------------------------------------------------------------------------!

 !-----------------------------------------------------------------------------!
                           Hirshfeld Charges

  #Atom  Element  Kind  Ref Charge     Population                    Net charge
      1       Ti     1      12.000         13.651                        -1.651
      2       Ti     1      12.000         13.430                        -1.430
      3       Ti     1      12.000         13.497                        -1.497
      4       Ti     1      12.000         13.498                        -1.498
      5       Ti     1      12.000         13.417                        -1.417
      6       Ti     1      12.000         13.680                        -1.680
      7       Ti     1      12.000         13.487                        -1.487
      8       Ti     1      12.000         13.463                        -1.463
      9       H      2       1.000          0.547                         0.453
     10       H      2       1.000          0.543                         0.457
     11       H      2       1.000          0.539                         0.461
     12       H      2       1.000          0.550                         0.450
     13       H      2       1.000          0.534                         0.466
     14       H      2       1.000          0.514                         0.486
     15       H      2       1.000          0.563                         0.437
     16       H      2       1.000          0.541                         0.459
     17       H      2       1.000          0.528                         0.472
     18       H      2       1.000          0.544                         0.456
     19       H      2       1.000          0.544                         0.456
     20       H      2       1.000          0.544                         0.456
     21       H      2       1.000          0.413                         0.587
     22       H      2       1.000          0.430                         0.570
     23       H      2       1.000          0.436                         0.564
     24       H      2       1.000          0.418                         0.582
     25       H      2       1.000          0.552                         0.448
     26       H      2       1.000          0.557                         0.443
     27       H      2       1.000          0.537                         0.463
     28       H      2       1.000          0.535                         0.465
     29       H      2       1.000          0.532                         0.468
     30       H      2       1.000          0.530                         0.470
     31       H      2       1.000          0.481                         0.519
     32       H      2       1.000          0.461                         0.539
     33       H      2       1.000          0.459                         0.541
     34       H      2       1.000          0.623                         0.377
     35       H      2       1.000          0.484                         0.516
     36       H      2       1.000          0.471                         0.529
     37       H      2       1.000          0.479                         0.521
     38       H      2       1.000          0.469                         0.531
     39       H      2       1.000          0.474                         0.526
     40       H      2       1.000          0.458                         0.542
     41       H      2       1.000          0.478                         0.522
     42       H      2       1.000          0.456                         0.544
     43       C      3       4.000          3.464                         0.536
     44       C      3       4.000          3.446                         0.554
     45       C      3       4.000          3.477                         0.523
     46       C      3       4.000          3.465                         0.535
     47       C      3       4.000          4.013                        -0.013
     48       C      3       4.000          3.992                         0.008
     49       C      3       4.000          4.000                         0.000
     50       C      3       4.000          3.985                         0.015
     51       C      3       4.000          3.920                         0.080
     52       C      3       4.000          4.442                        -0.442
     53       C      3       4.000          3.907                         0.093
     54       C      3       4.000          4.433                        -0.433
     55       C      3       4.000          4.445                        -0.445
     56       C      3       4.000          4.401                        -0.401
     57       C      3       4.000          4.413                        -0.413
     58       C      3       4.000          4.462                        -0.462
     59       C      3       4.000          4.021                        -0.021
     60       C      3       4.000          4.005                        -0.005
     61       C      3       4.000          4.012                        -0.012
     62       C      3       4.000          3.999                         0.001
     63       C      3       4.000          3.969                         0.031
     64       C      3       4.000          4.030                        -0.030
     65       C      3       4.000          3.983                         0.017
     66       C      3       4.000          3.920                         0.080
     67       C      3       4.000          3.480                         0.520
     68       C      3       4.000          3.518                         0.482
     69       C      3       4.000          3.485                         0.515
     70       C      3       4.000          3.460                         0.540
     71       C      3       4.000          3.515                         0.485
     72       C      3       4.000          3.442                         0.558
     73       C      3       4.000          3.367                         0.633
     74       C      3       4.000          3.598                         0.402
     75       C      3       4.000          3.859                         0.141
     76       C      3       4.000          4.439                        -0.439
     77       C      3       4.000          4.423                        -0.423
     78       C      3       4.000          4.478                        -0.478
     79       C      3       4.000          4.496                        -0.496
     80       C      3       4.000          4.392                        -0.392
     81       C      3       4.000          4.372                        -0.372
     82       C      3       4.000          4.251                        -0.251
     83       C      3       4.000          3.880                         0.120
     84       C      3       4.000          4.374                        -0.374
     85       C      3       4.000          4.373                        -0.373
     86       C      3       4.000          4.406                        -0.406
     87       C      3       4.000          3.991                         0.009
     88       C      3       4.000          4.451                        -0.451
     89       C      3       4.000          4.392                        -0.392
     90       C      3       4.000          3.888                         0.112
     91       N      4       5.000          5.896                        -0.896
     92       N      4       5.000          5.765                        -0.765
     93       N      4       5.000          5.894                        -0.894
     94       N      4       5.000          5.771                        -0.771
     95       N      4       5.000          5.840                        -0.840
     96       N      4       5.000          5.859                        -0.859
     97       O      5       6.000          6.164                        -0.164
     98       O      5       6.000          6.101                        -0.101
     99       O      5       6.000          6.193                        -0.193
    100       O      5       6.000          6.140                        -0.140
    101       O      5       6.000          6.124                        -0.124
    102       O      5       6.000          6.125                        -0.125
    103       O      5       6.000          6.106                        -0.106
    104       O      5       6.000          6.084                        -0.084
    105       O      5       6.000          5.656                         0.344
    106       O      5       6.000          5.771                         0.229
    107       O      5       6.000          5.757                         0.243
    108       O      5       6.000          5.716                         0.284
    109       O      5       6.000          5.631                         0.369
    110       O      5       6.000          5.690                         0.310
    111       O      5       6.000          5.838                         0.162
    112       O      5       6.000          5.695                         0.305
    113       O      5       6.000          6.121                        -0.121
    114       O      5       6.000          6.163                        -0.163
    115       O      5       6.000          6.206                        -0.206
    116       O      5       6.000          6.108                        -0.108
    117       O      5       6.000          6.140                        -0.140
    118       O      5       6.000          6.146                        -0.146
    119       O      5       6.000          6.087                        -0.087
    120       O      5       6.000          6.087                        -0.087
    121       O      5       6.000          6.070                        -0.070
    122       O      5       6.000          6.092                        -0.092
    123       O      5       6.000          6.189                        -0.189
    124       O      5       6.000          6.216                        -0.216
    125       O      5       6.000          5.947                         0.053
    126       O      5       6.000          6.193                        -0.193
    127       O      5       6.000          6.121                        -0.121
    128       O      5       6.000          6.087                        -0.087
    129       O      5       6.000          6.020                        -0.020
    130       O      5       6.000          6.035                        -0.035
    131       O      5       6.000          6.036                        -0.036
    132       O      5       6.000          5.857                         0.143
    133       H      2       1.000          0.563                         0.437
    134       H      2       1.000          0.562                         0.438
    135       H      2       1.000          0.559                         0.441
    136       H      2       1.000          0.565                         0.435
    137       C      3       4.000          5.309                        -1.309
    138       C      3       4.000          4.815                        -0.815
    139       H      2       1.000          0.515                         0.485
    140       H      2       1.000          0.558                         0.442
    141       C      3       4.000          4.416                        -0.416
    142       C      3       4.000          4.756                        -0.756
    143       H      2       1.000          0.569                         0.431
    144       H      2       1.000          0.517                         0.483
    145       H      2       1.000          0.522                         0.478
    146       H      2       1.000          0.541                         0.459
    147       C      3       4.000          4.167                        -0.167
    148       N      4       5.000          5.124                        -0.124
    149       C      3       4.000          4.018                        -0.018
    150       C      3       4.000          4.140                        -0.140
    151       H      2       1.000          0.503                         0.497
    152       N      4       5.000          5.158                        -0.158
    153       C      3       4.000          4.473                        -0.473
    154       H      2       1.000          0.514                         0.486
    155       H      2       1.000          0.498                         0.502
    156       H      2       1.000          0.499                         0.501
    157       H      2       1.000          0.504                         0.496
    158       O      5       6.000          6.329                        -0.329
    159       N      4       5.000          4.883                         0.117
    160       S      6       6.000          5.856                         0.144
    161       O      5       6.000          6.423                        -0.423
    162       F      7       7.000          7.303                        -0.303
    163       C      3       4.000          3.338                         0.662
    164       F      7       7.000          7.154                        -0.154
    165       F      7       7.000          7.164                        -0.164
    166       C      3       4.000          3.527                         0.473
    167       F      7       7.000          7.410                        -0.410
    168       F      7       7.000          7.195                        -0.195
    169       F      7       7.000          7.123                        -0.123
    170       O      5       6.000          6.462                        -0.462
    171       S      6       6.000          5.385                         0.615
    172       O      5       6.000          6.373                        -0.373

  Total Charge                                                            0.095
 !-----------------------------------------------------------------------------!

 ENERGY| Total FORCE_EVAL ( QS ) energy [hartree]          -1717.533675626796139

 *******************************************************************************
 **                 BAND EVALUATION OF ENERGIES AND FORCES                    **
 *******************************************************************************
 **                                                                           **
 **                                                                           **
 ** Replica Env Nr. :    2              Replica Band Nr. :   10               **
 ** Band  Step  Nr. :    4                                                    **
 *******************************************************************************

 Number of electrons:                                                        716
 Number of occupied orbitals:                                                401
 Number of molecular orbitals:                                               458

 Number of orbital functions:                                               1948
 Number of independent orbital functions:                                   1948

 Parameters for the always stable predictor-corrector (ASPC) method:

  ASPC order: 3

  B(1) =   3.000000
  B(2) =  -3.428571
  B(3) =   1.928571
  B(4) =  -0.571429
  B(5) =   0.071429

 *** WARNING in fm/cp_fm_elpa.F:521 :: Setting real_kernel for ELPA failed ***


 Extrapolation method: ASPC


 SCF WAVEFUNCTION OPTIMIZATION

  Step     Update method      Time    Convergence         Total energy    Change
  ------------------------------------------------------------------------------

 *** WARNING in fm/cp_fm_elpa.F:521 :: Setting real_kernel for ELPA failed ***

     1 Broy./Diag. 0.15E+00    8.3     0.37349760     -1717.5092771796 -1.72E+03

 *** WARNING in fm/cp_fm_elpa.F:521 :: Setting real_kernel for ELPA failed ***

     2 Broy./Diag. 0.15E+00   12.2     0.72118668     -1715.9331746555  1.58E+00

 *** WARNING in fm/cp_fm_elpa.F:521 :: Setting real_kernel for ELPA failed ***

     3 Broy./Diag. 0.15E+00   12.7     0.32433874     -1718.4803751730 -2.55E+00

 *** WARNING in fm/cp_fm_elpa.F:521 :: Setting real_kernel for ELPA failed ***

     4 Broy./Diag. 0.15E+00   12.9     0.10604997     -1716.8029729729  1.68E+00

 *** WARNING in fm/cp_fm_elpa.F:521 :: Setting real_kernel for ELPA failed ***

     5 Broy./Diag. 0.15E+00   13.6     0.04503133     -1717.3261230401 -5.23E-01

 *** WARNING in fm/cp_fm_elpa.F:521 :: Setting real_kernel for ELPA failed ***

     6 Broy./Diag. 0.15E+00   13.6     0.01310294     -1717.2725923180  5.35E-02

 *** WARNING in fm/cp_fm_elpa.F:521 :: Setting real_kernel for ELPA failed ***

     7 Broy./Diag. 0.15E+00   13.3     0.01932858     -1717.3760101147 -1.03E-01

 *** WARNING in fm/cp_fm_elpa.F:521 :: Setting real_kernel for ELPA failed ***

     8 Broy./Diag. 0.15E+00   13.1     0.01194625     -1717.4510150303 -7.50E-02

 *** WARNING in fm/cp_fm_elpa.F:521 :: Setting real_kernel for ELPA failed ***

     9 Broy./Diag. 0.15E+00   13.3     0.00366578     -1717.5344396143 -8.34E-02

 *** WARNING in fm/cp_fm_elpa.F:521 :: Setting real_kernel for ELPA failed ***

    10 Broy./Diag. 0.15E+00   13.5     0.00469547     -1717.5557779793 -2.13E-02

 *** WARNING in fm/cp_fm_elpa.F:521 :: Setting real_kernel for ELPA failed ***

    11 Broy./Diag. 0.15E+00   13.4     0.00481862     -1717.5477653574  8.01E-03

 *** WARNING in fm/cp_fm_elpa.F:521 :: Setting real_kernel for ELPA failed ***

    12 Broy./Diag. 0.15E+00   13.5     0.00173497     -1717.5483164663 -5.51E-04

 *** WARNING in fm/cp_fm_elpa.F:521 :: Setting real_kernel for ELPA failed ***

    13 Broy./Diag. 0.15E+00   14.1     0.00145539     -1717.5326960429  1.56E-02

 *** WARNING in fm/cp_fm_elpa.F:521 :: Setting real_kernel for ELPA failed ***

    14 Broy./Diag. 0.15E+00   13.2     0.00089180     -1717.5367429370 -4.05E-03

 *** WARNING in fm/cp_fm_elpa.F:521 :: Setting real_kernel for ELPA failed ***

    15 Broy./Diag. 0.15E+00   13.3     0.00077675     -1717.5317703127  4.97E-03

 *** WARNING in fm/cp_fm_elpa.F:521 :: Setting real_kernel for ELPA failed ***

    16 Broy./Diag. 0.15E+00   13.4     0.00059021     -1717.5292264372  2.54E-03

 *** WARNING in fm/cp_fm_elpa.F:521 :: Setting real_kernel for ELPA failed ***

    17 Broy./Diag. 0.15E+00   13.6     0.00059744     -1717.5289354236  2.91E-04

 *** WARNING in fm/cp_fm_elpa.F:521 :: Setting real_kernel for ELPA failed ***

    18 Broy./Diag. 0.15E+00   13.6     0.00046682     -1717.5300107580 -1.08E-03

 *** WARNING in fm/cp_fm_elpa.F:521 :: Setting real_kernel for ELPA failed ***

    19 Broy./Diag. 0.15E+00   13.4     0.00028159     -1717.5290363436  9.74E-04

 *** WARNING in fm/cp_fm_elpa.F:521 :: Setting real_kernel for ELPA failed ***

    20 Broy./Diag. 0.15E+00   13.6     0.00024940     -1717.5313754242 -2.34E-03

 *** WARNING in fm/cp_fm_elpa.F:521 :: Setting real_kernel for ELPA failed ***

    21 Broy./Diag. 0.15E+00   13.5     0.00019460     -1717.5313720398  3.38E-06

 *** WARNING in fm/cp_fm_elpa.F:521 :: Setting real_kernel for ELPA failed ***

    22 Broy./Diag. 0.15E+00   13.6     0.00015049     -1717.5318692030 -4.97E-04

 *** WARNING in fm/cp_fm_elpa.F:521 :: Setting real_kernel for ELPA failed ***

    23 Broy./Diag. 0.15E+00   13.4     0.00023050     -1717.5327006459 -8.31E-04

 *** WARNING in fm/cp_fm_elpa.F:521 :: Setting real_kernel for ELPA failed ***

    24 Broy./Diag. 0.15E+00   13.5     0.00023044     -1717.5335108984 -8.10E-04

 *** WARNING in fm/cp_fm_elpa.F:521 :: Setting real_kernel for ELPA failed ***

    25 Broy./Diag. 0.15E+00   13.6     0.00010513     -1717.5330273924  4.84E-04

 *** WARNING in fm/cp_fm_elpa.F:521 :: Setting real_kernel for ELPA failed ***

    26 Broy./Diag. 0.15E+00   13.2     0.00009413     -1717.5339133512 -8.86E-04

 *** WARNING in fm/cp_fm_elpa.F:521 :: Setting real_kernel for ELPA failed ***

    27 Broy./Diag. 0.15E+00   13.1     0.00009168     -1717.5337302220  1.83E-04

 *** WARNING in fm/cp_fm_elpa.F:521 :: Setting real_kernel for ELPA failed ***

    28 Broy./Diag. 0.15E+00   12.9     0.00007220     -1717.5337570086 -2.68E-05

 *** WARNING in fm/cp_fm_elpa.F:521 :: Setting real_kernel for ELPA failed ***

    29 Broy./Diag. 0.15E+00   12.9     0.00008559     -1717.5338977410 -1.41E-04

 *** WARNING in fm/cp_fm_elpa.F:521 :: Setting real_kernel for ELPA failed ***

    30 Broy./Diag. 0.15E+00   13.1     0.00009678     -1717.5339349464 -3.72E-05

 *** WARNING in fm/cp_fm_elpa.F:521 :: Setting real_kernel for ELPA failed ***

    31 Broy./Diag. 0.15E+00   13.1     0.00005174     -1717.5336086075  3.26E-04

 *** WARNING in fm/cp_fm_elpa.F:521 :: Setting real_kernel for ELPA failed ***

    32 Broy./Diag. 0.15E+00   13.0     0.00004445     -1717.5339173513 -3.09E-04

  *** SCF run converged in    32 steps ***


  Electronic density on regular grids:       -715.9999999254        0.0000000746
  Core density on regular grids:              715.9999999656       -0.0000000344
  Total charge density on r-space grids:        0.0000000402
  Total charge density g-space grids:           0.0000000402

  Overlap energy of the core charge distribution:               0.00009251248999
  Self energy of the core charge distribution:              -4016.67387185402686
  Core Hamiltonian energy:                                   1156.85153351254530
  Hartree energy:                                            1517.65327010450460
  Exchange-correlation energy:                               -375.06316582081138
  Dispersion energy:                                           -0.26840019457127
  Electronic entropic energy:                                  -0.03337592575789
  Fermi energy:                                                 0.00030347927358

  Total energy:                                             -1717.53391735125228

 !-----------------------------------------------------------------------------!
                     Mulliken Population Analysis

 #  Atom  Element  Kind  Atomic population                           Net charge
       1     Ti       1         11.153555                              0.846445
       2     Ti       1         11.064977                              0.935023
       3     Ti       1         11.018653                              0.981347
       4     Ti       1         11.038438                              0.961562
       5     Ti       1         11.058165                              0.941835
       6     Ti       1         11.343751                              0.656249
       7     Ti       1         11.032927                              0.967073
       8     Ti       1         11.024077                              0.975923
       9     H        2          0.933592                              0.066408
      10     H        2          0.942560                              0.057440
      11     H        2          0.938565                              0.061435
      12     H        2          0.942359                              0.057641
      13     H        2          0.947449                              0.052551
      14     H        2          0.966356                              0.033644
      15     H        2          0.949310                              0.050690
      16     H        2          0.940308                              0.059692
      17     H        2          0.919721                              0.080279
      18     H        2          0.927981                              0.072019
      19     H        2          0.932019                              0.067981
      20     H        2          0.941393                              0.058607
      21     H        2          0.823749                              0.176251
      22     H        2          0.869326                              0.130674
      23     H        2          0.942600                              0.057400
      24     H        2          0.828555                              0.171445
      25     H        2          0.938784                              0.061216
      26     H        2          0.947684                              0.052316
      27     H        2          0.939436                              0.060564
      28     H        2          0.929193                              0.070807
      29     H        2          0.932179                              0.067821
      30     H        2          0.921300                              0.078700
      31     H        2          0.887579                              0.112421
      32     H        2          0.890342                              0.109658
      33     H        2          0.877807                              0.122193
      34     H        2          0.778431                              0.221569
      35     H        2          0.887733                              0.112267
      36     H        2          0.920101                              0.079899
      37     H        2          0.891120                              0.108880
      38     H        2          0.891943                              0.108057
      39     H        2          0.877240                              0.122760
      40     H        2          0.881024                              0.118976
      41     H        2          0.881287                              0.118713
      42     H        2          0.881653                              0.118347
      43     C        3          3.771588                              0.228412
      44     C        3          3.777534                              0.222466
      45     C        3          3.777779                              0.222221
      46     C        3          3.777512                              0.222488
      47     C        3          4.103621                             -0.103621
      48     C        3          4.095128                             -0.095128
      49     C        3          4.068428                             -0.068428
      50     C        3          4.048901                             -0.048901
      51     C        3          3.953960                              0.046040
      52     C        3          4.023747                             -0.023747
      53     C        3          3.979597                              0.020403
      54     C        3          4.046143                             -0.046143
      55     C        3          4.043272                             -0.043272
      56     C        3          4.020230                             -0.020230
      57     C        3          4.004306                             -0.004306
      58     C        3          4.032395                             -0.032395
      59     C        3          4.052065                             -0.052065
      60     C        3          4.027093                             -0.027093
      61     C        3          4.114258                             -0.114258
      62     C        3          4.095920                             -0.095920
      63     C        3          4.080594                             -0.080594
      64     C        3          4.093487                             -0.093487
      65     C        3          4.070378                             -0.070378
      66     C        3          3.856405                              0.143595
      67     C        3          3.781444                              0.218556
      68     C        3          3.803445                              0.196555
      69     C        3          3.798312                              0.201688
      70     C        3          3.783225                              0.216775
      71     C        3          3.785486                              0.214514
      72     C        3          3.839922                              0.160078
      73     C        3          3.767145                              0.232855
      74     C        3          3.778047                              0.221953
      75     C        3          3.976878                              0.023122
      76     C        3          4.045722                             -0.045722
      77     C        3          4.009013                             -0.009013
      78     C        3          4.053485                             -0.053485
      79     C        3          4.033692                             -0.033692
      80     C        3          4.001538                             -0.001538
      81     C        3          4.080995                             -0.080995
      82     C        3          4.034219                             -0.034219
      83     C        3          3.932494                              0.067506
      84     C        3          3.981516                              0.018484
      85     C        3          4.008136                             -0.008136
      86     C        3          4.041079                             -0.041079
      87     C        3          4.008852                             -0.008852
      88     C        3          4.094874                             -0.094874
      89     C        3          4.008169                             -0.008169
      90     C        3          3.887101                              0.112899
      91     N        4          5.023792                             -0.023792
      92     N        4          5.307611                             -0.307611
      93     N        4          4.977145                              0.022855
      94     N        4          4.998641                              0.001359
      95     N        4          5.020929                             -0.020929
      96     N        4          5.029997                             -0.029997
      97     O        5          6.324475                             -0.324475
      98     O        5          6.277256                             -0.277256
      99     O        5          6.330479                             -0.330479
     100     O        5          6.287915                             -0.287915
     101     O        5          6.291034                             -0.291034
     102     O        5          6.281208                             -0.281208
     103     O        5          6.293632                             -0.293632
     104     O        5          6.265133                             -0.265133
     105     O        5          6.425937                             -0.425937
     106     O        5          6.471230                             -0.471230
     107     O        5          6.509289                             -0.509289
     108     O        5          6.455742                             -0.455742
     109     O        5          6.366856                             -0.366856
     110     O        5          6.452304                             -0.452304
     111     O        5          6.472756                             -0.472756
     112     O        5          6.464345                             -0.464345
     113     O        5          6.332576                             -0.332576
     114     O        5          6.296076                             -0.296076
     115     O        5          6.336225                             -0.336225
     116     O        5          6.303847                             -0.303847
     117     O        5          6.390612                             -0.390612
     118     O        5          6.281120                             -0.281120
     119     O        5          6.027007                             -0.027007
     120     O        5          6.234211                             -0.234211
     121     O        5          6.309910                             -0.309910
     122     O        5          6.294092                             -0.294092
     123     O        5          6.336557                             -0.336557
     124     O        5          6.288927                             -0.288927
     125     O        5          6.183138                             -0.183138
     126     O        5          6.428031                             -0.428031
     127     O        5          6.257599                             -0.257599
     128     O        5          6.244053                             -0.244053
     129     O        5          6.496507                             -0.496507
     130     O        5          6.409936                             -0.409936
     131     O        5          6.426345                             -0.426345
     132     O        5          6.347524                             -0.347524
     133     H        2          0.927286                              0.072714
     134     H        2          0.914811                              0.085189
     135     H        2          0.919329                              0.080671
     136     H        2          0.916226                              0.083774
     137     C        3          4.274564                             -0.274564
     138     C        3          4.178485                             -0.178485
     139     H        2          0.943380                              0.056620
     140     H        2          0.917967                              0.082033
     141     C        3          4.099644                             -0.099644
     142     C        3          4.127505                             -0.127505
     143     H        2          0.931585                              0.068415
     144     H        2          0.940880                              0.059120
     145     H        2          0.930186                              0.069814
     146     H        2          0.930210                              0.069790
     147     C        3          4.032435                             -0.032435
     148     N        4          4.825274                              0.174726
     149     C        3          3.926393                              0.073607
     150     C        3          3.986383                              0.013617
     151     H        2          0.956060                              0.043940
     152     N        4          4.852111                              0.147889
     153     C        3          4.153749                             -0.153749
     154     H        2          0.908805                              0.091195
     155     H        2          0.960660                              0.039340
     156     H        2          0.955959                              0.044041
     157     H        2          0.999966                              0.000034
     158     O        5          5.986692                              0.013308
     159     N        4          5.099306                             -0.099306
     160     S        6          5.827227                              0.172773
     161     O        5          6.116631                             -0.116631
     162     F        7          7.087065                             -0.087065
     163     C        3          3.690073                              0.309927
     164     F        7          6.996042                              0.003958
     165     F        7          6.923765                              0.076235
     166     C        3          3.953026                              0.046974
     167     F        7          7.312904                             -0.312904
     168     F        7          6.891878                              0.108122
     169     F        7          6.699770                              0.300230
     170     O        5          6.090600                             -0.090600
     171     S        6          5.870634                              0.129366
     172     O        5          6.308183                             -0.308183
 # Total charge                            716.000000                  0.000000

 !-----------------------------------------------------------------------------!

 !-----------------------------------------------------------------------------!
                           Hirshfeld Charges

  #Atom  Element  Kind  Ref Charge     Population                    Net charge
      1       Ti     1      12.000         13.651                        -1.651
      2       Ti     1      12.000         13.430                        -1.430
      3       Ti     1      12.000         13.497                        -1.497
      4       Ti     1      12.000         13.498                        -1.498
      5       Ti     1      12.000         13.417                        -1.417
      6       Ti     1      12.000         13.680                        -1.680
      7       Ti     1      12.000         13.487                        -1.487
      8       Ti     1      12.000         13.463                        -1.463
      9       H      2       1.000          0.547                         0.453
     10       H      2       1.000          0.543                         0.457
     11       H      2       1.000          0.539                         0.461
     12       H      2       1.000          0.550                         0.450
     13       H      2       1.000          0.534                         0.466
     14       H      2       1.000          0.514                         0.486
     15       H      2       1.000          0.563                         0.437
     16       H      2       1.000          0.541                         0.459
     17       H      2       1.000          0.528                         0.472
     18       H      2       1.000          0.544                         0.456
     19       H      2       1.000          0.544                         0.456
     20       H      2       1.000          0.544                         0.456
     21       H      2       1.000          0.413                         0.587
     22       H      2       1.000          0.430                         0.570
     23       H      2       1.000          0.436                         0.564
     24       H      2       1.000          0.418                         0.582
     25       H      2       1.000          0.552                         0.448
     26       H      2       1.000          0.557                         0.443
     27       H      2       1.000          0.537                         0.463
     28       H      2       1.000          0.535                         0.465
     29       H      2       1.000          0.532                         0.468
     30       H      2       1.000          0.530                         0.470
     31       H      2       1.000          0.481                         0.519
     32       H      2       1.000          0.461                         0.539
     33       H      2       1.000          0.459                         0.541
     34       H      2       1.000          0.623                         0.377
     35       H      2       1.000          0.484                         0.516
     36       H      2       1.000          0.471                         0.529
     37       H      2       1.000          0.479                         0.521
     38       H      2       1.000          0.469                         0.531
     39       H      2       1.000          0.474                         0.526
     40       H      2       1.000          0.458                         0.542
     41       H      2       1.000          0.478                         0.522
     42       H      2       1.000          0.456                         0.544
     43       C      3       4.000          3.464                         0.536
     44       C      3       4.000          3.446                         0.554
     45       C      3       4.000          3.477                         0.523
     46       C      3       4.000          3.465                         0.535
     47       C      3       4.000          4.013                        -0.013
     48       C      3       4.000          3.992                         0.008
     49       C      3       4.000          4.000                         0.000
     50       C      3       4.000          3.985                         0.015
     51       C      3       4.000          3.920                         0.080
     52       C      3       4.000          4.442                        -0.442
     53       C      3       4.000          3.907                         0.093
     54       C      3       4.000          4.433                        -0.433
     55       C      3       4.000          4.445                        -0.445
     56       C      3       4.000          4.401                        -0.401
     57       C      3       4.000          4.413                        -0.413
     58       C      3       4.000          4.462                        -0.462
     59       C      3       4.000          4.021                        -0.021
     60       C      3       4.000          4.005                        -0.005
     61       C      3       4.000          4.012                        -0.012
     62       C      3       4.000          3.999                         0.001
     63       C      3       4.000          3.969                         0.031
     64       C      3       4.000          4.030                        -0.030
     65       C      3       4.000          3.983                         0.017
     66       C      3       4.000          3.920                         0.080
     67       C      3       4.000          3.480                         0.520
     68       C      3       4.000          3.518                         0.482
     69       C      3       4.000          3.485                         0.515
     70       C      3       4.000          3.460                         0.540
     71       C      3       4.000          3.515                         0.485
     72       C      3       4.000          3.442                         0.558
     73       C      3       4.000          3.367                         0.633
     74       C      3       4.000          3.598                         0.402
     75       C      3       4.000          3.859                         0.141
     76       C      3       4.000          4.439                        -0.439
     77       C      3       4.000          4.423                        -0.423
     78       C      3       4.000          4.478                        -0.478
     79       C      3       4.000          4.496                        -0.496
     80       C      3       4.000          4.392                        -0.392
     81       C      3       4.000          4.372                        -0.372
     82       C      3       4.000          4.251                        -0.251
     83       C      3       4.000          3.880                         0.120
     84       C      3       4.000          4.374                        -0.374
     85       C      3       4.000          4.373                        -0.373
     86       C      3       4.000          4.406                        -0.406
     87       C      3       4.000          3.991                         0.009
     88       C      3       4.000          4.451                        -0.451
     89       C      3       4.000          4.392                        -0.392
     90       C      3       4.000          3.888                         0.112
     91       N      4       5.000          5.896                        -0.896
     92       N      4       5.000          5.765                        -0.765
     93       N      4       5.000          5.894                        -0.894
     94       N      4       5.000          5.771                        -0.771
     95       N      4       5.000          5.840                        -0.840
     96       N      4       5.000          5.859                        -0.859
     97       O      5       6.000          6.164                        -0.164
     98       O      5       6.000          6.101                        -0.101
     99       O      5       6.000          6.193                        -0.193
    100       O      5       6.000          6.140                        -0.140
    101       O      5       6.000          6.124                        -0.124
    102       O      5       6.000          6.125                        -0.125
    103       O      5       6.000          6.106                        -0.106
    104       O      5       6.000          6.084                        -0.084
    105       O      5       6.000          5.656                         0.344
    106       O      5       6.000          5.771                         0.229
    107       O      5       6.000          5.757                         0.243
    108       O      5       6.000          5.716                         0.284
    109       O      5       6.000          5.631                         0.369
    110       O      5       6.000          5.690                         0.310
    111       O      5       6.000          5.838                         0.162
    112       O      5       6.000          5.695                         0.305
    113       O      5       6.000          6.121                        -0.121
    114       O      5       6.000          6.163                        -0.163
    115       O      5       6.000          6.206                        -0.206
    116       O      5       6.000          6.108                        -0.108
    117       O      5       6.000          6.140                        -0.140
    118       O      5       6.000          6.146                        -0.146
    119       O      5       6.000          6.087                        -0.087
    120       O      5       6.000          6.087                        -0.087
    121       O      5       6.000          6.070                        -0.070
    122       O      5       6.000          6.092                        -0.092
    123       O      5       6.000          6.189                        -0.189
    124       O      5       6.000          6.216                        -0.216
    125       O      5       6.000          5.947                         0.053
    126       O      5       6.000          6.193                        -0.193
    127       O      5       6.000          6.121                        -0.121
    128       O      5       6.000          6.087                        -0.087
    129       O      5       6.000          6.020                        -0.020
    130       O      5       6.000          6.035                        -0.035
    131       O      5       6.000          6.036                        -0.036
    132       O      5       6.000          5.857                         0.143
    133       H      2       1.000          0.563                         0.437
    134       H      2       1.000          0.562                         0.438
    135       H      2       1.000          0.559                         0.441
    136       H      2       1.000          0.565                         0.435
    137       C      3       4.000          5.309                        -1.309
    138       C      3       4.000          4.815                        -0.815
    139       H      2       1.000          0.515                         0.485
    140       H      2       1.000          0.558                         0.442
    141       C      3       4.000          4.416                        -0.416
    142       C      3       4.000          4.756                        -0.756
    143       H      2       1.000          0.569                         0.431
    144       H      2       1.000          0.517                         0.483
    145       H      2       1.000          0.522                         0.478
    146       H      2       1.000          0.541                         0.459
    147       C      3       4.000          4.167                        -0.167
    148       N      4       5.000          5.124                        -0.124
    149       C      3       4.000          4.018                        -0.018
    150       C      3       4.000          4.140                        -0.140
    151       H      2       1.000          0.503                         0.497
    152       N      4       5.000          5.158                        -0.158
    153       C      3       4.000          4.473                        -0.473
    154       H      2       1.000          0.514                         0.486
    155       H      2       1.000          0.498                         0.502
    156       H      2       1.000          0.499                         0.501
    157       H      2       1.000          0.504                         0.496
    158       O      5       6.000          6.329                        -0.329
    159       N      4       5.000          4.883                         0.117
    160       S      6       6.000          5.856                         0.144
    161       O      5       6.000          6.423                        -0.423
    162       F      7       7.000          7.303                        -0.303
    163       C      3       4.000          3.338                         0.662
    164       F      7       7.000          7.154                        -0.154
    165       F      7       7.000          7.164                        -0.164
    166       C      3       4.000          3.527                         0.473
    167       F      7       7.000          7.410                        -0.410
    168       F      7       7.000          7.195                        -0.195
    169       F      7       7.000          7.123                        -0.123
    170       O      5       6.000          6.462                        -0.462
    171       S      6       6.000          5.385                         0.615
    172       O      5       6.000          6.373                        -0.373

  Total Charge                                                            0.095
 !-----------------------------------------------------------------------------!

 ENERGY| Total FORCE_EVAL ( QS ) energy [hartree]          -1717.533675629677418
 *******************************************************************************
 RMS DISPLACEMENT =   0.03113     [ 0.00010]                               ( NO)
 MAX DISPLACEMENT =   0.33884     [ 0.00020]                               ( NO)
 RMS FORCE        =   0.10224     [ 0.00030]                               ( NO)
 MAX FORCE        =   1.51487     [ 0.00045]                               ( NO)
 *******************************************************************************

 *******************************************************************************
 **                 BAND EVALUATION OF ENERGIES AND FORCES                    **
 *******************************************************************************
 **                                                                           **
 **                                                                           **
 ** Replica Env Nr. :    2              Replica Band Nr. :   10               **
 ** Band  Step  Nr. :    5                                                    **
 *******************************************************************************

 Number of electrons:                                                        716
 Number of occupied orbitals:                                                400
 Number of molecular orbitals:                                               458

 Number of orbital functions:                                               1948
 Number of independent orbital functions:                                   1948

 Parameters for the always stable predictor-corrector (ASPC) method:

  ASPC order: 3

  B(1) =   3.000000
  B(2) =  -3.428571
  B(3) =   1.928571
  B(4) =  -0.571429
  B(5) =   0.071429

 *** WARNING in fm/cp_fm_elpa.F:521 :: Setting real_kernel for ELPA failed ***


 Extrapolation method: ASPC


 SCF WAVEFUNCTION OPTIMIZATION

  Step     Update method      Time    Convergence         Total energy    Change
  ------------------------------------------------------------------------------

 *** WARNING in fm/cp_fm_elpa.F:521 :: Setting real_kernel for ELPA failed ***

     1 Broy./Diag. 0.15E+00    9.0     0.79009949     -1717.8586788318 -1.72E+03

 *** WARNING in fm/cp_fm_elpa.F:521 :: Setting real_kernel for ELPA failed ***

     2 Broy./Diag. 0.15E+00   12.7     0.86486440     -1714.0728779085  3.79E+00

 *** WARNING in fm/cp_fm_elpa.F:521 :: Setting real_kernel for ELPA failed ***

     3 Broy./Diag. 0.15E+00   13.3     0.51604565     -1718.8000833033 -4.73E+00

 *** WARNING in fm/cp_fm_elpa.F:521 :: Setting real_kernel for ELPA failed ***

     4 Broy./Diag. 0.15E+00   14.0     0.35883462     -1716.7352493923  2.06E+00

 *** WARNING in fm/cp_fm_elpa.F:521 :: Setting real_kernel for ELPA failed ***

     5 Broy./Diag. 0.15E+00   13.5     0.12073894     -1717.5544820819 -8.19E-01

 *** WARNING in fm/cp_fm_elpa.F:521 :: Setting real_kernel for ELPA failed ***

     6 Broy./Diag. 0.15E+00   14.1     0.07797251     -1717.2526008830  3.02E-01

 *** WARNING in fm/cp_fm_elpa.F:521 :: Setting real_kernel for ELPA failed ***

     7 Broy./Diag. 0.15E+00   14.1     0.01937874     -1717.6417736349 -3.89E-01

 *** WARNING in fm/cp_fm_elpa.F:521 :: Setting real_kernel for ELPA failed ***

     8 Broy./Diag. 0.15E+00   13.9     0.03170239     -1717.8576077352 -2.16E-01

 *** WARNING in fm/cp_fm_elpa.F:521 :: Setting real_kernel for ELPA failed ***

     9 Broy./Diag. 0.15E+00   13.9     0.01204395     -1717.9797410010 -1.22E-01

 *** WARNING in fm/cp_fm_elpa.F:521 :: Setting real_kernel for ELPA failed ***

    10 Broy./Diag. 0.15E+00   13.4     0.00855033     -1718.0872643191 -1.08E-01

 *** WARNING in fm/cp_fm_elpa.F:521 :: Setting real_kernel for ELPA failed ***

    11 Broy./Diag. 0.15E+00   13.5     0.01421008     -1718.1574667666 -7.02E-02

 *** WARNING in fm/cp_fm_elpa.F:521 :: Setting real_kernel for ELPA failed ***

    12 Broy./Diag. 0.15E+00   13.4     0.00842666     -1718.1033685616  5.41E-02

 *** WARNING in fm/cp_fm_elpa.F:521 :: Setting real_kernel for ELPA failed ***

    13 Broy./Diag. 0.15E+00   13.4     0.00494251     -1718.1283814450 -2.50E-02

 *** WARNING in fm/cp_fm_elpa.F:521 :: Setting real_kernel for ELPA failed ***

    14 Broy./Diag. 0.15E+00   13.8     0.00473170     -1718.1102725111  1.81E-02

 *** WARNING in fm/cp_fm_elpa.F:521 :: Setting real_kernel for ELPA failed ***

    15 Broy./Diag. 0.15E+00   14.0     0.00342397     -1718.0891649339  2.11E-02

 *** WARNING in fm/cp_fm_elpa.F:521 :: Setting real_kernel for ELPA failed ***

    16 Broy./Diag. 0.15E+00   13.6     0.00123389     -1718.0870210530  2.14E-03

 *** WARNING in fm/cp_fm_elpa.F:521 :: Setting real_kernel for ELPA failed ***

    17 Broy./Diag. 0.15E+00   13.7     0.00120917     -1718.0835349627  3.49E-03

 *** WARNING in fm/cp_fm_elpa.F:521 :: Setting real_kernel for ELPA failed ***

    18 Broy./Diag. 0.15E+00   14.0     0.00163218     -1718.0706350756  1.29E-02

 *** WARNING in fm/cp_fm_elpa.F:521 :: Setting real_kernel for ELPA failed ***

    19 Broy./Diag. 0.15E+00   14.0     0.00147974     -1718.0733607030 -2.73E-03

 *** WARNING in fm/cp_fm_elpa.F:521 :: Setting real_kernel for ELPA failed ***

    20 Broy./Diag. 0.15E+00   13.6     0.00117612     -1718.0697493622  3.61E-03

 *** WARNING in fm/cp_fm_elpa.F:521 :: Setting real_kernel for ELPA failed ***

    21 Broy./Diag. 0.15E+00   13.6     0.00105122     -1718.0675533997  2.20E-03

 *** WARNING in fm/cp_fm_elpa.F:521 :: Setting real_kernel for ELPA failed ***

    22 Broy./Diag. 0.15E+00   13.9     0.00051344     -1718.0699009473 -2.35E-03

 *** WARNING in fm/cp_fm_elpa.F:521 :: Setting real_kernel for ELPA failed ***

    23 Broy./Diag. 0.15E+00   13.7     0.00058709     -1718.0721942550 -2.29E-03

 *** WARNING in fm/cp_fm_elpa.F:521 :: Setting real_kernel for ELPA failed ***

    24 Broy./Diag. 0.15E+00   13.6     0.00059702     -1718.0700756462  2.12E-03

 *** WARNING in fm/cp_fm_elpa.F:521 :: Setting real_kernel for ELPA failed ***

    25 Broy./Diag. 0.15E+00   13.4     0.00042301     -1718.0747543890 -4.68E-03

 *** WARNING in fm/cp_fm_elpa.F:521 :: Setting real_kernel for ELPA failed ***

    26 Broy./Diag. 0.15E+00   13.5     0.00053443     -1718.0753771792 -6.23E-04

 *** WARNING in fm/cp_fm_elpa.F:521 :: Setting real_kernel for ELPA failed ***

    27 Broy./Diag. 0.15E+00   13.3     0.00056335     -1718.0757723132 -3.95E-04

 *** WARNING in fm/cp_fm_elpa.F:521 :: Setting real_kernel for ELPA failed ***

    28 Broy./Diag. 0.15E+00   13.2     0.00017596     -1718.0779063699 -2.13E-03

 *** WARNING in fm/cp_fm_elpa.F:521 :: Setting real_kernel for ELPA failed ***

    29 Broy./Diag. 0.15E+00   13.2     0.00020590     -1718.0786161560 -7.10E-04

 *** WARNING in fm/cp_fm_elpa.F:521 :: Setting real_kernel for ELPA failed ***

    30 Broy./Diag. 0.15E+00   13.2     0.00022957     -1718.0776704512  9.46E-04

 *** WARNING in fm/cp_fm_elpa.F:521 :: Setting real_kernel for ELPA failed ***

    31 Broy./Diag. 0.15E+00   12.9     0.00015404     -1718.0789546583 -1.28E-03

 *** WARNING in fm/cp_fm_elpa.F:521 :: Setting real_kernel for ELPA failed ***

    32 Broy./Diag. 0.15E+00   12.9     0.00018992     -1718.0786155530  3.39E-04

 *** WARNING in fm/cp_fm_elpa.F:521 :: Setting real_kernel for ELPA failed ***

    33 Broy./Diag. 0.15E+00   12.8     0.00024715     -1718.0783946388  2.21E-04

 *** WARNING in fm/cp_fm_elpa.F:521 :: Setting real_kernel for ELPA failed ***

    34 Broy./Diag. 0.15E+00   13.0     0.00008559     -1718.0787004484 -3.06E-04

 *** WARNING in fm/cp_fm_elpa.F:521 :: Setting real_kernel for ELPA failed ***

    35 Broy./Diag. 0.15E+00   13.3     0.00008616     -1718.0784674473  2.33E-04

 *** WARNING in fm/cp_fm_elpa.F:521 :: Setting real_kernel for ELPA failed ***

    36 Broy./Diag. 0.15E+00   13.2     0.00012860     -1718.0778526779  6.15E-04

 *** WARNING in fm/cp_fm_elpa.F:521 :: Setting real_kernel for ELPA failed ***

    37 Broy./Diag. 0.15E+00   13.2     0.00005829     -1718.0783849537 -5.32E-04

 *** WARNING in fm/cp_fm_elpa.F:521 :: Setting real_kernel for ELPA failed ***

    38 Broy./Diag. 0.15E+00   13.6     0.00005962     -1718.0781014821  2.83E-04

 *** WARNING in fm/cp_fm_elpa.F:521 :: Setting real_kernel for ELPA failed ***

    39 Broy./Diag. 0.15E+00   14.0     0.00010517     -1718.0779894033  1.12E-04

 *** WARNING in fm/cp_fm_elpa.F:521 :: Setting real_kernel for ELPA failed ***

    40 Broy./Diag. 0.15E+00   14.0     0.00005411     -1718.0781094087 -1.20E-04

 *** WARNING in fm/cp_fm_elpa.F:521 :: Setting real_kernel for ELPA failed ***

    41 Broy./Diag. 0.15E+00   13.9     0.00003181     -1718.0780071740  1.02E-04

  *** SCF run converged in    41 steps ***


  Electronic density on regular grids:       -715.9999999256        0.0000000744
  Core density on regular grids:              715.9999999656       -0.0000000344
  Total charge density on r-space grids:        0.0000000400
  Total charge density g-space grids:           0.0000000400

  Overlap energy of the core charge distribution:               0.00005907489041
  Self energy of the core charge distribution:              -4016.67387185402686
  Core Hamiltonian energy:                                   1153.86125847528433
  Hartree energy:                                            1519.51480905015546
  Exchange-correlation energy:                               -374.48123627331802
  Dispersion energy:                                           -0.26927581820073
  Electronic entropic energy:                                  -0.02974997508610
  Fermi energy:                                                -0.00238437941637

  Total energy:                                             -1718.07800717401983

 !-----------------------------------------------------------------------------!
                     Mulliken Population Analysis

 #  Atom  Element  Kind  Atomic population                           Net charge
       1     Ti       1         11.139014                              0.860986
       2     Ti       1         11.056461                              0.943539
       3     Ti       1         11.019238                              0.980762
       4     Ti       1         11.034866                              0.965134
       5     Ti       1         11.056015                              0.943985
       6     Ti       1         11.312321                              0.687679
       7     Ti       1         11.033066                              0.966934
       8     Ti       1         11.023381                              0.976619
       9     H        2          0.933072                              0.066928
      10     H        2          0.940590                              0.059410
      11     H        2          0.934921                              0.065079
      12     H        2          0.940992                              0.059008
      13     H        2          0.945987                              0.054013
      14     H        2          0.964637                              0.035363
      15     H        2          0.952738                              0.047262
      16     H        2          0.941021                              0.058979
      17     H        2          0.922044                              0.077956
      18     H        2          0.928004                              0.071996
      19     H        2          0.931977                              0.068023
      20     H        2          0.940731                              0.059269
      21     H        2          0.826601                              0.173399
      22     H        2          0.867728                              0.132272
      23     H        2          0.939791                              0.060209
      24     H        2          0.827481                              0.172519
      25     H        2          0.940882                              0.059118
      26     H        2          0.950053                              0.049947
      27     H        2          0.939055                              0.060945
      28     H        2          0.926391                              0.073609
      29     H        2          0.929521                              0.070479
      30     H        2          0.914795                              0.085205
      31     H        2          0.887060                              0.112940
      32     H        2          0.890138                              0.109862
      33     H        2          0.874132                              0.125868
      34     H        2          0.781112                              0.218888
      35     H        2          0.888556                              0.111444
      36     H        2          0.915500                              0.084500
      37     H        2          0.888869                              0.111131
      38     H        2          0.889619                              0.110381
      39     H        2          0.875904                              0.124096
      40     H        2          0.878612                              0.121388
      41     H        2          0.880549                              0.119451
      42     H        2          0.878515                              0.121485
      43     C        3          3.770511                              0.229489
      44     C        3          3.776645                              0.223355
      45     C        3          3.778730                              0.221270
      46     C        3          3.777392                              0.222608
      47     C        3          4.102758                             -0.102758
      48     C        3          4.095605                             -0.095605
      49     C        3          4.067139                             -0.067139
      50     C        3          4.047137                             -0.047137
      51     C        3          3.952907                              0.047093
      52     C        3          4.024468                             -0.024468
      53     C        3          3.979519                              0.020481
      54     C        3          4.050046                             -0.050046
      55     C        3          4.040729                             -0.040729
      56     C        3          4.017869                             -0.017869
      57     C        3          4.003632                             -0.003632
      58     C        3          4.033683                             -0.033683
      59     C        3          4.051399                             -0.051399
      60     C        3          4.026124                             -0.026124
      61     C        3          4.112033                             -0.112033
      62     C        3          4.095991                             -0.095991
      63     C        3          4.079645                             -0.079645
      64     C        3          4.096136                             -0.096136
      65     C        3          4.063821                             -0.063821
      66     C        3          3.855168                              0.144832
      67     C        3          3.780706                              0.219294
      68     C        3          3.802663                              0.197337
      69     C        3          3.795687                              0.204313
      70     C        3          3.782550                              0.217450
      71     C        3          3.785808                              0.214192
      72     C        3          3.830687                              0.169313
      73     C        3          3.798043                              0.201957
      74     C        3          3.781420                              0.218580
      75     C        3          3.976298                              0.023702
      76     C        3          4.044738                             -0.044738
      77     C        3          4.012864                             -0.012864
      78     C        3          4.053022                             -0.053022
      79     C        3          4.032733                             -0.032733
      80     C        3          3.998382                              0.001618
      81     C        3          4.058088                             -0.058088
      82     C        3          4.037942                             -0.037942
      83     C        3          3.930240                              0.069760
      84     C        3          3.976636                              0.023364
      85     C        3          4.007503                             -0.007503
      86     C        3          4.040016                             -0.040016
      87     C        3          4.003667                             -0.003667
      88     C        3          4.092188                             -0.092188
      89     C        3          4.006669                             -0.006669
      90     C        3          3.878359                              0.121641
      91     N        4          5.023284                             -0.023284
      92     N        4          5.306930                             -0.306930
      93     N        4          4.957950                              0.042050
      94     N        4          4.993416                              0.006584
      95     N        4          5.022346                             -0.022346
      96     N        4          5.035215                             -0.035215
      97     O        5          6.324542                             -0.324542
      98     O        5          6.275026                             -0.275026
      99     O        5          6.322825                             -0.322825
     100     O        5          6.289375                             -0.289375
     101     O        5          6.290666                             -0.290666
     102     O        5          6.282122                             -0.282122
     103     O        5          6.289853                             -0.289853
     104     O        5          6.261822                             -0.261822
     105     O        5          6.426780                             -0.426780
     106     O        5          6.466515                             -0.466515
     107     O        5          6.506655                             -0.506655
     108     O        5          6.455171                             -0.455171
     109     O        5          6.364595                             -0.364595
     110     O        5          6.452872                             -0.452872
     111     O        5          6.465332                             -0.465332
     112     O        5          6.464699                             -0.464699
     113     O        5          6.332294                             -0.332294
     114     O        5          6.295946                             -0.295946
     115     O        5          6.333987                             -0.333987
     116     O        5          6.302399                             -0.302399
     117     O        5          6.383209                             -0.383209
     118     O        5          6.278107                             -0.278107
     119     O        5          6.082532                             -0.082532
     120     O        5          6.222825                             -0.222825
     121     O        5          6.308883                             -0.308883
     122     O        5          6.293111                             -0.293111
     123     O        5          6.336638                             -0.336638
     124     O        5          6.289094                             -0.289094
     125     O        5          6.201725                             -0.201725
     126     O        5          6.427694                             -0.427694
     127     O        5          6.253481                             -0.253481
     128     O        5          6.257014                             -0.257014
     129     O        5          6.496501                             -0.496501
     130     O        5          6.413320                             -0.413320
     131     O        5          6.429265                             -0.429265
     132     O        5          6.358241                             -0.358241
     133     H        2          0.928332                              0.071668
     134     H        2          0.915638                              0.084362
     135     H        2          0.918702                              0.081298
     136     H        2          0.916057                              0.083943
     137     C        3          4.276245                             -0.276245
     138     C        3          4.179774                             -0.179774
     139     H        2          0.945046                              0.054954
     140     H        2          0.917925                              0.082075
     141     C        3          4.099624                             -0.099624
     142     C        3          4.127333                             -0.127333
     143     H        2          0.932538                              0.067462
     144     H        2          0.942156                              0.057844
     145     H        2          0.929293                              0.070707
     146     H        2          0.929663                              0.070337
     147     C        3          4.033520                             -0.033520
     148     N        4          4.825341                              0.174659
     149     C        3          3.926843                              0.073157
     150     C        3          3.985898                              0.014102
     151     H        2          0.958918                              0.041082
     152     N        4          4.853118                              0.146882
     153     C        3          4.148590                             -0.148590
     154     H        2          0.912489                              0.087511
     155     H        2          0.964490                              0.035510
     156     H        2          0.957703                              0.042297
     157     H        2          0.990024                              0.009976
     158     O        5          6.109108                             -0.109108
     159     N        4          5.164879                             -0.164879
     160     S        6          5.586215                              0.413785
     161     O        5          6.191861                             -0.191861
     162     F        7          7.040781                             -0.040781
     163     C        3          3.721626                              0.278374
     164     F        7          7.024559                             -0.024559
     165     F        7          6.951423                              0.048577
     166     C        3          3.928856                              0.071144
     167     F        7          7.313771                             -0.313771
     168     F        7          6.963000                              0.037000
     169     F        7          6.810370                              0.189630
     170     O        5          6.158013                             -0.158013
     171     S        6          5.712260                              0.287740
     172     O        5          6.285823                             -0.285823
 # Total charge                            716.000000                  0.000000

 !-----------------------------------------------------------------------------!

 !-----------------------------------------------------------------------------!
                           Hirshfeld Charges

  #Atom  Element  Kind  Ref Charge     Population                    Net charge
      1       Ti     1      12.000         13.642                        -1.642
      2       Ti     1      12.000         13.437                        -1.437
      3       Ti     1      12.000         13.501                        -1.501
      4       Ti     1      12.000         13.497                        -1.497
      5       Ti     1      12.000         13.420                        -1.420
      6       Ti     1      12.000         13.667                        -1.667
      7       Ti     1      12.000         13.491                        -1.491
      8       Ti     1      12.000         13.461                        -1.461
      9       H      2       1.000          0.547                         0.453
     10       H      2       1.000          0.543                         0.457
     11       H      2       1.000          0.539                         0.461
     12       H      2       1.000          0.550                         0.450
     13       H      2       1.000          0.535                         0.465
     14       H      2       1.000          0.516                         0.484
     15       H      2       1.000          0.561                         0.439
     16       H      2       1.000          0.541                         0.459
     17       H      2       1.000          0.528                         0.472
     18       H      2       1.000          0.544                         0.456
     19       H      2       1.000          0.544                         0.456
     20       H      2       1.000          0.543                         0.457
     21       H      2       1.000          0.414                         0.586
     22       H      2       1.000          0.429                         0.571
     23       H      2       1.000          0.435                         0.565
     24       H      2       1.000          0.418                         0.582
     25       H      2       1.000          0.552                         0.448
     26       H      2       1.000          0.557                         0.443
     27       H      2       1.000          0.537                         0.463
     28       H      2       1.000          0.534                         0.466
     29       H      2       1.000          0.531                         0.469
     30       H      2       1.000          0.529                         0.471
     31       H      2       1.000          0.480                         0.520
     32       H      2       1.000          0.461                         0.539
     33       H      2       1.000          0.457                         0.543
     34       H      2       1.000          0.626                         0.374
     35       H      2       1.000          0.484                         0.516
     36       H      2       1.000          0.467                         0.533
     37       H      2       1.000          0.478                         0.522
     38       H      2       1.000          0.468                         0.532
     39       H      2       1.000          0.473                         0.527
     40       H      2       1.000          0.456                         0.544
     41       H      2       1.000          0.478                         0.522
     42       H      2       1.000          0.454                         0.546
     43       C      3       4.000          3.463                         0.537
     44       C      3       4.000          3.445                         0.555
     45       C      3       4.000          3.477                         0.523
     46       C      3       4.000          3.465                         0.535
     47       C      3       4.000          4.013                        -0.013
     48       C      3       4.000          3.993                         0.007
     49       C      3       4.000          4.001                        -0.001
     50       C      3       4.000          3.986                         0.014
     51       C      3       4.000          3.919                         0.081
     52       C      3       4.000          4.440                        -0.440
     53       C      3       4.000          3.905                         0.095
     54       C      3       4.000          4.430                        -0.430
     55       C      3       4.000          4.445                        -0.445
     56       C      3       4.000          4.401                        -0.401
     57       C      3       4.000          4.410                        -0.410
     58       C      3       4.000          4.463                        -0.463
     59       C      3       4.000          4.021                        -0.021
     60       C      3       4.000          4.004                        -0.004
     61       C      3       4.000          4.010                        -0.010
     62       C      3       4.000          3.999                         0.001
     63       C      3       4.000          3.973                         0.027
     64       C      3       4.000          4.029                        -0.029
     65       C      3       4.000          3.972                         0.028
     66       C      3       4.000          3.923                         0.077
     67       C      3       4.000          3.479                         0.521
     68       C      3       4.000          3.519                         0.481
     69       C      3       4.000          3.482                         0.518
     70       C      3       4.000          3.459                         0.541
     71       C      3       4.000          3.507                         0.493
     72       C      3       4.000          3.443                         0.557
     73       C      3       4.000          3.385                         0.615
     74       C      3       4.000          3.587                         0.413
     75       C      3       4.000          3.858                         0.142
     76       C      3       4.000          4.438                        -0.438
     77       C      3       4.000          4.425                        -0.425
     78       C      3       4.000          4.477                        -0.477
     79       C      3       4.000          4.493                        -0.493
     80       C      3       4.000          4.387                        -0.387
     81       C      3       4.000          4.371                        -0.371
     82       C      3       4.000          4.255                        -0.255
     83       C      3       4.000          3.877                         0.123
     84       C      3       4.000          4.368                        -0.368
     85       C      3       4.000          4.373                        -0.373
     86       C      3       4.000          4.405                        -0.405
     87       C      3       4.000          3.980                         0.020
     88       C      3       4.000          4.445                        -0.445
     89       C      3       4.000          4.391                        -0.391
     90       C      3       4.000          3.883                         0.117
     91       N      4       5.000          5.895                        -0.895
     92       N      4       5.000          5.755                        -0.755
     93       N      4       5.000          5.875                        -0.875
     94       N      4       5.000          5.760                        -0.760
     95       N      4       5.000          5.837                        -0.837
     96       N      4       5.000          5.862                        -0.862
     97       O      5       6.000          6.164                        -0.164
     98       O      5       6.000          6.099                        -0.099
     99       O      5       6.000          6.189                        -0.189
    100       O      5       6.000          6.140                        -0.140
    101       O      5       6.000          6.122                        -0.122
    102       O      5       6.000          6.125                        -0.125
    103       O      5       6.000          6.105                        -0.105
    104       O      5       6.000          6.076                        -0.076
    105       O      5       6.000          5.653                         0.347
    106       O      5       6.000          5.770                         0.230
    107       O      5       6.000          5.758                         0.242
    108       O      5       6.000          5.715                         0.285
    109       O      5       6.000          5.625                         0.375
    110       O      5       6.000          5.692                         0.308
    111       O      5       6.000          5.834                         0.166
    112       O      5       6.000          5.697                         0.303
    113       O      5       6.000          6.120                        -0.120
    114       O      5       6.000          6.166                        -0.166
    115       O      5       6.000          6.204                        -0.204
    116       O      5       6.000          6.104                        -0.104
    117       O      5       6.000          6.133                        -0.133
    118       O      5       6.000          6.141                        -0.141
    119       O      5       6.000          6.132                        -0.132
    120       O      5       6.000          6.083                        -0.083
    121       O      5       6.000          6.069                        -0.069
    122       O      5       6.000          6.089                        -0.089
    123       O      5       6.000          6.187                        -0.187
    124       O      5       6.000          6.220                        -0.220
    125       O      5       6.000          5.950                         0.050
    126       O      5       6.000          6.199                        -0.199
    127       O      5       6.000          6.116                        -0.116
    128       O      5       6.000          6.082                        -0.082
    129       O      5       6.000          6.020                        -0.020
    130       O      5       6.000          6.034                        -0.034
    131       O      5       6.000          6.039                        -0.039
    132       O      5       6.000          5.871                         0.129
    133       H      2       1.000          0.564                         0.436
    134       H      2       1.000          0.563                         0.437
    135       H      2       1.000          0.559                         0.441
    136       H      2       1.000          0.565                         0.435
    137       C      3       4.000          5.309                        -1.309
    138       C      3       4.000          4.813                        -0.813
    139       H      2       1.000          0.515                         0.485
    140       H      2       1.000          0.558                         0.442
    141       C      3       4.000          4.416                        -0.416
    142       C      3       4.000          4.754                        -0.754
    143       H      2       1.000          0.570                         0.430
    144       H      2       1.000          0.517                         0.483
    145       H      2       1.000          0.521                         0.479
    146       H      2       1.000          0.537                         0.463
    147       C      3       4.000          4.165                        -0.165
    148       N      4       5.000          5.125                        -0.125
    149       C      3       4.000          4.010                        -0.010
    150       C      3       4.000          4.135                        -0.135
    151       H      2       1.000          0.497                         0.503
    152       N      4       5.000          5.159                        -0.159
    153       C      3       4.000          4.462                        -0.462
    154       H      2       1.000          0.515                         0.485
    155       H      2       1.000          0.495                         0.505
    156       H      2       1.000          0.499                         0.501
    157       H      2       1.000          0.499                         0.501
    158       O      5       6.000          6.354                        -0.354
    159       N      4       5.000          4.861                         0.139
    160       S      6       6.000          5.868                         0.132
    161       O      5       6.000          6.440                        -0.440
    162       F      7       7.000          7.244                        -0.244
    163       C      3       4.000          3.356                         0.644
    164       F      7       7.000          7.185                        -0.185
    165       F      7       7.000          7.188                        -0.188
    166       C      3       4.000          3.515                         0.485
    167       F      7       7.000          7.414                        -0.414
    168       F      7       7.000          7.236                        -0.236
    169       F      7       7.000          7.186                        -0.186
    170       O      5       6.000          6.463                        -0.463
    171       S      6       6.000          5.389                         0.611
    172       O      5       6.000          6.377                        -0.377

  Total Charge                                                            0.095
 !-----------------------------------------------------------------------------!

 ENERGY| Total FORCE_EVAL ( QS ) energy [hartree]          -1718.077953688908565

 *******************************************************************************
 **                 BAND EVALUATION OF ENERGIES AND FORCES                    **
 *******************************************************************************
 **                                                                           **
 **                                                                           **
 ** Replica Env Nr. :    2              Replica Band Nr. :   10               **
 ** Band  Step  Nr. :    5                                                    **
 *******************************************************************************

 Number of electrons:                                                        716
 Number of occupied orbitals:                                                400
 Number of molecular orbitals:                                               458

 Number of orbital functions:                                               1948
 Number of independent orbital functions:                                   1948

 Parameters for the always stable predictor-corrector (ASPC) method:

  ASPC order: 3

  B(1) =   3.000000
  B(2) =  -3.428571
  B(3) =   1.928571
  B(4) =  -0.571429
  B(5) =   0.071429

 *** WARNING in fm/cp_fm_elpa.F:521 :: Setting real_kernel for ELPA failed ***


 Extrapolation method: ASPC


 SCF WAVEFUNCTION OPTIMIZATION

  Step     Update method      Time    Convergence         Total energy    Change
  ------------------------------------------------------------------------------

 *** WARNING in fm/cp_fm_elpa.F:521 :: Setting real_kernel for ELPA failed ***

     1 Broy./Diag. 0.15E+00   10.0     0.27245272     -1718.0639736233 -1.72E+03

 *** WARNING in fm/cp_fm_elpa.F:521 :: Setting real_kernel for ELPA failed ***

     2 Broy./Diag. 0.15E+00   14.4     0.50014403     -1717.1630091496  9.01E-01

 *** WARNING in fm/cp_fm_elpa.F:521 :: Setting real_kernel for ELPA failed ***

     3 Broy./Diag. 0.15E+00   15.1     0.29628534     -1718.5344539870 -1.37E+00

 *** WARNING in fm/cp_fm_elpa.F:521 :: Setting real_kernel for ELPA failed ***

     4 Broy./Diag. 0.15E+00   14.9     0.07552890     -1717.5497064410  9.85E-01

 *** WARNING in fm/cp_fm_elpa.F:521 :: Setting real_kernel for ELPA failed ***

     5 Broy./Diag. 0.15E+00   15.1     0.03357912     -1717.9052198402 -3.56E-01

 *** WARNING in fm/cp_fm_elpa.F:521 :: Setting real_kernel for ELPA failed ***

     6 Broy./Diag. 0.15E+00   16.1     0.02115603     -1717.9228508450 -1.76E-02

 *** WARNING in fm/cp_fm_elpa.F:521 :: Setting real_kernel for ELPA failed ***

     7 Broy./Diag. 0.15E+00   15.8     0.00488408     -1717.9650164977 -4.22E-02

 *** WARNING in fm/cp_fm_elpa.F:521 :: Setting real_kernel for ELPA failed ***

     8 Broy./Diag. 0.15E+00   16.0     0.00442561     -1717.9996331297 -3.46E-02

 *** WARNING in fm/cp_fm_elpa.F:521 :: Setting real_kernel for ELPA failed ***

     9 Broy./Diag. 0.15E+00   15.9     0.00939444     -1718.0672673530 -6.76E-02

 *** WARNING in fm/cp_fm_elpa.F:521 :: Setting real_kernel for ELPA failed ***

    10 Broy./Diag. 0.15E+00   15.4     0.00670012     -1718.0594325636  7.83E-03

 *** WARNING in fm/cp_fm_elpa.F:521 :: Setting real_kernel for ELPA failed ***

    11 Broy./Diag. 0.15E+00   15.2     0.00454900     -1718.0981332627 -3.87E-02

 *** WARNING in fm/cp_fm_elpa.F:521 :: Setting real_kernel for ELPA failed ***

    12 Broy./Diag. 0.15E+00   14.7     0.00286309     -1718.0927640468  5.37E-03

 *** WARNING in fm/cp_fm_elpa.F:521 :: Setting real_kernel for ELPA failed ***

    13 Broy./Diag. 0.15E+00   14.9     0.00161588     -1718.0922663808  4.98E-04

 *** WARNING in fm/cp_fm_elpa.F:521 :: Setting real_kernel for ELPA failed ***

    14 Broy./Diag. 0.15E+00   14.5     0.00072064     -1718.0920633542  2.03E-04

 *** WARNING in fm/cp_fm_elpa.F:521 :: Setting real_kernel for ELPA failed ***

    15 Broy./Diag. 0.15E+00   14.1     0.00083454     -1718.0909607865  1.10E-03

 *** WARNING in fm/cp_fm_elpa.F:521 :: Setting real_kernel for ELPA failed ***

    16 Broy./Diag. 0.15E+00   14.0     0.00122453     -1718.0837705311  7.19E-03

 *** WARNING in fm/cp_fm_elpa.F:521 :: Setting real_kernel for ELPA failed ***

    17 Broy./Diag. 0.15E+00   14.0     0.00096677     -1718.0860787383 -2.31E-03

 *** WARNING in fm/cp_fm_elpa.F:521 :: Setting real_kernel for ELPA failed ***

    18 Broy./Diag. 0.15E+00   14.1     0.00046957     -1718.0807213629  5.36E-03

 *** WARNING in fm/cp_fm_elpa.F:521 :: Setting real_kernel for ELPA failed ***

    19 Broy./Diag. 0.15E+00   13.7     0.00043109     -1718.0781101395  2.61E-03

 *** WARNING in fm/cp_fm_elpa.F:521 :: Setting real_kernel for ELPA failed ***

    20 Broy./Diag. 0.15E+00   14.1     0.00018950     -1718.0767432480  1.37E-03

 *** WARNING in fm/cp_fm_elpa.F:521 :: Setting real_kernel for ELPA failed ***

    21 Broy./Diag. 0.15E+00   13.9     0.00021187     -1718.0762452108  4.98E-04

 *** WARNING in fm/cp_fm_elpa.F:521 :: Setting real_kernel for ELPA failed ***

    22 Broy./Diag. 0.15E+00   14.1     0.00033560     -1718.0747574935  1.49E-03

 *** WARNING in fm/cp_fm_elpa.F:521 :: Setting real_kernel for ELPA failed ***

    23 Broy./Diag. 0.15E+00   14.4     0.00032732     -1718.0761506633 -1.39E-03

 *** WARNING in fm/cp_fm_elpa.F:521 :: Setting real_kernel for ELPA failed ***

    24 Broy./Diag. 0.15E+00   14.7     0.00019590     -1718.0752406549  9.10E-04

 *** WARNING in fm/cp_fm_elpa.F:521 :: Setting real_kernel for ELPA failed ***

    25 Broy./Diag. 0.15E+00   14.2     0.00018741     -1718.0756568185 -4.16E-04

 *** WARNING in fm/cp_fm_elpa.F:521 :: Setting real_kernel for ELPA failed ***

    26 Broy./Diag. 0.15E+00   14.8     0.00006808     -1718.0764536628 -7.97E-04

 *** WARNING in fm/cp_fm_elpa.F:521 :: Setting real_kernel for ELPA failed ***

    27 Broy./Diag. 0.15E+00   14.5     0.00008039     -1718.0770656873 -6.12E-04

 *** WARNING in fm/cp_fm_elpa.F:521 :: Setting real_kernel for ELPA failed ***

    28 Broy./Diag. 0.15E+00   14.4     0.00009276     -1718.0770860489 -2.04E-05

 *** WARNING in fm/cp_fm_elpa.F:521 :: Setting real_kernel for ELPA failed ***

    29 Broy./Diag. 0.15E+00   14.6     0.00010519     -1718.0778198718 -7.34E-04

 *** WARNING in fm/cp_fm_elpa.F:521 :: Setting real_kernel for ELPA failed ***

    30 Broy./Diag. 0.15E+00   14.7     0.00008718     -1718.0776623533  1.58E-04

 *** WARNING in fm/cp_fm_elpa.F:521 :: Setting real_kernel for ELPA failed ***

    31 Broy./Diag. 0.15E+00   14.4     0.00008169     -1718.0779270680 -2.65E-04

 *** WARNING in fm/cp_fm_elpa.F:521 :: Setting real_kernel for ELPA failed ***

    32 Broy./Diag. 0.15E+00   14.2     0.00002251     -1718.0781337132 -2.07E-04

  *** SCF run converged in    32 steps ***


  Electronic density on regular grids:       -715.9999999256        0.0000000744
  Core density on regular grids:              715.9999999656       -0.0000000344
  Total charge density on r-space grids:        0.0000000400
  Total charge density g-space grids:           0.0000000400

  Overlap energy of the core charge distribution:               0.00005907489041
  Self energy of the core charge distribution:              -4016.67387185402686
  Core Hamiltonian energy:                                   1153.86133530366374
  Hartree energy:                                            1519.51455002165744
  Exchange-correlation energy:                               -374.48118112409048
  Dispersion energy:                                           -0.26927581820073
  Electronic entropic energy:                                  -0.02974942752257
  Fermi energy:                                                -0.00238792038788

  Total energy:                                             -1718.07813371316047

 !-----------------------------------------------------------------------------!
                     Mulliken Population Analysis

 #  Atom  Element  Kind  Atomic population                           Net charge
       1     Ti       1         11.139025                              0.860975
       2     Ti       1         11.056459                              0.943541
       3     Ti       1         11.019234                              0.980766
       4     Ti       1         11.034868                              0.965132
       5     Ti       1         11.056012                              0.943988
       6     Ti       1         11.312323                              0.687677
       7     Ti       1         11.033063                              0.966937
       8     Ti       1         11.023380                              0.976620
       9     H        2          0.933074                              0.066926
      10     H        2          0.940592                              0.059408
      11     H        2          0.934921                              0.065079
      12     H        2          0.940997                              0.059003
      13     H        2          0.945989                              0.054011
      14     H        2          0.964637                              0.035363
      15     H        2          0.952732                              0.047268
      16     H        2          0.941026                              0.058974
      17     H        2          0.922044                              0.077956
      18     H        2          0.928006                              0.071994
      19     H        2          0.931982                              0.068018
      20     H        2          0.940730                              0.059270
      21     H        2          0.826600                              0.173400
      22     H        2          0.867731                              0.132269
      23     H        2          0.939793                              0.060207
      24     H        2          0.827477                              0.172523
      25     H        2          0.940878                              0.059122
      26     H        2          0.950055                              0.049945
      27     H        2          0.939062                              0.060938
      28     H        2          0.926392                              0.073608
      29     H        2          0.929519                              0.070481
      30     H        2          0.914797                              0.085203
      31     H        2          0.887061                              0.112939
      32     H        2          0.890138                              0.109862
      33     H        2          0.874134                              0.125866
      34     H        2          0.781124                              0.218876
      35     H        2          0.888557                              0.111443
      36     H        2          0.915499                              0.084501
      37     H        2          0.888869                              0.111131
      38     H        2          0.889616                              0.110384
      39     H        2          0.875909                              0.124091
      40     H        2          0.878615                              0.121385
      41     H        2          0.880548                              0.119452
      42     H        2          0.878516                              0.121484
      43     C        3          3.770506                              0.229494
      44     C        3          3.776649                              0.223351
      45     C        3          3.778729                              0.221271
      46     C        3          3.777392                              0.222608
      47     C        3          4.102758                             -0.102758
      48     C        3          4.095607                             -0.095607
      49     C        3          4.067137                             -0.067137
      50     C        3          4.047138                             -0.047138
      51     C        3          3.952911                              0.047089
      52     C        3          4.024462                             -0.024462
      53     C        3          3.979515                              0.020485
      54     C        3          4.050044                             -0.050044
      55     C        3          4.040733                             -0.040733
      56     C        3          4.017861                             -0.017861
      57     C        3          4.003629                             -0.003629
      58     C        3          4.033692                             -0.033692
      59     C        3          4.051400                             -0.051400
      60     C        3          4.026123                             -0.026123
      61     C        3          4.112036                             -0.112036
      62     C        3          4.095983                             -0.095983
      63     C        3          4.079646                             -0.079646
      64     C        3          4.096140                             -0.096140
      65     C        3          4.063815                             -0.063815
      66     C        3          3.855132                              0.144868
      67     C        3          3.780705                              0.219295
      68     C        3          3.802662                              0.197338
      69     C        3          3.795688                              0.204312
      70     C        3          3.782545                              0.217455
      71     C        3          3.785807                              0.214193
      72     C        3          3.830691                              0.169309
      73     C        3          3.798039                              0.201961
      74     C        3          3.781403                              0.218597
      75     C        3          3.976299                              0.023701
      76     C        3          4.044731                             -0.044731
      77     C        3          4.012869                             -0.012869
      78     C        3          4.053067                             -0.053067
      79     C        3          4.032787                             -0.032787
      80     C        3          3.998399                              0.001601
      81     C        3          4.058074                             -0.058074
      82     C        3          4.037911                             -0.037911
      83     C        3          3.930244                              0.069756
      84     C        3          3.976658                              0.023342
      85     C        3          4.007501                             -0.007501
      86     C        3          4.040019                             -0.040019
      87     C        3          4.003642                             -0.003642
      88     C        3          4.092177                             -0.092177
      89     C        3          4.006707                             -0.006707
      90     C        3          3.878362                              0.121638
      91     N        4          5.023288                             -0.023288
      92     N        4          5.306928                             -0.306928
      93     N        4          4.957937                              0.042063
      94     N        4          4.993414                              0.006586
      95     N        4          5.022356                             -0.022356
      96     N        4          5.035215                             -0.035215
      97     O        5          6.324543                             -0.324543
      98     O        5          6.275027                             -0.275027
      99     O        5          6.322826                             -0.322826
     100     O        5          6.289378                             -0.289378
     101     O        5          6.290667                             -0.290667
     102     O        5          6.282120                             -0.282120
     103     O        5          6.289851                             -0.289851
     104     O        5          6.261828                             -0.261828
     105     O        5          6.426764                             -0.426764
     106     O        5          6.466527                             -0.466527
     107     O        5          6.506646                             -0.506646
     108     O        5          6.455165                             -0.455165
     109     O        5          6.364591                             -0.364591
     110     O        5          6.452882                             -0.452882
     111     O        5          6.465336                             -0.465336
     112     O        5          6.464686                             -0.464686
     113     O        5          6.332298                             -0.332298
     114     O        5          6.295949                             -0.295949
     115     O        5          6.333987                             -0.333987
     116     O        5          6.302398                             -0.302398
     117     O        5          6.383215                             -0.383215
     118     O        5          6.278110                             -0.278110
     119     O        5          6.082530                             -0.082530
     120     O        5          6.222815                             -0.222815
     121     O        5          6.308886                             -0.308886
     122     O        5          6.293112                             -0.293112
     123     O        5          6.336641                             -0.336641
     124     O        5          6.289095                             -0.289095
     125     O        5          6.201717                             -0.201717
     126     O        5          6.427683                             -0.427683
     127     O        5          6.253483                             -0.253483
     128     O        5          6.257023                             -0.257023
     129     O        5          6.496501                             -0.496501
     130     O        5          6.413324                             -0.413324
     131     O        5          6.429261                             -0.429261
     132     O        5          6.358238                             -0.358238
     133     H        2          0.928336                              0.071664
     134     H        2          0.915641                              0.084359
     135     H        2          0.918703                              0.081297
     136     H        2          0.916061                              0.083939
     137     C        3          4.276245                             -0.276245
     138     C        3          4.179779                             -0.179779
     139     H        2          0.945047                              0.054953
     140     H        2          0.917927                              0.082073
     141     C        3          4.099625                             -0.099625
     142     C        3          4.127330                             -0.127330
     143     H        2          0.932538                              0.067462
     144     H        2          0.942158                              0.057842
     145     H        2          0.929293                              0.070707
     146     H        2          0.929660                              0.070340
     147     C        3          4.033528                             -0.033528
     148     N        4          4.825343                              0.174657
     149     C        3          3.926842                              0.073158
     150     C        3          3.985906                              0.014094
     151     H        2          0.958917                              0.041083
     152     N        4          4.853120                              0.146880
     153     C        3          4.148588                             -0.148588
     154     H        2          0.912493                              0.087507
     155     H        2          0.964495                              0.035505
     156     H        2          0.957706                              0.042294
     157     H        2          0.990031                              0.009969
     158     O        5          6.109104                             -0.109104
     159     N        4          5.164875                             -0.164875
     160     S        6          5.586192                              0.413808
     161     O        5          6.191855                             -0.191855
     162     F        7          7.040772                             -0.040772
     163     C        3          3.721619                              0.278381
     164     F        7          7.024557                             -0.024557
     165     F        7          6.951420                              0.048580
     166     C        3          3.928847                              0.071153
     167     F        7          7.313768                             -0.313768
     168     F        7          6.962992                              0.037008
     169     F        7          6.810379                              0.189621
     170     O        5          6.158011                             -0.158011
     171     S        6          5.712238                              0.287762
     172     O        5          6.285815                             -0.285815
 # Total charge                            716.000000                  0.000000

 !-----------------------------------------------------------------------------!

 !-----------------------------------------------------------------------------!
                           Hirshfeld Charges

  #Atom  Element  Kind  Ref Charge     Population                    Net charge
      1       Ti     1      12.000         13.642                        -1.642
      2       Ti     1      12.000         13.437                        -1.437
      3       Ti     1      12.000         13.501                        -1.501
      4       Ti     1      12.000         13.497                        -1.497
      5       Ti     1      12.000         13.420                        -1.420
      6       Ti     1      12.000         13.667                        -1.667
      7       Ti     1      12.000         13.491                        -1.491
      8       Ti     1      12.000         13.461                        -1.461
      9       H      2       1.000          0.547                         0.453
     10       H      2       1.000          0.543                         0.457
     11       H      2       1.000          0.539                         0.461
     12       H      2       1.000          0.550                         0.450
     13       H      2       1.000          0.535                         0.465
     14       H      2       1.000          0.516                         0.484
     15       H      2       1.000          0.561                         0.439
     16       H      2       1.000          0.541                         0.459
     17       H      2       1.000          0.528                         0.472
     18       H      2       1.000          0.544                         0.456
     19       H      2       1.000          0.544                         0.456
     20       H      2       1.000          0.543                         0.457
     21       H      2       1.000          0.414                         0.586
     22       H      2       1.000          0.429                         0.571
     23       H      2       1.000          0.435                         0.565
     24       H      2       1.000          0.418                         0.582
     25       H      2       1.000          0.552                         0.448
     26       H      2       1.000          0.557                         0.443
     27       H      2       1.000          0.537                         0.463
     28       H      2       1.000          0.534                         0.466
     29       H      2       1.000          0.531                         0.469
     30       H      2       1.000          0.529                         0.471
     31       H      2       1.000          0.480                         0.520
     32       H      2       1.000          0.461                         0.539
     33       H      2       1.000          0.457                         0.543
     34       H      2       1.000          0.626                         0.374
     35       H      2       1.000          0.484                         0.516
     36       H      2       1.000          0.467                         0.533
     37       H      2       1.000          0.478                         0.522
     38       H      2       1.000          0.468                         0.532
     39       H      2       1.000          0.473                         0.527
     40       H      2       1.000          0.456                         0.544
     41       H      2       1.000          0.478                         0.522
     42       H      2       1.000          0.454                         0.546
     43       C      3       4.000          3.463                         0.537
     44       C      3       4.000          3.445                         0.555
     45       C      3       4.000          3.477                         0.523
     46       C      3       4.000          3.465                         0.535
     47       C      3       4.000          4.013                        -0.013
     48       C      3       4.000          3.993                         0.007
     49       C      3       4.000          4.001                        -0.001
     50       C      3       4.000          3.986                         0.014
     51       C      3       4.000          3.919                         0.081
     52       C      3       4.000          4.440                        -0.440
     53       C      3       4.000          3.905                         0.095
     54       C      3       4.000          4.430                        -0.430
     55       C      3       4.000          4.445                        -0.445
     56       C      3       4.000          4.400                        -0.400
     57       C      3       4.000          4.410                        -0.410
     58       C      3       4.000          4.463                        -0.463
     59       C      3       4.000          4.021                        -0.021
     60       C      3       4.000          4.004                        -0.004
     61       C      3       4.000          4.010                        -0.010
     62       C      3       4.000          3.999                         0.001
     63       C      3       4.000          3.973                         0.027
     64       C      3       4.000          4.029                        -0.029
     65       C      3       4.000          3.972                         0.028
     66       C      3       4.000          3.923                         0.077
     67       C      3       4.000          3.479                         0.521
     68       C      3       4.000          3.519                         0.481
     69       C      3       4.000          3.482                         0.518
     70       C      3       4.000          3.459                         0.541
     71       C      3       4.000          3.507                         0.493
     72       C      3       4.000          3.443                         0.557
     73       C      3       4.000          3.385                         0.615
     74       C      3       4.000          3.587                         0.413
     75       C      3       4.000          3.858                         0.142
     76       C      3       4.000          4.438                        -0.438
     77       C      3       4.000          4.425                        -0.425
     78       C      3       4.000          4.477                        -0.477
     79       C      3       4.000          4.493                        -0.493
     80       C      3       4.000          4.387                        -0.387
     81       C      3       4.000          4.371                        -0.371
     82       C      3       4.000          4.255                        -0.255
     83       C      3       4.000          3.877                         0.123
     84       C      3       4.000          4.368                        -0.368
     85       C      3       4.000          4.373                        -0.373
     86       C      3       4.000          4.405                        -0.405
     87       C      3       4.000          3.980                         0.020
     88       C      3       4.000          4.445                        -0.445
     89       C      3       4.000          4.391                        -0.391
     90       C      3       4.000          3.883                         0.117
     91       N      4       5.000          5.895                        -0.895
     92       N      4       5.000          5.755                        -0.755
     93       N      4       5.000          5.875                        -0.875
     94       N      4       5.000          5.760                        -0.760
     95       N      4       5.000          5.837                        -0.837
     96       N      4       5.000          5.862                        -0.862
     97       O      5       6.000          6.164                        -0.164
     98       O      5       6.000          6.099                        -0.099
     99       O      5       6.000          6.189                        -0.189
    100       O      5       6.000          6.140                        -0.140
    101       O      5       6.000          6.122                        -0.122
    102       O      5       6.000          6.125                        -0.125
    103       O      5       6.000          6.105                        -0.105
    104       O      5       6.000          6.076                        -0.076
    105       O      5       6.000          5.653                         0.347
    106       O      5       6.000          5.770                         0.230
    107       O      5       6.000          5.758                         0.242
    108       O      5       6.000          5.715                         0.285
    109       O      5       6.000          5.625                         0.375
    110       O      5       6.000          5.692                         0.308
    111       O      5       6.000          5.834                         0.166
    112       O      5       6.000          5.697                         0.303
    113       O      5       6.000          6.120                        -0.120
    114       O      5       6.000          6.166                        -0.166
    115       O      5       6.000          6.204                        -0.204
    116       O      5       6.000          6.104                        -0.104
    117       O      5       6.000          6.133                        -0.133
    118       O      5       6.000          6.141                        -0.141
    119       O      5       6.000          6.132                        -0.132
    120       O      5       6.000          6.083                        -0.083
    121       O      5       6.000          6.069                        -0.069
    122       O      5       6.000          6.089                        -0.089
    123       O      5       6.000          6.187                        -0.187
    124       O      5       6.000          6.220                        -0.220
    125       O      5       6.000          5.950                         0.050
    126       O      5       6.000          6.199                        -0.199
    127       O      5       6.000          6.116                        -0.116
    128       O      5       6.000          6.082                        -0.082
    129       O      5       6.000          6.020                        -0.020
    130       O      5       6.000          6.034                        -0.034
    131       O      5       6.000          6.039                        -0.039
    132       O      5       6.000          5.871                         0.129
    133       H      2       1.000          0.564                         0.436
    134       H      2       1.000          0.563                         0.437
    135       H      2       1.000          0.559                         0.441
    136       H      2       1.000          0.565                         0.435
    137       C      3       4.000          5.309                        -1.309
    138       C      3       4.000          4.813                        -0.813
    139       H      2       1.000          0.515                         0.485
    140       H      2       1.000          0.558                         0.442
    141       C      3       4.000          4.416                        -0.416
    142       C      3       4.000          4.754                        -0.754
    143       H      2       1.000          0.570                         0.430
    144       H      2       1.000          0.517                         0.483
    145       H      2       1.000          0.521                         0.479
    146       H      2       1.000          0.537                         0.463
    147       C      3       4.000          4.165                        -0.165
    148       N      4       5.000          5.125                        -0.125
    149       C      3       4.000          4.010                        -0.010
    150       C      3       4.000          4.135                        -0.135
    151       H      2       1.000          0.497                         0.503
    152       N      4       5.000          5.159                        -0.159
    153       C      3       4.000          4.462                        -0.462
    154       H      2       1.000          0.515                         0.485
    155       H      2       1.000          0.495                         0.505
    156       H      2       1.000          0.499                         0.501
    157       H      2       1.000          0.499                         0.501
    158       O      5       6.000          6.354                        -0.354
    159       N      4       5.000          4.861                         0.139
    160       S      6       6.000          5.868                         0.132
    161       O      5       6.000          6.440                        -0.440
    162       F      7       7.000          7.244                        -0.244
    163       C      3       4.000          3.356                         0.644
    164       F      7       7.000          7.185                        -0.185
    165       F      7       7.000          7.188                        -0.188
    166       C      3       4.000          3.515                         0.485
    167       F      7       7.000          7.414                        -0.414
    168       F      7       7.000          7.236                        -0.236
    169       F      7       7.000          7.186                        -0.186
    170       O      5       6.000          6.463                        -0.463
    171       S      6       6.000          5.389                         0.611
    172       O      5       6.000          6.377                        -0.377

  Total Charge                                                            0.095
 !-----------------------------------------------------------------------------!

 ENERGY| Total FORCE_EVAL ( QS ) energy [hartree]          -1718.077953690135701
 *******************************************************************************
 RMS DISPLACEMENT =   0.03113     [ 0.00010]                               ( NO)
 MAX DISPLACEMENT =   0.46120     [ 0.00020]                               ( NO)
 RMS FORCE        =   0.07561     [ 0.00030]                               ( NO)
 MAX FORCE        =   1.10114     [ 0.00045]                               ( NO)
 *******************************************************************************

 *******************************************************************************
 **                 BAND EVALUATION OF ENERGIES AND FORCES                    **
 *******************************************************************************
 **                                                                           **
 **                                                                           **
 ** Replica Env Nr. :    2              Replica Band Nr. :   10               **
 ** Band  Step  Nr. :    6                                                    **
 *******************************************************************************

 Number of electrons:                                                        716
 Number of occupied orbitals:                                                400
 Number of molecular orbitals:                                               458

 Number of orbital functions:                                               1948
 Number of independent orbital functions:                                   1948

 Parameters for the always stable predictor-corrector (ASPC) method:

  ASPC order: 3

  B(1) =   3.000000
  B(2) =  -3.428571
  B(3) =   1.928571
  B(4) =  -0.571429
  B(5) =   0.071429

 *** WARNING in fm/cp_fm_elpa.F:521 :: Setting real_kernel for ELPA failed ***


 Extrapolation method: ASPC


 SCF WAVEFUNCTION OPTIMIZATION

  Step     Update method      Time    Convergence         Total energy    Change
  ------------------------------------------------------------------------------

 *** WARNING in fm/cp_fm_elpa.F:521 :: Setting real_kernel for ELPA failed ***

     1 Broy./Diag. 0.15E+00    9.0     0.53461673     -1718.3086551906 -1.72E+03

 *** WARNING in fm/cp_fm_elpa.F:521 :: Setting real_kernel for ELPA failed ***

     2 Broy./Diag. 0.15E+00   14.2     0.73609464     -1715.4209418317  2.89E+00

 *** WARNING in fm/cp_fm_elpa.F:521 :: Setting real_kernel for ELPA failed ***

     3 Broy./Diag. 0.15E+00   15.0     0.39906163     -1719.2721789436 -3.85E+00

 *** WARNING in fm/cp_fm_elpa.F:521 :: Setting real_kernel for ELPA failed ***

     4 Broy./Diag. 0.15E+00   15.2     0.23346556     -1717.6001315177  1.67E+00

 *** WARNING in fm/cp_fm_elpa.F:521 :: Setting real_kernel for ELPA failed ***

     5 Broy./Diag. 0.15E+00   15.6     0.08221105     -1718.2383880473 -6.38E-01

 *** WARNING in fm/cp_fm_elpa.F:521 :: Setting real_kernel for ELPA failed ***

     6 Broy./Diag. 0.15E+00   15.6     0.08534425     -1718.0894658915  1.49E-01

 *** WARNING in fm/cp_fm_elpa.F:521 :: Setting real_kernel for ELPA failed ***

     7 Broy./Diag. 0.15E+00   16.1     0.01157595     -1718.1869619224 -9.75E-02

 *** WARNING in fm/cp_fm_elpa.F:521 :: Setting real_kernel for ELPA failed ***

     8 Broy./Diag. 0.15E+00   15.7     0.01047949     -1718.3522654220 -1.65E-01

 *** WARNING in fm/cp_fm_elpa.F:521 :: Setting real_kernel for ELPA failed ***

     9 Broy./Diag. 0.15E+00   15.7     0.00691243     -1718.4792591539 -1.27E-01

 *** WARNING in fm/cp_fm_elpa.F:521 :: Setting real_kernel for ELPA failed ***

    10 Broy./Diag. 0.15E+00   15.2     0.00387434     -1718.4997517104 -2.05E-02

 *** WARNING in fm/cp_fm_elpa.F:521 :: Setting real_kernel for ELPA failed ***

    11 Broy./Diag. 0.15E+00   14.9     0.00428540     -1718.5061106599 -6.36E-03

 *** WARNING in fm/cp_fm_elpa.F:521 :: Setting real_kernel for ELPA failed ***

    12 Broy./Diag. 0.15E+00   14.9     0.00403493     -1718.5108714550 -4.76E-03

 *** WARNING in fm/cp_fm_elpa.F:521 :: Setting real_kernel for ELPA failed ***

    13 Broy./Diag. 0.15E+00   15.8     0.00172119     -1718.4785472884  3.23E-02

 *** WARNING in fm/cp_fm_elpa.F:521 :: Setting real_kernel for ELPA failed ***

    14 Broy./Diag. 0.15E+00   16.0     0.00088880     -1718.4717709569  6.78E-03

 *** WARNING in fm/cp_fm_elpa.F:521 :: Setting real_kernel for ELPA failed ***

    15 Broy./Diag. 0.15E+00   14.7     0.00081013     -1718.4636304792  8.14E-03

 *** WARNING in fm/cp_fm_elpa.F:521 :: Setting real_kernel for ELPA failed ***

    16 Broy./Diag. 0.15E+00   14.8     0.00064544     -1718.4605408036  3.09E-03

 *** WARNING in fm/cp_fm_elpa.F:521 :: Setting real_kernel for ELPA failed ***

    17 Broy./Diag. 0.15E+00   14.3     0.00051024     -1718.4630400959 -2.50E-03

 *** WARNING in fm/cp_fm_elpa.F:521 :: Setting real_kernel for ELPA failed ***

    18 Broy./Diag. 0.15E+00   14.5     0.00074750     -1718.4654678064 -2.43E-03

 *** WARNING in fm/cp_fm_elpa.F:521 :: Setting real_kernel for ELPA failed ***

    19 Broy./Diag. 0.15E+00   14.2     0.00067095     -1718.4665424587 -1.07E-03

 *** WARNING in fm/cp_fm_elpa.F:521 :: Setting real_kernel for ELPA failed ***

    20 Broy./Diag. 0.15E+00   14.7     0.00042313     -1718.4723384603 -5.80E-03

 *** WARNING in fm/cp_fm_elpa.F:521 :: Setting real_kernel for ELPA failed ***

    21 Broy./Diag. 0.15E+00   14.2     0.00028505     -1718.4728664653 -5.28E-04

 *** WARNING in fm/cp_fm_elpa.F:521 :: Setting real_kernel for ELPA failed ***

    22 Broy./Diag. 0.15E+00   14.5     0.00036813     -1718.4741966999 -1.33E-03

 *** WARNING in fm/cp_fm_elpa.F:521 :: Setting real_kernel for ELPA failed ***

    23 Broy./Diag. 0.15E+00   14.2     0.00022719     -1718.4752317444 -1.04E-03

 *** WARNING in fm/cp_fm_elpa.F:521 :: Setting real_kernel for ELPA failed ***

    24 Broy./Diag. 0.15E+00   14.0     0.00017133     -1718.4745806180  6.51E-04

 *** WARNING in fm/cp_fm_elpa.F:521 :: Setting real_kernel for ELPA failed ***

    25 Broy./Diag. 0.15E+00   14.4     0.00024332     -1718.4741030805  4.78E-04

 *** WARNING in fm/cp_fm_elpa.F:521 :: Setting real_kernel for ELPA failed ***

    26 Broy./Diag. 0.15E+00   14.9     0.00014916     -1718.4745527559 -4.50E-04

 *** WARNING in fm/cp_fm_elpa.F:521 :: Setting real_kernel for ELPA failed ***

    27 Broy./Diag. 0.15E+00   14.7     0.00008209     -1718.4733404863  1.21E-03

 *** WARNING in fm/cp_fm_elpa.F:521 :: Setting real_kernel for ELPA failed ***

    28 Broy./Diag. 0.15E+00   13.7     0.00015227     -1718.4731325847  2.08E-04

 *** WARNING in fm/cp_fm_elpa.F:521 :: Setting real_kernel for ELPA failed ***

    29 Broy./Diag. 0.15E+00   13.6     0.00010675     -1718.4730493506  8.32E-05

 *** WARNING in fm/cp_fm_elpa.F:521 :: Setting real_kernel for ELPA failed ***

    30 Broy./Diag. 0.15E+00   13.7     0.00005868     -1718.4728260354  2.23E-04

 *** WARNING in fm/cp_fm_elpa.F:521 :: Setting real_kernel for ELPA failed ***

    31 Broy./Diag. 0.15E+00   13.6     0.00007938     -1718.4728477233 -2.17E-05

 *** WARNING in fm/cp_fm_elpa.F:521 :: Setting real_kernel for ELPA failed ***

    32 Broy./Diag. 0.15E+00   13.1     0.00007048     -1718.4731965109 -3.49E-04

 *** WARNING in fm/cp_fm_elpa.F:521 :: Setting real_kernel for ELPA failed ***

    33 Broy./Diag. 0.15E+00   13.2     0.00003425     -1718.4729512703  2.45E-04

  *** SCF run converged in    33 steps ***


  Electronic density on regular grids:       -715.9999999259        0.0000000741
  Core density on regular grids:              715.9999999656       -0.0000000344
  Total charge density on r-space grids:        0.0000000397
  Total charge density g-space grids:           0.0000000397

  Overlap energy of the core charge distribution:               0.00004480078780
  Self energy of the core charge distribution:              -4016.67387185402686
  Core Hamiltonian energy:                                   1151.66669673872889
  Hartree energy:                                            1520.87641373483211
  Exchange-correlation energy:                               -374.04570513462983
  Dispersion energy:                                           -0.27020831760511
  Electronic entropic energy:                                  -0.02632099788506
  Fermi energy:                                                -0.00466192719810

  Total energy:                                             -1718.47295127027678

 !-----------------------------------------------------------------------------!
                     Mulliken Population Analysis

 #  Atom  Element  Kind  Atomic population                           Net charge
       1     Ti       1         11.124636                              0.875364
       2     Ti       1         11.047125                              0.952875
       3     Ti       1         11.020869                              0.979131
       4     Ti       1         11.031083                              0.968917
       5     Ti       1         11.054644                              0.945356
       6     Ti       1         11.280862                              0.719138
       7     Ti       1         11.033180                              0.966820
       8     Ti       1         11.022669                              0.977331
       9     H        2          0.932540                              0.067460
      10     H        2          0.938990                              0.061010
      11     H        2          0.931895                              0.068105
      12     H        2          0.939578                              0.060422
      13     H        2          0.944842                              0.055158
      14     H        2          0.953534                              0.046466
      15     H        2          0.957225                              0.042775
      16     H        2          0.939992                              0.060008
      17     H        2          0.925335                              0.074665
      18     H        2          0.927988                              0.072012
      19     H        2          0.931915                              0.068085
      20     H        2          0.939880                              0.060120
      21     H        2          0.828080                              0.171920
      22     H        2          0.865895                              0.134105
      23     H        2          0.936727                              0.063273
      24     H        2          0.826600                              0.173400
      25     H        2          0.942429                              0.057571
      26     H        2          0.951860                              0.048140
      27     H        2          0.938684                              0.061316
      28     H        2          0.923584                              0.076416
      29     H        2          0.926863                              0.073137
      30     H        2          0.908030                              0.091970
      31     H        2          0.886539                              0.113461
      32     H        2          0.889863                              0.110137
      33     H        2          0.870885                              0.129115
      34     H        2          0.785006                              0.214994
      35     H        2          0.888934                              0.111066
      36     H        2          0.910872                              0.089128
      37     H        2          0.887195                              0.112805
      38     H        2          0.887621                              0.112379
      39     H        2          0.874521                              0.125479
      40     H        2          0.876142                              0.123858
      41     H        2          0.879641                              0.120359
      42     H        2          0.875219                              0.124781
      43     C        3          3.769457                              0.230543
      44     C        3          3.775688                              0.224312
      45     C        3          3.779591                              0.220409
      46     C        3          3.777314                              0.222686
      47     C        3          4.101791                             -0.101791
      48     C        3          4.096083                             -0.096083
      49     C        3          4.065823                             -0.065823
      50     C        3          4.045122                             -0.045122
      51     C        3          3.951933                              0.048067
      52     C        3          4.025273                             -0.025273
      53     C        3          3.979110                              0.020890
      54     C        3          4.054113                             -0.054113
      55     C        3          4.038609                             -0.038609
      56     C        3          4.015998                             -0.015998
      57     C        3          4.003197                             -0.003197
      58     C        3          4.035420                             -0.035420
      59     C        3          4.050798                             -0.050798
      60     C        3          4.025260                             -0.025260
      61     C        3          4.110705                             -0.110705
      62     C        3          4.096152                             -0.096152
      63     C        3          4.078723                             -0.078723
      64     C        3          4.099690                             -0.099690
      65     C        3          4.062204                             -0.062204
      66     C        3          3.857104                              0.142896
      67     C        3          3.780019                              0.219981
      68     C        3          3.802111                              0.197889
      69     C        3          3.793171                              0.206829
      70     C        3          3.781856                              0.218144
      71     C        3          3.786950                              0.213050
      72     C        3          3.820762                              0.179238
      73     C        3          3.818547                              0.181453
      74     C        3          3.786155                              0.213845
      75     C        3          3.975771                              0.024229
      76     C        3          4.044028                             -0.044028
      77     C        3          4.017383                             -0.017383
      78     C        3          4.052964                             -0.052964
      79     C        3          4.033251                             -0.033251
      80     C        3          3.996222                              0.003778
      81     C        3          4.034310                             -0.034310
      82     C        3          4.044461                             -0.044461
      83     C        3          3.927719                              0.072281
      84     C        3          3.972139                              0.027861
      85     C        3          4.007040                             -0.007040
      86     C        3          4.039217                             -0.039217
      87     C        3          4.001015                             -0.001015
      88     C        3          4.093818                             -0.093818
      89     C        3          4.006102                             -0.006102
      90     C        3          3.868665                              0.131335
      91     N        4          5.023088                             -0.023088
      92     N        4          5.306092                             -0.306092
      93     N        4          4.938255                              0.061745
      94     N        4          4.989713                              0.010287
      95     N        4          5.023957                             -0.023957
      96     N        4          5.042075                             -0.042075
      97     O        5          6.324856                             -0.324856
      98     O        5          6.272095                             -0.272095
      99     O        5          6.314583                             -0.314583
     100     O        5          6.290603                             -0.290603
     101     O        5          6.290412                             -0.290412
     102     O        5          6.283125                             -0.283125
     103     O        5          6.286366                             -0.286366
     104     O        5          6.258882                             -0.258882
     105     O        5          6.427135                             -0.427135
     106     O        5          6.461979                             -0.461979
     107     O        5          6.504313                             -0.504313
     108     O        5          6.454521                             -0.454521
     109     O        5          6.362409                             -0.362409
     110     O        5          6.453447                             -0.453447
     111     O        5          6.458603                             -0.458603
     112     O        5          6.464758                             -0.464758
     113     O        5          6.332015                             -0.332015
     114     O        5          6.296294                             -0.296294
     115     O        5          6.331826                             -0.331826
     116     O        5          6.300908                             -0.300908
     117     O        5          6.374421                             -0.374421
     118     O        5          6.277116                             -0.277116
     119     O        5          6.142117                             -0.142117
     120     O        5          6.212594                             -0.212594
     121     O        5          6.307851                             -0.307851
     122     O        5          6.291108                             -0.291108
     123     O        5          6.336673                             -0.336673
     124     O        5          6.289290                             -0.289290
     125     O        5          6.219975                             -0.219975
     126     O        5          6.426668                             -0.426668
     127     O        5          6.250235                             -0.250235
     128     O        5          6.267050                             -0.267050
     129     O        5          6.495907                             -0.495907
     130     O        5          6.417447                             -0.417447
     131     O        5          6.431775                             -0.431775
     132     O        5          6.371119                             -0.371119
     133     H        2          0.929291                              0.070709
     134     H        2          0.916470                              0.083530
     135     H        2          0.918050                              0.081950
     136     H        2          0.916007                              0.083993
     137     C        3          4.278026                             -0.278026
     138     C        3          4.180900                             -0.180900
     139     H        2          0.946718                              0.053282
     140     H        2          0.917836                              0.082164
     141     C        3          4.099981                             -0.099981
     142     C        3          4.127035                             -0.127035
     143     H        2          0.933517                              0.066483
     144     H        2          0.943465                              0.056535
     145     H        2          0.928259                              0.071741
     146     H        2          0.930082                              0.069918
     147     C        3          4.034668                             -0.034668
     148     N        4          4.823488                              0.176512
     149     C        3          3.927914                              0.072086
     150     C        3          3.985235                              0.014765
     151     H        2          0.961317                              0.038683
     152     N        4          4.853745                              0.146255
     153     C        3          4.147268                             -0.147268
     154     H        2          0.917063                              0.082937
     155     H        2          0.966600                              0.033400
     156     H        2          0.959351                              0.040649
     157     H        2          0.978723                              0.021277
     158     O        5          6.185425                             -0.185425
     159     N        4          5.208935                             -0.208935
     160     S        6          5.457954                              0.542046
     161     O        5          6.233949                             -0.233949
     162     F        7          7.020744                             -0.020744
     163     C        3          3.734795                              0.265205
     164     F        7          7.049031                             -0.049031
     165     F        7          6.972561                              0.027439
     166     C        3          3.898219                              0.101781
     167     F        7          7.310604                             -0.310604
     168     F        7          7.025940                             -0.025940
     169     F        7          6.901099                              0.098901
     170     O        5          6.189100                             -0.189100
     171     S        6          5.586509                              0.413491
     172     O        5          6.281664                             -0.281664
 # Total charge                            716.000000                  0.000000

 !-----------------------------------------------------------------------------!

 !-----------------------------------------------------------------------------!
                           Hirshfeld Charges

  #Atom  Element  Kind  Ref Charge     Population                    Net charge
      1       Ti     1      12.000         13.632                        -1.632
      2       Ti     1      12.000         13.442                        -1.442
      3       Ti     1      12.000         13.507                        -1.507
      4       Ti     1      12.000         13.496                        -1.496
      5       Ti     1      12.000         13.425                        -1.425
      6       Ti     1      12.000         13.653                        -1.653
      7       Ti     1      12.000         13.496                        -1.496
      8       Ti     1      12.000         13.460                        -1.460
      9       H      2       1.000          0.547                         0.453
     10       H      2       1.000          0.543                         0.457
     11       H      2       1.000          0.539                         0.461
     12       H      2       1.000          0.550                         0.450
     13       H      2       1.000          0.535                         0.465
     14       H      2       1.000          0.515                         0.485
     15       H      2       1.000          0.560                         0.440
     16       H      2       1.000          0.541                         0.459
     17       H      2       1.000          0.530                         0.470
     18       H      2       1.000          0.544                         0.456
     19       H      2       1.000          0.544                         0.456
     20       H      2       1.000          0.543                         0.457
     21       H      2       1.000          0.415                         0.585
     22       H      2       1.000          0.428                         0.572
     23       H      2       1.000          0.433                         0.567
     24       H      2       1.000          0.418                         0.582
     25       H      2       1.000          0.553                         0.447
     26       H      2       1.000          0.557                         0.443
     27       H      2       1.000          0.537                         0.463
     28       H      2       1.000          0.534                         0.466
     29       H      2       1.000          0.531                         0.469
     30       H      2       1.000          0.528                         0.472
     31       H      2       1.000          0.480                         0.520
     32       H      2       1.000          0.461                         0.539
     33       H      2       1.000          0.454                         0.546
     34       H      2       1.000          0.630                         0.370
     35       H      2       1.000          0.483                         0.517
     36       H      2       1.000          0.464                         0.536
     37       H      2       1.000          0.477                         0.523
     38       H      2       1.000          0.466                         0.534
     39       H      2       1.000          0.473                         0.527
     40       H      2       1.000          0.455                         0.545
     41       H      2       1.000          0.477                         0.523
     42       H      2       1.000          0.453                         0.547
     43       C      3       4.000          3.463                         0.537
     44       C      3       4.000          3.443                         0.557
     45       C      3       4.000          3.477                         0.523
     46       C      3       4.000          3.465                         0.535
     47       C      3       4.000          4.013                        -0.013
     48       C      3       4.000          3.995                         0.005
     49       C      3       4.000          4.002                        -0.002
     50       C      3       4.000          3.987                         0.013
     51       C      3       4.000          3.919                         0.081
     52       C      3       4.000          4.438                        -0.438
     53       C      3       4.000          3.901                         0.099
     54       C      3       4.000          4.426                        -0.426
     55       C      3       4.000          4.444                        -0.444
     56       C      3       4.000          4.399                        -0.399
     57       C      3       4.000          4.407                        -0.407
     58       C      3       4.000          4.464                        -0.464
     59       C      3       4.000          4.021                        -0.021
     60       C      3       4.000          4.004                        -0.004
     61       C      3       4.000          4.007                        -0.007
     62       C      3       4.000          3.999                         0.001
     63       C      3       4.000          3.977                         0.023
     64       C      3       4.000          4.028                        -0.028
     65       C      3       4.000          3.971                         0.029
     66       C      3       4.000          3.930                         0.070
     67       C      3       4.000          3.479                         0.521
     68       C      3       4.000          3.519                         0.481
     69       C      3       4.000          3.479                         0.521
     70       C      3       4.000          3.458                         0.542
     71       C      3       4.000          3.500                         0.500
     72       C      3       4.000          3.445                         0.555
     73       C      3       4.000          3.400                         0.600
     74       C      3       4.000          3.573                         0.427
     75       C      3       4.000          3.858                         0.142
     76       C      3       4.000          4.438                        -0.438
     77       C      3       4.000          4.428                        -0.428
     78       C      3       4.000          4.477                        -0.477
     79       C      3       4.000          4.492                        -0.492
     80       C      3       4.000          4.383                        -0.383
     81       C      3       4.000          4.364                        -0.364
     82       C      3       4.000          4.255                        -0.255
     83       C      3       4.000          3.875                         0.125
     84       C      3       4.000          4.362                        -0.362
     85       C      3       4.000          4.373                        -0.373
     86       C      3       4.000          4.404                        -0.404
     87       C      3       4.000          3.973                         0.027
     88       C      3       4.000          4.443                        -0.443
     89       C      3       4.000          4.390                        -0.390
     90       C      3       4.000          3.879                         0.121
     91       N      4       5.000          5.894                        -0.894
     92       N      4       5.000          5.744                        -0.744
     93       N      4       5.000          5.854                        -0.854
     94       N      4       5.000          5.750                        -0.750
     95       N      4       5.000          5.834                        -0.834
     96       N      4       5.000          5.866                        -0.866
     97       O      5       6.000          6.165                        -0.165
     98       O      5       6.000          6.097                        -0.097
     99       O      5       6.000          6.185                        -0.185
    100       O      5       6.000          6.140                        -0.140
    101       O      5       6.000          6.119                        -0.119
    102       O      5       6.000          6.126                        -0.126
    103       O      5       6.000          6.104                        -0.104
    104       O      5       6.000          6.067                        -0.067
    105       O      5       6.000          5.650                         0.350
    106       O      5       6.000          5.770                         0.230
    107       O      5       6.000          5.760                         0.240
    108       O      5       6.000          5.713                         0.287
    109       O      5       6.000          5.619                         0.381
    110       O      5       6.000          5.695                         0.305
    111       O      5       6.000          5.830                         0.170
    112       O      5       6.000          5.698                         0.302
    113       O      5       6.000          6.119                        -0.119
    114       O      5       6.000          6.170                        -0.170
    115       O      5       6.000          6.202                        -0.202
    116       O      5       6.000          6.100                        -0.100
    117       O      5       6.000          6.126                        -0.126
    118       O      5       6.000          6.138                        -0.138
    119       O      5       6.000          6.170                        -0.170
    120       O      5       6.000          6.080                        -0.080
    121       O      5       6.000          6.068                        -0.068
    122       O      5       6.000          6.084                        -0.084
    123       O      5       6.000          6.185                        -0.185
    124       O      5       6.000          6.225                        -0.225
    125       O      5       6.000          5.956                         0.044
    126       O      5       6.000          6.210                        -0.210
    127       O      5       6.000          6.111                        -0.111
    128       O      5       6.000          6.076                        -0.076
    129       O      5       6.000          6.021                        -0.021
    130       O      5       6.000          6.032                        -0.032
    131       O      5       6.000          6.041                        -0.041
    132       O      5       6.000          5.887                         0.113
    133       H      2       1.000          0.565                         0.435
    134       H      2       1.000          0.563                         0.437
    135       H      2       1.000          0.559                         0.441
    136       H      2       1.000          0.564                         0.436
    137       C      3       4.000          5.310                        -1.310
    138       C      3       4.000          4.809                        -0.809
    139       H      2       1.000          0.515                         0.485
    140       H      2       1.000          0.558                         0.442
    141       C      3       4.000          4.417                        -0.417
    142       C      3       4.000          4.752                        -0.752
    143       H      2       1.000          0.571                         0.429
    144       H      2       1.000          0.516                         0.484
    145       H      2       1.000          0.520                         0.480
    146       H      2       1.000          0.534                         0.466
    147       C      3       4.000          4.164                        -0.164
    148       N      4       5.000          5.125                        -0.125
    149       C      3       4.000          4.005                        -0.005
    150       C      3       4.000          4.129                        -0.129
    151       H      2       1.000          0.493                         0.507
    152       N      4       5.000          5.159                        -0.159
    153       C      3       4.000          4.460                        -0.460
    154       H      2       1.000          0.516                         0.484
    155       H      2       1.000          0.493                         0.507
    156       H      2       1.000          0.499                         0.501
    157       H      2       1.000          0.496                         0.504
    158       O      5       6.000          6.374                        -0.374
    159       N      4       5.000          4.845                         0.155
    160       S      6       6.000          5.871                         0.129
    161       O      5       6.000          6.454                        -0.454
    162       F      7       7.000          7.208                        -0.208
    163       C      3       4.000          3.367                         0.633
    164       F      7       7.000          7.211                        -0.211
    165       F      7       7.000          7.199                        -0.199
    166       C      3       4.000          3.501                         0.499
    167       F      7       7.000          7.414                        -0.414
    168       F      7       7.000          7.270                        -0.270
    169       F      7       7.000          7.236                        -0.236
    170       O      5       6.000          6.459                        -0.459
    171       S      6       6.000          5.403                         0.597
    172       O      5       6.000          6.387                        -0.387

  Total Charge                                                            0.095
 !-----------------------------------------------------------------------------!

 ENERGY| Total FORCE_EVAL ( QS ) energy [hartree]          -1718.473353508509945

 *******************************************************************************
 **                 BAND EVALUATION OF ENERGIES AND FORCES                    **
 *******************************************************************************
 **                                                                           **
 **                                                                           **
 ** Replica Env Nr. :    2              Replica Band Nr. :   10               **
 ** Band  Step  Nr. :    6                                                    **
 *******************************************************************************

 Number of electrons:                                                        716
 Number of occupied orbitals:                                                400
 Number of molecular orbitals:                                               458

 Number of orbital functions:                                               1948
 Number of independent orbital functions:                                   1948

 Parameters for the always stable predictor-corrector (ASPC) method:

  ASPC order: 3

  B(1) =   3.000000
  B(2) =  -3.428571
  B(3) =   1.928571
  B(4) =  -0.571429
  B(5) =   0.071429

 *** WARNING in fm/cp_fm_elpa.F:521 :: Setting real_kernel for ELPA failed ***


 Extrapolation method: ASPC


 SCF WAVEFUNCTION OPTIMIZATION

  Step     Update method      Time    Convergence         Total energy    Change
  ------------------------------------------------------------------------------

 *** WARNING in fm/cp_fm_elpa.F:521 :: Setting real_kernel for ELPA failed ***

     1 Broy./Diag. 0.15E+00    9.0     0.22889188     -1718.4628978443 -1.72E+03

 *** WARNING in fm/cp_fm_elpa.F:521 :: Setting real_kernel for ELPA failed ***

     2 Broy./Diag. 0.15E+00   12.4     0.38624263     -1717.7626203378  7.00E-01

 *** WARNING in fm/cp_fm_elpa.F:521 :: Setting real_kernel for ELPA failed ***

     3 Broy./Diag. 0.15E+00   13.1     0.20044237     -1718.8108537111 -1.05E+00

 *** WARNING in fm/cp_fm_elpa.F:521 :: Setting real_kernel for ELPA failed ***

     4 Broy./Diag. 0.15E+00   13.0     0.05206893     -1718.2021047760  6.09E-01

 *** WARNING in fm/cp_fm_elpa.F:521 :: Setting real_kernel for ELPA failed ***

     5 Broy./Diag. 0.15E+00   13.6     0.02622801     -1718.3932961987 -1.91E-01

 *** WARNING in fm/cp_fm_elpa.F:521 :: Setting real_kernel for ELPA failed ***

     6 Broy./Diag. 0.15E+00   13.7     0.02355006     -1718.4055846907 -1.23E-02

 *** WARNING in fm/cp_fm_elpa.F:521 :: Setting real_kernel for ELPA failed ***

     7 Broy./Diag. 0.15E+00   13.9     0.00786677     -1718.4045521537  1.03E-03

 *** WARNING in fm/cp_fm_elpa.F:521 :: Setting real_kernel for ELPA failed ***

     8 Broy./Diag. 0.15E+00   13.9     0.00230812     -1718.4350755618 -3.05E-02

 *** WARNING in fm/cp_fm_elpa.F:521 :: Setting real_kernel for ELPA failed ***

     9 Broy./Diag. 0.15E+00   13.3     0.00341870     -1718.4774341285 -4.24E-02

 *** WARNING in fm/cp_fm_elpa.F:521 :: Setting real_kernel for ELPA failed ***

    10 Broy./Diag. 0.15E+00   13.7     0.00314465     -1718.4699779802  7.46E-03

 *** WARNING in fm/cp_fm_elpa.F:521 :: Setting real_kernel for ELPA failed ***

    11 Broy./Diag. 0.15E+00   13.8     0.00240083     -1718.4860490921 -1.61E-02

 *** WARNING in fm/cp_fm_elpa.F:521 :: Setting real_kernel for ELPA failed ***

    12 Broy./Diag. 0.15E+00   13.1     0.00175665     -1718.4818109648  4.24E-03

 *** WARNING in fm/cp_fm_elpa.F:521 :: Setting real_kernel for ELPA failed ***

    13 Broy./Diag. 0.15E+00   13.3     0.00139520     -1718.4794050243  2.41E-03

 *** WARNING in fm/cp_fm_elpa.F:521 :: Setting real_kernel for ELPA failed ***

    14 Broy./Diag. 0.15E+00   13.2     0.00053931     -1718.4790502762  3.55E-04

 *** WARNING in fm/cp_fm_elpa.F:521 :: Setting real_kernel for ELPA failed ***

    15 Broy./Diag. 0.15E+00   13.1     0.00020746     -1718.4771712300  1.88E-03

 *** WARNING in fm/cp_fm_elpa.F:521 :: Setting real_kernel for ELPA failed ***

    16 Broy./Diag. 0.15E+00   13.1     0.00032644     -1718.4738216109  3.35E-03

 *** WARNING in fm/cp_fm_elpa.F:521 :: Setting real_kernel for ELPA failed ***

    17 Broy./Diag. 0.15E+00   13.0     0.00042003     -1718.4741051630 -2.84E-04

 *** WARNING in fm/cp_fm_elpa.F:521 :: Setting real_kernel for ELPA failed ***

    18 Broy./Diag. 0.15E+00   12.9     0.00021256     -1718.4722323713  1.87E-03

 *** WARNING in fm/cp_fm_elpa.F:521 :: Setting real_kernel for ELPA failed ***

    19 Broy./Diag. 0.15E+00   13.0     0.00036405     -1718.4714464666  7.86E-04

 *** WARNING in fm/cp_fm_elpa.F:521 :: Setting real_kernel for ELPA failed ***

    20 Broy./Diag. 0.15E+00   13.2     0.00019503     -1718.4717894348 -3.43E-04

 *** WARNING in fm/cp_fm_elpa.F:521 :: Setting real_kernel for ELPA failed ***

    21 Broy./Diag. 0.15E+00   13.2     0.00008121     -1718.4716773549  1.12E-04

 *** WARNING in fm/cp_fm_elpa.F:521 :: Setting real_kernel for ELPA failed ***

    22 Broy./Diag. 0.15E+00   13.3     0.00011182     -1718.4715483168  1.29E-04

 *** WARNING in fm/cp_fm_elpa.F:521 :: Setting real_kernel for ELPA failed ***

    23 Broy./Diag. 0.15E+00   13.4     0.00013671     -1718.4724803707 -9.32E-04

 *** WARNING in fm/cp_fm_elpa.F:521 :: Setting real_kernel for ELPA failed ***

    24 Broy./Diag. 0.15E+00   13.5     0.00008555     -1718.4723811640  9.92E-05

 *** WARNING in fm/cp_fm_elpa.F:521 :: Setting real_kernel for ELPA failed ***

    25 Broy./Diag. 0.15E+00   13.7     0.00010556     -1718.4727293030 -3.48E-04

 *** WARNING in fm/cp_fm_elpa.F:521 :: Setting real_kernel for ELPA failed ***

    26 Broy./Diag. 0.15E+00   13.5     0.00007727     -1718.4732428185 -5.14E-04

 *** WARNING in fm/cp_fm_elpa.F:521 :: Setting real_kernel for ELPA failed ***

    27 Broy./Diag. 0.15E+00   13.6     0.00003704     -1718.4733250609 -8.22E-05

  *** SCF run converged in    27 steps ***


  Electronic density on regular grids:       -715.9999999259        0.0000000741
  Core density on regular grids:              715.9999999656       -0.0000000344
  Total charge density on r-space grids:        0.0000000397
  Total charge density g-space grids:           0.0000000397

  Overlap energy of the core charge distribution:               0.00004480078780
  Self energy of the core charge distribution:              -4016.67387185402686
  Core Hamiltonian energy:                                   1151.66651872010948
  Hartree energy:                                            1520.87617313674832
  Exchange-correlation energy:                               -374.04566125123318
  Dispersion energy:                                           -0.27020831760511
  Electronic entropic energy:                                  -0.02632029825874
  Fermi energy:                                                -0.00466523311147

  Total energy:                                             -1718.47332506089583

 !-----------------------------------------------------------------------------!
                     Mulliken Population Analysis

 #  Atom  Element  Kind  Atomic population                           Net charge
       1     Ti       1         11.124642                              0.875358
       2     Ti       1         11.047128                              0.952872
       3     Ti       1         11.020859                              0.979141
       4     Ti       1         11.031079                              0.968921
       5     Ti       1         11.054652                              0.945348
       6     Ti       1         11.280859                              0.719141
       7     Ti       1         11.033172                              0.966828
       8     Ti       1         11.022665                              0.977335
       9     H        2          0.932538                              0.067462
      10     H        2          0.938985                              0.061015
      11     H        2          0.931890                              0.068110
      12     H        2          0.939582                              0.060418
      13     H        2          0.944843                              0.055157
      14     H        2          0.953537                              0.046463
      15     H        2          0.957226                              0.042774
      16     H        2          0.939992                              0.060008
      17     H        2          0.925340                              0.074660
      18     H        2          0.927988                              0.072012
      19     H        2          0.931915                              0.068085
      20     H        2          0.939874                              0.060126
      21     H        2          0.828076                              0.171924
      22     H        2          0.865898                              0.134102
      23     H        2          0.936730                              0.063270
      24     H        2          0.826595                              0.173405
      25     H        2          0.942426                              0.057574
      26     H        2          0.951859                              0.048141
      27     H        2          0.938691                              0.061309
      28     H        2          0.923590                              0.076410
      29     H        2          0.926861                              0.073139
      30     H        2          0.908034                              0.091966
      31     H        2          0.886538                              0.113462
      32     H        2          0.889861                              0.110139
      33     H        2          0.870886                              0.129114
      34     H        2          0.784996                              0.215004
      35     H        2          0.888932                              0.111068
      36     H        2          0.910873                              0.089127
      37     H        2          0.887198                              0.112802
      38     H        2          0.887623                              0.112377
      39     H        2          0.874526                              0.125474
      40     H        2          0.876144                              0.123856
      41     H        2          0.879641                              0.120359
      42     H        2          0.875221                              0.124779
      43     C        3          3.769456                              0.230544
      44     C        3          3.775687                              0.224313
      45     C        3          3.779586                              0.220414
      46     C        3          3.777310                              0.222690
      47     C        3          4.101793                             -0.101793
      48     C        3          4.096078                             -0.096078
      49     C        3          4.065816                             -0.065816
      50     C        3          4.045121                             -0.045121
      51     C        3          3.951936                              0.048064
      52     C        3          4.025264                             -0.025264
      53     C        3          3.979098                              0.020902
      54     C        3          4.054117                             -0.054117
      55     C        3          4.038608                             -0.038608
      56     C        3          4.015988                             -0.015988
      57     C        3          4.003203                             -0.003203
      58     C        3          4.035424                             -0.035424
      59     C        3          4.050799                             -0.050799
      60     C        3          4.025259                             -0.025259
      61     C        3          4.110701                             -0.110701
      62     C        3          4.096134                             -0.096134
      63     C        3          4.078718                             -0.078718
      64     C        3          4.099693                             -0.099693
      65     C        3          4.062210                             -0.062210
      66     C        3          3.857143                              0.142857
      67     C        3          3.780016                              0.219984
      68     C        3          3.802111                              0.197889
      69     C        3          3.793168                              0.206832
      70     C        3          3.781848                              0.218152
      71     C        3          3.786942                              0.213058
      72     C        3          3.820765                              0.179235
      73     C        3          3.818550                              0.181450
      74     C        3          3.786175                              0.213825
      75     C        3          3.975772                              0.024228
      76     C        3          4.044025                             -0.044025
      77     C        3          4.017355                             -0.017355
      78     C        3          4.052885                             -0.052885
      79     C        3          4.033244                             -0.033244
      80     C        3          3.996222                              0.003778
      81     C        3          4.034321                             -0.034321
      82     C        3          4.044471                             -0.044471
      83     C        3          3.927713                              0.072287
      84     C        3          3.972075                              0.027925
      85     C        3          4.007038                             -0.007038
      86     C        3          4.039221                             -0.039221
      87     C        3          4.001060                             -0.001060
      88     C        3          4.093829                             -0.093829
      89     C        3          4.006109                             -0.006109
      90     C        3          3.868666                              0.131334
      91     N        4          5.023091                             -0.023091
      92     N        4          5.306083                             -0.306083
      93     N        4          4.938253                              0.061747
      94     N        4          4.989714                              0.010286
      95     N        4          5.023964                             -0.023964
      96     N        4          5.042079                             -0.042079
      97     O        5          6.324858                             -0.324858
      98     O        5          6.272093                             -0.272093
      99     O        5          6.314583                             -0.314583
     100     O        5          6.290607                             -0.290607
     101     O        5          6.290409                             -0.290409
     102     O        5          6.283121                             -0.283121
     103     O        5          6.286371                             -0.286371
     104     O        5          6.258886                             -0.258886
     105     O        5          6.427122                             -0.427122
     106     O        5          6.461989                             -0.461989
     107     O        5          6.504309                             -0.504309
     108     O        5          6.454505                             -0.454505
     109     O        5          6.362396                             -0.362396
     110     O        5          6.453449                             -0.453449
     111     O        5          6.458609                             -0.458609
     112     O        5          6.464746                             -0.464746
     113     O        5          6.332017                             -0.332017
     114     O        5          6.296294                             -0.296294
     115     O        5          6.331827                             -0.331827
     116     O        5          6.300902                             -0.300902
     117     O        5          6.374427                             -0.374427
     118     O        5          6.277118                             -0.277118
     119     O        5          6.142117                             -0.142117
     120     O        5          6.212610                             -0.212610
     121     O        5          6.307849                             -0.307849
     122     O        5          6.291106                             -0.291106
     123     O        5          6.336672                             -0.336672
     124     O        5          6.289289                             -0.289289
     125     O        5          6.219975                             -0.219975
     126     O        5          6.426688                             -0.426688
     127     O        5          6.250236                             -0.250236
     128     O        5          6.267057                             -0.267057
     129     O        5          6.495907                             -0.495907
     130     O        5          6.417448                             -0.417448
     131     O        5          6.431768                             -0.431768
     132     O        5          6.371119                             -0.371119
     133     H        2          0.929294                              0.070706
     134     H        2          0.916471                              0.083529
     135     H        2          0.918055                              0.081945
     136     H        2          0.916013                              0.083987
     137     C        3          4.278024                             -0.278024
     138     C        3          4.180904                             -0.180904
     139     H        2          0.946718                              0.053282
     140     H        2          0.917842                              0.082158
     141     C        3          4.099983                             -0.099983
     142     C        3          4.127036                             -0.127036
     143     H        2          0.933518                              0.066482
     144     H        2          0.943466                              0.056534
     145     H        2          0.928258                              0.071742
     146     H        2          0.930082                              0.069918
     147     C        3          4.034679                             -0.034679
     148     N        4          4.823492                              0.176508
     149     C        3          3.927915                              0.072085
     150     C        3          3.985243                              0.014757
     151     H        2          0.961319                              0.038681
     152     N        4          4.853747                              0.146253
     153     C        3          4.147262                             -0.147262
     154     H        2          0.917065                              0.082935
     155     H        2          0.966603                              0.033397
     156     H        2          0.959352                              0.040648
     157     H        2          0.978728                              0.021272
     158     O        5          6.185423                             -0.185423
     159     N        4          5.208938                             -0.208938
     160     S        6          5.457950                              0.542050
     161     O        5          6.233946                             -0.233946
     162     F        7          7.020743                             -0.020743
     163     C        3          3.734797                              0.265203
     164     F        7          7.049038                             -0.049038
     165     F        7          6.972568                              0.027432
     166     C        3          3.898231                              0.101769
     167     F        7          7.310602                             -0.310602
     168     F        7          7.025947                             -0.025947
     169     F        7          6.901107                              0.098893
     170     O        5          6.189106                             -0.189106
     171     S        6          5.586518                              0.413482
     172     O        5          6.281670                             -0.281670
 # Total charge                            716.000000                  0.000000

 !-----------------------------------------------------------------------------!

 !-----------------------------------------------------------------------------!
                           Hirshfeld Charges

  #Atom  Element  Kind  Ref Charge     Population                    Net charge
      1       Ti     1      12.000         13.632                        -1.632
      2       Ti     1      12.000         13.442                        -1.442
      3       Ti     1      12.000         13.507                        -1.507
      4       Ti     1      12.000         13.496                        -1.496
      5       Ti     1      12.000         13.425                        -1.425
      6       Ti     1      12.000         13.653                        -1.653
      7       Ti     1      12.000         13.496                        -1.496
      8       Ti     1      12.000         13.460                        -1.460
      9       H      2       1.000          0.547                         0.453
     10       H      2       1.000          0.543                         0.457
     11       H      2       1.000          0.539                         0.461
     12       H      2       1.000          0.550                         0.450
     13       H      2       1.000          0.535                         0.465
     14       H      2       1.000          0.515                         0.485
     15       H      2       1.000          0.560                         0.440
     16       H      2       1.000          0.541                         0.459
     17       H      2       1.000          0.530                         0.470
     18       H      2       1.000          0.544                         0.456
     19       H      2       1.000          0.544                         0.456
     20       H      2       1.000          0.543                         0.457
     21       H      2       1.000          0.415                         0.585
     22       H      2       1.000          0.428                         0.572
     23       H      2       1.000          0.433                         0.567
     24       H      2       1.000          0.418                         0.582
     25       H      2       1.000          0.553                         0.447
     26       H      2       1.000          0.557                         0.443
     27       H      2       1.000          0.537                         0.463
     28       H      2       1.000          0.534                         0.466
     29       H      2       1.000          0.531                         0.469
     30       H      2       1.000          0.528                         0.472
     31       H      2       1.000          0.480                         0.520
     32       H      2       1.000          0.461                         0.539
     33       H      2       1.000          0.454                         0.546
     34       H      2       1.000          0.630                         0.370
     35       H      2       1.000          0.483                         0.517
     36       H      2       1.000          0.464                         0.536
     37       H      2       1.000          0.477                         0.523
     38       H      2       1.000          0.466                         0.534
     39       H      2       1.000          0.473                         0.527
     40       H      2       1.000          0.455                         0.545
     41       H      2       1.000          0.477                         0.523
     42       H      2       1.000          0.453                         0.547
     43       C      3       4.000          3.463                         0.537
     44       C      3       4.000          3.443                         0.557
     45       C      3       4.000          3.477                         0.523
     46       C      3       4.000          3.465                         0.535
     47       C      3       4.000          4.013                        -0.013
     48       C      3       4.000          3.995                         0.005
     49       C      3       4.000          4.002                        -0.002
     50       C      3       4.000          3.987                         0.013
     51       C      3       4.000          3.919                         0.081
     52       C      3       4.000          4.438                        -0.438
     53       C      3       4.000          3.901                         0.099
     54       C      3       4.000          4.426                        -0.426
     55       C      3       4.000          4.444                        -0.444
     56       C      3       4.000          4.399                        -0.399
     57       C      3       4.000          4.407                        -0.407
     58       C      3       4.000          4.464                        -0.464
     59       C      3       4.000          4.021                        -0.021
     60       C      3       4.000          4.004                        -0.004
     61       C      3       4.000          4.007                        -0.007
     62       C      3       4.000          3.999                         0.001
     63       C      3       4.000          3.977                         0.023
     64       C      3       4.000          4.028                        -0.028
     65       C      3       4.000          3.971                         0.029
     66       C      3       4.000          3.930                         0.070
     67       C      3       4.000          3.479                         0.521
     68       C      3       4.000          3.519                         0.481
     69       C      3       4.000          3.478                         0.522
     70       C      3       4.000          3.458                         0.542
     71       C      3       4.000          3.500                         0.500
     72       C      3       4.000          3.445                         0.555
     73       C      3       4.000          3.400                         0.600
     74       C      3       4.000          3.573                         0.427
     75       C      3       4.000          3.858                         0.142
     76       C      3       4.000          4.438                        -0.438
     77       C      3       4.000          4.428                        -0.428
     78       C      3       4.000          4.477                        -0.477
     79       C      3       4.000          4.492                        -0.492
     80       C      3       4.000          4.383                        -0.383
     81       C      3       4.000          4.364                        -0.364
     82       C      3       4.000          4.255                        -0.255
     83       C      3       4.000          3.875                         0.125
     84       C      3       4.000          4.362                        -0.362
     85       C      3       4.000          4.373                        -0.373
     86       C      3       4.000          4.404                        -0.404
     87       C      3       4.000          3.973                         0.027
     88       C      3       4.000          4.443                        -0.443
     89       C      3       4.000          4.390                        -0.390
     90       C      3       4.000          3.879                         0.121
     91       N      4       5.000          5.894                        -0.894
     92       N      4       5.000          5.744                        -0.744
     93       N      4       5.000          5.854                        -0.854
     94       N      4       5.000          5.750                        -0.750
     95       N      4       5.000          5.834                        -0.834
     96       N      4       5.000          5.866                        -0.866
     97       O      5       6.000          6.165                        -0.165
     98       O      5       6.000          6.097                        -0.097
     99       O      5       6.000          6.185                        -0.185
    100       O      5       6.000          6.140                        -0.140
    101       O      5       6.000          6.119                        -0.119
    102       O      5       6.000          6.126                        -0.126
    103       O      5       6.000          6.104                        -0.104
    104       O      5       6.000          6.067                        -0.067
    105       O      5       6.000          5.650                         0.350
    106       O      5       6.000          5.770                         0.230
    107       O      5       6.000          5.760                         0.240
    108       O      5       6.000          5.713                         0.287
    109       O      5       6.000          5.619                         0.381
    110       O      5       6.000          5.695                         0.305
    111       O      5       6.000          5.830                         0.170
    112       O      5       6.000          5.698                         0.302
    113       O      5       6.000          6.119                        -0.119
    114       O      5       6.000          6.170                        -0.170
    115       O      5       6.000          6.202                        -0.202
    116       O      5       6.000          6.100                        -0.100
    117       O      5       6.000          6.126                        -0.126
    118       O      5       6.000          6.138                        -0.138
    119       O      5       6.000          6.170                        -0.170
    120       O      5       6.000          6.080                        -0.080
    121       O      5       6.000          6.068                        -0.068
    122       O      5       6.000          6.084                        -0.084
    123       O      5       6.000          6.185                        -0.185
    124       O      5       6.000          6.225                        -0.225
    125       O      5       6.000          5.956                         0.044
    126       O      5       6.000          6.210                        -0.210
    127       O      5       6.000          6.111                        -0.111
    128       O      5       6.000          6.076                        -0.076
    129       O      5       6.000          6.021                        -0.021
    130       O      5       6.000          6.032                        -0.032
    131       O      5       6.000          6.041                        -0.041
    132       O      5       6.000          5.887                         0.113
    133       H      2       1.000          0.565                         0.435
    134       H      2       1.000          0.563                         0.437
    135       H      2       1.000          0.559                         0.441
    136       H      2       1.000          0.564                         0.436
    137       C      3       4.000          5.310                        -1.310
    138       C      3       4.000          4.809                        -0.809
    139       H      2       1.000          0.515                         0.485
    140       H      2       1.000          0.558                         0.442
    141       C      3       4.000          4.417                        -0.417
    142       C      3       4.000          4.752                        -0.752
    143       H      2       1.000          0.571                         0.429
    144       H      2       1.000          0.516                         0.484
    145       H      2       1.000          0.520                         0.480
    146       H      2       1.000          0.534                         0.466
    147       C      3       4.000          4.164                        -0.164
    148       N      4       5.000          5.125                        -0.125
    149       C      3       4.000          4.005                        -0.005
    150       C      3       4.000          4.129                        -0.129
    151       H      2       1.000          0.493                         0.507
    152       N      4       5.000          5.159                        -0.159
    153       C      3       4.000          4.460                        -0.460
    154       H      2       1.000          0.516                         0.484
    155       H      2       1.000          0.493                         0.507
    156       H      2       1.000          0.499                         0.501
    157       H      2       1.000          0.496                         0.504
    158       O      5       6.000          6.374                        -0.374
    159       N      4       5.000          4.845                         0.155
    160       S      6       6.000          5.871                         0.129
    161       O      5       6.000          6.454                        -0.454
    162       F      7       7.000          7.208                        -0.208
    163       C      3       4.000          3.367                         0.633
    164       F      7       7.000          7.211                        -0.211
    165       F      7       7.000          7.199                        -0.199
    166       C      3       4.000          3.501                         0.499
    167       F      7       7.000          7.414                        -0.414
    168       F      7       7.000          7.270                        -0.270
    169       F      7       7.000          7.236                        -0.236
    170       O      5       6.000          6.459                        -0.459
    171       S      6       6.000          5.403                         0.597
    172       O      5       6.000          6.387                        -0.387

  Total Charge                                                            0.095
 !-----------------------------------------------------------------------------!

 ENERGY| Total FORCE_EVAL ( QS ) energy [hartree]          -1718.473353515389590
 *******************************************************************************
 RMS DISPLACEMENT =   0.03113     [ 0.00010]                               ( NO)
 MAX DISPLACEMENT =   0.45333     [ 0.00020]                               ( NO)
 RMS FORCE        =   0.06014     [ 0.00030]                               ( NO)
 MAX FORCE        =   1.19446     [ 0.00045]                               ( NO)
 *******************************************************************************

 *******************************************************************************
 **                 BAND EVALUATION OF ENERGIES AND FORCES                    **
 *******************************************************************************
 **                                                                           **
 **                                                                           **
 ** Replica Env Nr. :    2              Replica Band Nr. :   10               **
 ** Band  Step  Nr. :    7                                                    **
 *******************************************************************************

 Number of electrons:                                                        716
 Number of occupied orbitals:                                                400
 Number of molecular orbitals:                                               458

 Number of orbital functions:                                               1948
 Number of independent orbital functions:                                   1948

 Parameters for the always stable predictor-corrector (ASPC) method:

  ASPC order: 3

  B(1) =   3.000000
  B(2) =  -3.428571
  B(3) =   1.928571
  B(4) =  -0.571429
  B(5) =   0.071429

 *** WARNING in fm/cp_fm_elpa.F:521 :: Setting real_kernel for ELPA failed ***


 Extrapolation method: ASPC


 SCF WAVEFUNCTION OPTIMIZATION

  Step     Update method      Time    Convergence         Total energy    Change
  ------------------------------------------------------------------------------

 *** WARNING in fm/cp_fm_elpa.F:521 :: Setting real_kernel for ELPA failed ***

     1 Broy./Diag. 0.15E+00    8.7     0.44065640     -1718.6303983980 -1.72E+03

 *** WARNING in fm/cp_fm_elpa.F:521 :: Setting real_kernel for ELPA failed ***

     2 Broy./Diag. 0.15E+00   12.6     0.52362916     -1717.0286124459  1.60E+00

 *** WARNING in fm/cp_fm_elpa.F:521 :: Setting real_kernel for ELPA failed ***

     3 Broy./Diag. 0.15E+00   13.4     0.21548911     -1719.1619207706 -2.13E+00

 *** WARNING in fm/cp_fm_elpa.F:521 :: Setting real_kernel for ELPA failed ***

     4 Broy./Diag. 0.15E+00   13.4     0.10613897     -1718.1445620294  1.02E+00

 *** WARNING in fm/cp_fm_elpa.F:521 :: Setting real_kernel for ELPA failed ***

     5 Broy./Diag. 0.15E+00   13.7     0.05107196     -1718.5479633602 -4.03E-01

 *** WARNING in fm/cp_fm_elpa.F:521 :: Setting real_kernel for ELPA failed ***

     6 Broy./Diag. 0.15E+00   14.2     0.05844096     -1718.5644729286 -1.65E-02

 *** WARNING in fm/cp_fm_elpa.F:521 :: Setting real_kernel for ELPA failed ***

     7 Broy./Diag. 0.15E+00   14.1     0.02933010     -1718.5390256698  2.54E-02

 *** WARNING in fm/cp_fm_elpa.F:521 :: Setting real_kernel for ELPA failed ***

     8 Broy./Diag. 0.15E+00   14.1     0.00683094     -1718.6496885189 -1.11E-01

 *** WARNING in fm/cp_fm_elpa.F:521 :: Setting real_kernel for ELPA failed ***

     9 Broy./Diag. 0.15E+00   13.6     0.00429859     -1718.7052078485 -5.55E-02

 *** WARNING in fm/cp_fm_elpa.F:521 :: Setting real_kernel for ELPA failed ***

    10 Broy./Diag. 0.15E+00   13.4     0.00494818     -1718.7057723920 -5.65E-04

 *** WARNING in fm/cp_fm_elpa.F:521 :: Setting real_kernel for ELPA failed ***

    11 Broy./Diag. 0.15E+00   13.3     0.00447789     -1718.7295318022 -2.38E-02

 *** WARNING in fm/cp_fm_elpa.F:521 :: Setting real_kernel for ELPA failed ***

    12 Broy./Diag. 0.15E+00   13.3     0.00198122     -1718.7149665476  1.46E-02

 *** WARNING in fm/cp_fm_elpa.F:521 :: Setting real_kernel for ELPA failed ***

    13 Broy./Diag. 0.15E+00   13.6     0.00196452     -1718.7071027799  7.86E-03

 *** WARNING in fm/cp_fm_elpa.F:521 :: Setting real_kernel for ELPA failed ***

    14 Broy./Diag. 0.15E+00   13.6     0.00129783     -1718.7032956725  3.81E-03

 *** WARNING in fm/cp_fm_elpa.F:521 :: Setting real_kernel for ELPA failed ***

    15 Broy./Diag. 0.15E+00   13.9     0.00062516     -1718.6963050685  6.99E-03

 *** WARNING in fm/cp_fm_elpa.F:521 :: Setting real_kernel for ELPA failed ***

    16 Broy./Diag. 0.15E+00   13.7     0.00063322     -1718.6945833481  1.72E-03

 *** WARNING in fm/cp_fm_elpa.F:521 :: Setting real_kernel for ELPA failed ***

    17 Broy./Diag. 0.15E+00   13.6     0.00060244     -1718.6944894916  9.39E-05

 *** WARNING in fm/cp_fm_elpa.F:521 :: Setting real_kernel for ELPA failed ***

    18 Broy./Diag. 0.15E+00   13.8     0.00064871     -1718.6934599313  1.03E-03

 *** WARNING in fm/cp_fm_elpa.F:521 :: Setting real_kernel for ELPA failed ***

    19 Broy./Diag. 0.15E+00   13.7     0.00045883     -1718.6964282175 -2.97E-03

 *** WARNING in fm/cp_fm_elpa.F:521 :: Setting real_kernel for ELPA failed ***

    20 Broy./Diag. 0.15E+00   13.6     0.00057264     -1718.6986367793 -2.21E-03

 *** WARNING in fm/cp_fm_elpa.F:521 :: Setting real_kernel for ELPA failed ***

    21 Broy./Diag. 0.15E+00   13.5     0.00038889     -1718.6988669506 -2.30E-04

 *** WARNING in fm/cp_fm_elpa.F:521 :: Setting real_kernel for ELPA failed ***

    22 Broy./Diag. 0.15E+00   13.2     0.00019412     -1718.7008470782 -1.98E-03

 *** WARNING in fm/cp_fm_elpa.F:521 :: Setting real_kernel for ELPA failed ***

    23 Broy./Diag. 0.15E+00   13.4     0.00017676     -1718.7010578710 -2.11E-04

 *** WARNING in fm/cp_fm_elpa.F:521 :: Setting real_kernel for ELPA failed ***

    24 Broy./Diag. 0.15E+00   13.2     0.00020754     -1718.7008276799  2.30E-04

 *** WARNING in fm/cp_fm_elpa.F:521 :: Setting real_kernel for ELPA failed ***

    25 Broy./Diag. 0.15E+00   13.1     0.00010723     -1718.7013206601 -4.93E-04

 *** WARNING in fm/cp_fm_elpa.F:521 :: Setting real_kernel for ELPA failed ***

    26 Broy./Diag. 0.15E+00   13.3     0.00016726     -1718.7010449126  2.76E-04

 *** WARNING in fm/cp_fm_elpa.F:521 :: Setting real_kernel for ELPA failed ***

    27 Broy./Diag. 0.15E+00   13.2     0.00013988     -1718.7005560461  4.89E-04

 *** WARNING in fm/cp_fm_elpa.F:521 :: Setting real_kernel for ELPA failed ***

    28 Broy./Diag. 0.15E+00   13.3     0.00005430     -1718.7007691445 -2.13E-04

 *** WARNING in fm/cp_fm_elpa.F:521 :: Setting real_kernel for ELPA failed ***

    29 Broy./Diag. 0.15E+00   13.3     0.00006321     -1718.7005965512  1.73E-04

 *** WARNING in fm/cp_fm_elpa.F:521 :: Setting real_kernel for ELPA failed ***

    30 Broy./Diag. 0.15E+00   13.4     0.00006229     -1718.7005018150  9.47E-05

 *** WARNING in fm/cp_fm_elpa.F:521 :: Setting real_kernel for ELPA failed ***

    31 Broy./Diag. 0.15E+00   13.3     0.00004407     -1718.7006920735 -1.90E-04

  *** SCF run converged in    31 steps ***


  Electronic density on regular grids:       -715.9999999260        0.0000000740
  Core density on regular grids:              715.9999999655       -0.0000000345
  Total charge density on r-space grids:        0.0000000396
  Total charge density g-space grids:           0.0000000396

  Overlap energy of the core charge distribution:               0.00003926991457
  Self energy of the core charge distribution:              -4016.67387185402686
  Core Hamiltonian energy:                                   1150.43341706947740
  Hartree energy:                                            1521.63228736605720
  Exchange-correlation energy:                               -373.79658569952835
  Dispersion energy:                                           -0.27092887552376
  Electronic entropic energy:                                  -0.02504955586665
  Fermi energy:                                                -0.00648817918184

  Total energy:                                             -1718.70069207349979

 !-----------------------------------------------------------------------------!
                     Mulliken Population Analysis

 #  Atom  Element  Kind  Atomic population                           Net charge
       1     Ti       1         11.114436                              0.885564
       2     Ti       1         11.039711                              0.960289
       3     Ti       1         11.022289                              0.977711
       4     Ti       1         11.028162                              0.971838
       5     Ti       1         11.053789                              0.946211
       6     Ti       1         11.259436                              0.740564
       7     Ti       1         11.033071                              0.966929
       8     Ti       1         11.021856                              0.978144
       9     H        2          0.932148                              0.067852
      10     H        2          0.938045                              0.061955
      11     H        2          0.930355                              0.069645
      12     H        2          0.938409                              0.061591
      13     H        2          0.944147                              0.055853
      14     H        2          0.945704                              0.054296
      15     H        2          0.960269                              0.039731
      16     H        2          0.938301                              0.061699
      17     H        2          0.926895                              0.073105
      18     H        2          0.927950                              0.072050
      19     H        2          0.931818                              0.068182
      20     H        2          0.938972                              0.061028
      21     H        2          0.827859                              0.172141
      22     H        2          0.864393                              0.135607
      23     H        2          0.934497                              0.065503
      24     H        2          0.826126                              0.173874
      25     H        2          0.942926                              0.057074
      26     H        2          0.952560                              0.047440
      27     H        2          0.938392                              0.061608
      28     H        2          0.921702                              0.078298
      29     H        2          0.925028                              0.074972
      30     H        2          0.903243                              0.096757
      31     H        2          0.886187                              0.113813
      32     H        2          0.889674                              0.110326
      33     H        2          0.869221                              0.130779
      34     H        2          0.787591                              0.212409
      35     H        2          0.888567                              0.111433
      36     H        2          0.907973                              0.092027
      37     H        2          0.886324                              0.113676
      38     H        2          0.886394                              0.113606
      39     H        2          0.873559                              0.126441
      40     H        2          0.874503                              0.125497
      41     H        2          0.878905                              0.121095
      42     H        2          0.873091                              0.126909
      43     C        3          3.768645                              0.231355
      44     C        3          3.774921                              0.225079
      45     C        3          3.780147                              0.219853
      46     C        3          3.777245                              0.222755
      47     C        3          4.100986                             -0.100986
      48     C        3          4.096270                             -0.096270
      49     C        3          4.064963                             -0.064963
      50     C        3          4.043645                             -0.043645
      51     C        3          3.951272                              0.048728
      52     C        3          4.025470                             -0.025470
      53     C        3          3.978601                              0.021399
      54     C        3          4.056577                             -0.056577
      55     C        3          4.037604                             -0.037604
      56     C        3          4.015170                             -0.015170
      57     C        3          4.002755                             -0.002755
      58     C        3          4.036626                             -0.036626
      59     C        3          4.050411                             -0.050411
      60     C        3          4.024578                             -0.024578
      61     C        3          4.109827                             -0.109827
      62     C        3          4.095852                             -0.095852
      63     C        3          4.077884                             -0.077884
      64     C        3          4.102238                             -0.102238
      65     C        3          4.062083                             -0.062083
      66     C        3          3.860402                              0.139598
      67     C        3          3.779518                              0.220482
      68     C        3          3.801626                              0.198374
      69     C        3          3.791128                              0.208872
      70     C        3          3.781270                              0.218730
      71     C        3          3.787802                              0.212198
      72     C        3          3.813692                              0.186308
      73     C        3          3.827614                              0.172386
      74     C        3          3.789887                              0.210113
      75     C        3          3.975397                              0.024603
      76     C        3          4.043606                             -0.043606
      77     C        3          4.020050                             -0.020050
      78     C        3          4.052087                             -0.052087
      79     C        3          4.033864                             -0.033864
      80     C        3          3.994528                              0.005472
      81     C        3          4.018462                             -0.018462
      82     C        3          4.048361                             -0.048361
      83     C        3          3.925259                              0.074741
      84     C        3          3.968528                              0.031472
      85     C        3          4.006797                             -0.006797
      86     C        3          4.038680                             -0.038680
      87     C        3          3.999024                              0.000976
      88     C        3          4.097189                             -0.097189
      89     C        3          4.005431                             -0.005431
      90     C        3          3.861673                              0.138327
      91     N        4          5.023082                             -0.023082
      92     N        4          5.304716                             -0.304716
      93     N        4          4.925352                              0.074648
      94     N        4          4.987130                              0.012870
      95     N        4          5.024868                             -0.024868
      96     N        4          5.047797                             -0.047797
      97     O        5          6.325122                             -0.325122
      98     O        5          6.269606                             -0.269606
      99     O        5          6.309337                             -0.309337
     100     O        5          6.291198                             -0.291198
     101     O        5          6.290208                             -0.290208
     102     O        5          6.283814                             -0.283814
     103     O        5          6.284384                             -0.284384
     104     O        5          6.257392                             -0.257392
     105     O        5          6.427141                             -0.427141
     106     O        5          6.458242                             -0.458242
     107     O        5          6.502357                             -0.502357
     108     O        5          6.454188                             -0.454188
     109     O        5          6.361549                             -0.361549
     110     O        5          6.453529                             -0.453529
     111     O        5          6.454305                             -0.454305
     112     O        5          6.464370                             -0.464370
     113     O        5          6.331773                             -0.331773
     114     O        5          6.296897                             -0.296897
     115     O        5          6.330167                             -0.330167
     116     O        5          6.299853                             -0.299853
     117     O        5          6.367079                             -0.367079
     118     O        5          6.277395                             -0.277395
     119     O        5          6.180143                             -0.180143
     120     O        5          6.206956                             -0.206956
     121     O        5          6.307047                             -0.307047
     122     O        5          6.288878                             -0.288878
     123     O        5          6.336617                             -0.336617
     124     O        5          6.289100                             -0.289100
     125     O        5          6.232746                             -0.232746
     126     O        5          6.424088                             -0.424088
     127     O        5          6.248867                             -0.248867
     128     O        5          6.272032                             -0.272032
     129     O        5          6.495018                             -0.495018
     130     O        5          6.420317                             -0.420317
     131     O        5          6.433303                             -0.433303
     132     O        5          6.381353                             -0.381353
     133     H        2          0.929939                              0.070061
     134     H        2          0.917195                              0.082805
     135     H        2          0.917585                              0.082415
     136     H        2          0.916023                              0.083977
     137     C        3          4.279370                             -0.279370
     138     C        3          4.181519                             -0.181519
     139     H        2          0.948054                              0.051946
     140     H        2          0.917740                              0.082260
     141     C        3          4.100519                             -0.100519
     142     C        3          4.126746                             -0.126746
     143     H        2          0.934243                              0.065757
     144     H        2          0.944715                              0.055285
     145     H        2          0.927684                              0.072316
     146     H        2          0.930935                              0.069065
     147     C        3          4.036122                             -0.036122
     148     N        4          4.821629                              0.178371
     149     C        3          3.928756                              0.071244
     150     C        3          3.984830                              0.015170
     151     H        2          0.962805                              0.037195
     152     N        4          4.853825                              0.146175
     153     C        3          4.147388                             -0.147388
     154     H        2          0.919916                              0.080084
     155     H        2          0.968688                              0.031312
     156     H        2          0.960595                              0.039405
     157     H        2          0.969478                              0.030522
     158     O        5          6.222087                             -0.222087
     159     N        4          5.240584                             -0.240584
     160     S        6          5.399569                              0.600431
     161     O        5          6.258755                             -0.258755
     162     F        7          7.020092                             -0.020092
     163     C        3          3.737446                              0.262554
     164     F        7          7.063466                             -0.063466
     165     F        7          6.983719                              0.016281
     166     C        3          3.877440                              0.122560
     167     F        7          7.305200                             -0.305200
     168     F        7          7.067837                             -0.067837
     169     F        7          6.954082                              0.045918
     170     O        5          6.208111                             -0.208111
     171     S        6          5.514827                              0.485173
     172     O        5          6.281043                             -0.281043
 # Total charge                            716.000000                  0.000000

 !-----------------------------------------------------------------------------!

 !-----------------------------------------------------------------------------!
                           Hirshfeld Charges

  #Atom  Element  Kind  Ref Charge     Population                    Net charge
      1       Ti     1      12.000         13.623                        -1.623
      2       Ti     1      12.000         13.443                        -1.443
      3       Ti     1      12.000         13.511                        -1.511
      4       Ti     1      12.000         13.496                        -1.496
      5       Ti     1      12.000         13.429                        -1.429
      6       Ti     1      12.000         13.644                        -1.644
      7       Ti     1      12.000         13.499                        -1.499
      8       Ti     1      12.000         13.458                        -1.458
      9       H      2       1.000          0.546                         0.454
     10       H      2       1.000          0.543                         0.457
     11       H      2       1.000          0.539                         0.461
     12       H      2       1.000          0.550                         0.450
     13       H      2       1.000          0.535                         0.465
     14       H      2       1.000          0.515                         0.485
     15       H      2       1.000          0.560                         0.440
     16       H      2       1.000          0.541                         0.459
     17       H      2       1.000          0.531                         0.469
     18       H      2       1.000          0.544                         0.456
     19       H      2       1.000          0.544                         0.456
     20       H      2       1.000          0.543                         0.457
     21       H      2       1.000          0.415                         0.585
     22       H      2       1.000          0.428                         0.572
     23       H      2       1.000          0.432                         0.568
     24       H      2       1.000          0.418                         0.582
     25       H      2       1.000          0.553                         0.447
     26       H      2       1.000          0.558                         0.442
     27       H      2       1.000          0.537                         0.463
     28       H      2       1.000          0.533                         0.467
     29       H      2       1.000          0.530                         0.470
     30       H      2       1.000          0.527                         0.473
     31       H      2       1.000          0.480                         0.520
     32       H      2       1.000          0.461                         0.539
     33       H      2       1.000          0.453                         0.547
     34       H      2       1.000          0.633                         0.367
     35       H      2       1.000          0.482                         0.518
     36       H      2       1.000          0.463                         0.537
     37       H      2       1.000          0.476                         0.524
     38       H      2       1.000          0.465                         0.535
     39       H      2       1.000          0.473                         0.527
     40       H      2       1.000          0.454                         0.546
     41       H      2       1.000          0.477                         0.523
     42       H      2       1.000          0.452                         0.548
     43       C      3       4.000          3.462                         0.538
     44       C      3       4.000          3.442                         0.558
     45       C      3       4.000          3.477                         0.523
     46       C      3       4.000          3.464                         0.536
     47       C      3       4.000          4.014                        -0.014
     48       C      3       4.000          3.996                         0.004
     49       C      3       4.000          4.003                        -0.003
     50       C      3       4.000          3.988                         0.012
     51       C      3       4.000          3.919                         0.081
     52       C      3       4.000          4.436                        -0.436
     53       C      3       4.000          3.899                         0.101
     54       C      3       4.000          4.423                        -0.423
     55       C      3       4.000          4.444                        -0.444
     56       C      3       4.000          4.398                        -0.398
     57       C      3       4.000          4.405                        -0.405
     58       C      3       4.000          4.464                        -0.464
     59       C      3       4.000          4.020                        -0.020
     60       C      3       4.000          4.003                        -0.003
     61       C      3       4.000          4.004                        -0.004
     62       C      3       4.000          3.999                         0.001
     63       C      3       4.000          3.979                         0.021
     64       C      3       4.000          4.027                        -0.027
     65       C      3       4.000          3.976                         0.024
     66       C      3       4.000          3.937                         0.063
     67       C      3       4.000          3.478                         0.522
     68       C      3       4.000          3.520                         0.480
     69       C      3       4.000          3.476                         0.524
     70       C      3       4.000          3.457                         0.543
     71       C      3       4.000          3.494                         0.506
     72       C      3       4.000          3.446                         0.554
     73       C      3       4.000          3.407                         0.593
     74       C      3       4.000          3.562                         0.438
     75       C      3       4.000          3.857                         0.143
     76       C      3       4.000          4.438                        -0.438
     77       C      3       4.000          4.431                        -0.431
     78       C      3       4.000          4.476                        -0.476
     79       C      3       4.000          4.491                        -0.491
     80       C      3       4.000          4.380                        -0.380
     81       C      3       4.000          4.357                        -0.357
     82       C      3       4.000          4.255                        -0.255
     83       C      3       4.000          3.872                         0.128
     84       C      3       4.000          4.357                        -0.357
     85       C      3       4.000          4.372                        -0.372
     86       C      3       4.000          4.404                        -0.404
     87       C      3       4.000          3.968                         0.032
     88       C      3       4.000          4.443                        -0.443
     89       C      3       4.000          4.388                        -0.388
     90       C      3       4.000          3.876                         0.124
     91       N      4       5.000          5.894                        -0.894
     92       N      4       5.000          5.736                        -0.736
     93       N      4       5.000          5.839                        -0.839
     94       N      4       5.000          5.743                        -0.743
     95       N      4       5.000          5.831                        -0.831
     96       N      4       5.000          5.870                        -0.870
     97       O      5       6.000          6.165                        -0.165
     98       O      5       6.000          6.095                        -0.095
     99       O      5       6.000          6.182                        -0.182
    100       O      5       6.000          6.140                        -0.140
    101       O      5       6.000          6.117                        -0.117
    102       O      5       6.000          6.126                        -0.126
    103       O      5       6.000          6.105                        -0.105
    104       O      5       6.000          6.060                        -0.060
    105       O      5       6.000          5.648                         0.352
    106       O      5       6.000          5.771                         0.229
    107       O      5       6.000          5.760                         0.240
    108       O      5       6.000          5.712                         0.288
    109       O      5       6.000          5.615                         0.385
    110       O      5       6.000          5.696                         0.304
    111       O      5       6.000          5.828                         0.172
    112       O      5       6.000          5.699                         0.301
    113       O      5       6.000          6.119                        -0.119
    114       O      5       6.000          6.174                        -0.174
    115       O      5       6.000          6.201                        -0.201
    116       O      5       6.000          6.097                        -0.097
    117       O      5       6.000          6.121                        -0.121
    118       O      5       6.000          6.137                        -0.137
    119       O      5       6.000          6.187                        -0.187
    120       O      5       6.000          6.079                        -0.079
    121       O      5       6.000          6.067                        -0.067
    122       O      5       6.000          6.080                        -0.080
    123       O      5       6.000          6.184                        -0.184
    124       O      5       6.000          6.228                        -0.228
    125       O      5       6.000          5.963                         0.037
    126       O      5       6.000          6.218                        -0.218
    127       O      5       6.000          6.107                        -0.107
    128       O      5       6.000          6.070                        -0.070
    129       O      5       6.000          6.021                        -0.021
    130       O      5       6.000          6.030                        -0.030
    131       O      5       6.000          6.043                        -0.043
    132       O      5       6.000          5.898                         0.102
    133       H      2       1.000          0.565                         0.435
    134       H      2       1.000          0.563                         0.437
    135       H      2       1.000          0.558                         0.442
    136       H      2       1.000          0.564                         0.436
    137       C      3       4.000          5.310                        -1.310
    138       C      3       4.000          4.807                        -0.807
    139       H      2       1.000          0.515                         0.485
    140       H      2       1.000          0.558                         0.442
    141       C      3       4.000          4.417                        -0.417
    142       C      3       4.000          4.750                        -0.750
    143       H      2       1.000          0.571                         0.429
    144       H      2       1.000          0.516                         0.484
    145       H      2       1.000          0.519                         0.481
    146       H      2       1.000          0.531                         0.469
    147       C      3       4.000          4.163                        -0.163
    148       N      4       5.000          5.125                        -0.125
    149       C      3       4.000          4.002                        -0.002
    150       C      3       4.000          4.124                        -0.124
    151       H      2       1.000          0.491                         0.509
    152       N      4       5.000          5.160                        -0.160
    153       C      3       4.000          4.462                        -0.462
    154       H      2       1.000          0.518                         0.482
    155       H      2       1.000          0.492                         0.508
    156       H      2       1.000          0.500                         0.500
    157       H      2       1.000          0.493                         0.507
    158       O      5       6.000          6.384                        -0.384
    159       N      4       5.000          4.842                         0.158
    160       S      6       6.000          5.871                         0.129
    161       O      5       6.000          6.467                        -0.467
    162       F      7       7.000          7.205                        -0.205
    163       C      3       4.000          3.370                         0.630
    164       F      7       7.000          7.226                        -0.226
    165       F      7       7.000          7.204                        -0.204
    166       C      3       4.000          3.492                         0.508
    167       F      7       7.000          7.411                        -0.411
    168       F      7       7.000          7.290                        -0.290
    169       F      7       7.000          7.264                        -0.264
    170       O      5       6.000          6.459                        -0.459
    171       S      6       6.000          5.415                         0.585
    172       O      5       6.000          6.392                        -0.392

  Total Charge                                                            0.095
 !-----------------------------------------------------------------------------!

 ENERGY| Total FORCE_EVAL ( QS ) energy [hartree]          -1718.700748792681452
 *******************************************************************************
 RMS DISPLACEMENT =   0.02113     [ 0.00010]                               ( NO)
 MAX DISPLACEMENT =   0.33041     [ 0.00020]                               ( NO)
 RMS FORCE        =   0.04345     [ 0.00030]                               ( NO)
 MAX FORCE        =   0.29097     [ 0.00045]                               ( NO)
 *******************************************************************************

 *******************************************************************************
 **                 BAND EVALUATION OF ENERGIES AND FORCES                    **
 *******************************************************************************
 **                                                                           **
 **                                                                           **
 ** Replica Env Nr. :    2              Replica Band Nr. :   10               **
 ** Band  Step  Nr. :    8                                                    **
 *******************************************************************************

 Number of electrons:                                                        716
 Number of occupied orbitals:                                                398
 Number of molecular orbitals:                                               458

 Number of orbital functions:                                               1948
 Number of independent orbital functions:                                   1948

 Parameters for the always stable predictor-corrector (ASPC) method:

  ASPC order: 3

  B(1) =   3.000000
  B(2) =  -3.428571
  B(3) =   1.928571
  B(4) =  -0.571429
  B(5) =   0.071429

 *** WARNING in fm/cp_fm_elpa.F:521 :: Setting real_kernel for ELPA failed ***


 Extrapolation method: ASPC


 SCF WAVEFUNCTION OPTIMIZATION

  Step     Update method      Time    Convergence         Total energy    Change
  ------------------------------------------------------------------------------

 *** WARNING in fm/cp_fm_elpa.F:521 :: Setting real_kernel for ELPA failed ***

     1 Broy./Diag. 0.15E+00    8.7     0.52495944     -1718.8043757853 -1.72E+03

 *** WARNING in fm/cp_fm_elpa.F:521 :: Setting real_kernel for ELPA failed ***

     2 Broy./Diag. 0.15E+00   12.7     0.62364860     -1716.4036792831  2.40E+00

 *** WARNING in fm/cp_fm_elpa.F:521 :: Setting real_kernel for ELPA failed ***

     3 Broy./Diag. 0.15E+00   13.1     0.24956114     -1719.1804596314 -2.78E+00

 *** WARNING in fm/cp_fm_elpa.F:521 :: Setting real_kernel for ELPA failed ***

     4 Broy./Diag. 0.15E+00   13.2     0.15513863     -1718.5788485182  6.02E-01

 *** WARNING in fm/cp_fm_elpa.F:521 :: Setting real_kernel for ELPA failed ***

     5 Broy./Diag. 0.15E+00   13.6     0.07502101     -1718.9288340565 -3.50E-01

 *** WARNING in fm/cp_fm_elpa.F:521 :: Setting real_kernel for ELPA failed ***

     6 Broy./Diag. 0.15E+00   14.1     0.10425509     -1718.7179395869  2.11E-01

 *** WARNING in fm/cp_fm_elpa.F:521 :: Setting real_kernel for ELPA failed ***

     7 Broy./Diag. 0.15E+00   14.3     0.06875633     -1718.8991524902 -1.81E-01

 *** WARNING in fm/cp_fm_elpa.F:521 :: Setting real_kernel for ELPA failed ***

     8 Broy./Diag. 0.15E+00   13.8     0.01939579     -1718.9162724032 -1.71E-02

 *** WARNING in fm/cp_fm_elpa.F:521 :: Setting real_kernel for ELPA failed ***

     9 Broy./Diag. 0.15E+00   13.5     0.00424029     -1718.9905244220 -7.43E-02

 *** WARNING in fm/cp_fm_elpa.F:521 :: Setting real_kernel for ELPA failed ***

    10 Broy./Diag. 0.15E+00   13.4     0.00386581     -1719.0101974633 -1.97E-02

 *** WARNING in fm/cp_fm_elpa.F:521 :: Setting real_kernel for ELPA failed ***

    11 Broy./Diag. 0.15E+00   13.3     0.00561560     -1719.0367412820 -2.65E-02

 *** WARNING in fm/cp_fm_elpa.F:521 :: Setting real_kernel for ELPA failed ***

    12 Broy./Diag. 0.15E+00   13.4     0.00377335     -1719.0117735491  2.50E-02

 *** WARNING in fm/cp_fm_elpa.F:521 :: Setting real_kernel for ELPA failed ***

    13 Broy./Diag. 0.15E+00   13.6     0.00301929     -1719.0175505304 -5.78E-03

 *** WARNING in fm/cp_fm_elpa.F:521 :: Setting real_kernel for ELPA failed ***

    14 Broy./Diag. 0.15E+00   13.8     0.00194952     -1719.0051895003  1.24E-02

 *** WARNING in fm/cp_fm_elpa.F:521 :: Setting real_kernel for ELPA failed ***

    15 Broy./Diag. 0.15E+00   13.9     0.00117190     -1719.0020936104  3.10E-03

 *** WARNING in fm/cp_fm_elpa.F:521 :: Setting real_kernel for ELPA failed ***

    16 Broy./Diag. 0.15E+00   13.2     0.00073697     -1718.9954356745  6.66E-03

 *** WARNING in fm/cp_fm_elpa.F:521 :: Setting real_kernel for ELPA failed ***

    17 Broy./Diag. 0.15E+00   13.2     0.00080047     -1718.9960896854 -6.54E-04

 *** WARNING in fm/cp_fm_elpa.F:521 :: Setting real_kernel for ELPA failed ***

    18 Broy./Diag. 0.15E+00   13.2     0.00095961     -1718.9935166705  2.57E-03

 *** WARNING in fm/cp_fm_elpa.F:521 :: Setting real_kernel for ELPA failed ***

    19 Broy./Diag. 0.15E+00   13.0     0.00068933     -1718.9985748569 -5.06E-03

 *** WARNING in fm/cp_fm_elpa.F:521 :: Setting real_kernel for ELPA failed ***

    20 Broy./Diag. 0.15E+00   13.1     0.00064146     -1718.9990147708 -4.40E-04

 *** WARNING in fm/cp_fm_elpa.F:521 :: Setting real_kernel for ELPA failed ***

    21 Broy./Diag. 0.15E+00   13.0     0.00047467     -1719.0021404554 -3.13E-03

 *** WARNING in fm/cp_fm_elpa.F:521 :: Setting real_kernel for ELPA failed ***

    22 Broy./Diag. 0.15E+00   13.0     0.00026836     -1719.0022893405 -1.49E-04

 *** WARNING in fm/cp_fm_elpa.F:521 :: Setting real_kernel for ELPA failed ***

    23 Broy./Diag. 0.15E+00   12.9     0.00014971     -1719.0036852094 -1.40E-03

 *** WARNING in fm/cp_fm_elpa.F:521 :: Setting real_kernel for ELPA failed ***

    24 Broy./Diag. 0.15E+00   13.0     0.00023778     -1719.0030027130  6.82E-04

 *** WARNING in fm/cp_fm_elpa.F:521 :: Setting real_kernel for ELPA failed ***

    25 Broy./Diag. 0.15E+00   13.0     0.00016717     -1719.0035472318 -5.45E-04

 *** WARNING in fm/cp_fm_elpa.F:521 :: Setting real_kernel for ELPA failed ***

    26 Broy./Diag. 0.15E+00   13.1     0.00018443     -1719.0025665217  9.81E-04

 *** WARNING in fm/cp_fm_elpa.F:521 :: Setting real_kernel for ELPA failed ***

    27 Broy./Diag. 0.15E+00   13.3     0.00008598     -1719.0025921304 -2.56E-05

 *** WARNING in fm/cp_fm_elpa.F:521 :: Setting real_kernel for ELPA failed ***

    28 Broy./Diag. 0.15E+00   13.2     0.00008584     -1719.0020738212  5.18E-04

 *** WARNING in fm/cp_fm_elpa.F:521 :: Setting real_kernel for ELPA failed ***

    29 Broy./Diag. 0.15E+00   13.0     0.00005433     -1719.0021348228 -6.10E-05

 *** WARNING in fm/cp_fm_elpa.F:521 :: Setting real_kernel for ELPA failed ***

    30 Broy./Diag. 0.15E+00   13.1     0.00006159     -1719.0019327394  2.02E-04

 *** WARNING in fm/cp_fm_elpa.F:521 :: Setting real_kernel for ELPA failed ***

    31 Broy./Diag. 0.15E+00   13.4     0.00004855     -1719.0021321946 -1.99E-04

  *** SCF run converged in    31 steps ***


  Electronic density on regular grids:       -715.9999999258        0.0000000742
  Core density on regular grids:              715.9999999655       -0.0000000345
  Total charge density on r-space grids:        0.0000000397
  Total charge density g-space grids:           0.0000000397

  Overlap energy of the core charge distribution:               0.00003395385773
  Self energy of the core charge distribution:              -4016.67387185402686
  Core Hamiltonian energy:                                   1148.91332996063488
  Hartree energy:                                            1522.54278691325567
  Exchange-correlation energy:                               -373.48890586368782
  Dispersion energy:                                           -0.27218356254216
  Electronic entropic energy:                                  -0.02332183289712
  Fermi energy:                                                -0.00891186824455

  Total energy:                                             -1719.00213219455622

 !-----------------------------------------------------------------------------!
                     Mulliken Population Analysis

 #  Atom  Element  Kind  Atomic population                           Net charge
       1     Ti       1         11.099231                              0.900769
       2     Ti       1         11.027609                              0.972391
       3     Ti       1         11.025177                              0.974823
       4     Ti       1         11.024417                              0.975583
       5     Ti       1         11.053694                              0.946306
       6     Ti       1         11.230622                              0.769378
       7     Ti       1         11.032608                              0.967392
       8     Ti       1         11.020245                              0.979755
       9     H        2          0.931561                              0.068439
      10     H        2          0.937335                              0.062665
      11     H        2          0.929404                              0.070596
      12     H        2          0.936496                              0.063504
      13     H        2          0.943420                              0.056580
      14     H        2          0.935001                              0.064999
      15     H        2          0.963522                              0.036478
      16     H        2          0.934573                              0.065427
      17     H        2          0.928146                              0.071854
      18     H        2          0.927805                              0.072195
      19     H        2          0.931614                              0.068386
      20     H        2          0.937237                              0.062763
      21     H        2          0.825407                              0.174593
      22     H        2          0.862074                              0.137926
      23     H        2          0.931567                              0.068433
      24     H        2          0.825684                              0.174316
      25     H        2          0.942685                              0.057315
      26     H        2          0.952445                              0.047555
      27     H        2          0.938016                              0.061984
      28     H        2          0.919132                              0.080868
      29     H        2          0.922609                              0.077391
      30     H        2          0.896213                              0.103787
      31     H        2          0.885710                              0.114290
      32     H        2          0.889382                              0.110618
      33     H        2          0.868290                              0.131710
      34     H        2          0.791407                              0.208593
      35     H        2          0.887007                              0.112993
      36     H        2          0.903963                              0.096037
      37     H        2          0.886024                              0.113976
      38     H        2          0.884892                              0.115108
      39     H        2          0.872265                              0.127735
      40     H        2          0.872355                              0.127645
      41     H        2          0.877666                              0.122334
      42     H        2          0.870243                              0.129757
      43     C        3          3.767462                              0.232538
      44     C        3          3.773601                              0.226399
      45     C        3          3.780899                              0.219101
      46     C        3          3.777100                              0.222900
      47     C        3          4.099653                             -0.099653
      48     C        3          4.096455                             -0.096455
      49     C        3          4.063728                             -0.063728
      50     C        3          4.041304                             -0.041304
      51     C        3          3.950521                              0.049479
      52     C        3          4.025631                             -0.025631
      53     C        3          3.977380                              0.022620
      54     C        3          4.060418                             -0.060418
      55     C        3          4.036965                             -0.036965
      56     C        3          4.014989                             -0.014989
      57     C        3          4.001965                             -0.001965
      58     C        3          4.038757                             -0.038757
      59     C        3          4.049903                             -0.049903
      60     C        3          4.023728                             -0.023728
      61     C        3          4.109871                             -0.109871
      62     C        3          4.095747                             -0.095747
      63     C        3          4.076614                             -0.076614
      64     C        3          4.106206                             -0.106206
      65     C        3          4.063437                             -0.063437
      66     C        3          3.869339                              0.130661
      67     C        3          3.778852                              0.221148
      68     C        3          3.801268                              0.198732
      69     C        3          3.788392                              0.211608
      70     C        3          3.780572                              0.219428
      71     C        3          3.788940                              0.211060
      72     C        3          3.803473                              0.196527
      73     C        3          3.836774                              0.163226
      74     C        3          3.795743                              0.204257
      75     C        3          3.974887                              0.025113
      76     C        3          4.043374                             -0.043374
      77     C        3          4.023737                             -0.023737
      78     C        3          4.051684                             -0.051684
      79     C        3          4.035622                             -0.035622
      80     C        3          3.991697                              0.008303
      81     C        3          3.999424                              0.000576
      82     C        3          4.053750                             -0.053750
      83     C        3          3.922045                              0.077955
      84     C        3          3.963720                              0.036280
      85     C        3          4.006566                             -0.006566
      86     C        3          4.038194                             -0.038194
      87     C        3          3.995732                              0.004268
      88     C        3          4.104360                             -0.104360
      89     C        3          4.004461                             -0.004461
      90     C        3          3.852071                              0.147929
      91     N        4          5.023321                             -0.023321
      92     N        4          5.301645                             -0.301645
      93     N        4          4.910376                              0.089624
      94     N        4          4.984472                              0.015528
      95     N        4          5.026108                             -0.026108
      96     N        4          5.057585                             -0.057585
      97     O        5          6.325706                             -0.325706
      98     O        5          6.265173                             -0.265173
      99     O        5          6.302444                             -0.302444
     100     O        5          6.291574                             -0.291574
     101     O        5          6.289902                             -0.289902
     102     O        5          6.284855                             -0.284855
     103     O        5          6.282204                             -0.282204
     104     O        5          6.256420                             -0.256420
     105     O        5          6.426737                             -0.426737
     106     O        5          6.452154                             -0.452154
     107     O        5          6.499467                             -0.499467
     108     O        5          6.453897                             -0.453897
     109     O        5          6.362189                             -0.362189
     110     O        5          6.453515                             -0.453515
     111     O        5          6.449893                             -0.449893
     112     O        5          6.462988                             -0.462988
     113     O        5          6.331326                             -0.331326
     114     O        5          6.298670                             -0.298670
     115     O        5          6.327790                             -0.327790
     116     O        5          6.298183                             -0.298183
     117     O        5          6.352908                             -0.352908
     118     O        5          6.279331                             -0.279331
     119     O        5          6.225779                             -0.225779
     120     O        5          6.203159                             -0.203159
     121     O        5          6.305729                             -0.305729
     122     O        5          6.283865                             -0.283865
     123     O        5          6.336403                             -0.336403
     124     O        5          6.288196                             -0.288196
     125     O        5          6.254577                             -0.254577
     126     O        5          6.413561                             -0.413561
     127     O        5          6.249097                             -0.249097
     128     O        5          6.276617                             -0.276617
     129     O        5          6.493013                             -0.493013
     130     O        5          6.424374                             -0.424374
     131     O        5          6.434977                             -0.434977
     132     O        5          6.399192                             -0.399192
     133     H        2          0.930704                              0.069296
     134     H        2          0.918432                              0.081568
     135     H        2          0.916742                              0.083258
     136     H        2          0.916110                              0.083890
     137     C        3          4.281394                             -0.281394
     138     C        3          4.181710                             -0.181710
     139     H        2          0.950396                              0.049604
     140     H        2          0.917642                              0.082358
     141     C        3          4.101364                             -0.101364
     142     C        3          4.126133                             -0.126133
     143     H        2          0.935228                              0.064772
     144     H        2          0.946940                              0.053060
     145     H        2          0.926821                              0.073179
     146     H        2          0.932974                              0.067026
     147     C        3          4.037072                             -0.037072
     148     N        4          4.816721                              0.183279
     149     C        3          3.928842                              0.071158
     150     C        3          3.984223                              0.015777
     151     H        2          0.963845                              0.036155
     152     N        4          4.852724                              0.147276
     153     C        3          4.149657                             -0.149657
     154     H        2          0.922624                              0.077376
     155     H        2          0.970322                              0.029678
     156     H        2          0.962166                              0.037834
     157     H        2          0.956219                              0.043781
     158     O        5          6.258094                             -0.258094
     159     N        4          5.263739                             -0.263739
     160     S        6          5.347196                              0.652804
     161     O        5          6.291883                             -0.291883
     162     F        7          7.026972                             -0.026972
     163     C        3          3.735828                              0.264172
     164     F        7          7.078990                             -0.078990
     165     F        7          6.991360                              0.008640
     166     C        3          3.851084                              0.148916
     167     F        7          7.292979                             -0.292979
     168     F        7          7.130676                             -0.130676
     169     F        7          7.018309                             -0.018309
     170     O        5          6.229487                             -0.229487
     171     S        6          5.439873                              0.560127
     172     O        5          6.285388                             -0.285388
 # Total charge                            716.000000                  0.000000

 !-----------------------------------------------------------------------------!

 !-----------------------------------------------------------------------------!
                           Hirshfeld Charges

  #Atom  Element  Kind  Ref Charge     Population                    Net charge
      1       Ti     1      12.000         13.607                        -1.607
      2       Ti     1      12.000         13.440                        -1.440
      3       Ti     1      12.000         13.520                        -1.520
      4       Ti     1      12.000         13.495                        -1.495
      5       Ti     1      12.000         13.435                        -1.435
      6       Ti     1      12.000         13.629                        -1.629
      7       Ti     1      12.000         13.503                        -1.503
      8       Ti     1      12.000         13.457                        -1.457
      9       H      2       1.000          0.546                         0.454
     10       H      2       1.000          0.544                         0.456
     11       H      2       1.000          0.539                         0.461
     12       H      2       1.000          0.549                         0.451
     13       H      2       1.000          0.536                         0.464
     14       H      2       1.000          0.516                         0.484
     15       H      2       1.000          0.562                         0.438
     16       H      2       1.000          0.540                         0.460
     17       H      2       1.000          0.533                         0.467
     18       H      2       1.000          0.543                         0.457
     19       H      2       1.000          0.543                         0.457
     20       H      2       1.000          0.542                         0.458
     21       H      2       1.000          0.414                         0.586
     22       H      2       1.000          0.427                         0.573
     23       H      2       1.000          0.430                         0.570
     24       H      2       1.000          0.417                         0.583
     25       H      2       1.000          0.554                         0.446
     26       H      2       1.000          0.558                         0.442
     27       H      2       1.000          0.537                         0.463
     28       H      2       1.000          0.533                         0.467
     29       H      2       1.000          0.530                         0.470
     30       H      2       1.000          0.526                         0.474
     31       H      2       1.000          0.480                         0.520
     32       H      2       1.000          0.461                         0.539
     33       H      2       1.000          0.452                         0.548
     34       H      2       1.000          0.638                         0.362
     35       H      2       1.000          0.480                         0.520
     36       H      2       1.000          0.462                         0.538
     37       H      2       1.000          0.475                         0.525
     38       H      2       1.000          0.464                         0.536
     39       H      2       1.000          0.472                         0.528
     40       H      2       1.000          0.453                         0.547
     41       H      2       1.000          0.476                         0.524
     42       H      2       1.000          0.450                         0.550
     43       C      3       4.000          3.462                         0.538
     44       C      3       4.000          3.440                         0.560
     45       C      3       4.000          3.478                         0.522
     46       C      3       4.000          3.464                         0.536
     47       C      3       4.000          4.014                        -0.014
     48       C      3       4.000          3.997                         0.003
     49       C      3       4.000          4.006                        -0.006
     50       C      3       4.000          3.990                         0.010
     51       C      3       4.000          3.918                         0.082
     52       C      3       4.000          4.434                        -0.434
     53       C      3       4.000          3.894                         0.106
     54       C      3       4.000          4.418                        -0.418
     55       C      3       4.000          4.443                        -0.443
     56       C      3       4.000          4.396                        -0.396
     57       C      3       4.000          4.401                        -0.401
     58       C      3       4.000          4.465                        -0.465
     59       C      3       4.000          4.020                        -0.020
     60       C      3       4.000          4.003                        -0.003
     61       C      3       4.000          4.001                        -0.001
     62       C      3       4.000          4.000                         0.000
     63       C      3       4.000          3.983                         0.017
     64       C      3       4.000          4.023                        -0.023
     65       C      3       4.000          3.988                         0.012
     66       C      3       4.000          3.950                         0.050
     67       C      3       4.000          3.477                         0.523
     68       C      3       4.000          3.521                         0.479
     69       C      3       4.000          3.472                         0.528
     70       C      3       4.000          3.455                         0.545
     71       C      3       4.000          3.486                         0.514
     72       C      3       4.000          3.448                         0.552
     73       C      3       4.000          3.417                         0.583
     74       C      3       4.000          3.543                         0.457
     75       C      3       4.000          3.857                         0.143
     76       C      3       4.000          4.438                        -0.438
     77       C      3       4.000          4.436                        -0.436
     78       C      3       4.000          4.476                        -0.476
     79       C      3       4.000          4.492                        -0.492
     80       C      3       4.000          4.378                        -0.378
     81       C      3       4.000          4.347                        -0.347
     82       C      3       4.000          4.255                        -0.255
     83       C      3       4.000          3.868                         0.132
     84       C      3       4.000          4.349                        -0.349
     85       C      3       4.000          4.372                        -0.372
     86       C      3       4.000          4.404                        -0.404
     87       C      3       4.000          3.960                         0.040
     88       C      3       4.000          4.443                        -0.443
     89       C      3       4.000          4.385                        -0.385
     90       C      3       4.000          3.872                         0.128
     91       N      4       5.000          5.893                        -0.893
     92       N      4       5.000          5.725                        -0.725
     93       N      4       5.000          5.822                        -0.822
     94       N      4       5.000          5.734                        -0.734
     95       N      4       5.000          5.829                        -0.829
     96       N      4       5.000          5.877                        -0.877
     97       O      5       6.000          6.166                        -0.166
     98       O      5       6.000          6.093                        -0.093
     99       O      5       6.000          6.179                        -0.179
    100       O      5       6.000          6.139                        -0.139
    101       O      5       6.000          6.114                        -0.114
    102       O      5       6.000          6.126                        -0.126
    103       O      5       6.000          6.107                        -0.107
    104       O      5       6.000          6.051                        -0.051
    105       O      5       6.000          5.644                         0.356
    106       O      5       6.000          5.771                         0.229
    107       O      5       6.000          5.761                         0.239
    108       O      5       6.000          5.711                         0.289
    109       O      5       6.000          5.613                         0.387
    110       O      5       6.000          5.699                         0.301
    111       O      5       6.000          5.827                         0.173
    112       O      5       6.000          5.699                         0.301
    113       O      5       6.000          6.118                        -0.118
    114       O      5       6.000          6.180                        -0.180
    115       O      5       6.000          6.198                        -0.198
    116       O      5       6.000          6.090                        -0.090
    117       O      5       6.000          6.112                        -0.112
    118       O      5       6.000          6.138                        -0.138
    119       O      5       6.000          6.199                        -0.199
    120       O      5       6.000          6.079                        -0.079
    121       O      5       6.000          6.066                        -0.066
    122       O      5       6.000          6.072                        -0.072
    123       O      5       6.000          6.181                        -0.181
    124       O      5       6.000          6.233                        -0.233
    125       O      5       6.000          5.980                         0.020
    126       O      5       6.000          6.233                        -0.233
    127       O      5       6.000          6.101                        -0.101
    128       O      5       6.000          6.061                        -0.061
    129       O      5       6.000          6.022                        -0.022
    130       O      5       6.000          6.028                        -0.028
    131       O      5       6.000          6.044                        -0.044
    132       O      5       6.000          5.915                         0.085
    133       H      2       1.000          0.566                         0.434
    134       H      2       1.000          0.564                         0.436
    135       H      2       1.000          0.558                         0.442
    136       H      2       1.000          0.564                         0.436
    137       C      3       4.000          5.311                        -1.311
    138       C      3       4.000          4.802                        -0.802
    139       H      2       1.000          0.517                         0.483
    140       H      2       1.000          0.558                         0.442
    141       C      3       4.000          4.418                        -0.418
    142       C      3       4.000          4.747                        -0.747
    143       H      2       1.000          0.572                         0.428
    144       H      2       1.000          0.516                         0.484
    145       H      2       1.000          0.518                         0.482
    146       H      2       1.000          0.526                         0.474
    147       C      3       4.000          4.162                        -0.162
    148       N      4       5.000          5.124                        -0.124
    149       C      3       4.000          3.998                         0.002
    150       C      3       4.000          4.113                        -0.113
    151       H      2       1.000          0.491                         0.509
    152       N      4       5.000          5.162                        -0.162
    153       C      3       4.000          4.469                        -0.469
    154       H      2       1.000          0.520                         0.480
    155       H      2       1.000          0.494                         0.506
    156       H      2       1.000          0.501                         0.499
    157       H      2       1.000          0.490                         0.510
    158       O      5       6.000          6.394                        -0.394
    159       N      4       5.000          4.835                         0.165
    160       S      6       6.000          5.864                         0.136
    161       O      5       6.000          6.484                        -0.484
    162       F      7       7.000          7.206                        -0.206
    163       C      3       4.000          3.371                         0.629
    164       F      7       7.000          7.243                        -0.243
    165       F      7       7.000          7.204                        -0.204
    166       C      3       4.000          3.480                         0.520
    167       F      7       7.000          7.404                        -0.404
    168       F      7       7.000          7.320                        -0.320
    169       F      7       7.000          7.297                        -0.297
    170       O      5       6.000          6.460                        -0.460
    171       S      6       6.000          5.441                         0.559
    172       O      5       6.000          6.403                        -0.403

  Total Charge                                                            0.095
 !-----------------------------------------------------------------------------!

 ENERGY| Total FORCE_EVAL ( QS ) energy [hartree]          -1719.002263017398718

 *******************************************************************************
 **                 BAND EVALUATION OF ENERGIES AND FORCES                    **
 *******************************************************************************
 **                                                                           **
 **                                                                           **
 ** Replica Env Nr. :    2              Replica Band Nr. :   10               **
 ** Band  Step  Nr. :    8                                                    **
 *******************************************************************************

 Number of electrons:                                                        716
 Number of occupied orbitals:                                                398
 Number of molecular orbitals:                                               458

 Number of orbital functions:                                               1948
 Number of independent orbital functions:                                   1948

 Parameters for the always stable predictor-corrector (ASPC) method:

  ASPC order: 3

  B(1) =   3.000000
  B(2) =  -3.428571
  B(3) =   1.928571
  B(4) =  -0.571429
  B(5) =   0.071429

 *** WARNING in fm/cp_fm_elpa.F:521 :: Setting real_kernel for ELPA failed ***


 Extrapolation method: ASPC


 SCF WAVEFUNCTION OPTIMIZATION

  Step     Update method      Time    Convergence         Total energy    Change
  ------------------------------------------------------------------------------

 *** WARNING in fm/cp_fm_elpa.F:521 :: Setting real_kernel for ELPA failed ***

     1 Broy./Diag. 0.15E+00    8.7     0.23259820     -1718.9929074308 -1.72E+03

 *** WARNING in fm/cp_fm_elpa.F:521 :: Setting real_kernel for ELPA failed ***

     2 Broy./Diag. 0.15E+00   12.7     0.32019935     -1718.4572085886  5.36E-01

 *** WARNING in fm/cp_fm_elpa.F:521 :: Setting real_kernel for ELPA failed ***

     3 Broy./Diag. 0.15E+00   13.2     0.13068130     -1719.3020243262 -8.45E-01

 *** WARNING in fm/cp_fm_elpa.F:521 :: Setting real_kernel for ELPA failed ***

     4 Broy./Diag. 0.15E+00   13.5     0.03212553     -1718.8418715567  4.60E-01

 *** WARNING in fm/cp_fm_elpa.F:521 :: Setting real_kernel for ELPA failed ***

     5 Broy./Diag. 0.15E+00   13.6     0.02178731     -1718.9570525763 -1.15E-01

 *** WARNING in fm/cp_fm_elpa.F:521 :: Setting real_kernel for ELPA failed ***

     6 Broy./Diag. 0.15E+00   14.1     0.01419486     -1718.9803092142 -2.33E-02

 *** WARNING in fm/cp_fm_elpa.F:521 :: Setting real_kernel for ELPA failed ***

     7 Broy./Diag. 0.15E+00   14.0     0.00398335     -1718.9612084412  1.91E-02

 *** WARNING in fm/cp_fm_elpa.F:521 :: Setting real_kernel for ELPA failed ***

     8 Broy./Diag. 0.15E+00   13.8     0.00194746     -1718.9949365832 -3.37E-02

 *** WARNING in fm/cp_fm_elpa.F:521 :: Setting real_kernel for ELPA failed ***

     9 Broy./Diag. 0.15E+00   13.7     0.00194558     -1719.0019296559 -6.99E-03

 *** WARNING in fm/cp_fm_elpa.F:521 :: Setting real_kernel for ELPA failed ***

    10 Broy./Diag. 0.15E+00   13.8     0.00137589     -1719.0039123757 -1.98E-03

 *** WARNING in fm/cp_fm_elpa.F:521 :: Setting real_kernel for ELPA failed ***

    11 Broy./Diag. 0.15E+00   13.8     0.00106294     -1719.0091372114 -5.22E-03

 *** WARNING in fm/cp_fm_elpa.F:521 :: Setting real_kernel for ELPA failed ***

    12 Broy./Diag. 0.15E+00   13.9     0.00091793     -1719.0057628741  3.37E-03

 *** WARNING in fm/cp_fm_elpa.F:521 :: Setting real_kernel for ELPA failed ***

    13 Broy./Diag. 0.15E+00   14.0     0.00055559     -1719.0035208490  2.24E-03

 *** WARNING in fm/cp_fm_elpa.F:521 :: Setting real_kernel for ELPA failed ***

    14 Broy./Diag. 0.15E+00   14.0     0.00017019     -1719.0040222529 -5.01E-04

 *** WARNING in fm/cp_fm_elpa.F:521 :: Setting real_kernel for ELPA failed ***

    15 Broy./Diag. 0.15E+00   13.5     0.00011281     -1719.0015292180  2.49E-03

 *** WARNING in fm/cp_fm_elpa.F:521 :: Setting real_kernel for ELPA failed ***

    16 Broy./Diag. 0.15E+00   13.6     0.00021887     -1719.0008777748  6.51E-04

 *** WARNING in fm/cp_fm_elpa.F:521 :: Setting real_kernel for ELPA failed ***

    17 Broy./Diag. 0.15E+00   13.7     0.00019003     -1719.0010844577 -2.07E-04

 *** WARNING in fm/cp_fm_elpa.F:521 :: Setting real_kernel for ELPA failed ***

    18 Broy./Diag. 0.15E+00   13.9     0.00010963     -1719.0006742342  4.10E-04

 *** WARNING in fm/cp_fm_elpa.F:521 :: Setting real_kernel for ELPA failed ***

    19 Broy./Diag. 0.15E+00   13.3     0.00018848     -1719.0010981088 -4.24E-04

 *** WARNING in fm/cp_fm_elpa.F:521 :: Setting real_kernel for ELPA failed ***

    20 Broy./Diag. 0.15E+00   13.1     0.00009214     -1719.0019598441 -8.62E-04

 *** WARNING in fm/cp_fm_elpa.F:521 :: Setting real_kernel for ELPA failed ***

    21 Broy./Diag. 0.15E+00   13.0     0.00003525     -1719.0018584404  1.01E-04

  *** SCF run converged in    21 steps ***


  Electronic density on regular grids:       -715.9999999258        0.0000000742
  Core density on regular grids:              715.9999999655       -0.0000000345
  Total charge density on r-space grids:        0.0000000397
  Total charge density g-space grids:           0.0000000397

  Overlap energy of the core charge distribution:               0.00003395385773
  Self energy of the core charge distribution:              -4016.67387185402686
  Core Hamiltonian energy:                                   1148.91372502562831
  Hartree energy:                                            1522.54264391655761
  Exchange-correlation energy:                               -373.48888512319093
  Dispersion energy:                                           -0.27218356254216
  Electronic entropic energy:                                  -0.02332105621025
  Fermi energy:                                                -0.00891385418980

  Total energy:                                             -1719.00185844039538

 !-----------------------------------------------------------------------------!
                     Mulliken Population Analysis

 #  Atom  Element  Kind  Atomic population                           Net charge
       1     Ti       1         11.099237                              0.900763
       2     Ti       1         11.027598                              0.972402
       3     Ti       1         11.025164                              0.974836
       4     Ti       1         11.024409                              0.975591
       5     Ti       1         11.053690                              0.946310
       6     Ti       1         11.230613                              0.769387
       7     Ti       1         11.032601                              0.967399
       8     Ti       1         11.020235                              0.979765
       9     H        2          0.931560                              0.068440
      10     H        2          0.937333                              0.062667
      11     H        2          0.929403                              0.070597
      12     H        2          0.936501                              0.063499
      13     H        2          0.943424                              0.056576
      14     H        2          0.935004                              0.064996
      15     H        2          0.963523                              0.036477
      16     H        2          0.934575                              0.065425
      17     H        2          0.928149                              0.071851
      18     H        2          0.927803                              0.072197
      19     H        2          0.931614                              0.068386
      20     H        2          0.937235                              0.062765
      21     H        2          0.825401                              0.174599
      22     H        2          0.862077                              0.137923
      23     H        2          0.931571                              0.068429
      24     H        2          0.825678                              0.174322
      25     H        2          0.942684                              0.057316
      26     H        2          0.952443                              0.047557
      27     H        2          0.938021                              0.061979
      28     H        2          0.919135                              0.080865
      29     H        2          0.922610                              0.077390
      30     H        2          0.896219                              0.103781
      31     H        2          0.885707                              0.114293
      32     H        2          0.889379                              0.110621
      33     H        2          0.868291                              0.131709
      34     H        2          0.791440                              0.208560
      35     H        2          0.887007                              0.112993
      36     H        2          0.903964                              0.096036
      37     H        2          0.886026                              0.113974
      38     H        2          0.884895                              0.115105
      39     H        2          0.872268                              0.127732
      40     H        2          0.872356                              0.127644
      41     H        2          0.877664                              0.122336
      42     H        2          0.870243                              0.129757
      43     C        3          3.767466                              0.232534
      44     C        3          3.773607                              0.226393
      45     C        3          3.780903                              0.219097
      46     C        3          3.777098                              0.222902
      47     C        3          4.099651                             -0.099651
      48     C        3          4.096450                             -0.096450
      49     C        3          4.063722                             -0.063722
      50     C        3          4.041300                             -0.041300
      51     C        3          3.950521                              0.049479
      52     C        3          4.025623                             -0.025623
      53     C        3          3.977371                              0.022629
      54     C        3          4.060423                             -0.060423
      55     C        3          4.036962                             -0.036962
      56     C        3          4.014984                             -0.014984
      57     C        3          4.001964                             -0.001964
      58     C        3          4.038758                             -0.038758
      59     C        3          4.049901                             -0.049901
      60     C        3          4.023730                             -0.023730
      61     C        3          4.109864                             -0.109864
      62     C        3          4.095736                             -0.095736
      63     C        3          4.076608                             -0.076608
      64     C        3          4.106205                             -0.106205
      65     C        3          4.063436                             -0.063436
      66     C        3          3.869327                              0.130673
      67     C        3          3.778851                              0.221149
      68     C        3          3.801271                              0.198729
      69     C        3          3.788393                              0.211607
      70     C        3          3.780576                              0.219424
      71     C        3          3.788928                              0.211072
      72     C        3          3.803473                              0.196527
      73     C        3          3.836763                              0.163237
      74     C        3          3.795731                              0.204269
      75     C        3          3.974888                              0.025112
      76     C        3          4.043374                             -0.043374
      77     C        3          4.023724                             -0.023724
      78     C        3          4.051669                             -0.051669
      79     C        3          4.035648                             -0.035648
      80     C        3          3.991699                              0.008301
      81     C        3          3.999425                              0.000575
      82     C        3          4.053725                             -0.053725
      83     C        3          3.922047                              0.077953
      84     C        3          3.963703                              0.036297
      85     C        3          4.006563                             -0.006563
      86     C        3          4.038199                             -0.038199
      87     C        3          3.995737                              0.004263
      88     C        3          4.104353                             -0.104353
      89     C        3          4.004474                             -0.004474
      90     C        3          3.852081                              0.147919
      91     N        4          5.023323                             -0.023323
      92     N        4          5.301650                             -0.301650
      93     N        4          4.910361                              0.089639
      94     N        4          4.984467                              0.015533
      95     N        4          5.026108                             -0.026108
      96     N        4          5.057590                             -0.057590
      97     O        5          6.325707                             -0.325707
      98     O        5          6.265172                             -0.265172
      99     O        5          6.302441                             -0.302441
     100     O        5          6.291577                             -0.291577
     101     O        5          6.289897                             -0.289897
     102     O        5          6.284854                             -0.284854
     103     O        5          6.282207                             -0.282207
     104     O        5          6.256422                             -0.256422
     105     O        5          6.426722                             -0.426722
     106     O        5          6.452165                             -0.452165
     107     O        5          6.499465                             -0.499465
     108     O        5          6.453880                             -0.453880
     109     O        5          6.362175                             -0.362175
     110     O        5          6.453516                             -0.453516
     111     O        5          6.449898                             -0.449898
     112     O        5          6.462971                             -0.462971
     113     O        5          6.331325                             -0.331325
     114     O        5          6.298673                             -0.298673
     115     O        5          6.327790                             -0.327790
     116     O        5          6.298179                             -0.298179
     117     O        5          6.352911                             -0.352911
     118     O        5          6.279331                             -0.279331
     119     O        5          6.225778                             -0.225778
     120     O        5          6.203156                             -0.203156
     121     O        5          6.305726                             -0.305726
     122     O        5          6.283865                             -0.283865
     123     O        5          6.336399                             -0.336399
     124     O        5          6.288198                             -0.288198
     125     O        5          6.254578                             -0.254578
     126     O        5          6.413561                             -0.413561
     127     O        5          6.249096                             -0.249096
     128     O        5          6.276624                             -0.276624
     129     O        5          6.493013                             -0.493013
     130     O        5          6.424374                             -0.424374
     131     O        5          6.434970                             -0.434970
     132     O        5          6.399189                             -0.399189
     133     H        2          0.930706                              0.069294
     134     H        2          0.918432                              0.081568
     135     H        2          0.916750                              0.083250
     136     H        2          0.916117                              0.083883
     137     C        3          4.281391                             -0.281391
     138     C        3          4.181714                             -0.181714
     139     H        2          0.950394                              0.049606
     140     H        2          0.917650                              0.082350
     141     C        3          4.101371                             -0.101371
     142     C        3          4.126133                             -0.126133
     143     H        2          0.935230                              0.064770
     144     H        2          0.946939                              0.053061
     145     H        2          0.926821                              0.073179
     146     H        2          0.932976                              0.067024
     147     C        3          4.037088                             -0.037088
     148     N        4          4.816725                              0.183275
     149     C        3          3.928847                              0.071153
     150     C        3          3.984232                              0.015768
     151     H        2          0.963846                              0.036154
     152     N        4          4.852724                              0.147276
     153     C        3          4.149651                             -0.149651
     154     H        2          0.922624                              0.077376
     155     H        2          0.970327                              0.029673
     156     H        2          0.962164                              0.037836
     157     H        2          0.956223                              0.043777
     158     O        5          6.258085                             -0.258085
     159     N        4          5.263752                             -0.263752
     160     S        6          5.347173                              0.652827
     161     O        5          6.291875                             -0.291875
     162     F        7          7.026977                             -0.026977
     163     C        3          3.735824                              0.264176
     164     F        7          7.078999                             -0.078999
     165     F        7          6.991368                              0.008632
     166     C        3          3.851104                              0.148896
     167     F        7          7.292984                             -0.292984
     168     F        7          7.130702                             -0.130702
     169     F        7          7.018321                             -0.018321
     170     O        5          6.229494                             -0.229494
     171     S        6          5.439903                              0.560097
     172     O        5          6.285406                             -0.285406
 # Total charge                            716.000000                  0.000000

 !-----------------------------------------------------------------------------!

 !-----------------------------------------------------------------------------!
                           Hirshfeld Charges

  #Atom  Element  Kind  Ref Charge     Population                    Net charge
      1       Ti     1      12.000         13.607                        -1.607
      2       Ti     1      12.000         13.440                        -1.440
      3       Ti     1      12.000         13.520                        -1.520
      4       Ti     1      12.000         13.495                        -1.495
      5       Ti     1      12.000         13.435                        -1.435
      6       Ti     1      12.000         13.629                        -1.629
      7       Ti     1      12.000         13.503                        -1.503
      8       Ti     1      12.000         13.457                        -1.457
      9       H      2       1.000          0.546                         0.454
     10       H      2       1.000          0.544                         0.456
     11       H      2       1.000          0.539                         0.461
     12       H      2       1.000          0.549                         0.451
     13       H      2       1.000          0.536                         0.464
     14       H      2       1.000          0.516                         0.484
     15       H      2       1.000          0.562                         0.438
     16       H      2       1.000          0.540                         0.460
     17       H      2       1.000          0.533                         0.467
     18       H      2       1.000          0.543                         0.457
     19       H      2       1.000          0.543                         0.457
     20       H      2       1.000          0.542                         0.458
     21       H      2       1.000          0.414                         0.586
     22       H      2       1.000          0.427                         0.573
     23       H      2       1.000          0.430                         0.570
     24       H      2       1.000          0.417                         0.583
     25       H      2       1.000          0.554                         0.446
     26       H      2       1.000          0.558                         0.442
     27       H      2       1.000          0.537                         0.463
     28       H      2       1.000          0.533                         0.467
     29       H      2       1.000          0.530                         0.470
     30       H      2       1.000          0.526                         0.474
     31       H      2       1.000          0.480                         0.520
     32       H      2       1.000          0.461                         0.539
     33       H      2       1.000          0.452                         0.548
     34       H      2       1.000          0.638                         0.362
     35       H      2       1.000          0.480                         0.520
     36       H      2       1.000          0.462                         0.538
     37       H      2       1.000          0.475                         0.525
     38       H      2       1.000          0.464                         0.536
     39       H      2       1.000          0.472                         0.528
     40       H      2       1.000          0.453                         0.547
     41       H      2       1.000          0.476                         0.524
     42       H      2       1.000          0.450                         0.550
     43       C      3       4.000          3.462                         0.538
     44       C      3       4.000          3.440                         0.560
     45       C      3       4.000          3.478                         0.522
     46       C      3       4.000          3.464                         0.536
     47       C      3       4.000          4.014                        -0.014
     48       C      3       4.000          3.997                         0.003
     49       C      3       4.000          4.006                        -0.006
     50       C      3       4.000          3.990                         0.010
     51       C      3       4.000          3.918                         0.082
     52       C      3       4.000          4.434                        -0.434
     53       C      3       4.000          3.894                         0.106
     54       C      3       4.000          4.418                        -0.418
     55       C      3       4.000          4.443                        -0.443
     56       C      3       4.000          4.396                        -0.396
     57       C      3       4.000          4.401                        -0.401
     58       C      3       4.000          4.465                        -0.465
     59       C      3       4.000          4.020                        -0.020
     60       C      3       4.000          4.003                        -0.003
     61       C      3       4.000          4.001                        -0.001
     62       C      3       4.000          4.000                         0.000
     63       C      3       4.000          3.983                         0.017
     64       C      3       4.000          4.023                        -0.023
     65       C      3       4.000          3.988                         0.012
     66       C      3       4.000          3.950                         0.050
     67       C      3       4.000          3.477                         0.523
     68       C      3       4.000          3.521                         0.479
     69       C      3       4.000          3.472                         0.528
     70       C      3       4.000          3.455                         0.545
     71       C      3       4.000          3.486                         0.514
     72       C      3       4.000          3.448                         0.552
     73       C      3       4.000          3.417                         0.583
     74       C      3       4.000          3.543                         0.457
     75       C      3       4.000          3.857                         0.143
     76       C      3       4.000          4.438                        -0.438
     77       C      3       4.000          4.436                        -0.436
     78       C      3       4.000          4.476                        -0.476
     79       C      3       4.000          4.492                        -0.492
     80       C      3       4.000          4.378                        -0.378
     81       C      3       4.000          4.347                        -0.347
     82       C      3       4.000          4.255                        -0.255
     83       C      3       4.000          3.868                         0.132
     84       C      3       4.000          4.349                        -0.349
     85       C      3       4.000          4.372                        -0.372
     86       C      3       4.000          4.404                        -0.404
     87       C      3       4.000          3.960                         0.040
     88       C      3       4.000          4.443                        -0.443
     89       C      3       4.000          4.385                        -0.385
     90       C      3       4.000          3.872                         0.128
     91       N      4       5.000          5.893                        -0.893
     92       N      4       5.000          5.725                        -0.725
     93       N      4       5.000          5.822                        -0.822
     94       N      4       5.000          5.734                        -0.734
     95       N      4       5.000          5.829                        -0.829
     96       N      4       5.000          5.877                        -0.877
     97       O      5       6.000          6.166                        -0.166
     98       O      5       6.000          6.093                        -0.093
     99       O      5       6.000          6.179                        -0.179
    100       O      5       6.000          6.139                        -0.139
    101       O      5       6.000          6.114                        -0.114
    102       O      5       6.000          6.126                        -0.126
    103       O      5       6.000          6.107                        -0.107
    104       O      5       6.000          6.051                        -0.051
    105       O      5       6.000          5.644                         0.356
    106       O      5       6.000          5.771                         0.229
    107       O      5       6.000          5.761                         0.239
    108       O      5       6.000          5.711                         0.289
    109       O      5       6.000          5.613                         0.387
    110       O      5       6.000          5.699                         0.301
    111       O      5       6.000          5.827                         0.173
    112       O      5       6.000          5.699                         0.301
    113       O      5       6.000          6.118                        -0.118
    114       O      5       6.000          6.180                        -0.180
    115       O      5       6.000          6.198                        -0.198
    116       O      5       6.000          6.090                        -0.090
    117       O      5       6.000          6.112                        -0.112
    118       O      5       6.000          6.138                        -0.138
    119       O      5       6.000          6.199                        -0.199
    120       O      5       6.000          6.079                        -0.079
    121       O      5       6.000          6.066                        -0.066
    122       O      5       6.000          6.072                        -0.072
    123       O      5       6.000          6.181                        -0.181
    124       O      5       6.000          6.233                        -0.233
    125       O      5       6.000          5.980                         0.020
    126       O      5       6.000          6.233                        -0.233
    127       O      5       6.000          6.101                        -0.101
    128       O      5       6.000          6.061                        -0.061
    129       O      5       6.000          6.022                        -0.022
    130       O      5       6.000          6.028                        -0.028
    131       O      5       6.000          6.044                        -0.044
    132       O      5       6.000          5.915                         0.085
    133       H      2       1.000          0.566                         0.434
    134       H      2       1.000          0.564                         0.436
    135       H      2       1.000          0.558                         0.442
    136       H      2       1.000          0.564                         0.436
    137       C      3       4.000          5.311                        -1.311
    138       C      3       4.000          4.802                        -0.802
    139       H      2       1.000          0.517                         0.483
    140       H      2       1.000          0.558                         0.442
    141       C      3       4.000          4.418                        -0.418
    142       C      3       4.000          4.747                        -0.747
    143       H      2       1.000          0.572                         0.428
    144       H      2       1.000          0.516                         0.484
    145       H      2       1.000          0.518                         0.482
    146       H      2       1.000          0.526                         0.474
    147       C      3       4.000          4.162                        -0.162
    148       N      4       5.000          5.125                        -0.125
    149       C      3       4.000          3.998                         0.002
    150       C      3       4.000          4.114                        -0.114
    151       H      2       1.000          0.491                         0.509
    152       N      4       5.000          5.162                        -0.162
    153       C      3       4.000          4.469                        -0.469
    154       H      2       1.000          0.520                         0.480
    155       H      2       1.000          0.494                         0.506
    156       H      2       1.000          0.501                         0.499
    157       H      2       1.000          0.490                         0.510
    158       O      5       6.000          6.394                        -0.394
    159       N      4       5.000          4.835                         0.165
    160       S      6       6.000          5.864                         0.136
    161       O      5       6.000          6.484                        -0.484
    162       F      7       7.000          7.206                        -0.206
    163       C      3       4.000          3.371                         0.629
    164       F      7       7.000          7.243                        -0.243
    165       F      7       7.000          7.204                        -0.204
    166       C      3       4.000          3.480                         0.520
    167       F      7       7.000          7.404                        -0.404
    168       F      7       7.000          7.320                        -0.320
    169       F      7       7.000          7.297                        -0.297
    170       O      5       6.000          6.460                        -0.460
    171       S      6       6.000          5.441                         0.559
    172       O      5       6.000          6.403                        -0.403

  Total Charge                                                            0.095
 !-----------------------------------------------------------------------------!

 ENERGY| Total FORCE_EVAL ( QS ) energy [hartree]          -1719.002263018915073
 *******************************************************************************
 RMS DISPLACEMENT =   0.03113     [ 0.00010]                               ( NO)
 MAX DISPLACEMENT =   0.20848     [ 0.00020]                               ( NO)
 RMS FORCE        =   0.03545     [ 0.00030]                               ( NO)
 MAX FORCE        =   0.25101     [ 0.00045]                               ( NO)
 *******************************************************************************

 *******************************************************************************
 **                 BAND EVALUATION OF ENERGIES AND FORCES                    **
 *******************************************************************************
 **                                                                           **
 **                                                                           **
 ** Replica Env Nr. :    2              Replica Band Nr. :   10               **
 ** Band  Step  Nr. :    9                                                    **
 *******************************************************************************

 Number of electrons:                                                        716
 Number of occupied orbitals:                                                398
 Number of molecular orbitals:                                               458

 Number of orbital functions:                                               1948
 Number of independent orbital functions:                                   1948

 Parameters for the always stable predictor-corrector (ASPC) method:

  ASPC order: 3

  B(1) =   3.000000
  B(2) =  -3.428571
  B(3) =   1.928571
  B(4) =  -0.571429
  B(5) =   0.071429

 *** WARNING in fm/cp_fm_elpa.F:521 :: Setting real_kernel for ELPA failed ***


 Extrapolation method: ASPC


 SCF WAVEFUNCTION OPTIMIZATION

  Step     Update method      Time    Convergence         Total energy    Change
  ------------------------------------------------------------------------------

 *** WARNING in fm/cp_fm_elpa.F:521 :: Setting real_kernel for ELPA failed ***

     1 Broy./Diag. 0.15E+00    8.4     0.39406152     -1719.1314108803 -1.72E+03

 *** WARNING in fm/cp_fm_elpa.F:521 :: Setting real_kernel for ELPA failed ***

     2 Broy./Diag. 0.15E+00   12.5     0.23968852     -1717.9771309881  1.15E+00

 *** WARNING in fm/cp_fm_elpa.F:521 :: Setting real_kernel for ELPA failed ***

     3 Broy./Diag. 0.15E+00   12.8     0.18518462     -1719.3703613965 -1.39E+00

 *** WARNING in fm/cp_fm_elpa.F:521 :: Setting real_kernel for ELPA failed ***

     4 Broy./Diag. 0.15E+00   12.9     0.15330521     -1719.1142268555  2.56E-01

 *** WARNING in fm/cp_fm_elpa.F:521 :: Setting real_kernel for ELPA failed ***

     5 Broy./Diag. 0.15E+00   13.2     0.11739476     -1719.3847704619 -2.71E-01

 *** WARNING in fm/cp_fm_elpa.F:521 :: Setting real_kernel for ELPA failed ***

     6 Broy./Diag. 0.15E+00   13.9     0.12446460     -1719.1108446365  2.74E-01

 *** WARNING in fm/cp_fm_elpa.F:521 :: Setting real_kernel for ELPA failed ***

     7 Broy./Diag. 0.15E+00   13.5     0.07134147     -1719.3035760713 -1.93E-01

 *** WARNING in fm/cp_fm_elpa.F:521 :: Setting real_kernel for ELPA failed ***

     8 Broy./Diag. 0.15E+00   13.5     0.01298048     -1719.1978593487  1.06E-01

 *** WARNING in fm/cp_fm_elpa.F:521 :: Setting real_kernel for ELPA failed ***

     9 Broy./Diag. 0.15E+00   13.6     0.00478995     -1719.2578894100 -6.00E-02

 *** WARNING in fm/cp_fm_elpa.F:521 :: Setting real_kernel for ELPA failed ***

    10 Broy./Diag. 0.15E+00   13.8     0.00527776     -1719.2498769459  8.01E-03

 *** WARNING in fm/cp_fm_elpa.F:521 :: Setting real_kernel for ELPA failed ***

    11 Broy./Diag. 0.15E+00   13.8     0.00362528     -1719.2723116266 -2.24E-02

 *** WARNING in fm/cp_fm_elpa.F:521 :: Setting real_kernel for ELPA failed ***

    12 Broy./Diag. 0.15E+00   14.0     0.00178779     -1719.2639500794  8.36E-03

 *** WARNING in fm/cp_fm_elpa.F:521 :: Setting real_kernel for ELPA failed ***

    13 Broy./Diag. 0.15E+00   14.0     0.00184911     -1719.2658393408 -1.89E-03

 *** WARNING in fm/cp_fm_elpa.F:521 :: Setting real_kernel for ELPA failed ***

    14 Broy./Diag. 0.15E+00   14.3     0.00142617     -1719.2603321337  5.51E-03

 *** WARNING in fm/cp_fm_elpa.F:521 :: Setting real_kernel for ELPA failed ***

    15 Broy./Diag. 0.15E+00   13.7     0.00065213     -1719.2614364512 -1.10E-03

 *** WARNING in fm/cp_fm_elpa.F:521 :: Setting real_kernel for ELPA failed ***

    16 Broy./Diag. 0.15E+00   13.5     0.00082221     -1719.2559211883  5.52E-03

 *** WARNING in fm/cp_fm_elpa.F:521 :: Setting real_kernel for ELPA failed ***

    17 Broy./Diag. 0.15E+00   13.4     0.00122713     -1719.2569735087 -1.05E-03

 *** WARNING in fm/cp_fm_elpa.F:521 :: Setting real_kernel for ELPA failed ***

    18 Broy./Diag. 0.15E+00   13.4     0.00055759     -1719.2542339686  2.74E-03

 *** WARNING in fm/cp_fm_elpa.F:521 :: Setting real_kernel for ELPA failed ***

    19 Broy./Diag. 0.15E+00   13.4     0.00045326     -1719.2561433296 -1.91E-03

 *** WARNING in fm/cp_fm_elpa.F:521 :: Setting real_kernel for ELPA failed ***

    20 Broy./Diag. 0.15E+00   13.2     0.00037641     -1719.2565122033 -3.69E-04

 *** WARNING in fm/cp_fm_elpa.F:521 :: Setting real_kernel for ELPA failed ***

    21 Broy./Diag. 0.15E+00   13.0     0.00029745     -1719.2583423701 -1.83E-03

 *** WARNING in fm/cp_fm_elpa.F:521 :: Setting real_kernel for ELPA failed ***

    22 Broy./Diag. 0.15E+00   13.3     0.00021330     -1719.2579049755  4.37E-04

 *** WARNING in fm/cp_fm_elpa.F:521 :: Setting real_kernel for ELPA failed ***

    23 Broy./Diag. 0.15E+00   13.4     0.00028380     -1719.2590890251 -1.18E-03

 *** WARNING in fm/cp_fm_elpa.F:521 :: Setting real_kernel for ELPA failed ***

    24 Broy./Diag. 0.15E+00   13.8     0.00019902     -1719.2585966351  4.92E-04

 *** WARNING in fm/cp_fm_elpa.F:521 :: Setting real_kernel for ELPA failed ***

    25 Broy./Diag. 0.15E+00   13.7     0.00013638     -1719.2591182991 -5.22E-04

 *** WARNING in fm/cp_fm_elpa.F:521 :: Setting real_kernel for ELPA failed ***

    26 Broy./Diag. 0.15E+00   13.8     0.00008330     -1719.2588922212  2.26E-04

 *** WARNING in fm/cp_fm_elpa.F:521 :: Setting real_kernel for ELPA failed ***

    27 Broy./Diag. 0.15E+00   14.2     0.00009220     -1719.2588753169  1.69E-05

 *** WARNING in fm/cp_fm_elpa.F:521 :: Setting real_kernel for ELPA failed ***

    28 Broy./Diag. 0.15E+00   14.0     0.00008854     -1719.2585200920  3.55E-04

 *** WARNING in fm/cp_fm_elpa.F:521 :: Setting real_kernel for ELPA failed ***

    29 Broy./Diag. 0.15E+00   14.1     0.00008512     -1719.2586610753 -1.41E-04

 *** WARNING in fm/cp_fm_elpa.F:521 :: Setting real_kernel for ELPA failed ***

    30 Broy./Diag. 0.15E+00   13.7     0.00006440     -1719.2584312885  2.30E-04

 *** WARNING in fm/cp_fm_elpa.F:521 :: Setting real_kernel for ELPA failed ***

    31 Broy./Diag. 0.15E+00   13.9     0.00003686     -1719.2585738491 -1.43E-04

  *** SCF run converged in    31 steps ***


  Electronic density on regular grids:       -715.9999999260        0.0000000740
  Core density on regular grids:              715.9999999656       -0.0000000344
  Total charge density on r-space grids:        0.0000000395
  Total charge density g-space grids:           0.0000000395

  Overlap energy of the core charge distribution:               0.00003033473309
  Self energy of the core charge distribution:              -4016.67387185402686
  Core Hamiltonian energy:                                   1147.78772818532502
  Hartree energy:                                            1523.18688274807596
  Exchange-correlation energy:                               -373.26368084536153
  Dispersion energy:                                           -0.27342108525452
  Electronic entropic energy:                                  -0.02224136124008
  Fermi energy:                                                -0.01093398949355

  Total energy:                                             -1719.25857384907135

 !-----------------------------------------------------------------------------!
                     Mulliken Population Analysis

 #  Atom  Element  Kind  Atomic population                           Net charge
       1     Ti       1         11.086486                              0.913514
       2     Ti       1         11.016050                              0.983950
       3     Ti       1         11.028431                              0.971569
       4     Ti       1         11.021883                              0.978117
       5     Ti       1         11.056043                              0.943957
       6     Ti       1         11.212047                              0.787953
       7     Ti       1         11.031456                              0.968544
       8     Ti       1         11.018411                              0.981589
       9     H        2          0.931015                              0.068985
      10     H        2          0.937351                              0.062649
      11     H        2          0.930207                              0.069793
      12     H        2          0.934881                              0.065119
      13     H        2          0.943052                              0.056948
      14     H        2          0.928938                              0.071062
      15     H        2          0.962909                              0.037091
      16     H        2          0.931135                              0.068865
      17     H        2          0.928598                              0.071402
      18     H        2          0.927567                              0.072433
      19     H        2          0.931380                              0.068620
      20     H        2          0.935258                              0.064742
      21     H        2          0.821956                              0.178044
      22     H        2          0.859931                              0.140069
      23     H        2          0.930016                              0.069984
      24     H        2          0.825462                              0.174538
      25     H        2          0.941470                              0.058530
      26     H        2          0.951205                              0.048795
      27     H        2          0.937814                              0.062186
      28     H        2          0.917334                              0.082666
      29     H        2          0.920889                              0.079111
      30     H        2          0.890143                              0.109857
      31     H        2          0.885354                              0.114646
      32     H        2          0.889143                              0.110857
      33     H        2          0.869334                              0.130666
      34     H        2          0.793849                              0.206151
      35     H        2          0.884332                              0.115668
      36     H        2          0.900762                              0.099238
      37     H        2          0.886424                              0.113576
      38     H        2          0.883846                              0.116154
      39     H        2          0.871427                              0.128573
      40     H        2          0.870929                              0.129071
      41     H        2          0.876691                              0.123309
      42     H        2          0.868368                              0.131632
      43     C        3          3.766414                              0.233586
      44     C        3          3.772200                              0.227800
      45     C        3          3.781382                              0.218618
      46     C        3          3.776898                              0.223102
      47     C        3          4.098197                             -0.098197
      48     C        3          4.096425                             -0.096425
      49     C        3          4.062633                             -0.062633
      50     C        3          4.038969                             -0.038969
      51     C        3          3.950147                              0.049853
      52     C        3          4.025551                             -0.025551
      53     C        3          3.975960                              0.024040
      54     C        3          4.063520                             -0.063520
      55     C        3          4.036997                             -0.036997
      56     C        3          4.015513                             -0.015513
      57     C        3          4.000920                             -0.000920
      58     C        3          4.040992                             -0.040992
      59     C        3          4.049519                             -0.049519
      60     C        3          4.023167                             -0.023167
      61     C        3          4.111094                             -0.111094
      62     C        3          4.095740                             -0.095740
      63     C        3          4.075451                             -0.075451
      64     C        3          4.109510                             -0.109510
      65     C        3          4.065154                             -0.065154
      66     C        3          3.884349                              0.115651
      67     C        3          3.778332                              0.221668
      68     C        3          3.801328                              0.198672
      69     C        3          3.786526                              0.213474
      70     C        3          3.780166                              0.219834
      71     C        3          3.788964                              0.211036
      72     C        3          3.795727                              0.204273
      73     C        3          3.842133                              0.157867
      74     C        3          3.800694                              0.199306
      75     C        3          3.974485                              0.025515
      76     C        3          4.043561                             -0.043561
      77     C        3          4.026173                             -0.026173
      78     C        3          4.051833                             -0.051833
      79     C        3          4.037977                             -0.037977
      80     C        3          3.987883                              0.012117
      81     C        3          3.989614                              0.010386
      82     C        3          4.057856                             -0.057856
      83     C        3          3.919388                              0.080612
      84     C        3          3.959731                              0.040269
      85     C        3          4.006405                             -0.006405
      86     C        3          4.038096                             -0.038096
      87     C        3          3.991228                              0.008772
      88     C        3          4.107776                             -0.107776
      89     C        3          4.002898                             -0.002898
      90     C        3          3.846287                              0.153713
      91     N        4          5.023760                             -0.023760
      92     N        4          5.297200                             -0.297200
      93     N        4          4.904519                              0.095481
      94     N        4          4.982564                              0.017436
      95     N        4          5.026758                             -0.026758
      96     N        4          5.067332                             -0.067332
      97     O        5          6.326336                             -0.326336
      98     O        5          6.260758                             -0.260758
      99     O        5          6.298409                             -0.298409
     100     O        5          6.291036                             -0.291036
     101     O        5          6.289586                             -0.289586
     102     O        5          6.285371                             -0.285371
     103     O        5          6.281643                             -0.281643
     104     O        5          6.257550                             -0.257550
     105     O        5          6.426223                             -0.426223
     106     O        5          6.445228                             -0.445228
     107     O        5          6.496463                             -0.496463
     108     O        5          6.454166                             -0.454166
     109     O        5          6.365977                             -0.365977
     110     O        5          6.453358                             -0.453358
     111     O        5          6.448367                             -0.448367
     112     O        5          6.460459                             -0.460459
     113     O        5          6.330731                             -0.330731
     114     O        5          6.301310                             -0.301310
     115     O        5          6.325849                             -0.325849
     116     O        5          6.296592                             -0.296592
     117     O        5          6.336953                             -0.336953
     118     O        5          6.281941                             -0.281941
     119     O        5          6.247611                             -0.247611
     120     O        5          6.207632                             -0.207632
     121     O        5          6.304247                             -0.304247
     122     O        5          6.277472                             -0.277472
     123     O        5          6.336092                             -0.336092
     124     O        5          6.286562                             -0.286562
     125     O        5          6.275110                             -0.275110
     126     O        5          6.389457                             -0.389457
     127     O        5          6.252428                             -0.252428
     128     O        5          6.278429                             -0.278429
     129     O        5          6.490539                             -0.490539
     130     O        5          6.426707                             -0.426707
     131     O        5          6.435105                             -0.435105
     132     O        5          6.417310                             -0.417310
     133     H        2          0.931146                              0.068854
     134     H        2          0.919788                              0.080212
     135     H        2          0.915877                              0.084123
     136     H        2          0.916319                              0.083681
     137     C        3          4.283089                             -0.283089
     138     C        3          4.180743                             -0.180743
     139     H        2          0.953141                              0.046859
     140     H        2          0.917626                              0.082374
     141     C        3          4.101205                             -0.101205
     142     C        3          4.125253                             -0.125253
     143     H        2          0.935792                              0.064208
     144     H        2          0.949531                              0.050469
     145     H        2          0.926263                              0.073737
     146     H        2          0.935098                              0.064902
     147     C        3          4.035948                             -0.035948
     148     N        4          4.811599                              0.188401
     149     C        3          3.927784                              0.072216
     150     C        3          3.984176                              0.015824
     151     H        2          0.963602                              0.036398
     152     N        4          4.851561                              0.148439
     153     C        3          4.153695                             -0.153695
     154     H        2          0.922039                              0.077961
     155     H        2          0.970367                              0.029633
     156     H        2          0.963293                              0.036707
     157     H        2          0.945237                              0.054763
     158     O        5          6.271288                             -0.271288
     159     N        4          5.268986                             -0.268986
     160     S        6          5.323533                              0.676467
     161     O        5          6.316835                             -0.316835
     162     F        7          7.045930                             -0.045930
     163     C        3          3.736895                              0.263105
     164     F        7          7.089544                             -0.089544
     165     F        7          6.991674                              0.008326
     166     C        3          3.835350                              0.164650
     167     F        7          7.276015                             -0.276015
     168     F        7          7.185385                             -0.185385
     169     F        7          7.061284                             -0.061284
     170     O        5          6.246952                             -0.246952
     171     S        6          5.394510                              0.605490
     172     O        5          6.292972                             -0.292972
 # Total charge                            716.000000                  0.000000

 !-----------------------------------------------------------------------------!

 !-----------------------------------------------------------------------------!
                           Hirshfeld Charges

  #Atom  Element  Kind  Ref Charge     Population                    Net charge
      1       Ti     1      12.000         13.590                        -1.590
      2       Ti     1      12.000         13.431                        -1.431
      3       Ti     1      12.000         13.528                        -1.528
      4       Ti     1      12.000         13.496                        -1.496
      5       Ti     1      12.000         13.440                        -1.440
      6       Ti     1      12.000         13.616                        -1.616
      7       Ti     1      12.000         13.506                        -1.506
      8       Ti     1      12.000         13.457                        -1.457
      9       H      2       1.000          0.546                         0.454
     10       H      2       1.000          0.545                         0.455
     11       H      2       1.000          0.539                         0.461
     12       H      2       1.000          0.548                         0.452
     13       H      2       1.000          0.537                         0.463
     14       H      2       1.000          0.520                         0.480
     15       H      2       1.000          0.562                         0.438
     16       H      2       1.000          0.539                         0.461
     17       H      2       1.000          0.535                         0.465
     18       H      2       1.000          0.543                         0.457
     19       H      2       1.000          0.543                         0.457
     20       H      2       1.000          0.541                         0.459
     21       H      2       1.000          0.413                         0.587
     22       H      2       1.000          0.426                         0.574
     23       H      2       1.000          0.430                         0.570
     24       H      2       1.000          0.417                         0.583
     25       H      2       1.000          0.554                         0.446
     26       H      2       1.000          0.558                         0.442
     27       H      2       1.000          0.537                         0.463
     28       H      2       1.000          0.532                         0.468
     29       H      2       1.000          0.529                         0.471
     30       H      2       1.000          0.524                         0.476
     31       H      2       1.000          0.480                         0.520
     32       H      2       1.000          0.460                         0.540
     33       H      2       1.000          0.453                         0.547
     34       H      2       1.000          0.640                         0.360
     35       H      2       1.000          0.477                         0.523
     36       H      2       1.000          0.462                         0.538
     37       H      2       1.000          0.474                         0.526
     38       H      2       1.000          0.463                         0.537
     39       H      2       1.000          0.472                         0.528
     40       H      2       1.000          0.452                         0.548
     41       H      2       1.000          0.476                         0.524
     42       H      2       1.000          0.450                         0.550
     43       C      3       4.000          3.462                         0.538
     44       C      3       4.000          3.439                         0.561
     45       C      3       4.000          3.478                         0.522
     46       C      3       4.000          3.463                         0.537
     47       C      3       4.000          4.015                        -0.015
     48       C      3       4.000          3.999                         0.001
     49       C      3       4.000          4.008                        -0.008
     50       C      3       4.000          3.992                         0.008
     51       C      3       4.000          3.918                         0.082
     52       C      3       4.000          4.432                        -0.432
     53       C      3       4.000          3.889                         0.111
     54       C      3       4.000          4.413                        -0.413
     55       C      3       4.000          4.441                        -0.441
     56       C      3       4.000          4.394                        -0.394
     57       C      3       4.000          4.398                        -0.398
     58       C      3       4.000          4.465                        -0.465
     59       C      3       4.000          4.020                        -0.020
     60       C      3       4.000          4.003                        -0.003
     61       C      3       4.000          3.998                         0.002
     62       C      3       4.000          4.000                        -0.000
     63       C      3       4.000          3.985                         0.015
     64       C      3       4.000          4.019                        -0.019
     65       C      3       4.000          4.001                        -0.001
     66       C      3       4.000          3.966                         0.034
     67       C      3       4.000          3.477                         0.523
     68       C      3       4.000          3.522                         0.478
     69       C      3       4.000          3.468                         0.532
     70       C      3       4.000          3.454                         0.546
     71       C      3       4.000          3.478                         0.522
     72       C      3       4.000          3.450                         0.550
     73       C      3       4.000          3.424                         0.576
     74       C      3       4.000          3.521                         0.479
     75       C      3       4.000          3.857                         0.143
     76       C      3       4.000          4.439                        -0.439
     77       C      3       4.000          4.443                        -0.443
     78       C      3       4.000          4.478                        -0.478
     79       C      3       4.000          4.493                        -0.493
     80       C      3       4.000          4.376                        -0.376
     81       C      3       4.000          4.339                        -0.339
     82       C      3       4.000          4.259                        -0.259
     83       C      3       4.000          3.865                         0.135
     84       C      3       4.000          4.342                        -0.342
     85       C      3       4.000          4.372                        -0.372
     86       C      3       4.000          4.403                        -0.403
     87       C      3       4.000          3.946                         0.054
     88       C      3       4.000          4.439                        -0.439
     89       C      3       4.000          4.381                        -0.381
     90       C      3       4.000          3.869                         0.131
     91       N      4       5.000          5.893                        -0.893
     92       N      4       5.000          5.716                        -0.716
     93       N      4       5.000          5.816                        -0.816
     94       N      4       5.000          5.727                        -0.727
     95       N      4       5.000          5.827                        -0.827
     96       N      4       5.000          5.885                        -0.885
     97       O      5       6.000          6.167                        -0.167
     98       O      5       6.000          6.091                        -0.091
     99       O      5       6.000          6.178                        -0.178
    100       O      5       6.000          6.138                        -0.138
    101       O      5       6.000          6.112                        -0.112
    102       O      5       6.000          6.126                        -0.126
    103       O      5       6.000          6.110                        -0.110
    104       O      5       6.000          6.045                        -0.045
    105       O      5       6.000          5.642                         0.358
    106       O      5       6.000          5.769                         0.231
    107       O      5       6.000          5.761                         0.239
    108       O      5       6.000          5.710                         0.290
    109       O      5       6.000          5.615                         0.385
    110       O      5       6.000          5.700                         0.300
    111       O      5       6.000          5.827                         0.173
    112       O      5       6.000          5.699                         0.301
    113       O      5       6.000          6.117                        -0.117
    114       O      5       6.000          6.186                        -0.186
    115       O      5       6.000          6.195                        -0.195
    116       O      5       6.000          6.083                        -0.083
    117       O      5       6.000          6.104                        -0.104
    118       O      5       6.000          6.143                        -0.143
    119       O      5       6.000          6.196                        -0.196
    120       O      5       6.000          6.083                        -0.083
    121       O      5       6.000          6.066                        -0.066
    122       O      5       6.000          6.063                        -0.063
    123       O      5       6.000          6.180                        -0.180
    124       O      5       6.000          6.237                        -0.237
    125       O      5       6.000          6.003                        -0.003
    126       O      5       6.000          6.246                        -0.246
    127       O      5       6.000          6.096                        -0.096
    128       O      5       6.000          6.052                        -0.052
    129       O      5       6.000          6.024                        -0.024
    130       O      5       6.000          6.025                        -0.025
    131       O      5       6.000          6.043                        -0.043
    132       O      5       6.000          5.932                         0.068
    133       H      2       1.000          0.566                         0.434
    134       H      2       1.000          0.564                         0.436
    135       H      2       1.000          0.557                         0.443
    136       H      2       1.000          0.564                         0.436
    137       C      3       4.000          5.310                        -1.310
    138       C      3       4.000          4.797                        -0.797
    139       H      2       1.000          0.519                         0.481
    140       H      2       1.000          0.558                         0.442
    141       C      3       4.000          4.418                        -0.418
    142       C      3       4.000          4.743                        -0.743
    143       H      2       1.000          0.573                         0.427
    144       H      2       1.000          0.515                         0.485
    145       H      2       1.000          0.518                         0.482
    146       H      2       1.000          0.522                         0.478
    147       C      3       4.000          4.159                        -0.159
    148       N      4       5.000          5.124                        -0.124
    149       C      3       4.000          3.994                         0.006
    150       C      3       4.000          4.102                        -0.102
    151       H      2       1.000          0.492                         0.508
    152       N      4       5.000          5.165                        -0.165
    153       C      3       4.000          4.480                        -0.480
    154       H      2       1.000          0.521                         0.479
    155       H      2       1.000          0.498                         0.502
    156       H      2       1.000          0.501                         0.499
    157       H      2       1.000          0.489                         0.511
    158       O      5       6.000          6.396                        -0.396
    159       N      4       5.000          4.829                         0.171
    160       S      6       6.000          5.849                         0.151
    161       O      5       6.000          6.498                        -0.498
    162       F      7       7.000          7.216                        -0.216
    163       C      3       4.000          3.376                         0.624
    164       F      7       7.000          7.255                        -0.255
    165       F      7       7.000          7.201                        -0.201
    166       C      3       4.000          3.473                         0.527
    167       F      7       7.000          7.393                        -0.393
    168       F      7       7.000          7.348                        -0.348
    169       F      7       7.000          7.316                        -0.316
    170       O      5       6.000          6.462                        -0.462
    171       S      6       6.000          5.467                         0.533
    172       O      5       6.000          6.416                        -0.416

  Total Charge                                                            0.095
 !-----------------------------------------------------------------------------!

 ENERGY| Total FORCE_EVAL ( QS ) energy [hartree]          -1719.258529623946743

 *******************************************************************************
 **                 BAND EVALUATION OF ENERGIES AND FORCES                    **
 *******************************************************************************
 **                                                                           **
 **                                                                           **
 ** Replica Env Nr. :    2              Replica Band Nr. :   10               **
 ** Band  Step  Nr. :    9                                                    **
 *******************************************************************************

 Number of electrons:                                                        716
 Number of occupied orbitals:                                                398
 Number of molecular orbitals:                                               458

 Number of orbital functions:                                               1948
 Number of independent orbital functions:                                   1948

 Parameters for the always stable predictor-corrector (ASPC) method:

  ASPC order: 3

  B(1) =   3.000000
  B(2) =  -3.428571
  B(3) =   1.928571
  B(4) =  -0.571429
  B(5) =   0.071429

 *** WARNING in fm/cp_fm_elpa.F:521 :: Setting real_kernel for ELPA failed ***


 Extrapolation method: ASPC


 SCF WAVEFUNCTION OPTIMIZATION

  Step     Update method      Time    Convergence         Total energy    Change
  ------------------------------------------------------------------------------

 *** WARNING in fm/cp_fm_elpa.F:521 :: Setting real_kernel for ELPA failed ***

     1 Broy./Diag. 0.15E+00    8.4     0.20543976     -1719.2503953810 -1.72E+03

 *** WARNING in fm/cp_fm_elpa.F:521 :: Setting real_kernel for ELPA failed ***

     2 Broy./Diag. 0.15E+00   12.1     0.26246649     -1718.8475319077  4.03E-01

 *** WARNING in fm/cp_fm_elpa.F:521 :: Setting real_kernel for ELPA failed ***

     3 Broy./Diag. 0.15E+00   13.0     0.09384471     -1719.5471301278 -7.00E-01

 *** WARNING in fm/cp_fm_elpa.F:521 :: Setting real_kernel for ELPA failed ***

     4 Broy./Diag. 0.15E+00   13.4     0.02524893     -1719.1774388184  3.70E-01

 *** WARNING in fm/cp_fm_elpa.F:521 :: Setting real_kernel for ELPA failed ***

     5 Broy./Diag. 0.15E+00   13.6     0.01666723     -1719.2534475574 -7.60E-02

 *** WARNING in fm/cp_fm_elpa.F:521 :: Setting real_kernel for ELPA failed ***

     6 Broy./Diag. 0.15E+00   13.9     0.01394953     -1719.2564931985 -3.05E-03

 *** WARNING in fm/cp_fm_elpa.F:521 :: Setting real_kernel for ELPA failed ***

     7 Broy./Diag. 0.15E+00   13.7     0.00572045     -1719.2282904323  2.82E-02

 *** WARNING in fm/cp_fm_elpa.F:521 :: Setting real_kernel for ELPA failed ***

     8 Broy./Diag. 0.15E+00   13.5     0.00403762     -1719.2511335614 -2.28E-02

 *** WARNING in fm/cp_fm_elpa.F:521 :: Setting real_kernel for ELPA failed ***

     9 Broy./Diag. 0.15E+00   13.5     0.00412813     -1719.2582036865 -7.07E-03

 *** WARNING in fm/cp_fm_elpa.F:521 :: Setting real_kernel for ELPA failed ***

    10 Broy./Diag. 0.15E+00   13.6     0.00230133     -1719.2552034578  3.00E-03

 *** WARNING in fm/cp_fm_elpa.F:521 :: Setting real_kernel for ELPA failed ***

    11 Broy./Diag. 0.15E+00   13.4     0.00097927     -1719.2623614887 -7.16E-03

 *** WARNING in fm/cp_fm_elpa.F:521 :: Setting real_kernel for ELPA failed ***

    12 Broy./Diag. 0.15E+00   13.5     0.00053358     -1719.2604685685  1.89E-03

 *** WARNING in fm/cp_fm_elpa.F:521 :: Setting real_kernel for ELPA failed ***

    13 Broy./Diag. 0.15E+00   13.7     0.00047198     -1719.2594096677  1.06E-03

 *** WARNING in fm/cp_fm_elpa.F:521 :: Setting real_kernel for ELPA failed ***

    14 Broy./Diag. 0.15E+00   14.0     0.00032433     -1719.2604990336 -1.09E-03

 *** WARNING in fm/cp_fm_elpa.F:521 :: Setting real_kernel for ELPA failed ***

    15 Broy./Diag. 0.15E+00   13.4     0.00039665     -1719.2589790305  1.52E-03

 *** WARNING in fm/cp_fm_elpa.F:521 :: Setting real_kernel for ELPA failed ***

    16 Broy./Diag. 0.15E+00   13.3     0.00034548     -1719.2580954164  8.84E-04

 *** WARNING in fm/cp_fm_elpa.F:521 :: Setting real_kernel for ELPA failed ***

    17 Broy./Diag. 0.15E+00   13.3     0.00018077     -1719.2584673937 -3.72E-04

 *** WARNING in fm/cp_fm_elpa.F:521 :: Setting real_kernel for ELPA failed ***

    18 Broy./Diag. 0.15E+00   13.2     0.00012173     -1719.2577830351  6.84E-04

 *** WARNING in fm/cp_fm_elpa.F:521 :: Setting real_kernel for ELPA failed ***

    19 Broy./Diag. 0.15E+00   13.1     0.00017892     -1719.2577241345  5.89E-05

 *** WARNING in fm/cp_fm_elpa.F:521 :: Setting real_kernel for ELPA failed ***

    20 Broy./Diag. 0.15E+00   13.1     0.00013596     -1719.2582537545 -5.30E-04

 *** WARNING in fm/cp_fm_elpa.F:521 :: Setting real_kernel for ELPA failed ***

    21 Broy./Diag. 0.15E+00   13.3     0.00013396     -1719.2580588471  1.95E-04

 *** WARNING in fm/cp_fm_elpa.F:521 :: Setting real_kernel for ELPA failed ***

    22 Broy./Diag. 0.15E+00   13.3     0.00012912     -1719.2582151523 -1.56E-04

 *** WARNING in fm/cp_fm_elpa.F:521 :: Setting real_kernel for ELPA failed ***

    23 Broy./Diag. 0.15E+00   13.2     0.00006638     -1719.2585871896 -3.72E-04

 *** WARNING in fm/cp_fm_elpa.F:521 :: Setting real_kernel for ELPA failed ***

    24 Broy./Diag. 0.15E+00   13.3     0.00004543     -1719.2584849844  1.02E-04

  *** SCF run converged in    24 steps ***


  Electronic density on regular grids:       -715.9999999260        0.0000000740
  Core density on regular grids:              715.9999999656       -0.0000000344
  Total charge density on r-space grids:        0.0000000395
  Total charge density g-space grids:           0.0000000395

  Overlap energy of the core charge distribution:               0.00003033473309
  Self energy of the core charge distribution:              -4016.67387185402686
  Core Hamiltonian energy:                                   1147.78777302684648
  Hartree energy:                                            1523.18693538558318
  Exchange-correlation energy:                               -373.26368950288219
  Dispersion energy:                                           -0.27342108525452
  Electronic entropic energy:                                  -0.02224107550015
  Fermi energy:                                                -0.01093310023986

  Total energy:                                             -1719.25848498442201

 !-----------------------------------------------------------------------------!
                     Mulliken Population Analysis

 #  Atom  Element  Kind  Atomic population                           Net charge
       1     Ti       1         11.086490                              0.913510
       2     Ti       1         11.016044                              0.983956
       3     Ti       1         11.028426                              0.971574
       4     Ti       1         11.021880                              0.978120
       5     Ti       1         11.056041                              0.943959
       6     Ti       1         11.212047                              0.787953
       7     Ti       1         11.031452                              0.968548
       8     Ti       1         11.018406                              0.981594
       9     H        2          0.931016                              0.068984
      10     H        2          0.937347                              0.062653
      11     H        2          0.930205                              0.069795
      12     H        2          0.934884                              0.065116
      13     H        2          0.943054                              0.056946
      14     H        2          0.928941                              0.071059
      15     H        2          0.962906                              0.037094
      16     H        2          0.931141                              0.068859
      17     H        2          0.928598                              0.071402
      18     H        2          0.927567                              0.072433
      19     H        2          0.931381                              0.068619
      20     H        2          0.935257                              0.064743
      21     H        2          0.821955                              0.178045
      22     H        2          0.859933                              0.140067
      23     H        2          0.930018                              0.069982
      24     H        2          0.825460                              0.174540
      25     H        2          0.941469                              0.058531
      26     H        2          0.951204                              0.048796
      27     H        2          0.937818                              0.062182
      28     H        2          0.917333                              0.082667
      29     H        2          0.920889                              0.079111
      30     H        2          0.890146                              0.109854
      31     H        2          0.885353                              0.114647
      32     H        2          0.889142                              0.110858
      33     H        2          0.869334                              0.130666
      34     H        2          0.793833                              0.206167
      35     H        2          0.884334                              0.115666
      36     H        2          0.900762                              0.099238
      37     H        2          0.886424                              0.113576
      38     H        2          0.883847                              0.116153
      39     H        2          0.871430                              0.128570
      40     H        2          0.870930                              0.129070
      41     H        2          0.876691                              0.123309
      42     H        2          0.868367                              0.131633
      43     C        3          3.766413                              0.233587
      44     C        3          3.772201                              0.227799
      45     C        3          3.781384                              0.218616
      46     C        3          3.776896                              0.223104
      47     C        3          4.098192                             -0.098192
      48     C        3          4.096421                             -0.096421
      49     C        3          4.062631                             -0.062631
      50     C        3          4.038966                             -0.038966
      51     C        3          3.950146                              0.049854
      52     C        3          4.025546                             -0.025546
      53     C        3          3.975957                              0.024043
      54     C        3          4.063519                             -0.063519
      55     C        3          4.036998                             -0.036998
      56     C        3          4.015512                             -0.015512
      57     C        3          4.000915                             -0.000915
      58     C        3          4.040995                             -0.040995
      59     C        3          4.049520                             -0.049520
      60     C        3          4.023169                             -0.023169
      61     C        3          4.111091                             -0.111091
      62     C        3          4.095732                             -0.095732
      63     C        3          4.075456                             -0.075456
      64     C        3          4.109510                             -0.109510
      65     C        3          4.065154                             -0.065154
      66     C        3          3.884349                              0.115651
      67     C        3          3.778333                              0.221667
      68     C        3          3.801331                              0.198669
      69     C        3          3.786527                              0.213473
      70     C        3          3.780166                              0.219834
      71     C        3          3.788961                              0.211039
      72     C        3          3.795726                              0.204274
      73     C        3          3.842128                              0.157872
      74     C        3          3.800685                              0.199315
      75     C        3          3.974488                              0.025512
      76     C        3          4.043563                             -0.043563
      77     C        3          4.026156                             -0.026156
      78     C        3          4.051773                             -0.051773
      79     C        3          4.038023                             -0.038023
      80     C        3          3.987897                              0.012103
      81     C        3          3.989611                              0.010389
      82     C        3          4.057853                             -0.057853
      83     C        3          3.919386                              0.080614
      84     C        3          3.959696                              0.040304
      85     C        3          4.006406                             -0.006406
      86     C        3          4.038100                             -0.038100
      87     C        3          3.991227                              0.008773
      88     C        3          4.107769                             -0.107769
      89     C        3          4.002958                             -0.002958
      90     C        3          3.846288                              0.153712
      91     N        4          5.023761                             -0.023761
      92     N        4          5.297200                             -0.297200
      93     N        4          4.904519                              0.095481
      94     N        4          4.982562                              0.017438
      95     N        4          5.026763                             -0.026763
      96     N        4          5.067337                             -0.067337
      97     O        5          6.326338                             -0.326338
      98     O        5          6.260758                             -0.260758
      99     O        5          6.298406                             -0.298406
     100     O        5          6.291036                             -0.291036
     101     O        5          6.289586                             -0.289586
     102     O        5          6.285372                             -0.285372
     103     O        5          6.281642                             -0.281642
     104     O        5          6.257549                             -0.257549
     105     O        5          6.426215                             -0.426215
     106     O        5          6.445232                             -0.445232
     107     O        5          6.496461                             -0.496461
     108     O        5          6.454157                             -0.454157
     109     O        5          6.365973                             -0.365973
     110     O        5          6.453357                             -0.453357
     111     O        5          6.448369                             -0.448369
     112     O        5          6.460452                             -0.460452
     113     O        5          6.330732                             -0.330732
     114     O        5          6.301312                             -0.301312
     115     O        5          6.325850                             -0.325850
     116     O        5          6.296591                             -0.296591
     117     O        5          6.336953                             -0.336953
     118     O        5          6.281940                             -0.281940
     119     O        5          6.247608                             -0.247608
     120     O        5          6.207632                             -0.207632
     121     O        5          6.304246                             -0.304246
     122     O        5          6.277471                             -0.277471
     123     O        5          6.336092                             -0.336092
     124     O        5          6.286564                             -0.286564
     125     O        5          6.275107                             -0.275107
     126     O        5          6.389455                             -0.389455
     127     O        5          6.252428                             -0.252428
     128     O        5          6.278430                             -0.278430
     129     O        5          6.490539                             -0.490539
     130     O        5          6.426708                             -0.426708
     131     O        5          6.435105                             -0.435105
     132     O        5          6.417306                             -0.417306
     133     H        2          0.931148                              0.068852
     134     H        2          0.919790                              0.080210
     135     H        2          0.915882                              0.084118
     136     H        2          0.916321                              0.083679
     137     C        3          4.283089                             -0.283089
     138     C        3          4.180746                             -0.180746
     139     H        2          0.953139                              0.046861
     140     H        2          0.917632                              0.082368
     141     C        3          4.101209                             -0.101209
     142     C        3          4.125251                             -0.125251
     143     H        2          0.935792                              0.064208
     144     H        2          0.949531                              0.050469
     145     H        2          0.926263                              0.073737
     146     H        2          0.935098                              0.064902
     147     C        3          4.035954                             -0.035954
     148     N        4          4.811599                              0.188401
     149     C        3          3.927784                              0.072216
     150     C        3          3.984176                              0.015824
     151     H        2          0.963601                              0.036399
     152     N        4          4.851562                              0.148438
     153     C        3          4.153691                             -0.153691
     154     H        2          0.922040                              0.077960
     155     H        2          0.970369                              0.029631
     156     H        2          0.963291                              0.036709
     157     H        2          0.945240                              0.054760
     158     O        5          6.271283                             -0.271283
     159     N        4          5.268992                             -0.268992
     160     S        6          5.323516                              0.676484
     161     O        5          6.316828                             -0.316828
     162     F        7          7.045936                             -0.045936
     163     C        3          3.736890                              0.263110
     164     F        7          7.089549                             -0.089549
     165     F        7          6.991677                              0.008323
     166     C        3          3.835362                              0.164638
     167     F        7          7.276018                             -0.276018
     168     F        7          7.185402                             -0.185402
     169     F        7          7.061291                             -0.061291
     170     O        5          6.246956                             -0.246956
     171     S        6          5.394525                              0.605475
     172     O        5          6.292983                             -0.292983
 # Total charge                            716.000000                  0.000000

 !-----------------------------------------------------------------------------!

 !-----------------------------------------------------------------------------!
                           Hirshfeld Charges

  #Atom  Element  Kind  Ref Charge     Population                    Net charge
      1       Ti     1      12.000         13.590                        -1.590
      2       Ti     1      12.000         13.431                        -1.431
      3       Ti     1      12.000         13.528                        -1.528
      4       Ti     1      12.000         13.496                        -1.496
      5       Ti     1      12.000         13.440                        -1.440
      6       Ti     1      12.000         13.616                        -1.616
      7       Ti     1      12.000         13.506                        -1.506
      8       Ti     1      12.000         13.457                        -1.457
      9       H      2       1.000          0.546                         0.454
     10       H      2       1.000          0.545                         0.455
     11       H      2       1.000          0.539                         0.461
     12       H      2       1.000          0.548                         0.452
     13       H      2       1.000          0.537                         0.463
     14       H      2       1.000          0.520                         0.480
     15       H      2       1.000          0.562                         0.438
     16       H      2       1.000          0.539                         0.461
     17       H      2       1.000          0.535                         0.465
     18       H      2       1.000          0.543                         0.457
     19       H      2       1.000          0.543                         0.457
     20       H      2       1.000          0.541                         0.459
     21       H      2       1.000          0.413                         0.587
     22       H      2       1.000          0.426                         0.574
     23       H      2       1.000          0.430                         0.570
     24       H      2       1.000          0.417                         0.583
     25       H      2       1.000          0.554                         0.446
     26       H      2       1.000          0.558                         0.442
     27       H      2       1.000          0.537                         0.463
     28       H      2       1.000          0.532                         0.468
     29       H      2       1.000          0.529                         0.471
     30       H      2       1.000          0.524                         0.476
     31       H      2       1.000          0.480                         0.520
     32       H      2       1.000          0.460                         0.540
     33       H      2       1.000          0.453                         0.547
     34       H      2       1.000          0.640                         0.360
     35       H      2       1.000          0.477                         0.523
     36       H      2       1.000          0.462                         0.538
     37       H      2       1.000          0.474                         0.526
     38       H      2       1.000          0.463                         0.537
     39       H      2       1.000          0.472                         0.528
     40       H      2       1.000          0.452                         0.548
     41       H      2       1.000          0.476                         0.524
     42       H      2       1.000          0.450                         0.550
     43       C      3       4.000          3.462                         0.538
     44       C      3       4.000          3.439                         0.561
     45       C      3       4.000          3.478                         0.522
     46       C      3       4.000          3.463                         0.537
     47       C      3       4.000          4.015                        -0.015
     48       C      3       4.000          3.999                         0.001
     49       C      3       4.000          4.008                        -0.008
     50       C      3       4.000          3.992                         0.008
     51       C      3       4.000          3.918                         0.082
     52       C      3       4.000          4.432                        -0.432
     53       C      3       4.000          3.889                         0.111
     54       C      3       4.000          4.413                        -0.413
     55       C      3       4.000          4.441                        -0.441
     56       C      3       4.000          4.394                        -0.394
     57       C      3       4.000          4.398                        -0.398
     58       C      3       4.000          4.465                        -0.465
     59       C      3       4.000          4.020                        -0.020
     60       C      3       4.000          4.003                        -0.003
     61       C      3       4.000          3.998                         0.002
     62       C      3       4.000          4.000                        -0.000
     63       C      3       4.000          3.985                         0.015
     64       C      3       4.000          4.019                        -0.019
     65       C      3       4.000          4.001                        -0.001
     66       C      3       4.000          3.966                         0.034
     67       C      3       4.000          3.477                         0.523
     68       C      3       4.000          3.522                         0.478
     69       C      3       4.000          3.468                         0.532
     70       C      3       4.000          3.454                         0.546
     71       C      3       4.000          3.478                         0.522
     72       C      3       4.000          3.450                         0.550
     73       C      3       4.000          3.424                         0.576
     74       C      3       4.000          3.521                         0.479
     75       C      3       4.000          3.857                         0.143
     76       C      3       4.000          4.439                        -0.439
     77       C      3       4.000          4.443                        -0.443
     78       C      3       4.000          4.478                        -0.478
     79       C      3       4.000          4.493                        -0.493
     80       C      3       4.000          4.376                        -0.376
     81       C      3       4.000          4.339                        -0.339
     82       C      3       4.000          4.259                        -0.259
     83       C      3       4.000          3.865                         0.135
     84       C      3       4.000          4.342                        -0.342
     85       C      3       4.000          4.372                        -0.372
     86       C      3       4.000          4.403                        -0.403
     87       C      3       4.000          3.946                         0.054
     88       C      3       4.000          4.439                        -0.439
     89       C      3       4.000          4.381                        -0.381
     90       C      3       4.000          3.869                         0.131
     91       N      4       5.000          5.893                        -0.893
     92       N      4       5.000          5.716                        -0.716
     93       N      4       5.000          5.816                        -0.816
     94       N      4       5.000          5.727                        -0.727
     95       N      4       5.000          5.827                        -0.827
     96       N      4       5.000          5.885                        -0.885
     97       O      5       6.000          6.167                        -0.167
     98       O      5       6.000          6.091                        -0.091
     99       O      5       6.000          6.178                        -0.178
    100       O      5       6.000          6.138                        -0.138
    101       O      5       6.000          6.112                        -0.112
    102       O      5       6.000          6.126                        -0.126
    103       O      5       6.000          6.110                        -0.110
    104       O      5       6.000          6.045                        -0.045
    105       O      5       6.000          5.642                         0.358
    106       O      5       6.000          5.769                         0.231
    107       O      5       6.000          5.761                         0.239
    108       O      5       6.000          5.710                         0.290
    109       O      5       6.000          5.615                         0.385
    110       O      5       6.000          5.700                         0.300
    111       O      5       6.000          5.827                         0.173
    112       O      5       6.000          5.699                         0.301
    113       O      5       6.000          6.117                        -0.117
    114       O      5       6.000          6.186                        -0.186
    115       O      5       6.000          6.195                        -0.195
    116       O      5       6.000          6.083                        -0.083
    117       O      5       6.000          6.104                        -0.104
    118       O      5       6.000          6.143                        -0.143
    119       O      5       6.000          6.196                        -0.196
    120       O      5       6.000          6.083                        -0.083
    121       O      5       6.000          6.066                        -0.066
    122       O      5       6.000          6.063                        -0.063
    123       O      5       6.000          6.180                        -0.180
    124       O      5       6.000          6.237                        -0.237
    125       O      5       6.000          6.003                        -0.003
    126       O      5       6.000          6.246                        -0.246
    127       O      5       6.000          6.096                        -0.096
    128       O      5       6.000          6.052                        -0.052
    129       O      5       6.000          6.024                        -0.024
    130       O      5       6.000          6.025                        -0.025
    131       O      5       6.000          6.043                        -0.043
    132       O      5       6.000          5.932                         0.068
    133       H      2       1.000          0.566                         0.434
    134       H      2       1.000          0.564                         0.436
    135       H      2       1.000          0.558                         0.442
    136       H      2       1.000          0.564                         0.436
    137       C      3       4.000          5.310                        -1.310
    138       C      3       4.000          4.797                        -0.797
    139       H      2       1.000          0.519                         0.481
    140       H      2       1.000          0.558                         0.442
    141       C      3       4.000          4.418                        -0.418
    142       C      3       4.000          4.743                        -0.743
    143       H      2       1.000          0.573                         0.427
    144       H      2       1.000          0.515                         0.485
    145       H      2       1.000          0.518                         0.482
    146       H      2       1.000          0.522                         0.478
    147       C      3       4.000          4.159                        -0.159
    148       N      4       5.000          5.124                        -0.124
    149       C      3       4.000          3.994                         0.006
    150       C      3       4.000          4.102                        -0.102
    151       H      2       1.000          0.492                         0.508
    152       N      4       5.000          5.165                        -0.165
    153       C      3       4.000          4.480                        -0.480
    154       H      2       1.000          0.521                         0.479
    155       H      2       1.000          0.498                         0.502
    156       H      2       1.000          0.501                         0.499
    157       H      2       1.000          0.489                         0.511
    158       O      5       6.000          6.396                        -0.396
    159       N      4       5.000          4.829                         0.171
    160       S      6       6.000          5.849                         0.151
    161       O      5       6.000          6.498                        -0.498
    162       F      7       7.000          7.216                        -0.216
    163       C      3       4.000          3.376                         0.624
    164       F      7       7.000          7.255                        -0.255
    165       F      7       7.000          7.201                        -0.201
    166       C      3       4.000          3.473                         0.527
    167       F      7       7.000          7.393                        -0.393
    168       F      7       7.000          7.348                        -0.348
    169       F      7       7.000          7.316                        -0.316
    170       O      5       6.000          6.462                        -0.462
    171       S      6       6.000          5.468                         0.532
    172       O      5       6.000          6.416                        -0.416

  Total Charge                                                            0.095
 !-----------------------------------------------------------------------------!

 ENERGY| Total FORCE_EVAL ( QS ) energy [hartree]          -1719.258529624455832
 *******************************************************************************
 RMS DISPLACEMENT =   0.03113     [ 0.00010]                               ( NO)
 MAX DISPLACEMENT =   0.22041     [ 0.00020]                               ( NO)
 RMS FORCE        =   0.03136     [ 0.00030]                               ( NO)
 MAX FORCE        =   0.26357     [ 0.00045]                               ( NO)
 *******************************************************************************

 *******************************************************************************
 **                 BAND EVALUATION OF ENERGIES AND FORCES                    **
 *******************************************************************************
 **                                                                           **
 **                                                                           **
 ** Replica Env Nr. :    2              Replica Band Nr. :   10               **
 ** Band  Step  Nr. :   10                                                    **
 *******************************************************************************

 Number of electrons:                                                        716
 Number of occupied orbitals:                                                398
 Number of molecular orbitals:                                               458

 Number of orbital functions:                                               1948
 Number of independent orbital functions:                                   1948

 Parameters for the always stable predictor-corrector (ASPC) method:

  ASPC order: 3

  B(1) =   3.000000
  B(2) =  -3.428571
  B(3) =   1.928571
  B(4) =  -0.571429
  B(5) =   0.071429

 *** WARNING in fm/cp_fm_elpa.F:521 :: Setting real_kernel for ELPA failed ***


 Extrapolation method: ASPC


 SCF WAVEFUNCTION OPTIMIZATION

  Step     Update method      Time    Convergence         Total energy    Change
  ------------------------------------------------------------------------------

 *** WARNING in fm/cp_fm_elpa.F:521 :: Setting real_kernel for ELPA failed ***

     1 Broy./Diag. 0.15E+00    9.4     0.33216335     -1719.3627898311 -1.72E+03

 *** WARNING in fm/cp_fm_elpa.F:521 :: Setting real_kernel for ELPA failed ***

     2 Broy./Diag. 0.15E+00   14.4     0.19172375     -1718.9723845447  3.90E-01

 *** WARNING in fm/cp_fm_elpa.F:521 :: Setting real_kernel for ELPA failed ***

     3 Broy./Diag. 0.15E+00   14.6     0.15465971     -1719.7246572977 -7.52E-01

 *** WARNING in fm/cp_fm_elpa.F:521 :: Setting real_kernel for ELPA failed ***

     4 Broy./Diag. 0.15E+00   14.7     0.12470544     -1719.4879933355  2.37E-01

 *** WARNING in fm/cp_fm_elpa.F:521 :: Setting real_kernel for ELPA failed ***

     5 Broy./Diag. 0.15E+00   15.3     0.07154518     -1719.7226947274 -2.35E-01

 *** WARNING in fm/cp_fm_elpa.F:521 :: Setting real_kernel for ELPA failed ***

     6 Broy./Diag. 0.15E+00   15.5     0.06616878     -1719.4404595740  2.82E-01

 *** WARNING in fm/cp_fm_elpa.F:521 :: Setting real_kernel for ELPA failed ***

     7 Broy./Diag. 0.15E+00   15.5     0.03808290     -1719.5398788249 -9.94E-02

 *** WARNING in fm/cp_fm_elpa.F:521 :: Setting real_kernel for ELPA failed ***

     8 Broy./Diag. 0.15E+00   15.5     0.02352843     -1719.4358488831  1.04E-01

 *** WARNING in fm/cp_fm_elpa.F:521 :: Setting real_kernel for ELPA failed ***

     9 Broy./Diag. 0.15E+00   15.7     0.01630741     -1719.4610482734 -2.52E-02

 *** WARNING in fm/cp_fm_elpa.F:521 :: Setting real_kernel for ELPA failed ***

    10 Broy./Diag. 0.15E+00   15.1     0.00661110     -1719.4619186492 -8.70E-04

 *** WARNING in fm/cp_fm_elpa.F:521 :: Setting real_kernel for ELPA failed ***

    11 Broy./Diag. 0.15E+00   15.2     0.00511378     -1719.4788992321 -1.70E-02

 *** WARNING in fm/cp_fm_elpa.F:521 :: Setting real_kernel for ELPA failed ***

    12 Broy./Diag. 0.15E+00   15.0     0.00232947     -1719.4697832598  9.12E-03

 *** WARNING in fm/cp_fm_elpa.F:521 :: Setting real_kernel for ELPA failed ***

    13 Broy./Diag. 0.15E+00   14.3     0.00232158     -1719.4831960914 -1.34E-02

 *** WARNING in fm/cp_fm_elpa.F:521 :: Setting real_kernel for ELPA failed ***

    14 Broy./Diag. 0.15E+00   14.1     0.00235242     -1719.4764178026  6.78E-03

 *** WARNING in fm/cp_fm_elpa.F:521 :: Setting real_kernel for ELPA failed ***

    15 Broy./Diag. 0.15E+00   14.2     0.00201819     -1719.4805205492 -4.10E-03

 *** WARNING in fm/cp_fm_elpa.F:521 :: Setting real_kernel for ELPA failed ***

    16 Broy./Diag. 0.15E+00   14.1     0.00103891     -1719.4790047534  1.52E-03

 *** WARNING in fm/cp_fm_elpa.F:521 :: Setting real_kernel for ELPA failed ***

    17 Broy./Diag. 0.15E+00   14.0     0.00075386     -1719.4790095872 -4.83E-06

 *** WARNING in fm/cp_fm_elpa.F:521 :: Setting real_kernel for ELPA failed ***

    18 Broy./Diag. 0.15E+00   14.3     0.00069699     -1719.4762851915  2.72E-03

 *** WARNING in fm/cp_fm_elpa.F:521 :: Setting real_kernel for ELPA failed ***

    19 Broy./Diag. 0.15E+00   14.5     0.00045988     -1719.4778190787 -1.53E-03

 *** WARNING in fm/cp_fm_elpa.F:521 :: Setting real_kernel for ELPA failed ***

    20 Broy./Diag. 0.15E+00   14.9     0.00072111     -1719.4754277798  2.39E-03

 *** WARNING in fm/cp_fm_elpa.F:521 :: Setting real_kernel for ELPA failed ***

    21 Broy./Diag. 0.15E+00   13.6     0.00075672     -1719.4766904400 -1.26E-03

 *** WARNING in fm/cp_fm_elpa.F:521 :: Setting real_kernel for ELPA failed ***

    22 Broy./Diag. 0.15E+00   14.1     0.00047193     -1719.4763433925  3.47E-04

 *** WARNING in fm/cp_fm_elpa.F:521 :: Setting real_kernel for ELPA failed ***

    23 Broy./Diag. 0.15E+00   14.7     0.00025417     -1719.4768427414 -4.99E-04

 *** WARNING in fm/cp_fm_elpa.F:521 :: Setting real_kernel for ELPA failed ***

    24 Broy./Diag. 0.15E+00   14.5     0.00017511     -1719.4765297082  3.13E-04

 *** WARNING in fm/cp_fm_elpa.F:521 :: Setting real_kernel for ELPA failed ***

    25 Broy./Diag. 0.15E+00   14.9     0.00015950     -1719.4774096059 -8.80E-04

 *** WARNING in fm/cp_fm_elpa.F:521 :: Setting real_kernel for ELPA failed ***

    26 Broy./Diag. 0.15E+00   14.1     0.00018264     -1719.4770178313  3.92E-04

 *** WARNING in fm/cp_fm_elpa.F:521 :: Setting real_kernel for ELPA failed ***

    27 Broy./Diag. 0.15E+00   14.3     0.00018122     -1719.4775764965 -5.59E-04

 *** WARNING in fm/cp_fm_elpa.F:521 :: Setting real_kernel for ELPA failed ***

    28 Broy./Diag. 0.15E+00   15.0     0.00014010     -1719.4774698545  1.07E-04

 *** WARNING in fm/cp_fm_elpa.F:521 :: Setting real_kernel for ELPA failed ***

    29 Broy./Diag. 0.15E+00   13.8     0.00006742     -1719.4775649970 -9.51E-05

 *** WARNING in fm/cp_fm_elpa.F:521 :: Setting real_kernel for ELPA failed ***

    30 Broy./Diag. 0.15E+00   13.9     0.00004620     -1719.4774015574  1.63E-04

  *** SCF run converged in    30 steps ***


  Electronic density on regular grids:       -715.9999999262        0.0000000738
  Core density on regular grids:              715.9999999655       -0.0000000345
  Total charge density on r-space grids:        0.0000000393
  Total charge density g-space grids:           0.0000000393

  Overlap energy of the core charge distribution:               0.00002793127518
  Self energy of the core charge distribution:              -4016.67387185402686
  Core Hamiltonian energy:                                   1147.01305264080770
  Hartree energy:                                            1523.59221834739628
  Exchange-correlation energy:                               -373.11242498880898
  Dispersion energy:                                           -0.27456805535147
  Electronic entropic energy:                                  -0.02183565122817
  Fermi energy:                                                -0.01262119610699

  Total energy:                                             -1719.47740155739211

 !-----------------------------------------------------------------------------!
                     Mulliken Population Analysis

 #  Atom  Element  Kind  Atomic population                           Net charge
       1     Ti       1         11.078256                              0.921744
       2     Ti       1         11.006586                              0.993414
       3     Ti       1         11.031658                              0.968342
       4     Ti       1         11.020284                              0.979716
       5     Ti       1         11.062147                              0.937853
       6     Ti       1         11.202047                              0.797953
       7     Ti       1         11.029952                              0.970048
       8     Ti       1         11.016801                              0.983199
       9     H        2          0.930540                              0.069460
      10     H        2          0.937708                              0.062292
      11     H        2          0.931757                              0.068243
      12     H        2          0.933964                              0.066036
      13     H        2          0.943012                              0.056988
      14     H        2          0.926234                              0.073766
      15     H        2          0.960304                              0.039696
      16     H        2          0.928900                              0.071100
      17     H        2          0.929877                              0.070123
      18     H        2          0.927302                              0.072698
      19     H        2          0.931159                              0.068841
      20     H        2          0.933257                              0.066743
      21     H        2          0.819293                              0.180707
      22     H        2          0.858080                              0.141920
      23     H        2          0.929886                              0.070114
      24     H        2          0.825248                              0.174752
      25     H        2          0.940035                              0.059965
      26     H        2          0.949659                              0.050341
      27     H        2          0.937718                              0.062282
      28     H        2          0.916207                              0.083793
      29     H        2          0.919658                              0.080342
      30     H        2          0.885193                              0.114807
      31     H        2          0.885084                              0.114916
      32     H        2          0.888938                              0.111062
      33     H        2          0.870570                              0.129430
      34     H        2          0.795165                              0.204835
      35     H        2          0.881366                              0.118634
      36     H        2          0.897954                              0.102046
      37     H        2          0.886639                              0.113361
      38     H        2          0.882994                              0.117006
      39     H        2          0.870976                              0.129024
      40     H        2          0.870040                              0.129960
      41     H        2          0.876071                              0.123929
      42     H        2          0.867396                              0.132604
      43     C        3          3.765508                              0.234492
      44     C        3          3.770788                              0.229212
      45     C        3          3.781659                              0.218341
      46     C        3          3.776726                              0.223274
      47     C        3          4.096671                             -0.096671
      48     C        3          4.096115                             -0.096115
      49     C        3          4.061645                             -0.061645
      50     C        3          4.036674                             -0.036674
      51     C        3          3.950058                              0.049942
      52     C        3          4.025457                             -0.025457
      53     C        3          3.974715                              0.025285
      54     C        3          4.065777                             -0.065777
      55     C        3          4.036795                             -0.036795
      56     C        3          4.015807                             -0.015807
      57     C        3          3.999884                              0.000116
      58     C        3          4.043103                             -0.043103
      59     C        3          4.049211                             -0.049211
      60     C        3          4.022929                             -0.022929
      61     C        3          4.112685                             -0.112685
      62     C        3          4.095733                             -0.095733
      63     C        3          4.074472                             -0.074472
      64     C        3          4.111842                             -0.111842
      65     C        3          4.066342                             -0.066342
      66     C        3          3.906865                              0.093135
      67     C        3          3.777935                              0.222065
      68     C        3          3.801652                              0.198348
      69     C        3          3.785501                              0.214499
      70     C        3          3.780002                              0.219998
      71     C        3          3.787810                              0.212190
      72     C        3          3.790590                              0.209410
      73     C        3          3.844431                              0.155569
      74     C        3          3.805351                              0.194649
      75     C        3          3.974187                              0.025813
      76     C        3          4.044000                             -0.044000
      77     C        3          4.027790                             -0.027790
      78     C        3          4.052616                             -0.052616
      79     C        3          4.040865                             -0.040865
      80     C        3          3.982940                              0.017060
      81     C        3          3.987362                              0.012638
      82     C        3          4.063156                             -0.063156
      83     C        3          3.916990                              0.083010
      84     C        3          3.956396                              0.043604
      85     C        3          4.006248                             -0.006248
      86     C        3          4.038194                             -0.038194
      87     C        3          3.984622                              0.015378
      88     C        3          4.104348                             -0.104348
      89     C        3          4.000858                             -0.000858
      90     C        3          3.843087                              0.156913
      91     N        4          5.024219                             -0.024219
      92     N        4          5.292418                             -0.292418
      93     N        4          4.906719                              0.093281
      94     N        4          4.981119                              0.018881
      95     N        4          5.026989                             -0.026989
      96     N        4          5.076284                             -0.076284
      97     O        5          6.326913                             -0.326913
      98     O        5          6.257209                             -0.257209
      99     O        5          6.297133                             -0.297133
     100     O        5          6.289762                             -0.289762
     101     O        5          6.289509                             -0.289509
     102     O        5          6.285351                             -0.285351
     103     O        5          6.282494                             -0.282494
     104     O        5          6.260165                             -0.260165
     105     O        5          6.425935                             -0.425935
     106     O        5          6.437626                             -0.437626
     107     O        5          6.493307                             -0.493307
     108     O        5          6.454837                             -0.454837
     109     O        5          6.370737                             -0.370737
     110     O        5          6.453390                             -0.453390
     111     O        5          6.448546                             -0.448546
     112     O        5          6.457197                             -0.457197
     113     O        5          6.329982                             -0.329982
     114     O        5          6.304188                             -0.304188
     115     O        5          6.324492                             -0.324492
     116     O        5          6.295051                             -0.295051
     117     O        5          6.322888                             -0.322888
     118     O        5          6.284476                             -0.284476
     119     O        5          6.250773                             -0.250773
     120     O        5          6.218040                             -0.218040
     121     O        5          6.302625                             -0.302625
     122     O        5          6.270927                             -0.270927
     123     O        5          6.335804                             -0.335804
     124     O        5          6.284977                             -0.284977
     125     O        5          6.289186                             -0.289186
     126     O        5          6.351717                             -0.351717
     127     O        5          6.256894                             -0.256894
     128     O        5          6.279546                             -0.279546
     129     O        5          6.487978                             -0.487978
     130     O        5          6.427119                             -0.427119
     131     O        5          6.433901                             -0.433901
     132     O        5          6.433580                             -0.433580
     133     H        2          0.931316                              0.068684
     134     H        2          0.921060                              0.078940
     135     H        2          0.915058                              0.084942
     136     H        2          0.916496                              0.083504
     137     C        3          4.284224                             -0.284224
     138     C        3          4.178840                             -0.178840
     139     H        2          0.955795                              0.044205
     140     H        2          0.917618                              0.082382
     141     C        3          4.099722                             -0.099722
     142     C        3          4.124011                             -0.124011
     143     H        2          0.935849                              0.064151
     144     H        2          0.951869                              0.048131
     145     H        2          0.926141                              0.073859
     146     H        2          0.936875                              0.063125
     147     C        3          4.033490                             -0.033490
     148     N        4          4.808320                              0.191680
     149     C        3          3.926430                              0.073570
     150     C        3          3.984505                              0.015495
     151     H        2          0.962106                              0.037894
     152     N        4          4.851520                              0.148480
     153     C        3          4.156566                             -0.156566
     154     H        2          0.920755                              0.079245
     155     H        2          0.970152                              0.029848
     156     H        2          0.963999                              0.036001
     157     H        2          0.936207                              0.063793
     158     O        5          6.272041                             -0.272041
     159     N        4          5.270094                             -0.270094
     160     S        6          5.314335                              0.685665
     161     O        5          6.331258                             -0.331258
     162     F        7          7.061935                             -0.061935
     163     C        3          3.743692                              0.256308
     164     F        7          7.098312                             -0.098312
     165     F        7          6.992512                              0.007488
     166     C        3          3.827085                              0.172915
     167     F        7          7.256357                             -0.256357
     168     F        7          7.231275                             -0.231275
     169     F        7          7.089672                             -0.089672
     170     O        5          6.262102                             -0.262102
     171     S        6          5.367194                              0.632806
     172     O        5          6.300897                             -0.300897
 # Total charge                            716.000000                  0.000000

 !-----------------------------------------------------------------------------!

 !-----------------------------------------------------------------------------!
                           Hirshfeld Charges

  #Atom  Element  Kind  Ref Charge     Population                    Net charge
      1       Ti     1      12.000         13.573                        -1.573
      2       Ti     1      12.000         13.418                        -1.418
      3       Ti     1      12.000         13.536                        -1.536
      4       Ti     1      12.000         13.495                        -1.495
      5       Ti     1      12.000         13.442                        -1.442
      6       Ti     1      12.000         13.604                        -1.604
      7       Ti     1      12.000         13.506                        -1.506
      8       Ti     1      12.000         13.457                        -1.457
      9       H      2       1.000          0.546                         0.454
     10       H      2       1.000          0.545                         0.455
     11       H      2       1.000          0.540                         0.460
     12       H      2       1.000          0.547                         0.453
     13       H      2       1.000          0.537                         0.463
     14       H      2       1.000          0.525                         0.475
     15       H      2       1.000          0.561                         0.439
     16       H      2       1.000          0.538                         0.462
     17       H      2       1.000          0.538                         0.462
     18       H      2       1.000          0.543                         0.457
     19       H      2       1.000          0.543                         0.457
     20       H      2       1.000          0.540                         0.460
     21       H      2       1.000          0.412                         0.588
     22       H      2       1.000          0.425                         0.575
     23       H      2       1.000          0.430                         0.570
     24       H      2       1.000          0.417                         0.583
     25       H      2       1.000          0.554                         0.446
     26       H      2       1.000          0.558                         0.442
     27       H      2       1.000          0.537                         0.463
     28       H      2       1.000          0.532                         0.468
     29       H      2       1.000          0.529                         0.471
     30       H      2       1.000          0.523                         0.477
     31       H      2       1.000          0.480                         0.520
     32       H      2       1.000          0.460                         0.540
     33       H      2       1.000          0.453                         0.547
     34       H      2       1.000          0.642                         0.358
     35       H      2       1.000          0.474                         0.526
     36       H      2       1.000          0.463                         0.537
     37       H      2       1.000          0.474                         0.526
     38       H      2       1.000          0.463                         0.537
     39       H      2       1.000          0.472                         0.528
     40       H      2       1.000          0.451                         0.549
     41       H      2       1.000          0.475                         0.525
     42       H      2       1.000          0.449                         0.551
     43       C      3       4.000          3.463                         0.537
     44       C      3       4.000          3.439                         0.561
     45       C      3       4.000          3.478                         0.522
     46       C      3       4.000          3.463                         0.537
     47       C      3       4.000          4.015                        -0.015
     48       C      3       4.000          4.000                         0.000
     49       C      3       4.000          4.011                        -0.011
     50       C      3       4.000          3.994                         0.006
     51       C      3       4.000          3.917                         0.083
     52       C      3       4.000          4.431                        -0.431
     53       C      3       4.000          3.884                         0.116
     54       C      3       4.000          4.409                        -0.409
     55       C      3       4.000          4.439                        -0.439
     56       C      3       4.000          4.392                        -0.392
     57       C      3       4.000          4.396                        -0.396
     58       C      3       4.000          4.466                        -0.466
     59       C      3       4.000          4.020                        -0.020
     60       C      3       4.000          4.003                        -0.003
     61       C      3       4.000          3.995                         0.005
     62       C      3       4.000          4.001                        -0.001
     63       C      3       4.000          3.987                         0.013
     64       C      3       4.000          4.014                        -0.014
     65       C      3       4.000          4.012                        -0.012
     66       C      3       4.000          3.985                         0.015
     67       C      3       4.000          3.476                         0.524
     68       C      3       4.000          3.522                         0.478
     69       C      3       4.000          3.465                         0.535
     70       C      3       4.000          3.452                         0.548
     71       C      3       4.000          3.472                         0.528
     72       C      3       4.000          3.451                         0.549
     73       C      3       4.000          3.425                         0.575
     74       C      3       4.000          3.502                         0.498
     75       C      3       4.000          3.857                         0.143
     76       C      3       4.000          4.440                        -0.440
     77       C      3       4.000          4.448                        -0.448
     78       C      3       4.000          4.480                        -0.480
     79       C      3       4.000          4.496                        -0.496
     80       C      3       4.000          4.375                        -0.375
     81       C      3       4.000          4.336                        -0.336
     82       C      3       4.000          4.267                        -0.267
     83       C      3       4.000          3.861                         0.139
     84       C      3       4.000          4.336                        -0.336
     85       C      3       4.000          4.372                        -0.372
     86       C      3       4.000          4.404                        -0.404
     87       C      3       4.000          3.926                         0.074
     88       C      3       4.000          4.433                        -0.433
     89       C      3       4.000          4.378                        -0.378
     90       C      3       4.000          3.867                         0.133
     91       N      4       5.000          5.893                        -0.893
     92       N      4       5.000          5.710                        -0.710
     93       N      4       5.000          5.819                        -0.819
     94       N      4       5.000          5.721                        -0.721
     95       N      4       5.000          5.825                        -0.825
     96       N      4       5.000          5.893                        -0.893
     97       O      5       6.000          6.169                        -0.169
     98       O      5       6.000          6.090                        -0.090
     99       O      5       6.000          6.180                        -0.180
    100       O      5       6.000          6.137                        -0.137
    101       O      5       6.000          6.110                        -0.110
    102       O      5       6.000          6.125                        -0.125
    103       O      5       6.000          6.114                        -0.114
    104       O      5       6.000          6.041                        -0.041
    105       O      5       6.000          5.642                         0.358
    106       O      5       6.000          5.766                         0.234
    107       O      5       6.000          5.758                         0.242
    108       O      5       6.000          5.710                         0.290
    109       O      5       6.000          5.618                         0.382
    110       O      5       6.000          5.701                         0.299
    111       O      5       6.000          5.828                         0.172
    112       O      5       6.000          5.697                         0.303
    113       O      5       6.000          6.117                        -0.117
    114       O      5       6.000          6.192                        -0.192
    115       O      5       6.000          6.192                        -0.192
    116       O      5       6.000          6.077                        -0.077
    117       O      5       6.000          6.096                        -0.096
    118       O      5       6.000          6.150                        -0.150
    119       O      5       6.000          6.186                        -0.186
    120       O      5       6.000          6.088                        -0.088
    121       O      5       6.000          6.065                        -0.065
    122       O      5       6.000          6.056                        -0.056
    123       O      5       6.000          6.178                        -0.178
    124       O      5       6.000          6.240                        -0.240
    125       O      5       6.000          6.024                        -0.024
    126       O      5       6.000          6.252                        -0.252
    127       O      5       6.000          6.093                        -0.093
    128       O      5       6.000          6.046                        -0.046
    129       O      5       6.000          6.025                        -0.025
    130       O      5       6.000          6.023                        -0.023
    131       O      5       6.000          6.041                        -0.041
    132       O      5       6.000          5.947                         0.053
    133       H      2       1.000          0.566                         0.434
    134       H      2       1.000          0.564                         0.436
    135       H      2       1.000          0.557                         0.443
    136       H      2       1.000          0.564                         0.436
    137       C      3       4.000          5.309                        -1.309
    138       C      3       4.000          4.792                        -0.792
    139       H      2       1.000          0.521                         0.479
    140       H      2       1.000          0.558                         0.442
    141       C      3       4.000          4.418                        -0.418
    142       C      3       4.000          4.739                        -0.739
    143       H      2       1.000          0.573                         0.427
    144       H      2       1.000          0.514                         0.486
    145       H      2       1.000          0.519                         0.481
    146       H      2       1.000          0.519                         0.481
    147       C      3       4.000          4.156                        -0.156
    148       N      4       5.000          5.125                        -0.125
    149       C      3       4.000          3.990                         0.010
    150       C      3       4.000          4.091                        -0.091
    151       H      2       1.000          0.494                         0.506
    152       N      4       5.000          5.169                        -0.169
    153       C      3       4.000          4.492                        -0.492
    154       H      2       1.000          0.521                         0.479
    155       H      2       1.000          0.503                         0.497
    156       H      2       1.000          0.502                         0.498
    157       H      2       1.000          0.488                         0.512
    158       O      5       6.000          6.393                        -0.393
    159       N      4       5.000          4.824                         0.176
    160       S      6       6.000          5.830                         0.170
    161       O      5       6.000          6.506                        -0.506
    162       F      7       7.000          7.224                        -0.224
    163       C      3       4.000          3.386                         0.614
    164       F      7       7.000          7.266                        -0.266
    165       F      7       7.000          7.201                        -0.201
    166       C      3       4.000          3.468                         0.532
    167       F      7       7.000          7.380                        -0.380
    168       F      7       7.000          7.372                        -0.372
    169       F      7       7.000          7.327                        -0.327
    170       O      5       6.000          6.464                        -0.464
    171       S      6       6.000          5.494                         0.506
    172       O      5       6.000          6.427                        -0.427

  Total Charge                                                            0.095
 !-----------------------------------------------------------------------------!

 ENERGY| Total FORCE_EVAL ( QS ) energy [hartree]          -1719.477400099128545

 *******************************************************************************
 **                 BAND EVALUATION OF ENERGIES AND FORCES                    **
 *******************************************************************************
 **                                                                           **
 **                                                                           **
 ** Replica Env Nr. :    2              Replica Band Nr. :   10               **
 ** Band  Step  Nr. :   10                                                    **
 *******************************************************************************

 Number of electrons:                                                        716
 Number of occupied orbitals:                                                398
 Number of molecular orbitals:                                               458

 Number of orbital functions:                                               1948
 Number of independent orbital functions:                                   1948

 Parameters for the always stable predictor-corrector (ASPC) method:

  ASPC order: 3

  B(1) =   3.000000
  B(2) =  -3.428571
  B(3) =   1.928571
  B(4) =  -0.571429
  B(5) =   0.071429

 *** WARNING in fm/cp_fm_elpa.F:521 :: Setting real_kernel for ELPA failed ***


 Extrapolation method: ASPC


 SCF WAVEFUNCTION OPTIMIZATION

  Step     Update method      Time    Convergence         Total energy    Change
  ------------------------------------------------------------------------------

 *** WARNING in fm/cp_fm_elpa.F:521 :: Setting real_kernel for ELPA failed ***

     1 Broy./Diag. 0.15E+00    9.8     0.15697295     -1719.4701119100 -1.72E+03

 *** WARNING in fm/cp_fm_elpa.F:521 :: Setting real_kernel for ELPA failed ***

     2 Broy./Diag. 0.15E+00   13.9     0.17140128     -1719.2686135286  2.01E-01

 *** WARNING in fm/cp_fm_elpa.F:521 :: Setting real_kernel for ELPA failed ***

     3 Broy./Diag. 0.15E+00   14.1     0.05561896     -1719.7315575640 -4.63E-01

 *** WARNING in fm/cp_fm_elpa.F:521 :: Setting real_kernel for ELPA failed ***

     4 Broy./Diag. 0.15E+00   14.1     0.01957631     -1719.4696508420  2.62E-01

 *** WARNING in fm/cp_fm_elpa.F:521 :: Setting real_kernel for ELPA failed ***

     5 Broy./Diag. 0.15E+00   13.7     0.01162849     -1719.5066697668 -3.70E-02

 *** WARNING in fm/cp_fm_elpa.F:521 :: Setting real_kernel for ELPA failed ***

     6 Broy./Diag. 0.15E+00   14.2     0.00780216     -1719.4847342439  2.19E-02

 *** WARNING in fm/cp_fm_elpa.F:521 :: Setting real_kernel for ELPA failed ***

     7 Broy./Diag. 0.15E+00   14.0     0.00846478     -1719.4653785941  1.94E-02

 *** WARNING in fm/cp_fm_elpa.F:521 :: Setting real_kernel for ELPA failed ***

     8 Broy./Diag. 0.15E+00   15.2     0.00605489     -1719.4654939446 -1.15E-04

 *** WARNING in fm/cp_fm_elpa.F:521 :: Setting real_kernel for ELPA failed ***

     9 Broy./Diag. 0.15E+00   14.1     0.00322821     -1719.4769052234 -1.14E-02

 *** WARNING in fm/cp_fm_elpa.F:521 :: Setting real_kernel for ELPA failed ***

    10 Broy./Diag. 0.15E+00   13.5     0.00207808     -1719.4697673790  7.14E-03

 *** WARNING in fm/cp_fm_elpa.F:521 :: Setting real_kernel for ELPA failed ***

    11 Broy./Diag. 0.15E+00   13.5     0.00117774     -1719.4780887819 -8.32E-03

 *** WARNING in fm/cp_fm_elpa.F:521 :: Setting real_kernel for ELPA failed ***

    12 Broy./Diag. 0.15E+00   13.4     0.00059793     -1719.4773751637  7.14E-04

 *** WARNING in fm/cp_fm_elpa.F:521 :: Setting real_kernel for ELPA failed ***

    13 Broy./Diag. 0.15E+00   13.0     0.00071628     -1719.4771724546  2.03E-04

 *** WARNING in fm/cp_fm_elpa.F:521 :: Setting real_kernel for ELPA failed ***

    14 Broy./Diag. 0.15E+00   13.1     0.00074206     -1719.4778728409 -7.00E-04

 *** WARNING in fm/cp_fm_elpa.F:521 :: Setting real_kernel for ELPA failed ***

    15 Broy./Diag. 0.15E+00   13.2     0.00040235     -1719.4786125466 -7.40E-04

 *** WARNING in fm/cp_fm_elpa.F:521 :: Setting real_kernel for ELPA failed ***

    16 Broy./Diag. 0.15E+00   13.2     0.00024919     -1719.4772900239  1.32E-03

 *** WARNING in fm/cp_fm_elpa.F:521 :: Setting real_kernel for ELPA failed ***

    17 Broy./Diag. 0.15E+00   13.3     0.00023096     -1719.4779070131 -6.17E-04

 *** WARNING in fm/cp_fm_elpa.F:521 :: Setting real_kernel for ELPA failed ***

    18 Broy./Diag. 0.15E+00   13.2     0.00014381     -1719.4772822379  6.25E-04

 *** WARNING in fm/cp_fm_elpa.F:521 :: Setting real_kernel for ELPA failed ***

    19 Broy./Diag. 0.15E+00   13.5     0.00017401     -1719.4769926698  2.90E-04

 *** WARNING in fm/cp_fm_elpa.F:521 :: Setting real_kernel for ELPA failed ***

    20 Broy./Diag. 0.15E+00   13.2     0.00023042     -1719.4771061809 -1.14E-04

 *** WARNING in fm/cp_fm_elpa.F:521 :: Setting real_kernel for ELPA failed ***

    21 Broy./Diag. 0.15E+00   13.3     0.00016500     -1719.4772465579 -1.40E-04

 *** WARNING in fm/cp_fm_elpa.F:521 :: Setting real_kernel for ELPA failed ***

    22 Broy./Diag. 0.15E+00   12.9     0.00009024     -1719.4769435643  3.03E-04

 *** WARNING in fm/cp_fm_elpa.F:521 :: Setting real_kernel for ELPA failed ***

    23 Broy./Diag. 0.15E+00   12.7     0.00007432     -1719.4773538808 -4.10E-04

 *** WARNING in fm/cp_fm_elpa.F:521 :: Setting real_kernel for ELPA failed ***

    24 Broy./Diag. 0.15E+00   12.9     0.00005466     -1719.4772432397  1.11E-04

 *** WARNING in fm/cp_fm_elpa.F:521 :: Setting real_kernel for ELPA failed ***

    25 Broy./Diag. 0.15E+00   13.0     0.00004264     -1719.4773092769 -6.60E-05

  *** SCF run converged in    25 steps ***


  Electronic density on regular grids:       -715.9999999262        0.0000000738
  Core density on regular grids:              715.9999999655       -0.0000000345
  Total charge density on r-space grids:        0.0000000393
  Total charge density g-space grids:           0.0000000393

  Overlap energy of the core charge distribution:               0.00002793127518
  Self energy of the core charge distribution:              -4016.67387185402686
  Core Hamiltonian energy:                                   1147.01303179371689
  Hartree energy:                                            1523.59232461842498
  Exchange-correlation energy:                               -373.11241835248796
  Dispersion energy:                                           -0.27456805535147
  Electronic entropic energy:                                  -0.02183554143185
  Fermi energy:                                                -0.01262042943817

  Total energy:                                             -1719.47730927693738

 !-----------------------------------------------------------------------------!
                     Mulliken Population Analysis

 #  Atom  Element  Kind  Atomic population                           Net charge
       1     Ti       1         11.078261                              0.921739
       2     Ti       1         11.006581                              0.993419
       3     Ti       1         11.031656                              0.968344
       4     Ti       1         11.020281                              0.979719
       5     Ti       1         11.062146                              0.937854
       6     Ti       1         11.202048                              0.797952
       7     Ti       1         11.029951                              0.970049
       8     Ti       1         11.016794                              0.983206
       9     H        2          0.930541                              0.069459
      10     H        2          0.937707                              0.062293
      11     H        2          0.931757                              0.068243
      12     H        2          0.933968                              0.066032
      13     H        2          0.943010                              0.056990
      14     H        2          0.926239                              0.073761
      15     H        2          0.960307                              0.039693
      16     H        2          0.928902                              0.071098
      17     H        2          0.929873                              0.070127
      18     H        2          0.927300                              0.072700
      19     H        2          0.931160                              0.068840
      20     H        2          0.933258                              0.066742
      21     H        2          0.819293                              0.180707
      22     H        2          0.858081                              0.141919
      23     H        2          0.929887                              0.070113
      24     H        2          0.825247                              0.174753
      25     H        2          0.940036                              0.059964
      26     H        2          0.949659                              0.050341
      27     H        2          0.937720                              0.062280
      28     H        2          0.916205                              0.083795
      29     H        2          0.919661                              0.080339
      30     H        2          0.885195                              0.114805
      31     H        2          0.885083                              0.114917
      32     H        2          0.888936                              0.111064
      33     H        2          0.870571                              0.129429
      34     H        2          0.795138                              0.204862
      35     H        2          0.881370                              0.118630
      36     H        2          0.897954                              0.102046
      37     H        2          0.886638                              0.113362
      38     H        2          0.882993                              0.117007
      39     H        2          0.870976                              0.129024
      40     H        2          0.870038                              0.129962
      41     H        2          0.876071                              0.123929
      42     H        2          0.867396                              0.132604
      43     C        3          3.765506                              0.234494
      44     C        3          3.770790                              0.229210
      45     C        3          3.781662                              0.218338
      46     C        3          3.776726                              0.223274
      47     C        3          4.096664                             -0.096664
      48     C        3          4.096113                             -0.096113
      49     C        3          4.061645                             -0.061645
      50     C        3          4.036671                             -0.036671
      51     C        3          3.950055                              0.049945
      52     C        3          4.025459                             -0.025459
      53     C        3          3.974715                              0.025285
      54     C        3          4.065775                             -0.065775
      55     C        3          4.036794                             -0.036794
      56     C        3          4.015809                             -0.015809
      57     C        3          3.999879                              0.000121
      58     C        3          4.043107                             -0.043107
      59     C        3          4.049210                             -0.049210
      60     C        3          4.022931                             -0.022931
      61     C        3          4.112681                             -0.112681
      62     C        3          4.095730                             -0.095730
      63     C        3          4.074468                             -0.074468
      64     C        3          4.111843                             -0.111843
      65     C        3          4.066342                             -0.066342
      66     C        3          3.906867                              0.093133
      67     C        3          3.777934                              0.222066
      68     C        3          3.801654                              0.198346
      69     C        3          3.785501                              0.214499
      70     C        3          3.780004                              0.219996
      71     C        3          3.787810                              0.212190
      72     C        3          3.790591                              0.209409
      73     C        3          3.844429                              0.155571
      74     C        3          3.805354                              0.194646
      75     C        3          3.974187                              0.025813
      76     C        3          4.044002                             -0.044002
      77     C        3          4.027786                             -0.027786
      78     C        3          4.052596                             -0.052596
      79     C        3          4.040862                             -0.040862
      80     C        3          3.982945                              0.017055
      81     C        3          3.987357                              0.012643
      82     C        3          4.063151                             -0.063151
      83     C        3          3.916990                              0.083010
      84     C        3          3.956388                              0.043612
      85     C        3          4.006246                             -0.006246
      86     C        3          4.038199                             -0.038199
      87     C        3          3.984623                              0.015377
      88     C        3          4.104341                             -0.104341
      89     C        3          4.000874                             -0.000874
      90     C        3          3.843084                              0.156916
      91     N        4          5.024219                             -0.024219
      92     N        4          5.292417                             -0.292417
      93     N        4          4.906724                              0.093276
      94     N        4          4.981112                              0.018888
      95     N        4          5.026984                             -0.026984
      96     N        4          5.076285                             -0.076285
      97     O        5          6.326911                             -0.326911
      98     O        5          6.257210                             -0.257210
      99     O        5          6.297133                             -0.297133
     100     O        5          6.289762                             -0.289762
     101     O        5          6.289507                             -0.289507
     102     O        5          6.285352                             -0.285352
     103     O        5          6.282491                             -0.282491
     104     O        5          6.260166                             -0.260166
     105     O        5          6.425929                             -0.425929
     106     O        5          6.437631                             -0.437631
     107     O        5          6.493307                             -0.493307
     108     O        5          6.454834                             -0.454834
     109     O        5          6.370733                             -0.370733
     110     O        5          6.453390                             -0.453390
     111     O        5          6.448548                             -0.448548
     112     O        5          6.457192                             -0.457192
     113     O        5          6.329978                             -0.329978
     114     O        5          6.304190                             -0.304190
     115     O        5          6.324490                             -0.324490
     116     O        5          6.295052                             -0.295052
     117     O        5          6.322887                             -0.322887
     118     O        5          6.284476                             -0.284476
     119     O        5          6.250773                             -0.250773
     120     O        5          6.218038                             -0.218038
     121     O        5          6.302623                             -0.302623
     122     O        5          6.270927                             -0.270927
     123     O        5          6.335801                             -0.335801
     124     O        5          6.284979                             -0.284979
     125     O        5          6.289183                             -0.289183
     126     O        5          6.351721                             -0.351721
     127     O        5          6.256890                             -0.256890
     128     O        5          6.279549                             -0.279549
     129     O        5          6.487978                             -0.487978
     130     O        5          6.427120                             -0.427120
     131     O        5          6.433899                             -0.433899
     132     O        5          6.433579                             -0.433579
     133     H        2          0.931316                              0.068684
     134     H        2          0.921060                              0.078940
     135     H        2          0.915064                              0.084936
     136     H        2          0.916501                              0.083499
     137     C        3          4.284221                             -0.284221
     138     C        3          4.178841                             -0.178841
     139     H        2          0.955792                              0.044208
     140     H        2          0.917623                              0.082377
     141     C        3          4.099727                             -0.099727
     142     C        3          4.124013                             -0.124013
     143     H        2          0.935850                              0.064150
     144     H        2          0.951869                              0.048131
     145     H        2          0.926141                              0.073859
     146     H        2          0.936876                              0.063124
     147     C        3          4.033497                             -0.033497
     148     N        4          4.808321                              0.191679
     149     C        3          3.926431                              0.073569
     150     C        3          3.984508                              0.015492
     151     H        2          0.962106                              0.037894
     152     N        4          4.851520                              0.148480
     153     C        3          4.156556                             -0.156556
     154     H        2          0.920758                              0.079242
     155     H        2          0.970152                              0.029848
     156     H        2          0.963997                              0.036003
     157     H        2          0.936212                              0.063788
     158     O        5          6.272039                             -0.272039
     159     N        4          5.270098                             -0.270098
     160     S        6          5.314332                              0.685668
     161     O        5          6.331257                             -0.331257
     162     F        7          7.061939                             -0.061939
     163     C        3          3.743689                              0.256311
     164     F        7          7.098312                             -0.098312
     165     F        7          6.992516                              0.007484
     166     C        3          3.827104                              0.172896
     167     F        7          7.256361                             -0.256361
     168     F        7          7.231290                             -0.231290
     169     F        7          7.089675                             -0.089675
     170     O        5          6.262113                             -0.262113
     171     S        6          5.367202                              0.632798
     172     O        5          6.300912                             -0.300912
 # Total charge                            716.000000                  0.000000

 !-----------------------------------------------------------------------------!

 !-----------------------------------------------------------------------------!
                           Hirshfeld Charges

  #Atom  Element  Kind  Ref Charge     Population                    Net charge
      1       Ti     1      12.000         13.573                        -1.573
      2       Ti     1      12.000         13.418                        -1.418
      3       Ti     1      12.000         13.536                        -1.536
      4       Ti     1      12.000         13.495                        -1.495
      5       Ti     1      12.000         13.442                        -1.442
      6       Ti     1      12.000         13.604                        -1.604
      7       Ti     1      12.000         13.506                        -1.506
      8       Ti     1      12.000         13.457                        -1.457
      9       H      2       1.000          0.546                         0.454
     10       H      2       1.000          0.545                         0.455
     11       H      2       1.000          0.540                         0.460
     12       H      2       1.000          0.547                         0.453
     13       H      2       1.000          0.537                         0.463
     14       H      2       1.000          0.525                         0.475
     15       H      2       1.000          0.561                         0.439
     16       H      2       1.000          0.538                         0.462
     17       H      2       1.000          0.538                         0.462
     18       H      2       1.000          0.543                         0.457
     19       H      2       1.000          0.543                         0.457
     20       H      2       1.000          0.540                         0.460
     21       H      2       1.000          0.412                         0.588
     22       H      2       1.000          0.425                         0.575
     23       H      2       1.000          0.430                         0.570
     24       H      2       1.000          0.417                         0.583
     25       H      2       1.000          0.554                         0.446
     26       H      2       1.000          0.558                         0.442
     27       H      2       1.000          0.537                         0.463
     28       H      2       1.000          0.532                         0.468
     29       H      2       1.000          0.529                         0.471
     30       H      2       1.000          0.523                         0.477
     31       H      2       1.000          0.480                         0.520
     32       H      2       1.000          0.460                         0.540
     33       H      2       1.000          0.453                         0.547
     34       H      2       1.000          0.642                         0.358
     35       H      2       1.000          0.474                         0.526
     36       H      2       1.000          0.463                         0.537
     37       H      2       1.000          0.474                         0.526
     38       H      2       1.000          0.463                         0.537
     39       H      2       1.000          0.472                         0.528
     40       H      2       1.000          0.451                         0.549
     41       H      2       1.000          0.475                         0.525
     42       H      2       1.000          0.449                         0.551
     43       C      3       4.000          3.463                         0.537
     44       C      3       4.000          3.439                         0.561
     45       C      3       4.000          3.478                         0.522
     46       C      3       4.000          3.463                         0.537
     47       C      3       4.000          4.015                        -0.015
     48       C      3       4.000          4.000                         0.000
     49       C      3       4.000          4.011                        -0.011
     50       C      3       4.000          3.994                         0.006
     51       C      3       4.000          3.917                         0.083
     52       C      3       4.000          4.431                        -0.431
     53       C      3       4.000          3.884                         0.116
     54       C      3       4.000          4.409                        -0.409
     55       C      3       4.000          4.439                        -0.439
     56       C      3       4.000          4.392                        -0.392
     57       C      3       4.000          4.396                        -0.396
     58       C      3       4.000          4.466                        -0.466
     59       C      3       4.000          4.020                        -0.020
     60       C      3       4.000          4.003                        -0.003
     61       C      3       4.000          3.995                         0.005
     62       C      3       4.000          4.001                        -0.001
     63       C      3       4.000          3.987                         0.013
     64       C      3       4.000          4.014                        -0.014
     65       C      3       4.000          4.012                        -0.012
     66       C      3       4.000          3.985                         0.015
     67       C      3       4.000          3.476                         0.524
     68       C      3       4.000          3.522                         0.478
     69       C      3       4.000          3.465                         0.535
     70       C      3       4.000          3.452                         0.548
     71       C      3       4.000          3.472                         0.528
     72       C      3       4.000          3.451                         0.549
     73       C      3       4.000          3.425                         0.575
     74       C      3       4.000          3.502                         0.498
     75       C      3       4.000          3.857                         0.143
     76       C      3       4.000          4.440                        -0.440
     77       C      3       4.000          4.448                        -0.448
     78       C      3       4.000          4.480                        -0.480
     79       C      3       4.000          4.496                        -0.496
     80       C      3       4.000          4.375                        -0.375
     81       C      3       4.000          4.336                        -0.336
     82       C      3       4.000          4.267                        -0.267
     83       C      3       4.000          3.861                         0.139
     84       C      3       4.000          4.336                        -0.336
     85       C      3       4.000          4.372                        -0.372
     86       C      3       4.000          4.404                        -0.404
     87       C      3       4.000          3.926                         0.074
     88       C      3       4.000          4.433                        -0.433
     89       C      3       4.000          4.378                        -0.378
     90       C      3       4.000          3.867                         0.133
     91       N      4       5.000          5.893                        -0.893
     92       N      4       5.000          5.710                        -0.710
     93       N      4       5.000          5.819                        -0.819
     94       N      4       5.000          5.721                        -0.721
     95       N      4       5.000          5.825                        -0.825
     96       N      4       5.000          5.893                        -0.893
     97       O      5       6.000          6.169                        -0.169
     98       O      5       6.000          6.090                        -0.090
     99       O      5       6.000          6.180                        -0.180
    100       O      5       6.000          6.137                        -0.137
    101       O      5       6.000          6.110                        -0.110
    102       O      5       6.000          6.125                        -0.125
    103       O      5       6.000          6.114                        -0.114
    104       O      5       6.000          6.041                        -0.041
    105       O      5       6.000          5.642                         0.358
    106       O      5       6.000          5.766                         0.234
    107       O      5       6.000          5.758                         0.242
    108       O      5       6.000          5.710                         0.290
    109       O      5       6.000          5.618                         0.382
    110       O      5       6.000          5.701                         0.299
    111       O      5       6.000          5.828                         0.172
    112       O      5       6.000          5.697                         0.303
    113       O      5       6.000          6.117                        -0.117
    114       O      5       6.000          6.192                        -0.192
    115       O      5       6.000          6.192                        -0.192
    116       O      5       6.000          6.077                        -0.077
    117       O      5       6.000          6.096                        -0.096
    118       O      5       6.000          6.150                        -0.150
    119       O      5       6.000          6.186                        -0.186
    120       O      5       6.000          6.088                        -0.088
    121       O      5       6.000          6.065                        -0.065
    122       O      5       6.000          6.056                        -0.056
    123       O      5       6.000          6.178                        -0.178
    124       O      5       6.000          6.240                        -0.240
    125       O      5       6.000          6.024                        -0.024
    126       O      5       6.000          6.252                        -0.252
    127       O      5       6.000          6.093                        -0.093
    128       O      5       6.000          6.046                        -0.046
    129       O      5       6.000          6.025                        -0.025
    130       O      5       6.000          6.023                        -0.023
    131       O      5       6.000          6.041                        -0.041
    132       O      5       6.000          5.947                         0.053
    133       H      2       1.000          0.566                         0.434
    134       H      2       1.000          0.564                         0.436
    135       H      2       1.000          0.557                         0.443
    136       H      2       1.000          0.564                         0.436
    137       C      3       4.000          5.309                        -1.309
    138       C      3       4.000          4.792                        -0.792
    139       H      2       1.000          0.521                         0.479
    140       H      2       1.000          0.558                         0.442
    141       C      3       4.000          4.418                        -0.418
    142       C      3       4.000          4.739                        -0.739
    143       H      2       1.000          0.573                         0.427
    144       H      2       1.000          0.514                         0.486
    145       H      2       1.000          0.519                         0.481
    146       H      2       1.000          0.519                         0.481
    147       C      3       4.000          4.156                        -0.156
    148       N      4       5.000          5.125                        -0.125
    149       C      3       4.000          3.990                         0.010
    150       C      3       4.000          4.091                        -0.091
    151       H      2       1.000          0.494                         0.506
    152       N      4       5.000          5.169                        -0.169
    153       C      3       4.000          4.492                        -0.492
    154       H      2       1.000          0.521                         0.479
    155       H      2       1.000          0.503                         0.497
    156       H      2       1.000          0.502                         0.498
    157       H      2       1.000          0.488                         0.512
    158       O      5       6.000          6.393                        -0.393
    159       N      4       5.000          4.824                         0.176
    160       S      6       6.000          5.830                         0.170
    161       O      5       6.000          6.506                        -0.506
    162       F      7       7.000          7.224                        -0.224
    163       C      3       4.000          3.386                         0.614
    164       F      7       7.000          7.266                        -0.266
    165       F      7       7.000          7.202                        -0.202
    166       C      3       4.000          3.468                         0.532
    167       F      7       7.000          7.380                        -0.380
    168       F      7       7.000          7.372                        -0.372
    169       F      7       7.000          7.327                        -0.327
    170       O      5       6.000          6.464                        -0.464
    171       S      6       6.000          5.494                         0.506
    172       O      5       6.000          6.427                        -0.427

  Total Charge                                                            0.095
 !-----------------------------------------------------------------------------!

 ENERGY| Total FORCE_EVAL ( QS ) energy [hartree]          -1719.477400103791979
 *******************************************************************************
 RMS DISPLACEMENT =   0.03113     [ 0.00010]                               ( NO)
 MAX DISPLACEMENT =   0.26161     [ 0.00020]                               ( NO)
 RMS FORCE        =   0.03054     [ 0.00030]                               ( NO)
 MAX FORCE        =   0.28539     [ 0.00045]                               ( NO)
 *******************************************************************************

 *******************************************************************************
 **                 BAND EVALUATION OF ENERGIES AND FORCES                    **
 *******************************************************************************
 **                                                                           **
 **                                                                           **
 ** Replica Env Nr. :    2              Replica Band Nr. :   10               **
 ** Band  Step  Nr. :   11                                                    **
 *******************************************************************************

 Number of electrons:                                                        716
 Number of occupied orbitals:                                                397
 Number of molecular orbitals:                                               458

 Number of orbital functions:                                               1948
 Number of independent orbital functions:                                   1948

 Parameters for the always stable predictor-corrector (ASPC) method:

  ASPC order: 3

  B(1) =   3.000000
  B(2) =  -3.428571
  B(3) =   1.928571
  B(4) =  -0.571429
  B(5) =   0.071429

 *** WARNING in fm/cp_fm_elpa.F:521 :: Setting real_kernel for ELPA failed ***


 Extrapolation method: ASPC


 SCF WAVEFUNCTION OPTIMIZATION

  Step     Update method      Time    Convergence         Total energy    Change
  ------------------------------------------------------------------------------

 *** WARNING in fm/cp_fm_elpa.F:521 :: Setting real_kernel for ELPA failed ***

     1 Broy./Diag. 0.15E+00    9.7     0.23062422     -1719.5584472189 -1.72E+03

 *** WARNING in fm/cp_fm_elpa.F:521 :: Setting real_kernel for ELPA failed ***

     2 Broy./Diag. 0.15E+00   14.3     0.14685780     -1719.5219282357  3.65E-02

 *** WARNING in fm/cp_fm_elpa.F:521 :: Setting real_kernel for ELPA failed ***

     3 Broy./Diag. 0.15E+00   14.9     0.10253719     -1719.9889200694 -4.67E-01

 *** WARNING in fm/cp_fm_elpa.F:521 :: Setting real_kernel for ELPA failed ***

     4 Broy./Diag. 0.15E+00   14.8     0.04151701     -1719.6828913186  3.06E-01

 *** WARNING in fm/cp_fm_elpa.F:521 :: Setting real_kernel for ELPA failed ***

     5 Broy./Diag. 0.15E+00   15.4     0.03866840     -1719.7288519334 -4.60E-02

 *** WARNING in fm/cp_fm_elpa.F:521 :: Setting real_kernel for ELPA failed ***

     6 Broy./Diag. 0.15E+00   15.2     0.02933338     -1719.6171201616  1.12E-01

 *** WARNING in fm/cp_fm_elpa.F:521 :: Setting real_kernel for ELPA failed ***

     7 Broy./Diag. 0.15E+00   15.2     0.01372311     -1719.6094826427  7.64E-03

 *** WARNING in fm/cp_fm_elpa.F:521 :: Setting real_kernel for ELPA failed ***

     8 Broy./Diag. 0.15E+00   15.3     0.00323235     -1719.5837477443  2.57E-02

 *** WARNING in fm/cp_fm_elpa.F:521 :: Setting real_kernel for ELPA failed ***

     9 Broy./Diag. 0.15E+00   15.5     0.00173471     -1719.5923513269 -8.60E-03

 *** WARNING in fm/cp_fm_elpa.F:521 :: Setting real_kernel for ELPA failed ***

    10 Broy./Diag. 0.15E+00   15.1     0.00090934     -1719.5962168073 -3.87E-03

 *** WARNING in fm/cp_fm_elpa.F:521 :: Setting real_kernel for ELPA failed ***

    11 Broy./Diag. 0.15E+00   14.5     0.00120386     -1719.5996740609 -3.46E-03

 *** WARNING in fm/cp_fm_elpa.F:521 :: Setting real_kernel for ELPA failed ***

    12 Broy./Diag. 0.15E+00   14.5     0.00148291     -1719.6026537325 -2.98E-03

 *** WARNING in fm/cp_fm_elpa.F:521 :: Setting real_kernel for ELPA failed ***

    13 Broy./Diag. 0.15E+00   13.4     0.00080914     -1719.5995387315  3.12E-03

 *** WARNING in fm/cp_fm_elpa.F:521 :: Setting real_kernel for ELPA failed ***

    14 Broy./Diag. 0.15E+00   13.4     0.00043401     -1719.6007562980 -1.22E-03

 *** WARNING in fm/cp_fm_elpa.F:521 :: Setting real_kernel for ELPA failed ***

    15 Broy./Diag. 0.15E+00   14.2     0.00035782     -1719.5993433382  1.41E-03

 *** WARNING in fm/cp_fm_elpa.F:521 :: Setting real_kernel for ELPA failed ***

    16 Broy./Diag. 0.15E+00   13.8     0.00022261     -1719.5984987500  8.45E-04

 *** WARNING in fm/cp_fm_elpa.F:521 :: Setting real_kernel for ELPA failed ***

    17 Broy./Diag. 0.15E+00   13.9     0.00013455     -1719.5983998668  9.89E-05

 *** WARNING in fm/cp_fm_elpa.F:521 :: Setting real_kernel for ELPA failed ***

    18 Broy./Diag. 0.15E+00   13.7     0.00014946     -1719.5976642791  7.36E-04

 *** WARNING in fm/cp_fm_elpa.F:521 :: Setting real_kernel for ELPA failed ***

    19 Broy./Diag. 0.15E+00   13.8     0.00022464     -1719.5984277869 -7.64E-04

 *** WARNING in fm/cp_fm_elpa.F:521 :: Setting real_kernel for ELPA failed ***

    20 Broy./Diag. 0.15E+00   13.9     0.00019651     -1719.5981617820  2.66E-04

 *** WARNING in fm/cp_fm_elpa.F:521 :: Setting real_kernel for ELPA failed ***

    21 Broy./Diag. 0.15E+00   14.3     0.00012499     -1719.5986775656 -5.16E-04

 *** WARNING in fm/cp_fm_elpa.F:521 :: Setting real_kernel for ELPA failed ***

    22 Broy./Diag. 0.15E+00   14.4     0.00003896     -1719.5987361190 -5.86E-05

  *** SCF run converged in    22 steps ***


  Electronic density on regular grids:       -715.9999999260        0.0000000740
  Core density on regular grids:              715.9999999655       -0.0000000345
  Total charge density on r-space grids:        0.0000000395
  Total charge density g-space grids:           0.0000000395

  Overlap energy of the core charge distribution:               0.00002690380541
  Self energy of the core charge distribution:              -4016.67387185402686
  Core Hamiltonian energy:                                   1146.67419158144958
  Hartree energy:                                            1523.74761485677323
  Exchange-correlation energy:                               -373.04997055965242
  Dispersion energy:                                           -0.27518304623481
  Electronic entropic energy:                                  -0.02154377441355
  Fermi energy:                                                -0.01349573030146

  Total energy:                                             -1719.59873611899798

 !-----------------------------------------------------------------------------!
                     Mulliken Population Analysis

 #  Atom  Element  Kind  Atomic population                           Net charge
       1     Ti       1         11.076050                              0.923950
       2     Ti       1         11.001739                              0.998261
       3     Ti       1         11.033065                              0.966935
       4     Ti       1         11.019812                              0.980188
       5     Ti       1         11.067928                              0.932072
       6     Ti       1         11.198148                              0.801852
       7     Ti       1         11.029154                              0.970846
       8     Ti       1         11.015836                              0.984164
       9     H        2          0.930284                              0.069716
      10     H        2          0.938031                              0.061969
      11     H        2          0.932748                              0.067252
      12     H        2          0.933740                              0.066260
      13     H        2          0.943191                              0.056809
      14     H        2          0.925430                              0.074570
      15     H        2          0.959414                              0.040586
      16     H        2          0.928162                              0.071838
      17     H        2          0.930905                              0.069095
      18     H        2          0.927129                              0.072871
      19     H        2          0.931001                              0.068999
      20     H        2          0.932007                              0.067993
      21     H        2          0.818378                              0.181622
      22     H        2          0.857052                              0.142948
      23     H        2          0.930140                              0.069860
      24     H        2          0.825043                              0.174957
      25     H        2          0.939223                              0.060777
      26     H        2          0.948691                              0.051309
      27     H        2          0.937542                              0.062458
      28     H        2          0.915760                              0.084240
      29     H        2          0.919029                              0.080971
      30     H        2          0.882831                              0.117169
      31     H        2          0.884925                              0.115075
      32     H        2          0.888781                              0.111219
      33     H        2          0.870996                              0.129004
      34     H        2          0.795548                              0.204452
      35     H        2          0.880369                              0.119631
      36     H        2          0.896950                              0.103050
      37     H        2          0.886588                              0.113412
      38     H        2          0.882505                              0.117495
      39     H        2          0.870821                              0.129179
      40     H        2          0.869687                              0.130313
      41     H        2          0.875778                              0.124222
      42     H        2          0.867198                              0.132802
      43     C        3          3.765001                              0.234999
      44     C        3          3.769874                              0.230126
      45     C        3          3.781656                              0.218344
      46     C        3          3.776669                              0.223331
      47     C        3          4.095724                             -0.095724
      48     C        3          4.095648                             -0.095648
      49     C        3          4.061018                             -0.061018
      50     C        3          4.035258                             -0.035258
      51     C        3          3.950134                              0.049866
      52     C        3          4.025493                             -0.025493
      53     C        3          3.974063                              0.025937
      54     C        3          4.066701                             -0.066701
      55     C        3          4.036400                             -0.036400
      56     C        3          4.015658                             -0.015658
      57     C        3          3.999507                              0.000493
      58     C        3          4.043998                             -0.043998
      59     C        3          4.049029                             -0.049029
      60     C        3          4.022956                             -0.022956
      61     C        3          4.113735                             -0.113735
      62     C        3          4.095748                             -0.095748
      63     C        3          4.073992                             -0.073992
      64     C        3          4.112798                             -0.112798
      65     C        3          4.066583                             -0.066583
      66     C        3          3.925688                              0.074312
      67     C        3          3.777731                              0.222269
      68     C        3          3.801928                              0.198072
      69     C        3          3.785248                              0.214752
      70     C        3          3.779971                              0.220029
      71     C        3          3.786677                              0.213323
      72     C        3          3.788074                              0.211926
      73     C        3          3.843654                              0.156346
      74     C        3          3.808498                              0.191502
      75     C        3          3.974041                              0.025959
      76     C        3          4.044340                             -0.044340
      77     C        3          4.028698                             -0.028698
      78     C        3          4.053621                             -0.053621
      79     C        3          4.043135                             -0.043135
      80     C        3          3.979550                              0.020450
      81     C        3          3.988677                              0.011323
      82     C        3          4.066288                             -0.066288
      83     C        3          3.915601                              0.084399
      84     C        3          3.954506                              0.045494
      85     C        3          4.006164                             -0.006164
      86     C        3          4.038279                             -0.038279
      87     C        3          3.979560                              0.020440
      88     C        3          4.098083                             -0.098083
      89     C        3          3.999563                              0.000437
      90     C        3          3.841911                              0.158089
      91     N        4          5.024438                             -0.024438
      92     N        4          5.289689                             -0.289689
      93     N        4          4.912661                              0.087339
      94     N        4          4.980631                              0.019369
      95     N        4          5.027062                             -0.027062
      96     N        4          5.081171                             -0.081171
      97     O        5          6.327161                             -0.327161
      98     O        5          6.255809                             -0.255809
      99     O        5          6.297455                             -0.297455
     100     O        5          6.288580                             -0.288580
     101     O        5          6.289787                             -0.289787
     102     O        5          6.285161                             -0.285161
     103     O        5          6.283642                             -0.283642
     104     O        5          6.261711                             -0.261711
     105     O        5          6.425704                             -0.425704
     106     O        5          6.432984                             -0.432984
     107     O        5          6.491089                             -0.491089
     108     O        5          6.455000                             -0.455000
     109     O        5          6.372857                             -0.372857
     110     O        5          6.453807                             -0.453807
     111     O        5          6.449016                             -0.449016
     112     O        5          6.455131                             -0.455131
     113     O        5          6.329420                             -0.329420
     114     O        5          6.305820                             -0.305820
     115     O        5          6.323992                             -0.323992
     116     O        5          6.294072                             -0.294072
     117     O        5          6.316938                             -0.316938
     118     O        5          6.285614                             -0.285614
     119     O        5          6.245215                             -0.245215
     120     O        5          6.224513                             -0.224513
     121     O        5          6.301531                             -0.301531
     122     O        5          6.267159                             -0.267159
     123     O        5          6.335542                             -0.335542
     124     O        5          6.284329                             -0.284329
     125     O        5          6.293722                             -0.293722
     126     O        5          6.329627                             -0.329627
     127     O        5          6.259084                             -0.259084
     128     O        5          6.280601                             -0.280601
     129     O        5          6.486445                             -0.486445
     130     O        5          6.426869                             -0.426869
     131     O        5          6.432777                             -0.432777
     132     O        5          6.441828                             -0.441828
     133     H        2          0.931303                              0.068697
     134     H        2          0.921681                              0.078319
     135     H        2          0.914630                              0.085370
     136     H        2          0.916530                              0.083470
     137     C        3          4.284558                             -0.284558
     138     C        3          4.177367                             -0.177367
     139     H        2          0.956999                              0.043001
     140     H        2          0.917583                              0.082417
     141     C        3          4.098388                             -0.098388
     142     C        3          4.122921                             -0.122921
     143     H        2          0.935500                              0.064500
     144     H        2          0.952876                              0.047124
     145     H        2          0.926250                              0.073750
     146     H        2          0.937759                              0.062241
     147     C        3          4.031559                             -0.031559
     148     N        4          4.807590                              0.192410
     149     C        3          3.925728                              0.074272
     150     C        3          3.984710                              0.015290
     151     H        2          0.960807                              0.039193
     152     N        4          4.851963                              0.148037
     153     C        3          4.157083                             -0.157083
     154     H        2          0.920424                              0.079576
     155     H        2          0.969861                              0.030139
     156     H        2          0.964197                              0.035803
     157     H        2          0.931552                              0.068448
     158     O        5          6.269320                             -0.269320
     159     N        4          5.269885                             -0.269885
     160     S        6          5.313549                              0.686451
     161     O        5          6.334756                             -0.334756
     162     F        7          7.067851                             -0.067851
     163     C        3          3.749376                              0.250624
     164     F        7          7.102664                             -0.102664
     165     F        7          6.994465                              0.005535
     166     C        3          3.823886                              0.176114
     167     F        7          7.242908                             -0.242908
     168     F        7          7.255761                             -0.255761
     169     F        7          7.101711                             -0.101711
     170     O        5          6.270784                             -0.270784
     171     S        6          5.357275                              0.642725
     172     O        5          6.305605                             -0.305605
 # Total charge                            716.000000                  0.000000

 !-----------------------------------------------------------------------------!

 !-----------------------------------------------------------------------------!
                           Hirshfeld Charges

  #Atom  Element  Kind  Ref Charge     Population                    Net charge
      1       Ti     1      12.000         13.565                        -1.565
      2       Ti     1      12.000         13.409                        -1.409
      3       Ti     1      12.000         13.539                        -1.539
      4       Ti     1      12.000         13.495                        -1.495
      5       Ti     1      12.000         13.443                        -1.443
      6       Ti     1      12.000         13.595                        -1.595
      7       Ti     1      12.000         13.506                        -1.506
      8       Ti     1      12.000         13.458                        -1.458
      9       H      2       1.000          0.546                         0.454
     10       H      2       1.000          0.546                         0.454
     11       H      2       1.000          0.540                         0.460
     12       H      2       1.000          0.547                         0.453
     13       H      2       1.000          0.537                         0.463
     14       H      2       1.000          0.529                         0.471
     15       H      2       1.000          0.560                         0.440
     16       H      2       1.000          0.537                         0.463
     17       H      2       1.000          0.540                         0.460
     18       H      2       1.000          0.543                         0.457
     19       H      2       1.000          0.543                         0.457
     20       H      2       1.000          0.539                         0.461
     21       H      2       1.000          0.411                         0.589
     22       H      2       1.000          0.424                         0.576
     23       H      2       1.000          0.430                         0.570
     24       H      2       1.000          0.417                         0.583
     25       H      2       1.000          0.554                         0.446
     26       H      2       1.000          0.557                         0.443
     27       H      2       1.000          0.537                         0.463
     28       H      2       1.000          0.532                         0.468
     29       H      2       1.000          0.529                         0.471
     30       H      2       1.000          0.523                         0.477
     31       H      2       1.000          0.479                         0.521
     32       H      2       1.000          0.460                         0.540
     33       H      2       1.000          0.453                         0.547
     34       H      2       1.000          0.642                         0.358
     35       H      2       1.000          0.472                         0.528
     36       H      2       1.000          0.464                         0.536
     37       H      2       1.000          0.473                         0.527
     38       H      2       1.000          0.462                         0.538
     39       H      2       1.000          0.472                         0.528
     40       H      2       1.000          0.451                         0.549
     41       H      2       1.000          0.475                         0.525
     42       H      2       1.000          0.449                         0.551
     43       C      3       4.000          3.463                         0.537
     44       C      3       4.000          3.439                         0.561
     45       C      3       4.000          3.479                         0.521
     46       C      3       4.000          3.463                         0.537
     47       C      3       4.000          4.015                        -0.015
     48       C      3       4.000          4.000                        -0.000
     49       C      3       4.000          4.013                        -0.013
     50       C      3       4.000          3.995                         0.005
     51       C      3       4.000          3.917                         0.083
     52       C      3       4.000          4.430                        -0.430
     53       C      3       4.000          3.880                         0.120
     54       C      3       4.000          4.406                        -0.406
     55       C      3       4.000          4.437                        -0.437
     56       C      3       4.000          4.390                        -0.390
     57       C      3       4.000          4.394                        -0.394
     58       C      3       4.000          4.466                        -0.466
     59       C      3       4.000          4.020                        -0.020
     60       C      3       4.000          4.004                        -0.004
     61       C      3       4.000          3.994                         0.006
     62       C      3       4.000          4.001                        -0.001
     63       C      3       4.000          3.988                         0.012
     64       C      3       4.000          4.012                        -0.012
     65       C      3       4.000          4.017                        -0.017
     66       C      3       4.000          3.999                         0.001
     67       C      3       4.000          3.476                         0.524
     68       C      3       4.000          3.522                         0.478
     69       C      3       4.000          3.463                         0.537
     70       C      3       4.000          3.452                         0.548
     71       C      3       4.000          3.468                         0.532
     72       C      3       4.000          3.452                         0.548
     73       C      3       4.000          3.422                         0.578
     74       C      3       4.000          3.494                         0.506
     75       C      3       4.000          3.857                         0.143
     76       C      3       4.000          4.441                        -0.441
     77       C      3       4.000          4.452                        -0.452
     78       C      3       4.000          4.482                        -0.482
     79       C      3       4.000          4.499                        -0.499
     80       C      3       4.000          4.373                        -0.373
     81       C      3       4.000          4.337                        -0.337
     82       C      3       4.000          4.276                        -0.276
     83       C      3       4.000          3.859                         0.141
     84       C      3       4.000          4.333                        -0.333
     85       C      3       4.000          4.372                        -0.372
     86       C      3       4.000          4.404                        -0.404
     87       C      3       4.000          3.909                         0.091
     88       C      3       4.000          4.426                        -0.426
     89       C      3       4.000          4.377                        -0.377
     90       C      3       4.000          3.866                         0.134
     91       N      4       5.000          5.893                        -0.893
     92       N      4       5.000          5.706                        -0.706
     93       N      4       5.000          5.827                        -0.827
     94       N      4       5.000          5.718                        -0.718
     95       N      4       5.000          5.824                        -0.824
     96       N      4       5.000          5.898                        -0.898
     97       O      5       6.000          6.170                        -0.170
     98       O      5       6.000          6.091                        -0.091
     99       O      5       6.000          6.182                        -0.182
    100       O      5       6.000          6.136                        -0.136
    101       O      5       6.000          6.109                        -0.109
    102       O      5       6.000          6.124                        -0.124
    103       O      5       6.000          6.117                        -0.117
    104       O      5       6.000          6.040                        -0.040
    105       O      5       6.000          5.642                         0.358
    106       O      5       6.000          5.763                         0.237
    107       O      5       6.000          5.755                         0.245
    108       O      5       6.000          5.710                         0.290
    109       O      5       6.000          5.620                         0.380
    110       O      5       6.000          5.702                         0.298
    111       O      5       6.000          5.828                         0.172
    112       O      5       6.000          5.695                         0.305
    113       O      5       6.000          6.116                        -0.116
    114       O      5       6.000          6.195                        -0.195
    115       O      5       6.000          6.190                        -0.190
    116       O      5       6.000          6.073                        -0.073
    117       O      5       6.000          6.093                        -0.093
    118       O      5       6.000          6.156                        -0.156
    119       O      5       6.000          6.178                        -0.178
    120       O      5       6.000          6.090                        -0.090
    121       O      5       6.000          6.065                        -0.065
    122       O      5       6.000          6.052                        -0.052
    123       O      5       6.000          6.177                        -0.177
    124       O      5       6.000          6.241                        -0.241
    125       O      5       6.000          6.036                        -0.036
    126       O      5       6.000          6.255                        -0.255
    127       O      5       6.000          6.092                        -0.092
    128       O      5       6.000          6.045                        -0.045
    129       O      5       6.000          6.026                        -0.026
    130       O      5       6.000          6.023                        -0.023
    131       O      5       6.000          6.038                        -0.038
    132       O      5       6.000          5.957                         0.043
    133       H      2       1.000          0.567                         0.433
    134       H      2       1.000          0.564                         0.436
    135       H      2       1.000          0.557                         0.443
    136       H      2       1.000          0.564                         0.436
    137       C      3       4.000          5.308                        -1.308
    138       C      3       4.000          4.789                        -0.789
    139       H      2       1.000          0.523                         0.477
    140       H      2       1.000          0.558                         0.442
    141       C      3       4.000          4.418                        -0.418
    142       C      3       4.000          4.737                        -0.737
    143       H      2       1.000          0.573                         0.427
    144       H      2       1.000          0.514                         0.486
    145       H      2       1.000          0.519                         0.481
    146       H      2       1.000          0.517                         0.483
    147       C      3       4.000          4.154                        -0.154
    148       N      4       5.000          5.125                        -0.125
    149       C      3       4.000          3.988                         0.012
    150       C      3       4.000          4.085                        -0.085
    151       H      2       1.000          0.496                         0.504
    152       N      4       5.000          5.171                        -0.171
    153       C      3       4.000          4.501                        -0.501
    154       H      2       1.000          0.521                         0.479
    155       H      2       1.000          0.507                         0.493
    156       H      2       1.000          0.502                         0.498
    157       H      2       1.000          0.488                         0.512
    158       O      5       6.000          6.390                        -0.390
    159       N      4       5.000          4.822                         0.178
    160       S      6       6.000          5.817                         0.183
    161       O      5       6.000          6.508                        -0.508
    162       F      7       7.000          7.228                        -0.228
    163       C      3       4.000          3.394                         0.606
    164       F      7       7.000          7.271                        -0.271
    165       F      7       7.000          7.203                        -0.203
    166       C      3       4.000          3.465                         0.535
    167       F      7       7.000          7.371                        -0.371
    168       F      7       7.000          7.385                        -0.385
    169       F      7       7.000          7.331                        -0.331
    170       O      5       6.000          6.465                        -0.465
    171       S      6       6.000          5.509                         0.491
    172       O      5       6.000          6.433                        -0.433

  Total Charge                                                            0.095
 !-----------------------------------------------------------------------------!

 ENERGY| Total FORCE_EVAL ( QS ) energy [hartree]          -1719.598688060296809
 *******************************************************************************
 RMS DISPLACEMENT =   0.02086     [ 0.00010]                               ( NO)
 MAX DISPLACEMENT =   0.19497     [ 0.00020]                               ( NO)
 RMS FORCE        =   0.03297     [ 0.00030]                               ( NO)
 MAX FORCE        =   0.31942     [ 0.00045]                               ( NO)
 *******************************************************************************

 *******************************************************************************
 **                 BAND EVALUATION OF ENERGIES AND FORCES                    **
 *******************************************************************************
 **                                                                           **
 **                                                                           **
 ** Replica Env Nr. :    2              Replica Band Nr. :   10               **
 ** Band  Step  Nr. :   12                                                    **
 *******************************************************************************

 Number of electrons:                                                        716
 Number of occupied orbitals:                                                397
 Number of molecular orbitals:                                               458

 Number of orbital functions:                                               1948
 Number of independent orbital functions:                                   1948

 Parameters for the always stable predictor-corrector (ASPC) method:

  ASPC order: 3

  B(1) =   3.000000
  B(2) =  -3.428571
  B(3) =   1.928571
  B(4) =  -0.571429
  B(5) =   0.071429

 *** WARNING in fm/cp_fm_elpa.F:521 :: Setting real_kernel for ELPA failed ***


 Extrapolation method: ASPC


 SCF WAVEFUNCTION OPTIMIZATION

  Step     Update method      Time    Convergence         Total energy    Change
  ------------------------------------------------------------------------------

 *** WARNING in fm/cp_fm_elpa.F:521 :: Setting real_kernel for ELPA failed ***

     1 Broy./Diag. 0.15E+00    9.2     0.22077007     -1719.6550040673 -1.72E+03

 *** WARNING in fm/cp_fm_elpa.F:521 :: Setting real_kernel for ELPA failed ***

     2 Broy./Diag. 0.15E+00   13.0     0.14455854     -1719.7914245601 -1.36E-01

 *** WARNING in fm/cp_fm_elpa.F:521 :: Setting real_kernel for ELPA failed ***

     3 Broy./Diag. 0.15E+00   13.2     0.12078335     -1720.1866795681 -3.95E-01

 *** WARNING in fm/cp_fm_elpa.F:521 :: Setting real_kernel for ELPA failed ***

     4 Broy./Diag. 0.15E+00   13.7     0.05370885     -1719.8861674973  3.01E-01

 *** WARNING in fm/cp_fm_elpa.F:521 :: Setting real_kernel for ELPA failed ***

     5 Broy./Diag. 0.15E+00   13.8     0.05938091     -1719.9250364798 -3.89E-02

 *** WARNING in fm/cp_fm_elpa.F:521 :: Setting real_kernel for ELPA failed ***

     6 Broy./Diag. 0.15E+00   14.0     0.04525458     -1719.7869346183  1.38E-01

 *** WARNING in fm/cp_fm_elpa.F:521 :: Setting real_kernel for ELPA failed ***

     7 Broy./Diag. 0.15E+00   13.9     0.01984970     -1719.7735166459  1.34E-02

 *** WARNING in fm/cp_fm_elpa.F:521 :: Setting real_kernel for ELPA failed ***

     8 Broy./Diag. 0.15E+00   14.1     0.00587564     -1719.7207858457  5.27E-02

 *** WARNING in fm/cp_fm_elpa.F:521 :: Setting real_kernel for ELPA failed ***

     9 Broy./Diag. 0.15E+00   14.1     0.00290398     -1719.7303774025 -9.59E-03

 *** WARNING in fm/cp_fm_elpa.F:521 :: Setting real_kernel for ELPA failed ***

    10 Broy./Diag. 0.15E+00   14.5     0.00110369     -1719.7355621033 -5.18E-03

 *** WARNING in fm/cp_fm_elpa.F:521 :: Setting real_kernel for ELPA failed ***

    11 Broy./Diag. 0.15E+00   14.5     0.00148724     -1719.7453630323 -9.80E-03

 *** WARNING in fm/cp_fm_elpa.F:521 :: Setting real_kernel for ELPA failed ***

    12 Broy./Diag. 0.15E+00   14.7     0.00218182     -1719.7495237863 -4.16E-03

 *** WARNING in fm/cp_fm_elpa.F:521 :: Setting real_kernel for ELPA failed ***

    13 Broy./Diag. 0.15E+00   13.8     0.00140514     -1719.7467305238  2.79E-03

 *** WARNING in fm/cp_fm_elpa.F:521 :: Setting real_kernel for ELPA failed ***

    14 Broy./Diag. 0.15E+00   13.9     0.00081281     -1719.7488692841 -2.14E-03

 *** WARNING in fm/cp_fm_elpa.F:521 :: Setting real_kernel for ELPA failed ***

    15 Broy./Diag. 0.15E+00   13.7     0.00060850     -1719.7460620086  2.81E-03

 *** WARNING in fm/cp_fm_elpa.F:521 :: Setting real_kernel for ELPA failed ***

    16 Broy./Diag. 0.15E+00   13.5     0.00035851     -1719.7445113837  1.55E-03

 *** WARNING in fm/cp_fm_elpa.F:521 :: Setting real_kernel for ELPA failed ***

    17 Broy./Diag. 0.15E+00   13.5     0.00021567     -1719.7438012018  7.10E-04

 *** WARNING in fm/cp_fm_elpa.F:521 :: Setting real_kernel for ELPA failed ***

    18 Broy./Diag. 0.15E+00   13.4     0.00016556     -1719.7426231776  1.18E-03

 *** WARNING in fm/cp_fm_elpa.F:521 :: Setting real_kernel for ELPA failed ***

    19 Broy./Diag. 0.15E+00   13.8     0.00033273     -1719.7436814036 -1.06E-03

 *** WARNING in fm/cp_fm_elpa.F:521 :: Setting real_kernel for ELPA failed ***

    20 Broy./Diag. 0.15E+00   13.8     0.00033911     -1719.7434719674  2.09E-04

 *** WARNING in fm/cp_fm_elpa.F:521 :: Setting real_kernel for ELPA failed ***

    21 Broy./Diag. 0.15E+00   13.5     0.00021703     -1719.7443977997 -9.26E-04

 *** WARNING in fm/cp_fm_elpa.F:521 :: Setting real_kernel for ELPA failed ***

    22 Broy./Diag. 0.15E+00   13.8     0.00005671     -1719.7445706703 -1.73E-04

 *** WARNING in fm/cp_fm_elpa.F:521 :: Setting real_kernel for ELPA failed ***

    23 Broy./Diag. 0.15E+00   13.6     0.00003679     -1719.7445731051 -2.43E-06

  *** SCF run converged in    23 steps ***


  Electronic density on regular grids:       -715.9999999261        0.0000000739
  Core density on regular grids:              715.9999999656       -0.0000000344
  Total charge density on r-space grids:        0.0000000395
  Total charge density g-space grids:           0.0000000395

  Overlap energy of the core charge distribution:               0.00002570892193
  Self energy of the core charge distribution:              -4016.67387185402686
  Core Hamiltonian energy:                                   1146.26480898376963
  Hartree energy:                                            1523.93594541822540
  Exchange-correlation energy:                               -372.97521921018239
  Dispersion energy:                                           -0.27589624259373
  Electronic entropic energy:                                  -0.02036590929741
  Fermi energy:                                                -0.01474770709220

  Total energy:                                             -1719.74457310508819

 !-----------------------------------------------------------------------------!
                     Mulliken Population Analysis

 #  Atom  Element  Kind  Atomic population                           Net charge
       1     Ti       1         11.075236                              0.924764
       2     Ti       1         10.995821                              1.004179
       3     Ti       1         11.034072                              0.965928
       4     Ti       1         11.019701                              0.980299
       5     Ti       1         11.075646                              0.924354
       6     Ti       1         11.192905                              0.807095
       7     Ti       1         11.028641                              0.971359
       8     Ti       1         11.014597                              0.985403
       9     H        2          0.929918                              0.070082
      10     H        2          0.938458                              0.061542
      11     H        2          0.933875                              0.066125
      12     H        2          0.933371                              0.066629
      13     H        2          0.943493                              0.056507
      14     H        2          0.922663                              0.077337
      15     H        2          0.958524                              0.041476
      16     H        2          0.927220                              0.072780
      17     H        2          0.931897                              0.068103
      18     H        2          0.926884                              0.073116
      19     H        2          0.930775                              0.069225
      20     H        2          0.930262                              0.069738
      21     H        2          0.817542                              0.182458
      22     H        2          0.855804                              0.144196
      23     H        2          0.930514                              0.069486
      24     H        2          0.824699                              0.175301
      25     H        2          0.938151                              0.061849
      26     H        2          0.947364                              0.052636
      27     H        2          0.936956                              0.063044
      28     H        2          0.915258                              0.084742
      29     H        2          0.918225                              0.081775
      30     H        2          0.880331                              0.119669
      31     H        2          0.884712                              0.115288
      32     H        2          0.888544                              0.111456
      33     H        2          0.871301                              0.128699
      34     H        2          0.795503                              0.204497
      35     H        2          0.880619                              0.119381
      36     H        2          0.897033                              0.102967
      37     H        2          0.886381                              0.113619
      38     H        2          0.881886                              0.118114
      39     H        2          0.870638                              0.129362
      40     H        2          0.869362                              0.130638
      41     H        2          0.875481                              0.124519
      42     H        2          0.867056                              0.132944
      43     C        3          3.764371                              0.235629
      44     C        3          3.768629                              0.231371
      45     C        3          3.781440                              0.218560
      46     C        3          3.776643                              0.223357
      47     C        3          4.094451                             -0.094451
      48     C        3          4.094628                             -0.094628
      49     C        3          4.060099                             -0.060099
      50     C        3          4.033591                             -0.033591
      51     C        3          3.950266                              0.049734
      52     C        3          4.025525                             -0.025525
      53     C        3          3.973321                              0.026679
      54     C        3          4.067596                             -0.067596
      55     C        3          4.035851                             -0.035851
      56     C        3          4.015289                             -0.015289
      57     C        3          3.999211                              0.000789
      58     C        3          4.044143                             -0.044143
      59     C        3          4.048798                             -0.048798
      60     C        3          4.023048                             -0.023048
      61     C        3          4.114973                             -0.114973
      62     C        3          4.095648                             -0.095648
      63     C        3          4.073339                             -0.073339
      64     C        3          4.113449                             -0.113449
      65     C        3          4.067266                             -0.067266
      66     C        3          3.953245                              0.046755
      67     C        3          3.777494                              0.222506
      68     C        3          3.802286                              0.197714
      69     C        3          3.785167                              0.214833
      70     C        3          3.779943                              0.220057
      71     C        3          3.785013                              0.214987
      72     C        3          3.784642                              0.215358
      73     C        3          3.841341                              0.158659
      74     C        3          3.812345                              0.187655
      75     C        3          3.973873                              0.026127
      76     C        3          4.044709                             -0.044709
      77     C        3          4.029682                             -0.029682
      78     C        3          4.055238                             -0.055238
      79     C        3          4.046271                             -0.046271
      80     C        3          3.975067                              0.024933
      81     C        3          3.992103                              0.007897
      82     C        3          4.068063                             -0.068063
      83     C        3          3.913832                              0.086168
      84     C        3          3.952154                              0.047846
      85     C        3          4.006041                             -0.006041
      86     C        3          4.038367                             -0.038367
      87     C        3          3.975400                              0.024600
      88     C        3          4.087776                             -0.087776
      89     C        3          3.998061                              0.001939
      90     C        3          3.840968                              0.159032
      91     N        4          5.024662                             -0.024662
      92     N        4          5.286119                             -0.286119
      93     N        4          4.928660                              0.071340
      94     N        4          4.979885                              0.020115
      95     N        4          5.027076                             -0.027076
      96     N        4          5.086807                             -0.086807
      97     O        5          6.327420                             -0.327420
      98     O        5          6.254751                             -0.254751
      99     O        5          6.298006                             -0.298006
     100     O        5          6.286596                             -0.286596
     101     O        5          6.290466                             -0.290466
     102     O        5          6.284901                             -0.284901
     103     O        5          6.285370                             -0.285370
     104     O        5          6.262799                             -0.262799
     105     O        5          6.425270                             -0.425270
     106     O        5          6.427553                             -0.427553
     107     O        5          6.487867                             -0.487867
     108     O        5          6.454620                             -0.454620
     109     O        5          6.374806                             -0.374806
     110     O        5          6.454751                             -0.454751
     111     O        5          6.449497                             -0.449497
     112     O        5          6.452560                             -0.452560
     113     O        5          6.328658                             -0.328658
     114     O        5          6.307691                             -0.307691
     115     O        5          6.323523                             -0.323523
     116     O        5          6.292659                             -0.292659
     117     O        5          6.311088                             -0.311088
     118     O        5          6.286300                             -0.286300
     119     O        5          6.235905                             -0.235905
     120     O        5          6.230826                             -0.230826
     121     O        5          6.300084                             -0.300084
     122     O        5          6.262614                             -0.262614
     123     O        5          6.335019                             -0.335019
     124     O        5          6.283773                             -0.283773
     125     O        5          6.297698                             -0.297698
     126     O        5          6.311205                             -0.311205
     127     O        5          6.261765                             -0.261765
     128     O        5          6.282420                             -0.282420
     129     O        5          6.484528                             -0.484528
     130     O        5          6.426467                             -0.426467
     131     O        5          6.431331                             -0.431331
     132     O        5          6.450404                             -0.450404
     133     H        2          0.931174                              0.068826
     134     H        2          0.922279                              0.077721
     135     H        2          0.914240                              0.085760
     136     H        2          0.916562                              0.083438
     137     C        3          4.284816                             -0.284816
     138     C        3          4.175454                             -0.175454
     139     H        2          0.958172                              0.041828
     140     H        2          0.917401                              0.082599
     141     C        3          4.096457                             -0.096457
     142     C        3          4.120649                             -0.120649
     143     H        2          0.934398                              0.065602
     144     H        2          0.953638                              0.046362
     145     H        2          0.926278                              0.073722
     146     H        2          0.938880                              0.061120
     147     C        3          4.029039                             -0.029039
     148     N        4          4.807461                              0.192539
     149     C        3          3.924896                              0.075104
     150     C        3          3.984945                              0.015055
     151     H        2          0.958821                              0.041179
     152     N        4          4.852914                              0.147086
     153     C        3          4.157299                             -0.157299
     154     H        2          0.920224                              0.079776
     155     H        2          0.969062                              0.030938
     156     H        2          0.964236                              0.035764
     157     H        2          0.926453                              0.073547
     158     O        5          6.265064                             -0.265064
     159     N        4          5.267886                             -0.267886
     160     S        6          5.313951                              0.686049
     161     O        5          6.335465                             -0.335465
     162     F        7          7.073650                             -0.073650
     163     C        3          3.757479                              0.242521
     164     F        7          7.108255                             -0.108255
     165     F        7          6.997877                              0.002123
     166     C        3          3.819343                              0.180657
     167     F        7          7.225387                             -0.225387
     168     F        7          7.282742                             -0.282742
     169     F        7          7.113466                             -0.113466
     170     O        5          6.281849                             -0.281849
     171     S        6          5.348039                              0.651961
     172     O        5          6.311418                             -0.311418
 # Total charge                            716.000000                  0.000000

 !-----------------------------------------------------------------------------!

 !-----------------------------------------------------------------------------!
                           Hirshfeld Charges

  #Atom  Element  Kind  Ref Charge     Population                    Net charge
      1       Ti     1      12.000         13.557                        -1.557
      2       Ti     1      12.000         13.397                        -1.397
      3       Ti     1      12.000         13.542                        -1.542
      4       Ti     1      12.000         13.495                        -1.495
      5       Ti     1      12.000         13.444                        -1.444
      6       Ti     1      12.000         13.582                        -1.582
      7       Ti     1      12.000         13.504                        -1.504
      8       Ti     1      12.000         13.458                        -1.458
      9       H      2       1.000          0.546                         0.454
     10       H      2       1.000          0.546                         0.454
     11       H      2       1.000          0.540                         0.460
     12       H      2       1.000          0.546                         0.454
     13       H      2       1.000          0.538                         0.462
     14       H      2       1.000          0.533                         0.467
     15       H      2       1.000          0.559                         0.441
     16       H      2       1.000          0.537                         0.463
     17       H      2       1.000          0.542                         0.458
     18       H      2       1.000          0.543                         0.457
     19       H      2       1.000          0.543                         0.457
     20       H      2       1.000          0.538                         0.462
     21       H      2       1.000          0.411                         0.589
     22       H      2       1.000          0.423                         0.577
     23       H      2       1.000          0.431                         0.569
     24       H      2       1.000          0.417                         0.583
     25       H      2       1.000          0.554                         0.446
     26       H      2       1.000          0.557                         0.443
     27       H      2       1.000          0.537                         0.463
     28       H      2       1.000          0.532                         0.468
     29       H      2       1.000          0.529                         0.471
     30       H      2       1.000          0.522                         0.478
     31       H      2       1.000          0.479                         0.521
     32       H      2       1.000          0.460                         0.540
     33       H      2       1.000          0.453                         0.547
     34       H      2       1.000          0.642                         0.358
     35       H      2       1.000          0.470                         0.530
     36       H      2       1.000          0.465                         0.535
     37       H      2       1.000          0.472                         0.528
     38       H      2       1.000          0.461                         0.539
     39       H      2       1.000          0.472                         0.528
     40       H      2       1.000          0.451                         0.549
     41       H      2       1.000          0.475                         0.525
     42       H      2       1.000          0.450                         0.550
     43       C      3       4.000          3.464                         0.536
     44       C      3       4.000          3.439                         0.561
     45       C      3       4.000          3.479                         0.521
     46       C      3       4.000          3.464                         0.536
     47       C      3       4.000          4.015                        -0.015
     48       C      3       4.000          4.000                        -0.000
     49       C      3       4.000          4.015                        -0.015
     50       C      3       4.000          3.996                         0.004
     51       C      3       4.000          3.917                         0.083
     52       C      3       4.000          4.429                        -0.429
     53       C      3       4.000          3.876                         0.124
     54       C      3       4.000          4.403                        -0.403
     55       C      3       4.000          4.435                        -0.435
     56       C      3       4.000          4.389                        -0.389
     57       C      3       4.000          4.393                        -0.393
     58       C      3       4.000          4.465                        -0.465
     59       C      3       4.000          4.020                        -0.020
     60       C      3       4.000          4.004                        -0.004
     61       C      3       4.000          3.993                         0.007
     62       C      3       4.000          4.002                        -0.002
     63       C      3       4.000          3.990                         0.010
     64       C      3       4.000          4.009                        -0.009
     65       C      3       4.000          4.023                        -0.023
     66       C      3       4.000          4.014                        -0.014
     67       C      3       4.000          3.476                         0.524
     68       C      3       4.000          3.523                         0.477
     69       C      3       4.000          3.461                         0.539
     70       C      3       4.000          3.451                         0.549
     71       C      3       4.000          3.465                         0.535
     72       C      3       4.000          3.452                         0.548
     73       C      3       4.000          3.418                         0.582
     74       C      3       4.000          3.488                         0.512
     75       C      3       4.000          3.857                         0.143
     76       C      3       4.000          4.442                        -0.442
     77       C      3       4.000          4.456                        -0.456
     78       C      3       4.000          4.484                        -0.484
     79       C      3       4.000          4.503                        -0.503
     80       C      3       4.000          4.372                        -0.372
     81       C      3       4.000          4.341                        -0.341
     82       C      3       4.000          4.289                        -0.289
     83       C      3       4.000          3.856                         0.144
     84       C      3       4.000          4.329                        -0.329
     85       C      3       4.000          4.372                        -0.372
     86       C      3       4.000          4.404                        -0.404
     87       C      3       4.000          3.890                         0.110
     88       C      3       4.000          4.417                        -0.417
     89       C      3       4.000          4.375                        -0.375
     90       C      3       4.000          3.864                         0.136
     91       N      4       5.000          5.892                        -0.892
     92       N      4       5.000          5.702                        -0.702
     93       N      4       5.000          5.845                        -0.845
     94       N      4       5.000          5.714                        -0.714
     95       N      4       5.000          5.824                        -0.824
     96       N      4       5.000          5.905                        -0.905
     97       O      5       6.000          6.172                        -0.172
     98       O      5       6.000          6.092                        -0.092
     99       O      5       6.000          6.185                        -0.185
    100       O      5       6.000          6.136                        -0.136
    101       O      5       6.000          6.109                        -0.109
    102       O      5       6.000          6.122                        -0.122
    103       O      5       6.000          6.120                        -0.120
    104       O      5       6.000          6.039                        -0.039
    105       O      5       6.000          5.642                         0.358
    106       O      5       6.000          5.759                         0.241
    107       O      5       6.000          5.752                         0.248
    108       O      5       6.000          5.710                         0.290
    109       O      5       6.000          5.621                         0.379
    110       O      5       6.000          5.703                         0.297
    111       O      5       6.000          5.829                         0.171
    112       O      5       6.000          5.693                         0.307
    113       O      5       6.000          6.115                        -0.115
    114       O      5       6.000          6.198                        -0.198
    115       O      5       6.000          6.188                        -0.188
    116       O      5       6.000          6.068                        -0.068
    117       O      5       6.000          6.089                        -0.089
    118       O      5       6.000          6.164                        -0.164
    119       O      5       6.000          6.169                        -0.169
    120       O      5       6.000          6.091                        -0.091
    121       O      5       6.000          6.066                        -0.066
    122       O      5       6.000          6.048                        -0.048
    123       O      5       6.000          6.176                        -0.176
    124       O      5       6.000          6.243                        -0.243
    125       O      5       6.000          6.050                        -0.050
    126       O      5       6.000          6.260                        -0.260
    127       O      5       6.000          6.091                        -0.091
    128       O      5       6.000          6.043                        -0.043
    129       O      5       6.000          6.026                        -0.026
    130       O      5       6.000          6.022                        -0.022
    131       O      5       6.000          6.035                        -0.035
    132       O      5       6.000          5.968                         0.032
    133       H      2       1.000          0.567                         0.433
    134       H      2       1.000          0.564                         0.436
    135       H      2       1.000          0.557                         0.443
    136       H      2       1.000          0.564                         0.436
    137       C      3       4.000          5.306                        -1.306
    138       C      3       4.000          4.785                        -0.785
    139       H      2       1.000          0.524                         0.476
    140       H      2       1.000          0.558                         0.442
    141       C      3       4.000          4.417                        -0.417
    142       C      3       4.000          4.734                        -0.734
    143       H      2       1.000          0.572                         0.428
    144       H      2       1.000          0.513                         0.487
    145       H      2       1.000          0.520                         0.480
    146       H      2       1.000          0.515                         0.485
    147       C      3       4.000          4.151                        -0.151
    148       N      4       5.000          5.126                        -0.126
    149       C      3       4.000          3.985                         0.015
    150       C      3       4.000          4.076                        -0.076
    151       H      2       1.000          0.498                         0.502
    152       N      4       5.000          5.173                        -0.173
    153       C      3       4.000          4.511                        -0.511
    154       H      2       1.000          0.521                         0.479
    155       H      2       1.000          0.512                         0.488
    156       H      2       1.000          0.502                         0.498
    157       H      2       1.000          0.488                         0.512
    158       O      5       6.000          6.386                        -0.386
    159       N      4       5.000          4.821                         0.179
    160       S      6       6.000          5.800                         0.200
    161       O      5       6.000          6.507                        -0.507
    162       F      7       7.000          7.231                        -0.231
    163       C      3       4.000          3.404                         0.596
    164       F      7       7.000          7.278                        -0.278
    165       F      7       7.000          7.207                        -0.207
    166       C      3       4.000          3.460                         0.540
    167       F      7       7.000          7.358                        -0.358
    168       F      7       7.000          7.399                        -0.399
    169       F      7       7.000          7.333                        -0.333
    170       O      5       6.000          6.466                        -0.466
    171       S      6       6.000          5.528                         0.472
    172       O      5       6.000          6.440                        -0.440

  Total Charge                                                            0.094
 !-----------------------------------------------------------------------------!

 ENERGY| Total FORCE_EVAL ( QS ) energy [hartree]          -1719.744434362055699
